id,chords
0003,"['Amin', 'Amin', 'Cmaj', 'Cmaj', 'Amin', 'Amin', 'Cmaj', 'Cmaj', 'Amin', 'Amin', 'Cmaj', 'Cmaj', 'Amin', 'Amin', 'Cmaj', 'Cmaj', 'Amin', 'Amin', 'Cmaj', 'Cmaj', 'Fmaj', 'Fmaj', 'Dmaj', 'Dmaj', 'Gmaj', 'Gmaj', 'Cmaj', 'Cmaj', 'Amaj', 'Amaj', 'Cmaj', 'Cmaj', 'Amaj', 'Amaj', 'Cmaj', 'Cmaj', 'Fmaj', 'Fmaj', 'Dmaj', 'Dmaj', 'Gmaj', 'Gmaj', 'Cmaj', 'Cmaj', 'Amin', 'Amin', 'Cmaj', 'Cmaj', 'Amin', 'Amin', 'Cmaj', 'Cmaj', 'Fmaj', 'Fmaj', 'Dmaj', 'Dmaj', 'Gmaj', 'Gmaj', 'Cmaj', 'Cmaj', 'Amaj', 'Amaj', 'Cmaj', 'Cmaj', 'Amaj', 'Amaj', 'Cmaj', 'Cmaj', 'Fmaj', 'Fmaj', 'Dmaj', 'Dmaj', 'Gmaj', 'Gmaj', 'Cmaj', 'Cmaj', 'Amin', 'Amin', 'Cmaj', 'Cmaj', 'Amin', 'Amin', 'Cmaj', 'Cmaj', 'Amin']"
0004,"['Abmaj', 'Dbmaj', 'Abmaj', 'G', 'C7', 'Fmin', 'C7', 'C7', 'Fmin', 'C7', 'Fmin', 'C7', 'Fmin', 'Bbmin7', 'Eb7', 'Abmaj', 'Abmaj', 'G', 'C7', 'Fmin', 'C7', 'Fmin', 'C7', 'Fmin', 'Bbmin7', 'Cmin7', 'Eb', 'Ebmaj', 'Abmaj', 'Ab7', 'Dbmaj', 'Dbmaj', 'Abmaj', 'Abmaj', 'Eb7', 'Eb7', 'Abmaj', 'Abmaj7', 'Dbmaj', 'Gbmaj', 'Dbmaj', 'Dbmaj7', 'Cmin7', 'Bbmin7', 'Abmaj', 'Gbmaj', 'Dbmaj', 'Abmaj', 'Abmaj', 'Dbmaj', 'Gb7', 'Fmin7', 'Bbmin7', 'Eb', 'Ebmaj', 'Abmaj', 'Ab7', 'Dbmaj', 'Dbmaj', 'Abmaj', 'Abmaj', 'Eb7', 'Eb7', 'Abmaj', 'Abmaj7', 'Dbmaj', 'Gbmaj', 'Dbmaj', 'Dbmaj7', 'Cmin7', 'Bbmin7', 'Abmaj', 'Dbmaj', 'Abmaj', 'Dbmaj', 'Abmaj', 'Dbmaj', 'Abmaj', 'Dbmaj', 'Abmaj', 'Dbmaj', 'Abmaj', 'Dbmaj']"
0006,"['C5', 'Cmaj', 'Gmaj', 'Fmaj', 'Gmaj', 'Cmaj', 'Cmaj', 'Gmaj', 'Fmaj', 'Gmaj', 'Cmaj', 'Cmaj', 'Fsus2', 'Fmaj', 'Fmaj', 'G7', 'Cmaj', 'Gmaj', 'Fmaj', 'Gmaj', 'Cmaj', 'Cmaj', 'Cmaj', 'Gmaj', 'Fmaj', 'Gmaj', 'Cmaj', 'Cmaj', 'Gmaj', 'Fmaj', 'Gmaj', 'Cmaj', 'Emin', 'Amin', 'Amaj', 'Fmaj', 'Gmaj', 'Cmaj', 'Gmaj', 'Fmaj', 'Gmaj', 'Cmaj', 'Cmaj', 'Cmaj', 'Gmaj', 'Fmaj', 'Gmaj', 'Cmaj', 'Cmaj', 'Gmaj', 'Fmaj', 'Gmaj', 'Cmaj', 'Emin', 'Amin', 'Fmaj', 'Gmaj', 'Cmaj', 'Gmaj', 'Fmaj', 'Gmaj', 'Cmaj', 'Cmaj', 'Cmaj', 'Cmaj']"
0010,"['Cmaj', 'Cmaj', 'Cmaj', 'Dmin', 'Dmin', 'Fmaj', 'Gmaj', 'Gmaj', 'Cmaj', 'Cmaj', 'Cmaj', 'Dmin', 'Dmin', 'Fmaj', 'Gmaj', 'Gmaj', 'Cmaj', 'Gmin7', 'Cmaj', 'Bbmaj', 'Fmaj', 'Gmaj', 'Cmaj', 'Cmaj', 'Dmin', 'Dmin', 'Fmaj', 'Gmaj', 'Gmaj', 'Cmaj', 'Cmaj', 'Cmaj', 'Dmin', 'Dmin', 'Fmaj', 'Gmaj', 'Gmaj', 'Cmaj', 'Fmaj', 'Cmaj', 'Cmaj', 'Fmaj', 'Gmaj', 'Cmaj', 'Fmaj', 'Cmaj', 'Cmaj', 'Dmin7', 'Cmaj', 'Bbmaj', 'Fmaj', 'Fmaj', 'Bbmaj', 'Fmaj', 'Bbmaj', 'Fmaj', 'Fmaj', 'Gmaj', 'Gmaj', 'Cmaj', 'Cmaj', 'Cmaj', 'Dmin', 'Dmin', 'Fmaj', 'Gmaj', 'Gmaj', 'Cmaj', 'Cmaj', 'Cmaj', 'Dmin', 'Dmin', 'Fmaj', 'Gmaj', 'Gmaj', 'Cmaj', 'Gmin7', 'Cmaj', 'Bbmaj', 'Fmaj', 'Gmaj', 'Cmaj', 'Cmaj', 'Dmin', 'Dmin', 'Fmaj', 'Gmaj', 'Gmaj', 'Cmaj', 'Cmaj', 'Cmaj', 'Dmin', 'Dmin', 'Fmaj', 'Gmaj', 'Gmaj', 'Cmaj', 'Fmaj', 'Cmaj', 'Cmaj', 'Fmaj', 'Gmaj', 'Cmaj', 'Fmaj', 'Cmaj', 'Cmaj', 'Dmin7', 'Cmaj', 'Bbmaj', 'Fmaj', 'Fmaj', 'Bbmaj', 'Fmaj', 'Bbmaj', 'Fmaj', 'Fmaj', 'Gmaj', 'Gmaj', 'Cmaj', 'Fmaj', 'Cmaj', 'Cmaj', 'Fmaj', 'Gmaj', 'Cmaj', 'Fmaj', 'Cmaj', 'Cmaj', 'Dmin7', 'Cmaj', 'Gmin7', 'Cmaj', 'Bbmaj', 'Fmaj', 'Gmaj', 'Cmaj', 'Cmaj', 'Dmin', 'Dmin', 'Fmaj', 'Gmaj', 'Gmaj', 'Cmaj', 'Cmaj', 'Cmaj', 'Dmin', 'Dmin', 'Fmaj', 'Gmaj', 'Gmaj', 'Cmaj', 'Fmaj', 'Cmaj', 'Cmaj', 'Fmaj', 'Gmaj', 'Cmaj', 'Fmaj', 'Cmaj', 'Cmaj', 'Dmin7', 'Cmaj', 'Bbmaj', 'Fmaj', 'Fmaj', 'Bbmaj', 'Fmaj', 'Bbmaj', 'Fmaj', 'Fmaj', 'Gmaj', 'Gmaj', 'Cmaj', 'Fmaj', 'Cmaj', 'Cmaj', 'Fmaj', 'Gmaj', 'Cmaj', 'Fmaj', 'Cmaj', 'Cmaj', 'Dmin7', 'Cmaj', 'Gmaj', 'Gmaj', 'Cmaj']"
0012,"['Emin', 'F#min', 'Gmaj', 'Amaj', 'Emin', 'F#min', 'Gmaj', 'Amaj', 'Amaj', 'Gmaj', 'Gmaj', 'Dmaj', 'Dmaj', 'Gmaj', 'Dmaj', 'Amaj', 'Amaj', 'Gmaj', 'Gmaj', 'Dmaj', 'Dmaj', 'Gmaj', 'Dmaj', 'Amaj', 'Amaj', 'Amaj', 'Amaj', 'Dmaj', 'Dmaj', 'F#min', 'F#min', 'Gmaj', 'Gmaj', 'Emin', 'F#maj', 'Gmaj', 'Amaj', 'Dmaj', 'Dmaj', 'F#min', 'F#min', 'Gmaj', 'Emin', 'A', 'Dmaj', 'Dmaj', 'Gmaj', 'Gmaj', 'Dmaj', 'Dmaj', 'Gmaj', 'Dmaj', 'Amaj', 'Amaj', 'Gmaj', 'Gmaj', 'Dmaj', 'Dmaj', 'Gmaj', 'Dmaj', 'Amaj', 'Amaj', 'Amaj', 'Amaj', 'Dmaj', 'Dmaj', 'F#min', 'F#min', 'Gmaj', 'Gmaj', 'Emin', 'F#maj', 'Gmaj', 'Amaj', 'Dmaj', 'Dmaj', 'F#min', 'F#min', 'Gmaj', 'Emin', 'A', 'Dmaj', 'Dmaj', 'Gmaj', 'Gmaj', 'Emin', 'F#min', 'Gmaj', 'Amaj', 'Amaj', 'Amaj', 'Dmaj', 'Dmaj', 'F#min', 'F#min', 'Gmaj', 'Gmaj', 'Emin', 'F#maj', 'Gmaj', 'Amaj', 'Dmaj', 'Dmaj', 'F#min', 'F#min', 'Gmaj', 'Emin', 'A', 'Dmaj', 'Dmaj', 'F#min', 'F#min', 'Gmaj', 'Gmaj', 'Emin', 'F#maj', 'Gmaj', 'Amaj', 'Dmaj', 'Dmaj', 'F#min', 'F#min', 'Gmaj', 'Emin', 'A', 'Dmaj', 'Dmaj']"
0015,"['Dbmin', 'Dbmin', 'Gb', 'Gb', 'Eb7', 'Eb7', 'Eb7', 'Eb7', 'Eb7', 'Eb7', 'Eb7', 'Eb7', 'Eb7', 'Eb7', 'Eb7', 'Eb7', 'Eb7', 'Eb7', 'Ab7', 'Ab7', 'Ab7', 'Ab7', 'Eb7', 'Eb7', 'Dbmaj', 'Abmaj', 'Eb7', 'Eb7', 'Eb7', 'Eb7', 'Eb7', 'Eb7', 'Eb7', 'Eb7', 'Eb7', 'Eb7', 'Ab7', 'Ab7', 'Ab7', 'Ab7', 'Eb7', 'Eb7', 'Dbmaj', 'Abmaj', 'Eb7', 'Eb7', 'Eb7', 'Eb7', 'Eb7', 'Eb7', 'Eb7', 'Eb7', 'Dbmaj', 'Abmaj', 'Eb7', 'Eb7', 'Dbmaj', 'Abmaj', 'Eb7', 'Eb7', 'Eb7', 'Eb7', 'Eb7', 'Eb7', 'Eb7', 'Eb7', 'Eb7', 'Eb7', 'Eb7', 'Eb7']"
0016,"['Amin', 'Amin', 'Amin', 'Amin', 'Amin', 'Amin', 'Amin', 'Amin', 'Amin', 'Amin', 'Amin', 'Amin', 'Amin', 'Amin', 'Amin', 'Amin', 'Fmaj', 'Fmaj', 'Gmaj', 'Gmaj', 'Amin', 'Amin', 'Amin', 'Amin', 'Amin', 'Amin', 'Amin', 'Amin', 'Amin', 'Amin', 'Amin', 'Amin', 'Fmaj', 'Fmaj', 'Gmaj', 'Gmaj', 'Amin', 'Amin', 'Amin', 'Amin', 'Dmin', 'Dmin', 'Cmaj', 'Fmaj', 'Gmaj', 'E7', 'Amin', 'Amin', 'Dmin', 'Dmin', 'Cmaj', 'Fmaj', 'Gmaj', 'E7', 'Amin', 'Amin', 'Amin', 'Amin', 'Amin', 'Amin', 'Amin', 'Amin', 'Amin', 'Amin', 'Amin', 'Amin', 'Fmaj', 'Fmaj', 'Gmaj', 'Gmaj', 'Amin', 'Amin', 'Amin', 'Amin', 'Amin', 'Amin', 'Amin', 'Amin', 'Amin', 'Amin', 'Amin', 'Amin', 'Fmaj', 'Fmaj', 'Gmaj', 'Gmaj', 'Amin', 'Amin', 'Amin', 'Amin', 'Dmin', 'Dmin', 'Cmaj', 'Fmaj', 'Gmaj', 'E7', 'Amin', 'Amin', 'Dmin', 'Dmin', 'Cmaj', 'Fmaj', 'Gmaj', 'E7', 'Amin', 'Amin', 'Amin', 'Amin', 'Dmin', 'Dmin', 'Cmaj', 'Fmaj', 'Gmaj', 'E7', 'Amin', 'Amin', 'Dmin', 'Dmin', 'Cmaj', 'Fmaj', 'Gmaj', 'E7', 'Amin', 'Amin', 'Amin', 'Amin', 'Amin', 'Amin']"
0018,"['Cmaj', 'Gmaj', 'Amin', 'Gmaj', 'Cmin7', 'Cmin7', 'Fmaj', 'Fmaj', 'Cmaj', 'Cmaj', 'Cmin', 'Cmin', 'Fmin', 'Fmin', 'Abmaj', 'Bbmaj', 'Cmaj', 'Cmaj', 'Cmin', 'Cmin', 'Fmin', 'Fmin', 'Abmaj', 'Bbmaj', 'Cmaj', 'Cmaj', 'Fsus2', 'Fmin', 'Gmin7', 'Fmin9', 'Gmin7', 'Fmin9', 'Gmin7', 'Fmin9', 'Fmaj', 'Gmaj', 'Cmaj', 'Gmaj', 'Amin', 'Gmaj', 'Cmin7', 'Cmin7', 'Fmaj', 'Fmaj', 'Cmaj', 'Cmaj', 'Cmaj', 'Gmaj', 'Amin', 'Gmaj', 'Cmin7', 'Cmin7', 'Fmaj', 'Fmaj', 'Cmaj', 'Cmaj', 'Cmin', 'Cmin', 'Fmin', 'Fmin', 'Abmaj', 'Bbmaj', 'Cmaj', 'Cmaj', 'Cmin', 'Cmin', 'Fmin', 'Fmin', 'Abmaj', 'Bbmaj', 'Cmaj', 'Cmaj', 'Fsus2', 'Fmin', 'Gmin7', 'Fmin9', 'Gmin7', 'Fmin9', 'Gmin7', 'Fmin9', 'Fmaj', 'Gmaj', 'Cmaj', 'Gmaj', 'Amin', 'Gmaj', 'Cmin7', 'Cmin7', 'Fmaj', 'Fmaj', 'Cmaj', 'Cmaj', 'Gmaj', 'Gmaj', 'Fmaj', 'Fmaj', 'A', 'A', 'Dmin7', 'G', 'Cmaj', 'Gmaj', 'Amin', 'Gmaj', 'Cmin7', 'Cmin7', 'Fmaj', 'Fmaj', 'Cmaj', 'Cmaj', 'Cmaj', 'Gmaj', 'Amin', 'Gmaj', 'Cmin7', 'Cmin7', 'Fmaj', 'Fmaj', 'Cmaj', 'Cmaj', 'Cmaj', 'Gmaj', 'Amin', 'Gmaj', 'Cmin7', 'Cmin7', 'Fmaj', 'Fmaj', 'Cmaj', 'Cmaj', 'Cmaj', 'Gmaj', 'Amin', 'Gmaj', 'Cmin7', 'Cmin7', 'Fmaj']"
0019,"['Bbmin', 'Ebmin', 'Gb', 'Abmaj', 'Dbmaj', 'Dbmaj', 'Gbmaj', 'Abmaj', 'Dbmaj', 'Dbmaj', 'Gbmaj', 'Abmaj', 'Gbmaj', 'Abmaj', 'Dbmaj', 'Gbmaj', 'Abmaj', 'Dbmaj', 'Bbmin', 'Bbmin', 'Gbmaj', 'Abmaj', 'Gbmaj', 'Dbmaj', 'Abmaj', 'Dbmaj', 'Db7', 'Gbmaj', 'Dbmaj', 'Abmaj', 'Gbmaj', 'Dbmaj', 'Bbmin', 'Ebmin', 'Gb', 'Abmaj', 'Dbmaj', 'Dbmaj', 'Gbmaj', 'Abmaj', 'Dbmaj', 'Dbmaj', 'Gbmaj', 'Abmaj', 'Gbmaj', 'Abmaj', 'Dbmaj', 'Gbmaj', 'Abmaj', 'Dbmaj', 'Bbmin', 'Bbmin', 'Gbmaj', 'Abmaj', 'Gbmaj', 'Dbmaj', 'Abmaj', 'Dbmaj', 'Db7', 'Gbmaj', 'Dbmaj', 'Abmaj', 'Gbmaj', 'Bbmin', 'Abmaj', 'Gbmaj', 'Dbmaj', 'Abmaj', 'Dbmaj', 'Db7', 'Gbmaj', 'Dbmaj', 'Abmaj', 'Gbmaj', 'Dbmaj']"
0021,"['Gmaj', 'Dmaj', 'Gmaj', 'Dmaj', 'Cmaj', 'Dmaj', 'Gmaj', 'Dmaj', 'Gmaj', 'Dmaj', 'Gmaj', 'Dmaj', 'Cmaj', 'Dmaj', 'Gmaj', 'Dmaj', 'Gmaj', 'Dmaj', 'Gmaj', 'Dmaj', 'Cmaj', 'Dmaj', 'Gmaj', 'Dmaj', 'Gmaj', 'Dmaj', 'Gmaj', 'Dmaj', 'Cmaj', 'Dmaj', 'Gmaj', 'Dmaj', 'Gmaj', 'Dmaj', 'Cmaj', 'Emin', 'Gmaj', 'Dmaj', 'Cmaj', 'Emin', 'Amin', 'Bmin', 'Emin', 'Emin', 'Amin', 'Bmin', 'Cmaj', 'Dmaj', 'Gmaj', 'Dmaj', 'Gmaj', 'Dmaj', 'Cmaj', 'Dmaj', 'Gmaj', 'Dmaj', 'Gmaj', 'Dmaj', 'Gmaj', 'Dmaj', 'Cmaj', 'Dmaj', 'Gmaj', 'Dmaj', 'Gmaj', 'Dmaj', 'Cmaj', 'Emin', 'Gmaj', 'Dmaj', 'Cmaj', 'Emin', 'Amin', 'Bmin', 'Emin', 'Emin', 'Amin', 'Bmin', 'Cmaj', 'Dmaj', 'Gmaj', 'Dmaj', 'Gmaj', 'Dmaj', 'Cmaj', 'Dmaj', 'Gmaj', 'Dmaj', 'Gmaj', 'Dmaj', 'Gmaj', 'Dmaj', 'Cmaj', 'Dmaj', 'Gmaj', 'D#dim', 'Emin', 'Dmaj', 'Emin', 'Dmaj', 'Cmaj', 'Emin', 'Dmaj', 'Emin', 'Dmaj', 'Cmaj', 'Cmaj', 'Gmaj', 'Dmaj', 'Gmaj', 'Dmaj', 'Cmaj', 'Dmaj', 'Gmaj', 'Dmaj', 'Gmaj', 'Dmaj', 'Gmaj', 'Dmaj', 'Cmaj', 'Dmaj', 'Gmaj', 'Dmaj', 'Gmaj', 'Dmaj', 'Gmaj', 'Dmaj', 'Cmaj', 'Dmaj', 'Gmaj', 'Dmaj', 'Gmaj', 'Dmaj', 'Gmaj', 'Dmaj', 'Cmaj', 'Dmaj', 'Gmaj', 'Dmaj', 'Amin', 'Bmin', 'Emin', 'Emin', 'Amin', 'Bmin', 'Cmaj', 'Dmaj', 'Dmaj', 'Gmaj', 'Dmaj', 'Gmaj', 'Dmaj', 'Cmaj', 'Dmaj', 'Gmaj', 'Dmaj', 'Gmaj', 'Dmaj', 'Gmaj', 'Dmaj', 'Cmaj', 'Dmaj', 'Gmaj', 'Dmaj', 'Gmaj', 'Dmaj', 'Gmaj', 'Dmaj', 'Cmaj', 'Dmaj', 'Gmaj', 'Dmaj', 'Gmaj', 'Dmaj', 'Gmaj', 'Dmaj', 'Cmaj', 'Dmaj', 'Gmaj', 'Dmaj', 'Gmaj', 'Dmaj', 'Gmaj', 'Dmaj', 'Cmaj', 'Dmaj', 'Gmaj', 'Dmaj', 'Gmaj', 'Dmaj', 'Gmaj', 'Dmaj', 'Cmaj', 'Dmaj', 'Gmaj', 'Dmaj', 'Gmaj', 'Cmaj', 'Gmaj', 'Cmaj', 'Gmaj', 'Cmaj', 'Gmaj']"
0022,"['Dmaj', 'Gmaj', 'Gmaj', 'Gmaj', 'Gmaj', 'Gmaj', 'Dmaj', 'Fmaj', 'Cmaj', 'Gmaj', 'Emin', 'Gmaj7', 'Cmaj7', 'Gmaj', 'Gmaj', 'Dmaj', 'Fmaj', 'Cmaj', 'Gmaj', 'Emin', 'Gmaj', 'Cmaj', 'Gmaj', 'Bsus4', 'B7', 'Emin7', 'Asus4', 'A7', 'Dmaj', 'Gmaj', 'Cmaj', 'Cmaj7', 'C', 'Bmin', 'Dmaj', 'Gmaj', 'Dmaj', 'Fmaj', 'Cmaj', 'Gmaj', 'Emin', 'Gmaj', 'Dmaj7', 'Amaj', 'Amaj', 'Emaj', 'Gmaj', 'Dmaj', 'Amaj', 'F#min', 'Amaj', 'Dmaj', 'Amaj', 'C#sus4', 'C#7', 'F#min7', 'Bsus4', 'B7', 'Emaj', 'Amaj', 'Dmaj7', 'D', 'D', 'C#min7', 'D', 'D', 'Amaj', 'Amaj', 'F#min', 'Fmaj', 'Gmaj', 'Amaj']"
0023,"['Emaj', 'Amaj', 'Emaj', 'Emaj', 'Amaj', 'Emaj', 'Emaj', 'Amaj', 'Emaj', 'Emaj', 'Amaj', 'Emaj', 'Emaj', 'Amaj', 'Emaj', 'Emaj', 'Amaj', 'Emaj', 'Bbmaj', 'Fmaj', 'Cmaj', 'Fmaj', 'Bbmaj', 'Cmaj', 'Fmaj', 'Bbmaj', 'Fmaj', 'Cmaj', 'Fmaj', 'Bbmaj', 'Gmaj', 'Cmaj', 'Emaj', 'Amaj', 'Dmaj', 'Amaj', 'Emaj', 'Amaj', 'Dmaj', 'Amaj', 'Emaj', 'Amaj', 'Dmaj', 'Amaj', 'Emaj', 'Amaj', 'Dmaj', 'Amaj', 'Emaj', 'Amaj', 'Emaj', 'Emaj', 'Amaj', 'Emaj', 'Emaj', 'Amaj', 'Emaj', 'Emaj', 'Amaj', 'Emaj', 'Emaj', 'Amaj', 'Emaj', 'Emaj', 'Amaj', 'Emaj', 'Bbmaj', 'Fmaj', 'Cmaj', 'Fmaj', 'Bbmaj', 'Cmaj', 'Fmaj', 'Bbmaj', 'Fmaj', 'Cmaj', 'Fmaj', 'Bbmaj', 'Gmaj', 'Cmaj', 'Emaj', 'Amaj', 'Dmaj', 'Amaj', 'Emaj', 'Amaj', 'Dmaj', 'Amaj', 'Emaj', 'Amaj', 'Dmaj', 'Amaj', 'Emaj', 'Amaj', 'Dmaj', 'Amaj', 'Bmin', 'Bmin', 'Gmaj', 'Gmaj', 'Bmin', 'Bmin', 'Gmaj', 'Gmaj', 'Emaj', 'Amaj', 'Emaj', 'Emaj', 'Amaj', 'Emaj', 'Emaj', 'Amaj', 'Emaj', 'Emaj', 'Amaj', 'Emaj', 'Emaj', 'Amaj', 'Emaj', 'Emaj', 'Amaj', 'Emaj', 'Bbmaj', 'Fmaj', 'Cmaj', 'Fmaj', 'Bbmaj', 'Cmaj', 'Fmaj', 'Bbmaj', 'Fmaj', 'Cmaj', 'Fmaj', 'Bbmaj', 'Gmaj', 'Cmaj', 'Emaj', 'Amaj', 'Dmaj', 'Amaj', 'Emaj', 'Amaj', 'Dmaj', 'Amaj', 'Emaj', 'Amaj', 'Dmaj', 'Amaj', 'Emaj', 'Amaj', 'Dmaj', 'Amaj', 'Emaj', 'Amaj', 'Dmaj', 'Amaj', 'Emaj', 'Amaj', 'Dmaj', 'Amaj', 'Emaj', 'Amaj', 'Dmaj', 'Amaj', 'Emaj', 'Amaj', 'Dmaj', 'Amaj', 'Emaj', 'Amaj', 'Dmaj', 'Amaj', 'Emaj', 'Amaj', 'Dmaj', 'Amaj', 'Emaj', 'Amaj', 'Dmaj', 'Amaj', 'Emaj', 'Amaj', 'Dmaj', 'Amaj', 'Emaj', 'Amaj', 'Dmaj', 'Amaj', 'Emaj', 'Amaj', 'Dmaj', 'Amaj', 'Emaj', 'Amaj', 'Dmaj', 'Amaj', 'Emaj']"
0025,"['Amin', 'Dmin', 'Amin', 'Dmin', 'Amin', 'Dmin', 'Amin', 'Dmin', 'Amin', 'Dmin', 'Amin', 'Dmin', 'Amin', 'Dmin', 'Amin', 'Dmin', 'Amin', 'Dmin', 'Amin', 'Dmin', 'Amin', 'Dmin', 'Amin', 'Dmin', 'Gmaj', 'Cmaj', 'Gmaj', 'Cmaj', 'Amin', 'Dmin', 'Amin', 'Dmin', 'Amin', 'Dmin', 'Amin', 'Dmin', 'Amin', 'Dmin', 'Amin', 'Dmin', 'Gmaj', 'Cmaj', 'Gmaj', 'Cmaj', 'Amin', 'Dmin', 'Amin', 'Gmaj', 'Fmaj', 'Emin', 'Gmaj', 'Fmaj', 'Emin', 'Dmaj', 'Gmaj', 'D7', 'Gmaj', 'Amin', 'Dmin', 'Amin', 'Dmin', 'Amin', 'Dmin', 'Amin', 'Dmin', 'Amin', 'Dmin', 'Amin', 'Dmin', 'Amin', 'Dmin', 'Amin', 'Dmin', 'Gmaj', 'Cmaj', 'Gmaj', 'Cmaj', 'Amin', 'Dmin', 'Amin', 'Dmin', 'Amin', 'Dmin', 'Amin', 'Dmin', 'Amin', 'Dmin', 'Amin', 'Dmin', 'Gmaj', 'Cmaj', 'Gmaj', 'Cmaj', 'Amin', 'Dmin', 'Amin', 'Gmaj', 'Fmaj', 'Emin', 'Gmaj', 'Fmaj', 'Emin', 'Dmaj', 'Gmaj', 'D7', 'Gmaj', 'Dmaj', 'Gmaj', 'D7', 'Gmaj', 'Gmaj', 'Gmaj', 'Amin', 'Dmin', 'Amin', 'Dmin', 'Amin', 'Dmin', 'Amin', 'Dmin', 'Amin', 'Dmin', 'Amin', 'Dmin', 'Amin', 'Dmin', 'Amin', 'Dmin', 'Gmaj', 'Cmaj', 'Gmaj', 'Cmaj', 'Amin', 'Dmin', 'Amin', 'Dmin', 'Amin', 'Dmin', 'Amin', 'Dmin', 'Amin', 'Dmin', 'Amin', 'Dmin', 'Gmaj', 'Cmaj', 'Gmaj', 'Cmaj', 'Amin', 'Dmin', 'Amin', 'Gmaj', 'Fmaj', 'Emin', 'Gmaj', 'Fmaj', 'Emin', 'Dmaj', 'Gmaj', 'D7', 'Gmaj', 'Dmaj', 'Gmaj', 'D7', 'Gmaj', 'Gmaj', 'Gmaj', 'Gmaj', 'Gmaj', 'Gmaj', 'Fmaj', 'Emaj', 'Gmaj', 'Fmaj', 'Emaj', 'Gmaj', 'Fmaj', 'Emaj', 'Gmaj', 'Fmaj', 'Emaj', 'Gmaj', 'Fmaj', 'Emaj', 'Gmaj', 'Fmaj', 'Emaj', 'Gmaj', 'Fmaj', 'Emaj', 'Gmaj', 'Fmaj', 'Emaj', 'Gmaj', 'Fmaj', 'Emaj', 'Gmaj', 'Fmaj', 'Emaj', 'Gmaj', 'Fmaj', 'Emaj']"
0026,"['Bmaj', 'Bmaj', 'Bsus4', 'Bsus4', 'Bmaj', 'Bmaj', 'F#sus4', 'F#sus4', 'Bmaj', 'Bmaj', 'F#maj', 'F#maj', 'D#dim', 'D#dim', 'Emaj', 'Emaj', 'Emin', 'Emin', 'Bmaj', 'Bmaj', 'F#7', 'F#7', 'F#7', 'F#7', 'Bmaj', 'Bmaj', 'F#maj', 'F#maj', 'D#dim', 'D#dim', 'Emaj', 'Emaj', 'Emin', 'Emin', 'Bmaj', 'Bmaj', 'F#7', 'F#7', 'F#7', 'F#7', 'Dmaj', 'Gmaj', 'Cmaj', 'F#7', 'Bmaj', 'Bmaj', 'F#maj', 'F#maj', 'D#dim', 'D#dim', 'Emaj', 'Emaj', 'Emin', 'Emin', 'Bmaj', 'Bmaj', 'F#7', 'F#7', 'F#7', 'F#7', 'Bmaj', 'Bmaj', 'F#maj', 'F#maj', 'D#dim', 'D#dim', 'Emaj', 'Emaj', 'Emin', 'Emin', 'Bmaj', 'Bmaj', 'F#7', 'F#7', 'F#7', 'F#7', 'F#7', 'F#7', 'Bmaj', 'Bmaj', 'F#maj', 'F#maj', 'D#dim', 'D#dim', 'Emaj', 'Emaj', 'Emin', 'Emin', 'Bmaj', 'Bmaj']"
0027,"['E7', 'E7', 'E7', 'E7', 'E7', 'E7', 'Cmaj', 'Dmaj', 'E7', 'Cmaj', 'Dmaj', 'E7', 'Cmaj', 'Dmaj', 'E7', 'E7', 'E7', 'E7', 'E7', 'E7', 'E7', 'Cmaj', 'Dmaj', 'E7', 'Cmaj', 'Dmaj', 'E7', 'Cmaj', 'Dmaj', 'E7', 'E7', 'Cmaj', 'Amaj', 'Gmaj', 'Dmaj', 'Amaj', 'Amaj', 'Cmaj', 'Amaj', 'Gmaj', 'Dmaj', 'Amaj', 'Amaj', 'E7', 'E7', 'E7', 'E7', 'E7', 'E7', 'E7', 'E7', 'E7', 'E7', 'Cmaj', 'Amaj', 'Gmaj', 'Dmaj', 'Amaj', 'Amaj', 'Cmaj', 'Amaj', 'Gmaj', 'Dmaj', 'Amaj', 'Amaj', 'E7', 'E7', 'E7', 'E7', 'E7', 'Cmaj', 'Dmaj', 'E7', 'Cmaj', 'Dmaj', 'E7', 'Cmaj', 'Dmaj', 'E7', 'E7', 'Cmaj', 'Amaj', 'Gmaj', 'Dmaj', 'Amaj', 'Amaj', 'Cmaj', 'Amaj', 'Gmaj', 'Dmaj', 'Amaj', 'Amaj', 'Cmaj', 'Amaj', 'Gmaj', 'Dmaj', 'Amaj', 'Amaj', 'Cmaj', 'Amaj', 'Gmaj', 'Dmaj', 'Amaj', 'Amaj', 'Amaj', 'Amaj', 'Amaj', 'Amaj', 'Amaj', 'Amaj', 'Amaj', 'Amaj', 'Amaj']"
0029,"['Fmaj', 'Bbmaj', 'Cmaj', 'Bbmaj', 'Fmaj', 'Bbmaj', 'Cmaj', 'Bbmaj', 'Fmaj', 'Bbmaj', 'Cmaj', 'Bbmaj', 'Fmaj', 'Bbmaj', 'Cmaj', 'Bbmaj', 'Fmaj', 'Bbmaj', 'Cmaj', 'Bbmaj', 'Fmaj', 'Bbmaj', 'Cmaj', 'Bbmaj', 'Fmaj', 'Bbmaj', 'Cmaj', 'Bbmaj', 'Fmaj', 'Bbmaj', 'Cmaj', 'Bbmaj', 'Fmaj', 'Bbmaj', 'Fmaj', 'Bbmaj', 'Fmaj', 'Bbmaj', 'Cmaj', 'Bbmaj', 'Fmaj', 'Bbmaj', 'Fmaj', 'Bbmaj', 'Fmaj', 'Bbmaj', 'Cmaj', 'Csus4', 'Csus4', 'Csus4', 'Fmaj', 'Bbmaj', 'Cmaj', 'Bbmaj', 'Fmaj', 'Bbmaj', 'Cmaj', 'Bbmaj', 'Fmaj', 'Bbmaj', 'Cmaj', 'Bbmaj', 'Fmaj', 'Bbmaj', 'Cmaj', 'Bbmaj', 'Fmaj', 'Bbmaj', 'Cmaj', 'Bbmaj', 'Fmaj', 'Bbmaj', 'Cmaj', 'Bbmaj', 'Fmaj', 'Bbmaj', 'Cmaj', 'Bbmaj', 'Fmaj', 'Bbmaj', 'Cmaj', 'Bbmaj', 'Fmaj', 'Bbmaj', 'Fmaj', 'Bbmaj', 'Fmaj', 'Bbmaj', 'Cmaj', 'Bbmaj', 'Fmaj', 'Bbmaj', 'Fmaj', 'Bbmaj', 'Fmaj', 'Bbmaj', 'Cmaj', 'Bbmaj', 'Fmaj', 'Bbmaj', 'Fmaj', 'Bbmaj', 'Fmaj', 'Bbmaj', 'Cmaj', 'Bbmaj', 'Fmaj', 'Bbmaj', 'Fmaj', 'Bbmaj', 'Fmaj', 'Bbmaj', 'Cmaj', 'Csus4', 'Csus4', 'Csus4', 'Fmaj', 'Bbmaj', 'Cmaj', 'Bbmaj', 'Fmaj', 'Bbmaj', 'Cmaj', 'Bbmaj', 'Fmaj', 'Bbmaj', 'Cmaj', 'Bbmaj', 'Fmaj', 'Bbmaj', 'Cmaj', 'Bbmaj', 'Fmaj', 'Bbmaj', 'Cmaj', 'Bbmaj', 'Fmaj', 'Bbmaj', 'Cmaj', 'Bbmaj', 'Fmaj', 'Bbmaj', 'Cmaj', 'Bbmaj', 'Fmaj', 'Bbmaj', 'Cmaj', 'Bbmaj']"
0030,"['Abmaj', 'Dbmaj', 'Abmaj', 'Dbmaj', 'Abmaj', 'Dbmaj', 'Abmaj', 'Dbmaj', 'Ebmaj', 'Abmaj', 'Dbmaj', 'Ebmaj', 'Dbmaj', 'Abmaj', 'Ebmaj', 'Abmaj', 'Fmin', 'Fmaj', 'Bbmaj', 'Abmaj', 'Dbmaj', 'Ebmaj', 'Gbmaj', 'Dbmaj', 'Bbmin', 'Ebmaj', 'Abmaj', 'Dbmaj', 'Ebmaj', 'Abmaj', 'Dbmaj', 'Ebmaj', 'Dbmaj', 'Abmaj', 'Ebmaj', 'Abmaj', 'Fmin', 'Fmaj', 'Bbmaj', 'Abmaj', 'Dbmaj', 'Ebmaj', 'Gbmaj', 'Dbmaj', 'Bbmin', 'Ebmaj', 'Abmaj', 'Dbmaj', 'Ebmaj', 'Abmaj', 'Dbmaj', 'Ebmaj', 'Abmaj', 'Dbmaj', 'Ebmaj', 'Abmaj', 'Dbmaj', 'Ebmaj', 'Dbmaj', 'Abmaj', 'Ebmaj', 'Abmaj', 'Fmin', 'Fmaj', 'Bbmaj', 'Abmaj', 'Dbmaj', 'Ebmaj', 'Gbmaj', 'Dbmaj', 'Bbmin', 'Ebmaj', 'Abmaj', 'Dbmaj', 'Ebmaj', 'Abmaj', 'Dbmaj', 'Ebmaj', 'Dbmaj', 'Abmaj', 'Ebmaj', 'Abmaj', 'Abmaj', 'Dbmaj', 'Ebmaj', 'Abmaj', 'Dbmaj', 'Ebmaj', 'Abmaj', 'Dbmaj', 'Ebmaj', 'Abmaj', 'Dbmaj', 'Ebmaj']"
0033,"['Cmaj', 'F#', 'Emaj', 'Dmin', 'Emaj', 'Amin', 'Fmaj', 'Amin', 'Fmaj', 'Gmaj', 'Amin', 'Fmaj', 'Amin', 'Fmaj', 'Gmaj', 'Amin', 'Gmaj', 'Fmaj', 'Amin', 'Cmaj', 'Dmin', 'Emaj', 'Amin', 'Dmaj', 'Dmaj', 'Amin', 'Dmaj', 'Dmaj', 'Dmin', 'Emin', 'Cmaj', 'Fmaj', 'Dmin', 'Emaj', 'Amin', 'Fmaj', 'Gmaj', 'Amin', 'Fmaj', 'Gmaj', 'Amin', 'Gmaj', 'Fmaj', 'Amin', 'Cmaj', 'Dmin', 'Emaj', 'Amin', 'Dmaj', 'Dmaj', 'Amin', 'Dmaj', 'Dmaj', 'Dmin', 'Emin', 'Cmaj', 'Fmaj', 'Dmin', 'Emaj', 'Amin', 'Fmaj', 'Gmaj', 'Amin', 'Fmaj', 'Gmaj', 'Amin', 'Gmaj', 'Fmaj', 'Amin', 'F#min7', 'Dmaj', 'C#min', 'Dmaj', 'C#min', 'Dmaj', 'C#min', 'Bmin7', 'Bmin7', 'Amaj', 'Amaj', 'Emaj', 'Emaj', 'Emaj', 'E7', 'Amin', 'Fmaj', 'Gmaj', 'Amin', 'Fmaj', 'Gmaj', 'Amin', 'Gmaj', 'Fmaj', 'Amin', 'Cmaj', 'Dmin', 'Emaj', 'Amin', 'Fmaj', 'Gmaj', 'Amin', 'Fmaj', 'Gmaj', 'Amin', 'Gmaj', 'Fmaj', 'Amin', 'Fmaj', 'Gmaj', 'Amin', 'Fmaj', 'Gmaj', 'Amin', 'Gmaj', 'Fmaj', 'Amin', 'Fmaj', 'Gmaj', 'Amin', 'Fmaj', 'Gmaj', 'Amin', 'Gmaj', 'Fmaj', 'Amin', 'F#min7', 'Dmaj', 'C#min', 'Dmaj', 'C#min', 'Dmaj', 'C#min', 'Bmin7', 'Bmin7', 'Amaj', 'Amaj', 'Emaj', 'Emaj', 'Emaj', 'E7', 'Amin', 'Fmaj', 'Gmaj', 'Amin', 'Fmaj', 'Gmaj', 'Amin', 'Gmaj', 'Fmaj', 'Amin']"
0034,"['Gmin', 'Gmin', 'Amin', 'Dmin', 'Dmin', 'Amin', 'Gmaj', 'Amin', 'Bbmaj', 'Fmaj', 'Fmaj', 'Cmaj', 'Fmin', 'Cmaj', 'Gmaj', 'Fmaj', 'Fmin', 'Cmaj', 'Fmin', 'Cmaj', 'Gmaj', 'Fmaj', 'Gmaj', 'Fmaj', 'Dmin', 'Fmaj', 'Dmin', 'Gsus4', 'Amin', 'Gmaj', 'Emin', 'Amin', 'Gmin', 'Gmin', 'Amin', 'Dmin', 'Dmin', 'Amin', 'Gmaj', 'Amin', 'Bbmaj', 'Fmaj', 'Fmaj', 'Fmaj', 'Cmaj', 'Fmin', 'Cmaj', 'Gmaj', 'Fmaj', 'Fmin', 'Cmaj', 'Fmaj', 'Dmin', 'Fmaj', 'Dmaj', 'Fmaj', 'Dmin', 'Gsus4', 'Amin', 'Gmaj', 'Emin', 'Amin', 'Dmin', 'Amin', 'Gmaj', 'Amin', 'Bbmaj', 'Fmaj', 'Fmaj', 'Fmaj', 'Amin', 'Gmaj', 'Emin', 'Amin']"
0035,"['C7', 'C7', 'C7', 'C7', 'C7', 'C7', 'C7', 'C7', 'C7', 'C7', 'C7', 'C7', 'Eb5', 'C5', 'Eb5', 'C5', 'Eb5', 'C5', 'Eb5', 'C5', 'Eb5', 'C5', 'Eb5', 'C5', 'Eb5', 'C5', 'Eb5', 'C5', 'C7', 'C7', 'C7', 'C7', 'C7', 'C7', 'C7', 'C7', 'C7', 'C7', 'C7', 'C7', 'C7', 'C7', 'C7', 'C7', 'Eb5', 'C5', 'Eb5', 'C5', 'Eb5', 'C5', 'Eb5', 'C5', 'Eb5', 'C5', 'Eb5', 'C5', 'Eb5', 'C5', 'Eb5', 'C5', 'Eb5', 'F5', 'G5', 'Bb5', 'C5', 'F#5', 'F7', 'F7', 'F7', 'F7', 'F7', 'F7', 'F7', 'F7', 'F7', 'F7', 'F7', 'F7', 'F7', 'F7', 'F7', 'F7', 'F7', 'F7', 'F7', 'F7', 'F7', 'F7', 'F7', 'F7', 'Bb7', 'Bb7', 'Eb5', 'D5', 'C5', 'Bb5', 'Ab5', 'G5', 'F5', 'Eb5', 'Bb7', 'Bb7', 'Eb5', 'D5', 'C5', 'Bb5', 'Ab5', 'G5', 'F5', 'Eb5', 'F5', 'G5', 'Ab5', 'C5', 'Db5', 'Bb5', 'Ab7', 'A5', 'Bb5', 'B5', 'C5', 'C5', 'C7', 'C7', 'C5', 'C5', 'C7', 'C7', 'C7', 'C7', 'C7', 'C7', 'C7', 'C7', 'C7', 'C7', 'C7', 'C7', 'C7', 'C7', 'C7', 'C7', 'C7', 'C7', 'C7', 'C7', 'C', 'C', 'C5', 'F5', 'Bb5', 'Eb5', 'Ab5', 'Db5', 'G5', 'C5', 'Eb5', 'F#5', 'A5', 'C7']"
0037,"['Abmaj', 'Abmaj', 'Abmaj', 'Abmaj', 'Fmin', 'Fmin', 'Abmaj', 'Abmaj', 'Fmin', 'Fmin', 'Abmaj', 'Abmaj', 'Eb7', 'Eb7', 'Abmaj', 'Abmaj', 'Abmaj', 'Abmaj', 'Abmaj', 'Abmaj', 'Fmin', 'Fmin', 'Fmin', 'Abmaj', 'Fmin', 'Fmin', 'Fmin', 'Abmaj', 'Eb7', 'Eb7', 'Abmaj', 'Abmaj', 'Abmaj', 'Abmaj', 'Abmaj', 'Abmaj', 'Fmin', 'Fmin', 'Abmaj', 'Abmaj', 'Fmin', 'Fmin', 'Abmaj', 'Abmaj', 'Eb7', 'Eb7', 'Abmaj', 'Abmaj', 'Abmaj', 'Abmaj', 'Abmaj', 'Abmaj', 'Fmin', 'Fmin', 'Fmin', 'Abmaj', 'Fmin', 'Fmin', 'Fmin', 'Abmaj', 'Eb7', 'Eb7', 'Abmaj', 'Abmaj', 'Abmaj', 'Abmaj', 'Abmaj', 'Abmaj', 'Fmin', 'Fmin', 'Fmin', 'Abmaj', 'Fmin', 'Fmin', 'Fmin', 'Abmaj', 'Eb7', 'Eb7', 'Abmaj', 'Abmaj', 'Abmaj', 'Abmaj', 'Abmaj', 'Abmaj', 'Fmin', 'Fmin', 'Fmin', 'Abmaj', 'Fmin', 'Fmin', 'Fmin', 'Abmaj', 'Eb7', 'Eb7', 'Abmaj', 'Abmaj', 'Abmaj', 'Abmaj', 'Abmaj', 'Abmaj', 'Fmin', 'Fmin', 'Fmin', 'Abmaj', 'Fmin', 'Fmin', 'Fmin', 'Abmaj', 'Eb7', 'Eb7', 'Abmaj', 'Abmaj', 'Abmaj', 'Abmaj', 'Abmaj', 'Abmaj', 'Fmin', 'Fmin', 'Fmin', 'Abmaj', 'Fmin', 'Fmin', 'Fmin', 'Abmaj', 'Eb7', 'Eb7', 'Abmaj', 'Abmaj', 'Abmaj', 'Abmaj', 'Abmaj', 'Abmaj', 'Fmin', 'Fmin', 'Fmin', 'Abmaj', 'Fmin', 'Fmin', 'Fmin', 'Abmaj', 'Eb7', 'Eb7', 'Abmaj', 'Abmaj', 'Abmaj', 'Abmaj', 'Abmaj', 'Abmaj', 'Fmin', 'Fmin', 'Fmin', 'Abmaj', 'Fmin', 'Fmin', 'Fmin', 'Abmaj', 'Eb7', 'Eb7', 'Abmaj', 'Abmaj', 'Abmaj', 'Abmaj', 'Abmaj', 'Abmaj', 'Fmin', 'Fmin', 'Fmin', 'Abmaj', 'Fmin', 'Fmin', 'Fmin', 'Abmaj', 'Eb7', 'Eb7', 'Abmaj', 'Abmaj', 'Abmaj', 'Abmaj', 'Abmaj', 'Abmaj', 'Fmin', 'Fmin', 'Abmaj', 'Abmaj', 'Fmin', 'Fmin', 'Abmaj', 'Abmaj', 'Eb7', 'Eb7', 'Abmaj', 'Abmaj', 'Abmaj', 'Abmaj', 'Abmaj', 'Abmaj', 'Fmin', 'Fmin', 'Abmaj', 'Abmaj', 'Fmin', 'Fmin', 'Abmaj', 'Abmaj', 'Eb7', 'Eb7', 'Abmaj', 'Abmaj', 'Abmaj']"
0039,"['Emaj', 'Emaj', 'Emaj', 'Emaj', 'Emaj', 'Emaj', 'Emaj', 'Emaj', 'Emaj', 'Emaj', 'Emaj', 'Emaj', 'Amaj', 'Gmaj', 'Emaj', 'Emaj', 'Emaj', 'Emaj', 'Emaj', 'Emaj', 'Emaj', 'Emaj', 'Emaj', 'Amaj', 'Gmaj', 'Emaj', 'Emaj', 'Amaj', 'Amaj', 'Emaj', 'Emaj', 'Amaj', 'Amaj', 'Emaj', 'Dmaj', 'Amaj', 'Emaj', 'Amaj', 'Amaj', 'Emaj', 'Emaj', 'Amaj', 'Amaj', 'Dmaj', 'Amaj', 'Dmaj', 'Amaj', 'Emaj', 'Emaj', 'Emaj', 'Emaj', 'Emaj', 'Emaj', 'Emaj', 'Emaj', 'Emaj', 'Emaj', 'Amaj', 'Gmaj', 'Emaj', 'Emaj', 'Emaj', 'Emaj', 'Emaj', 'Emaj', 'Emaj', 'Emaj', 'Emaj', 'Amaj', 'Gmaj', 'Emaj', 'Emaj', 'Amaj', 'Amaj', 'Emaj', 'Emaj', 'Amaj', 'Amaj', 'Emaj', 'Dmaj', 'Amaj', 'Emaj', 'Amaj', 'Amaj', 'Emaj', 'Emaj', 'Amaj', 'Amaj', 'Dmaj', 'Amaj', 'Dmaj', 'Amaj', 'Emaj', 'Emaj', 'Bmaj', 'Bmaj', 'Amaj', 'Amaj', 'Bmaj', 'Bmaj', 'Amaj', 'Amaj', 'Emaj', 'Emaj', 'Emaj', 'Emaj', 'Emaj', 'Emaj', 'Emaj', 'Emaj', 'Amaj', 'Gmaj', 'Emaj', 'Emaj', 'Amaj', 'Amaj', 'Emaj', 'Emaj', 'Amaj', 'Amaj', 'Emaj', 'Emaj', 'Amaj', 'Amaj', 'Emaj', 'Emaj', 'Amaj', 'Amaj', 'Emaj', 'Dmaj', 'Amaj', 'Emaj', 'Amaj', 'Amaj', 'Emaj', 'Emaj', 'Amaj', 'Amaj', 'Emaj', 'Emaj']"
0040,"['F#', 'F#', 'Bmin', 'Bmin', 'Bmin', 'Bmin', 'Bmin', 'Bmin', 'Bmin', 'Bmin', 'F#min', 'F#min', 'F#min', 'F#min', 'Bmin', 'Bmin', 'Bmin', 'Bmin', 'Bmin', 'Bmin', 'Bmin', 'Bmin', 'Bmin', 'Bmin', 'Bmin', 'Bmin', 'Bmin', 'Bmin', 'Bmin', 'Bmin', 'Bmin', 'Bmin', 'F#min', 'F#min', 'F#min', 'F#min', 'Bmin', 'Bmin', 'Bmin', 'Bmin', 'F#', 'F#', 'Bmin', 'Bmin', 'Bmin', 'Bmin', 'F#min', 'F#min', 'F#min', 'F#min', 'Bmin', 'Bmin', 'Bmin', 'Bmin', 'F#min', 'F#min', 'F#min', 'F#min', 'Bmin', 'Bmin', 'Bmin', 'Bmin', 'Bmin', 'Bmin', 'Bmin', 'Bmin', 'Bmin', 'Bmin', 'Bmin', 'Bmin', 'Bmin', 'Bmin', 'Bmin', 'Bmin', 'Bmin', 'Bmin', 'Bmin7', 'Bmin7', 'Bmin', 'Bmin', 'F#', 'F#', 'Bmin', 'Bmin', 'Bmin', 'Bmin', 'F#min', 'F#min', 'F#min', 'F#min', 'Bmin', 'Bmin', 'Bmin', 'Bmin', 'F#min', 'F#min', 'F#min', 'F#min', 'Bmin']"
0041,"['Amaj', 'Dmaj', 'Amaj', 'Dmaj', 'Gmaj', 'Emaj', 'Amaj', 'Dmaj', 'Amaj', 'Dmaj', 'Amaj', 'Dmaj', 'Amaj', 'Dmaj', 'Amaj', 'Dmaj', 'Amaj', 'Dmaj', 'Amaj', 'Dmaj', 'Amaj', 'Dmaj', 'Gmaj', 'Cmaj', 'Bmaj', 'E7', 'Amin', 'Dmin', 'Cmaj', 'Amaj', 'Amaj', 'Dmaj', 'Amaj', 'Dmaj', 'Amaj', 'Dmaj', 'Amaj', 'Dmaj', 'Amaj', 'Dmaj', 'Amaj', 'Dmaj', 'Amaj', 'Dmaj', 'Gmaj', 'Cmaj', 'Bmaj', 'Emaj', 'Amaj', 'Dmaj', 'Gmaj', 'Emaj', 'Amaj', 'Dmaj', 'Gmaj', 'Emaj', 'Amaj', 'Dmaj', 'Gmaj', 'Emaj', 'Amaj', 'Dmaj', 'Gmaj', 'Emaj', 'Amaj', 'Dmaj', 'Amaj', 'Dmaj', 'Amaj', 'Dmaj', 'Amaj', 'Dmaj', 'Amaj', 'Dmaj', 'Amaj', 'Dmaj', 'Amaj', 'Dmaj', 'Gmaj', 'Cmaj', 'Bmaj', 'Emaj', 'Amaj', 'Dmaj', 'Gmaj', 'Cmaj', 'Bmaj', 'Emaj', 'Amaj', 'Dmaj', 'Amaj', 'Dmaj', 'Amaj', 'Dmaj', 'Gmaj', 'Dmaj', 'Amaj']"
0043,"['Cmaj', 'Cmaj', 'Dmaj', 'Gmaj', 'Cmaj', 'Cmaj', 'Dmaj', 'Gmaj', 'Gmaj', 'Amaj', 'Gmaj', 'Amaj', 'Gmaj', 'Amaj', 'Gmaj', 'Amaj', 'Gmaj', 'Amaj', 'Gmaj', 'Amaj', 'Gmaj', 'Amaj', 'Gmaj', 'Amaj', 'Amin', 'Bmin7', 'Amin', 'Dsus2', 'Amin', 'Bmin7', 'Amin', 'Dsus2', 'Cmaj', 'Cmaj', 'Dmaj', 'Gmaj', 'Cmaj', 'Cmaj', 'Dmaj', 'Gmaj', 'Gmaj', 'Amaj', 'Gmaj', 'Amaj', 'Gmaj', 'Amaj', 'Gmaj', 'Amaj', 'Gmaj', 'Amaj', 'Gmaj', 'Amaj', 'Gmaj', 'Amaj', 'Gmaj', 'Amaj', 'Amin', 'Bmin7', 'Amin', 'Dsus2', 'Amin', 'Bmin7', 'Amin', 'Dsus2', 'Cmaj', 'Cmaj', 'Dmaj', 'Gmaj', 'Cmaj', 'Cmaj', 'Dmaj', 'Gmaj', 'Cmaj', 'Cmaj', 'Dmaj', 'Gmaj', 'Cmaj', 'Cmaj', 'Dmaj', 'Gmaj', 'Ebmaj', 'Abmaj', 'Fmaj', 'Bbmaj', 'Bmaj7', 'Abmin7', 'Bbmin7', 'Dbmaj', 'Abmin7', 'Abmin7', 'Bbmin7', 'Bbsus4', 'Bmaj7', 'Abmin7', 'Bbmin7', 'Dbmaj', 'Abmin7', 'Abmin7', 'Amin7', 'Dsus2', 'Cmaj', 'Cmaj', 'Dmaj', 'Gmaj', 'Cmaj', 'Cmaj', 'Dmaj', 'Gmaj', 'Cmaj', 'Cmaj', 'Dmaj', 'Gmaj', 'Cmaj', 'Cmaj', 'Dmaj', 'Gmaj', 'Cmaj', 'Cmaj', 'Dmaj', 'Gmaj', 'Cmaj', 'Cmaj', 'Dmaj', 'Gmaj', 'Cmaj', 'Cmaj', 'Dmaj', 'Gmaj', 'Cmaj', 'Cmaj', 'Dmaj', 'Gmaj', 'Cmaj']"
0044,"['D', 'D', 'D', 'D', 'D', 'D', 'D', 'D', 'Emin', 'Emin', 'Emin', 'Emin', 'Emin', 'Emin', 'Emin', 'Emin', 'Emin', 'Emin', 'Emin', 'Emin', 'Emin', 'Emin', 'Emin', 'Emin', 'Cmaj', 'Dmaj', 'Emin', 'Emin', 'Cmaj', 'Dmaj', 'Emin', 'Emin', 'Emin', 'Cmaj', 'Dsus4', 'Emin', 'Cmaj', 'Dsus4', 'Emin', 'Cmaj', 'Dsus4', 'Emin', 'Cmaj', 'Dsus4', 'Emin', 'Cmaj', 'Dsus4', 'Emin', 'Cmaj', 'Dsus4', 'Emin', 'Cmaj', 'Dsus4', 'Emin', 'Cmaj', 'Dsus4', 'Emin', 'Emin', 'Emin', 'Emin', 'Emin', 'Emin', 'Emin', 'Emin', 'Emin', 'Emin', 'Emin', 'Emin', 'Emin', 'Emin', 'Emin', 'Emin', 'Cmaj', 'Dmaj', 'Emin', 'Emin', 'Cmaj', 'Dmaj', 'Emin', 'Emin', 'Emin', 'Cmaj', 'Dsus4', 'Emin', 'Cmaj', 'Dsus4', 'Emin', 'Cmaj', 'Dsus4', 'Emin', 'Cmaj', 'Dsus4', 'Emin', 'Cmaj', 'Dsus4', 'Emin', 'Cmaj', 'Dsus4', 'Emin', 'Cmaj', 'Dsus4', 'Emin', 'Cmaj', 'Dsus4', 'Emin', 'Emin', 'Emin', 'Emin', 'Emin', 'Emin', 'Emin', 'Emin', 'Emin', 'Emin', 'Emin', 'Emin', 'Emin', 'Emin', 'Emin', 'Emin', 'Emin', 'Emin', 'Emin', 'Emin', 'Emin', 'Emin', 'Emin', 'Emin', 'Cmaj', 'Dmaj', 'Emin', 'Emin', 'Cmaj', 'Dmaj', 'Emin', 'Emin', 'Emin', 'Cmaj', 'Dsus4', 'Emin', 'Cmaj', 'Dsus4', 'Emin', 'Cmaj', 'Dsus4', 'Emin', 'Cmaj', 'Dsus4', 'Emin', 'Cmaj', 'Dsus4', 'Emin', 'Cmaj', 'Dsus4', 'Emin', 'Cmaj', 'Dsus4', 'Emin', 'Cmaj', 'Dsus4', 'Emin', 'Emin', 'Emin', 'Emin', 'Emin', 'Emin', 'Emin', 'Emin', 'Emin', 'Emin', 'Emin', 'Emin', 'Emin', 'Emin']"
0046,"['Cmaj', 'Cmaj', 'Fmaj', 'Cmaj', 'Cmaj', 'Fmaj', 'Cmaj', 'Cmaj', 'Fmaj', 'Gsus4', 'Cmaj', 'Fmaj', 'Gsus4', 'Cmaj', 'Fmaj', 'Gsus4', 'Cmaj', 'Fmaj', 'Gsus4', 'Cmaj', 'Fmaj', 'Gsus4', 'Cmaj', 'Fmaj', 'Gsus4', 'Cmaj', 'Fmaj', 'Gsus4', 'Cmaj', 'Fmaj', 'Gsus4', 'Cmaj', 'Fmaj', 'Gsus4', 'Cmaj', 'Fmaj', 'Gsus4', 'Cmaj', 'Fmaj', 'Gsus4', 'Cmaj', 'Fmaj', 'Gsus4', 'Cmaj', 'Fmaj', 'Gsus4', 'Cmaj', 'Fmaj', 'Gsus4', 'Cmaj', 'Fmaj', 'Gsus4', 'Cmaj', 'Fmaj', 'Gsus4', 'Cmaj', 'Fmaj', 'Gsus4', 'Cmaj', 'Fmaj', 'Gsus4', 'Cmaj', 'Fmaj', 'Gsus4', 'Cmaj', 'Fmaj', 'Gsus4', 'Cmaj', 'Fmaj', 'Gsus4', 'Cmaj', 'Fmaj', 'Gsus4', 'Cmaj', 'Fmaj', 'Gsus4', 'Cmaj', 'Fmaj', 'Gsus4', 'Cmaj', 'Fmaj', 'Gsus4', 'Cmaj', 'Fmaj', 'Gsus4', 'Cmaj', 'Fmaj', 'Gsus4', 'Cmaj', 'Fmaj', 'Gsus4', 'Cmaj', 'Fmaj', 'Gsus4', 'Cmaj', 'Fmaj', 'Gsus4', 'Cmaj', 'Fmaj', 'Gsus4', 'Cmaj', 'Fmaj', 'Gsus4', 'Cmaj', 'Fmaj', 'Gsus4', 'Cmaj', 'Fmaj', 'Gsus4', 'Cmaj', 'Fmaj', 'Gsus4', 'Cmaj', 'Fmaj', 'Gsus4', 'Cmaj', 'Fmaj', 'Gsus4']"
0049,"['Bmin7', 'Esus4', 'Amaj9', 'Esus4', 'Amaj9', 'Esus4', 'Amaj9', 'Amaj9', 'G#', 'C#sus4', 'C#7', 'F#', 'F#min7', 'B7', 'Emaj7', 'C#min7', 'Caug', 'Emaj', 'Gdim', 'F#min7', 'B', 'Bmin7', 'E7', 'Amaj9', 'Esus4', 'Amaj9', 'Esus4', 'Amaj9', 'Amaj9', 'Bmin7', 'Bmin7', 'D', 'D', 'C#min7', 'Amaj', 'Dmaj7', 'Dmaj7', 'A', 'B', 'Amaj7', 'F#min7', 'Bmin7', 'E7', 'Amaj9', 'A', 'Dmaj7', 'B', 'Amaj', 'Bmin7', 'Esus4', 'Amaj', 'A', 'Dmaj7', 'Dmaj7', 'C#min7', 'A', 'Dmaj7', 'Dmaj7', 'A', 'B', 'Amaj7', 'F#min7', 'Amaj9', 'A', 'Dmaj7', 'B', 'Amaj', 'Bmin7', 'Fmaj', 'Amaj', 'Amaj']"
0050,"['Gmaj', 'Cmaj', 'Gmaj', 'Cmaj', 'Gmaj', 'Cmaj', 'Gmaj', 'Gmaj', 'Gmaj', 'Cmaj', 'Gmaj', 'Cmaj', 'Gmaj', 'Cmaj', 'Cmaj', 'Cmaj', 'Cmaj', 'Gmaj', 'Cmaj', 'Gmaj', 'Cmaj', 'Gmaj', 'Cmaj', 'Gmaj', 'Cmaj', 'Gmaj', 'Cmaj', 'Cmaj', 'Cmaj', 'Cmaj', 'Gmaj', 'Cmaj', 'Gmaj', 'Gmaj', 'Dmaj', 'Dmaj', 'Cmaj', 'Gmaj', 'Dmaj', 'Dmaj', 'Cmaj', 'Gmaj', 'Gmaj', 'Cmaj', 'Gmaj', 'Cmaj', 'Gmaj', 'Cmaj', 'Cmaj', 'Cmaj', 'Cmaj', 'Gmaj', 'Cmaj', 'Gmaj', 'Gmaj', 'Dmaj', 'Dmaj', 'Cmaj', 'Gmaj', 'Dmaj', 'Dmaj', 'Cmaj', 'Gmaj', 'Gmaj', 'Gmaj', 'Gmaj', 'Gmaj', 'Dmaj', 'Gmaj', 'Cmaj', 'Gmaj', 'Cmaj', 'Gmaj', 'Cmaj', 'Cmaj', 'Cmaj', 'Cmaj', 'Gmaj', 'Cmaj', 'Gmaj', 'Cmaj', 'Gmaj', 'Cmaj', 'Gmaj', 'Cmaj', 'Gmaj']"
0051,"['Csus2', 'D5', 'Csus2', 'D5', 'Fmaj', 'Cmaj', 'D5', 'Cmaj', 'D5', 'F5', 'D5', 'Csus2', 'D5', 'Csus2', 'D5', 'Fmaj', 'Cmaj', 'D5', 'Cmaj', 'D5', 'F5', 'D5', 'Csus2', 'D5', 'Csus2', 'D5', 'Fmaj', 'Cmaj', 'D5', 'Cmaj', 'D5', 'C5', 'Dmin', 'Cmaj', 'Dmin', 'Cmaj', 'Dmin', 'Cmaj', 'Bbmaj', 'Cmaj', 'Ebmaj', 'Fmaj', 'Csus4', 'Dsus4', 'Dmin', 'Cmaj', 'Dmin', 'Cmaj', 'Dmin', 'Cmaj', 'Dmin', 'Cmaj', 'Dmin', 'Cmaj', 'Bbmaj', 'Cmaj', 'Ebmaj', 'Fmaj', 'Csus4', 'Dsus4', 'Eb', 'Csus2', 'D5', 'Csus2', 'D5', 'Csus2', 'D5', 'Csus2', 'D5', 'Fmaj', 'Cmaj', 'D5', 'Cmaj', 'D5', 'F5', 'D5', 'Cmaj', 'Bbmaj', 'Cmaj', 'Bbmaj', 'Amin', 'Bbmaj', 'Cmaj', 'Dmin', 'Cmaj', 'Dmin', 'Cmaj', 'Dmin', 'Cmaj', 'Dmin', 'Cmaj', 'Bbmaj', 'Cmaj', 'Ebmaj', 'Fmaj', 'Csus4', 'Dsus4', 'Dmin', 'Cmaj', 'Dmin', 'Cmaj', 'Dmin', 'Cmaj', 'Dmin', 'Cmaj', 'Dmin', 'Cmaj', 'Bbmaj', 'Cmaj', 'Ebmaj', 'Fmaj', 'Bbsus4', 'Csus4', 'Dmin', 'Cmaj', 'Dmin', 'Cmaj', 'Dmin', 'Cmaj', 'Dmin', 'Cmaj', 'Dmin', 'Cmaj', 'Bbmaj', 'Cmaj', 'Ebmaj', 'Fmaj', 'Csus4', 'Dsus4', 'Ebmaj', 'Fmaj', 'Csus4', 'Dsus4', 'Eb', 'Csus2', 'D5', 'Csus2', 'D5', 'Csus2', 'D5', 'Csus2', 'D5', 'Csus2', 'D5', 'Csus2', 'D5', 'Csus2', 'D5', 'Csus2', 'D5', 'Csus2', 'D5', 'Csus2', 'D5']"
0053,"['Gmaj', 'Dmaj', 'Gmaj', 'Dmaj', 'Gmaj', 'Dmaj', 'Cmaj', 'Gmaj', 'Bb', 'Cmaj', 'Gmaj', 'Dmaj', 'Gmaj', 'Dmaj', 'Gmaj', 'Dmaj', 'Cmaj', 'Gmaj', 'Dmaj', 'Gmaj', 'Dmaj', 'Gmaj', 'Dmaj', 'Gmaj', 'Dmaj', 'Gmaj', 'Dmaj', 'Gmaj', 'Dmaj', 'Cmaj', 'Gmaj', 'Dmaj', 'Gmaj', 'Dmaj', 'Gmaj', 'Dmaj', 'Amaj', 'Gmaj', 'Amaj', 'Gmaj', 'Amaj', 'Gmaj', 'Amaj', 'Gmaj', 'Dmaj', 'Amaj', 'Gmaj', 'Amaj', 'Gmaj', 'Dmaj', 'Amaj', 'Gmaj', 'Amaj', 'Gmaj', 'Amaj', 'Gmaj', 'Amaj', 'Gmaj', 'Amaj', 'Gmaj', 'Amaj', 'Gmaj', 'Dmaj', 'Amaj', 'Gmaj', 'Amaj', 'Gmaj', 'Dmaj', 'Amaj', 'Gmaj', 'Amaj', 'Gmaj', 'Amaj', 'Gmaj', 'Amaj', 'Gmaj', 'Amaj', 'Gmaj', 'Amaj', 'Gmaj', 'Dmaj', 'Amaj', 'Gmaj', 'Amaj', 'Gmaj', 'Dmaj', 'Amaj', 'Gmaj', 'Amaj', 'Gmaj', 'Amaj', 'Gmaj', 'Dmaj', 'Amaj', 'Emaj', 'Gmaj', 'Dmaj', 'Amaj', 'Emaj', 'Gmaj', 'Dmaj', 'Amaj', 'Emaj', 'F#5', 'F#5', 'F#5', 'F#5', 'F#5', 'F#5', 'F#5', 'F#5', 'F#5', 'F#5', 'F#5', 'F#5', 'F#5', 'F#5', 'F#5', 'F#5', 'F#5', 'F#5', 'F#5', 'F#5', 'F#5', 'F#5', 'F#5', 'F#7', 'F#maj', 'F#maj', 'A', 'D', 'A', 'D', 'A', 'D', 'A', 'D', 'Dmaj', 'Amaj', 'Gmaj', 'Amaj', 'Gmaj', 'Dmaj', 'Amaj', 'Gmaj', 'Amaj', 'Gmaj', 'Dmaj', 'Amaj', 'Gmaj', 'Amaj', 'Gmaj', 'Amaj', 'Gmaj', 'Amaj', 'Gmaj', 'Dmaj', 'Amaj', 'Gmaj', 'Amaj', 'Gmaj', 'Dmaj', 'Amaj', 'Gmaj', 'Amaj', 'Gmaj', 'Dmaj', 'Gmaj', 'Dmaj', 'Gmaj', 'Dmaj', 'Gmaj', 'Dmaj', 'Gmaj', 'Gmaj', 'Dmaj', 'Gmaj', 'Dmaj', 'Gmaj', 'Dmaj', 'Cmaj', 'Gmaj', 'Bb', 'Cmaj', 'Gmaj']"
0054,"['Emaj', 'C#min', 'Amaj', 'Bmaj', 'Emaj', 'C#min', 'Amaj', 'Bmaj', 'Emaj', 'C#min', 'Amaj', 'Bmaj', 'Emaj', 'Emaj', 'Emaj', 'C#min', 'Amaj', 'Bmaj', 'Emaj', 'C#min', 'Amaj', 'Bmaj', 'Emaj', 'C#min', 'Amaj', 'Bmaj', 'Emaj', 'C#min', 'Amaj', 'Bmaj', 'Emaj', 'Emaj', 'Emaj', 'C#min', 'Amaj', 'Bmaj', 'Emaj', 'C#min', 'Amaj', 'Bmaj', 'Emaj', 'Emaj', 'Emaj', 'C#min', 'Amaj', 'Bmaj', 'Emaj', 'C#min', 'Amaj', 'Bmaj', 'Emaj', 'C#min', 'Amaj', 'Bmaj', 'Emaj', 'C#min', 'Amaj', 'Bmaj', 'Emaj', 'C#min', 'Amaj', 'Bmaj', 'Emaj', 'Emaj', 'Emaj', 'C#min', 'Amaj', 'Bmaj', 'Emaj', 'C#min', 'Amaj', 'Bmaj', 'Emaj', 'Emaj', 'Emaj', 'C#min', 'Amaj', 'Bmaj', 'Emaj', 'C#min', 'Amaj', 'Bmaj']"
0055,"['Emin7', 'Emin9', 'Emin7', 'Emin7', 'Emin9', 'Emin7', 'Emin7', 'Emin9', 'Emin7', 'Emin7', 'Emin9', 'Emin7', 'Emin7', 'Emin9', 'Emin7', 'Emin7', 'Emin9', 'Emin7', 'Emin7', 'Emin9', 'Emin7', 'Emin7', 'Emin9', 'Emin7', 'Amin7', 'Amin7', 'Emin7', 'Emin7', 'Amin7', 'Amin7', 'Bb', 'A', 'Emin7', 'Emin9', 'Emin7', 'Emin7', 'Emin9', 'Emin7', 'Emin7', 'Emin9', 'Emin7', 'Emin7', 'Emin9', 'Emin7', 'Emin7', 'Emin9', 'Emin7', 'Emin7', 'Emin9', 'Emin7', 'Amin7', 'Amin7', 'Emin7', 'Emin7', 'Amin7', 'Amin7', 'Bb', 'A', 'Emin7', 'Emin9', 'Emin7', 'Emin7', 'Emin9', 'Emin7', 'Emin7', 'Emin9', 'Emin7', 'Emin7', 'Emin9', 'Emin7', 'Emin7', 'Emin9', 'Emin7', 'Emin7', 'Emin9', 'Emin7', 'Amin7', 'Amin7', 'Emin7', 'Emin7', 'Amin7', 'Amin7', 'Bb', 'A', 'Emin7', 'Emin9', 'Emin7', 'Emin7', 'Emin9', 'Emin7', 'Emin7', 'Emin9', 'Emin7', 'Emin7', 'Emin9', 'Emin7', 'Emin7', 'Emin9', 'Emin7', 'Emin7', 'Emin9', 'Emin7', 'Amin7', 'Amin7', 'Emin7', 'Emin7', 'Amin7', 'Amin7', 'Bb', 'A', 'Emin7', 'Emin9', 'Emin7', 'Emin7', 'Emin9', 'Emin7', 'Emin7', 'Emin9', 'Emin7', 'Emin7', 'Emin9', 'Emin7', 'Emin7', 'Emin9', 'Emin7', 'Emin7', 'Emin9', 'Emin7', 'Amin7', 'Amin7', 'Emin7', 'Emin7', 'Amin7', 'Amin7', 'Bb', 'A', 'Emin7', 'Emin7', 'Emin7', 'Emin7', 'Emin7', 'Emin7', 'Emin7', 'Emin7', 'Emin7', 'Emin7', 'Emin7', 'Emin7', 'Emin7', 'Emin7', 'Emin7', 'Emin7', 'Emin7', 'Emin7', 'Emin7', 'Emin7', 'Emin7', 'Emin7', 'Emin7', 'Emin7', 'Emin7']"
0056,"['F7', 'F7', 'Bbmaj', 'D', 'G7', 'Cmin7', 'F7', 'Bbmaj', 'Bdim', 'Cmin', 'Fsus4', 'F7', 'F7', 'F7', 'Bbmaj', 'D', 'G7', 'Cmin7', 'F7', 'Bbmaj', 'Ebmaj', 'Bb7', 'Ebmaj', 'Ebmaj', 'Bbmaj', 'F7', 'Bbmaj', 'Ebmaj', 'Ebmaj', 'C', 'F7', 'F7', 'F7', 'F7', 'Bbmaj', 'D', 'G7', 'Cmin7', 'F7', 'Bbmaj', 'Ebmaj', 'Bbmaj', 'Ebmaj', 'Ebmaj', 'Bbmaj', 'F7', 'Bbmaj', 'Ebmaj', 'Ebmaj', 'C7', 'F7', 'F7', 'Fsus4', 'F7', 'F7', 'F7', 'Bbmaj', 'D', 'G7', 'Cmin7', 'Cmin7', 'Cmin7', 'F7', 'Bbmaj', 'Ebmaj', 'Ebmin', 'Bbmaj']"
0059,"['G', 'G', 'Cmaj', 'Cmaj', 'G', 'G', 'Cmaj', 'Cmaj', 'Fmaj', 'Cmaj', 'Gmaj', 'Cmaj', 'Fmaj', 'Cmaj', 'Gmaj', 'Bbmaj', 'G', 'G', 'G', 'G', 'G', 'Gdim', 'Gsus4', 'G', 'G', 'Cmin9', 'Cmin7', 'F', 'Cmin9', 'Ebmin9', 'Bbmaj7', 'Bb', 'Bbaug', 'Bbmaj', 'A7', 'A', 'D7', 'D7', 'Cmin7', 'Ebmin9', 'Cmin7', 'Ebmaj', 'Cmin7', 'Ebmin9', 'Bbmaj', 'Bbmaj', 'Cmin7', 'Ebmin9', 'Cmin7', 'Ebmaj', 'Cmin7', 'Ebmin9', 'Bbmaj', 'Bbmaj', 'G', 'G', 'G', 'G', 'G', 'Gdim', 'Gsus4', 'G', 'G', 'Cmin9', 'Cmin7', 'F', 'Cmin9', 'Ebmin9', 'Bbmaj7', 'Bb', 'Bbaug', 'Bbmaj', 'A7', 'A', 'D7', 'D7', 'Cmin7', 'Ebmin9', 'Cmin7', 'Ebmin9', 'Cmin7', 'Ebmin9', 'Bbmaj', 'Bbmaj', 'Cmin7', 'Ebmin9', 'Cmin7', 'Ebmin9', 'Cmin7', 'Ebmin9', 'Bbmaj7', 'Bbmaj7', 'G', 'G', 'G', 'G', 'G', 'Gdim', 'Gsus4', 'G', 'G', 'Cmin7', 'Ebmin9', 'Cmin7', 'Ebmin9', 'Cmin7', 'Ebmin9', 'Bbmaj', 'Bbmaj', 'Cmin7', 'Ebmin9', 'Cmin7', 'Ebmin9', 'Cmin7', 'Ebmin9', 'Bbmaj7', 'Bbmaj7', 'G', 'G', 'G', 'G', 'G', 'Gdim', 'Gsus4', 'G', 'G', 'Cmin9', 'Cmin7', 'F', 'Cmin9', 'Ebmin9', 'Bbmaj7', 'Bb', 'Bbaug', 'Bbmaj', 'A7', 'A', 'D7', 'Gmin', 'Gmin', 'Gmin', 'Gmin']"
0061,"['Emin', 'Emin', 'Emin', 'Amin', 'Emin', 'Emin', 'Amin', 'Amin', 'B7', 'B7', 'Emin', 'Emin', 'Amin', 'Cmaj', 'Emin', 'B7', 'Emin', 'Amin', 'B7', 'Emin', 'Amin', 'Emin', 'Emin', 'Amin', 'Amin', 'B7', 'B7', 'Emin', 'Emin', 'Amin', 'Cmaj', 'Emin', 'B7', 'Emin', 'Amin', 'B7', 'Cmaj', 'Fmaj', 'Dmaj', 'Gmaj', 'Amaj', 'Emin', 'Amin', 'Emin', 'Emin', 'Amin', 'Amin', 'B7', 'B7', 'Emin', 'Emin', 'Amin', 'Cmaj', 'Emin', 'B7', 'Emin', 'Amin', 'B7', 'Cmaj', 'Fmaj', 'Dmaj', 'Gmaj', 'Amaj', 'Emin', 'Amin', 'Emin', 'Emin', 'Amin', 'Amin', 'B7', 'B7', 'Emin', 'Emin', 'Amin', 'Cmaj', 'Emin', 'B7', 'Emin', 'Amin', 'B7', 'Cmaj', 'Fmaj', 'Dmaj', 'Gmaj', 'Amaj', 'Emin', 'Emin', 'Emin']"
0062,"['Cmaj7', 'D', 'Cmaj7', 'D', 'Cmaj7', 'D', 'Cmaj7', 'D', 'Dmaj', 'Emin', 'Dmaj', 'Emin', 'Dmaj', 'Emin', 'Dmaj', 'Emaj', 'Cmaj7', 'D', 'Cmaj7', 'D', 'Cmaj7', 'B7', 'Dmaj', 'Emin', 'Dmaj', 'Emin', 'Dmaj', 'Emin', 'Dmaj', 'Emaj', 'Cmaj7', 'D', 'Cmaj7', 'D', 'Cmaj7', 'B7', 'Emin', 'Dmaj', 'Cmaj', 'Dsus4', 'Dmaj', 'Bsus4', 'Bmin7', 'Emin', 'Dmaj', 'Cmaj', 'Amin', 'Bsus4', 'Cmaj7', 'D', 'Cmaj7', 'D', 'Dmaj', 'Emin', 'Dmaj', 'Emin', 'Dmaj', 'Emin', 'Dmaj', 'Emaj', 'Cmaj7', 'D', 'Cmaj7', 'D', 'Cmaj7', 'B7', 'Cmaj7', 'D', 'Cmaj7', 'D', 'Cmaj7', 'D', 'Cmaj7', 'D', 'Cmaj7', 'D', 'Cmaj7', 'D', 'Cmaj7', 'D', 'Cmaj7', 'D']"
0064,"['Gmaj', 'Gmaj', 'Gmaj', 'Gmaj', 'Gmaj', 'Gmaj', 'Amin', 'Amin', 'Amin', 'Dmaj', 'Dmaj', 'Dmaj', 'Gmaj', 'Gmaj', 'Gmaj', 'Gmaj', 'Cmaj', 'Cmaj', 'A7', 'A7', 'Dmaj', 'Amin7', 'Dmaj', 'Gmaj', 'Gmaj', 'Fmaj', 'Fmaj', 'Gmaj', 'Gmaj', 'Bmin', 'Bmin', 'Cmaj', 'Gmaj', 'B7', 'Cmaj', 'Cmaj', 'Dmaj', 'Dmaj', 'Gmaj', 'Gmaj', 'Gmaj', 'Gmaj', 'Amin', 'Amin', 'Cmaj', 'Cmaj', 'Dmaj', 'Dmaj', 'Gmaj', 'Cmaj', 'Gmaj', 'Gmaj', 'Gmaj', 'Gmaj', 'Gmaj', 'Amin', 'Amin', 'Amin', 'Dmaj', 'Dmaj', 'Dmaj', 'Gmaj', 'Gmaj', 'Gmaj', 'Gmaj', 'Cmaj', 'Cmaj', 'A7', 'A7', 'Dmaj', 'Amin7', 'Dmaj', 'Gmaj', 'Gmaj', 'Fmaj', 'Fmaj', 'Gmaj', 'Gmaj', 'C', 'C', 'Cmaj', 'Dmaj', 'Cmaj', 'Dmaj', 'Cmaj', 'Dmaj', 'Dmaj', 'Cmaj', 'Dmaj', 'Dmaj', 'Gmaj', 'Cmaj', 'Cmaj', 'Cmaj', 'Gmaj', 'Gmaj', 'Gmaj', 'Gmaj']"
0066,"['Fmaj', 'Bbmaj', 'Cmaj', 'Dmin', 'Cmaj', 'Cmaj', 'Fmaj', 'Fmaj', 'Bbmaj', 'Cmaj', 'Fmaj', 'Fmaj', 'Bbmaj', 'Cmaj', 'Fmaj', 'Fmaj', 'Bbmaj', 'Cmaj', 'Bbmaj', 'Bbmin', 'Cmaj', 'C7', 'C7', 'C7', 'Fmaj', 'Fmaj', 'Bbmaj', 'Cmaj', 'Fmaj', 'Fmaj', 'Bbmaj', 'Cmaj', 'Fmaj', 'Fmaj', 'Bbmaj', 'Cmaj', 'Fmaj', 'Cmaj', 'Fmaj', 'Fmaj', 'Bbmaj', 'Cmaj', 'Fmaj', 'Fmaj', 'Bbmaj', 'Cmaj', 'Fmaj', 'Fmaj', 'Bbmaj', 'Cmaj', 'Fmaj', 'Fmaj', 'Bbmaj', 'Cmaj', 'Cmaj', 'C7', 'C7', 'C7', 'Fmaj', 'Fmaj', 'Bbmaj', 'Cmaj', 'Fmaj', 'Fmaj', 'Bbmaj', 'Cmaj', 'Fmaj', 'Fmaj', 'Bbmaj', 'Cmaj', 'Bbmaj', 'Bbmin', 'Cmaj', 'C7', 'C7', 'C7', 'Fmaj', 'Fmaj', 'Bbmaj', 'Cmaj', 'Fmaj', 'Fmaj', 'Bbmaj', 'Cmaj', 'Fmaj', 'Fmaj', 'Bbmaj', 'Cmaj', 'Fmaj', 'Cmaj', 'Fmaj', 'Fmaj', 'Bbmaj', 'Cmaj', 'Fmaj', 'Fmaj', 'Bbmaj', 'Cmaj', 'Fmaj', 'Fmaj', 'Bbmaj', 'Cmaj', 'Fmaj', 'Cmaj', 'Fmaj', 'Fmaj', 'Bbmaj', 'Cmaj', 'Fmaj', 'Fmaj', 'Bbmaj', 'Cmaj', 'Fmaj', 'Fmaj', 'Bbmaj', 'Cmaj', 'Fmaj', 'Fmaj', 'Bbmaj', 'Cmaj', 'Cmaj', 'C7', 'C7', 'C7', 'Fmaj', 'Fmaj', 'Bbmaj', 'Cmaj', 'Fmaj', 'Fmaj', 'Bbmaj', 'Cmaj', 'Fmaj', 'Fmaj', 'Bbmaj', 'Cmaj', 'Cmaj', 'C7', 'C7', 'C7', 'Fmaj', 'Fmaj', 'Bbmaj', 'Cmaj', 'Fmaj', 'Fmaj', 'Bbmaj', 'Cmaj', 'Fmaj', 'Fmaj', 'Bbmaj', 'Cmaj', 'Fmaj', 'Cmaj', 'Fmaj', 'Fmaj', 'Bbmaj', 'Cmaj', 'Fmaj', 'Fmaj', 'Bbmaj', 'Cmaj', 'Fmaj', 'Fmaj', 'Bbmaj', 'Cmaj', 'Fmaj', 'Cmaj']"
0067,"['Ebmaj', 'Cmin', 'Abmaj', 'Bbmaj', 'Ebmaj', 'Cmin', 'Abmaj', 'Bbmaj', 'Ebmaj', 'Ebmaj', 'Ebmaj', 'Ebmaj', 'Ebmaj', 'Ebmaj', 'Ebmaj', 'Ebmaj', 'Abmaj', 'Abmaj', 'Ebmaj', 'Ebmaj', 'Bbmaj', 'Abmaj', 'Ebmaj', 'Bbmaj', 'Abmaj', 'Ebmaj', 'Ebmaj', 'Ebmaj', 'Ebmaj', 'Ebmaj', 'Abmaj', 'Abmaj', 'Ebmaj', 'Ebmaj', 'Bbmaj', 'Abmaj', 'Ebmaj', 'Bbmaj', 'Abmaj', 'Ebmaj', 'Abmaj', 'Abmaj', 'Ebmaj', 'Ebmaj', 'Abmaj', 'Abmaj', 'Bbmaj', 'Amaj', 'Bbmaj', 'Ebmaj', 'Ebmaj', 'Ebmaj', 'Ebmaj', 'Abmaj', 'Abmaj', 'Ebmaj', 'Ebmaj', 'Bbmaj', 'Abmaj', 'Ebmaj', 'Bbmaj', 'Abmaj', 'Ebmaj', 'Abmaj', 'Bbmaj', 'Ebmaj', 'Ebmaj', 'Ebmaj', 'Ebmaj', 'Ebmaj', 'Ebmaj', 'Ebmaj', 'Ebmaj']"
0068,"['E5', 'Amaj', 'E5', 'Amaj', 'Emaj', 'Amaj', 'Asus4', 'Amaj', 'Emaj', 'Amaj', 'Asus4', 'Amaj', 'Emaj', 'Amaj', 'Dmaj', 'Amaj', 'Emaj', 'Emaj', 'Amaj', 'Cmaj', 'Dmaj', 'Cmaj7', 'Dmaj', 'Emaj', 'Amaj', 'Asus4', 'Amaj', 'Emaj', 'Amaj', 'Asus4', 'Amaj', 'Emaj', 'Amaj', 'Dmaj', 'Amaj', 'Emaj', 'Emaj', 'Amaj', 'Cmaj', 'Dmaj', 'Cmaj7', 'Dmaj', 'A7', 'Gmaj', 'Bmaj', 'Emaj', 'Amaj', 'Asus4', 'Amaj', 'Emaj', 'Amaj', 'Asus4', 'Amaj', 'Gmaj', 'Gmaj', 'Amaj', 'Amaj', 'F#min', 'Gmaj', 'Gmaj', 'Cmaj', 'Gmaj', 'Amaj', 'Dmaj', 'Dsus4', 'Dmaj', 'Amaj', 'Dmaj', 'Dsus4', 'Dmaj', 'Amaj', 'Dmaj', 'Dsus4', 'Dmaj', 'Amaj', 'Dmaj', 'Dsus4', 'Dmaj', 'Emaj', 'Amaj', 'Dmaj', 'Amaj', 'Emaj', 'Emaj', 'Amaj', 'Cmaj', 'Dmaj', 'Cmaj7', 'Dmaj', 'A7', 'Gmaj', 'Bmaj', 'Emaj', 'Amaj', 'Asus4', 'Amaj', 'Emaj', 'Amaj', 'Asus4', 'Amaj', 'A7', 'Gmaj', 'Bmaj', 'E5', 'Amaj', 'E5', 'Amaj', 'Emaj', 'Amaj', 'Asus4', 'Amaj', 'Emaj', 'Amaj', 'Asus4', 'Amaj', 'Cmaj', 'Dmaj', 'Emaj', 'Amaj', 'Asus4', 'Amaj', 'Emaj', 'Amaj', 'Asus4', 'Amaj', 'Cmaj', 'Dmaj', 'Emaj', 'Amaj', 'Asus4', 'Amaj', 'Emaj', 'Amaj', 'Asus4', 'Amaj', 'Cmaj', 'Dmaj', 'Emaj', 'Amaj', 'Asus4', 'Amaj', 'Emaj', 'Amaj', 'Asus4', 'Amaj']"
0070,"['Cmaj', 'Gmin9', 'Cmaj', 'Gmin9', 'Cmaj', 'Gmin9', 'D', 'Abmaj', 'Gmin7', 'Fmin7', 'Ebmaj', 'Ebmaj', 'Ebmaj', 'Dmin7', 'G7', 'G7', 'Dmin7', 'G7', 'Cmaj', 'Gmin9', 'D', 'Abmaj', 'Gmin7', 'Fmin7', 'Ebmaj', 'Ebmaj', 'Ebmaj', 'Dmin7', 'G7', 'G7', 'Dmin7', 'G7', 'Dmin7', 'G7', 'Dmin7', 'G7', 'Dmin7', 'G7', 'Dmin7', 'G7', 'Dmin7', 'G7', 'Dmin7', 'G7', 'Dmin7', 'G7', 'Dmin7', 'G7', 'Cmaj', 'Gmin9', 'D', 'Abmaj', 'Gmin7', 'Fmin7', 'Ebmaj', 'Ebmaj', 'Ebmaj', 'Dmin7', 'G7', 'G7', 'Dmin7', 'G7', 'Dmin7', 'Gmaj', 'Dmin7', 'Gmaj', 'Dmin7', 'Gmaj', 'Dmin7', 'Gmaj', 'Dmin7', 'Gmaj', 'Dmin7', 'Gmaj', 'Dmin7']"
0071,"['C7', 'C7', 'Cmaj', 'Cmaj', 'Cmaj', 'Cmaj', 'Cmaj', 'Cmaj', 'Cmaj', 'Cmaj', 'Cmaj', 'Cmaj', 'Fmaj', 'Fmaj', 'Bbmaj', 'Fmaj', 'Cmaj', 'Cmaj', 'Cmaj', 'Cmaj', 'Fmaj', 'Fmaj', 'Emaj', 'Fmaj', 'Gmaj', 'Cmaj', 'Cmaj', 'Abmaj', 'Ebmaj', 'Bbmaj', 'Cmaj', 'Cmaj', 'Abmaj', 'Ebmaj', 'Bbmaj', 'Cmaj', 'Cmaj', 'Fmaj', 'Cmaj', 'Gsus4', 'Cmaj', 'Fmaj', 'Cmaj', 'Gsus4', 'Cmaj', 'Fmaj', 'Cmaj', 'Fmaj', 'Ebmaj', 'Ebmaj', 'Gmaj', 'Gmaj', 'Fmaj', 'Gmaj', 'Cmaj', 'Gmaj', 'Fmaj', 'Fmaj', 'Cmaj', 'Amin', 'Fmaj', 'Dmin7', 'Cmaj', 'Cmaj', 'Fmaj', 'Gmaj', 'Cmaj', 'Fmaj', 'Fmaj', 'Dmin', 'Dmin', 'Cmaj', 'Cmaj', 'Fmaj', 'Gmaj', 'Cmaj', 'Fmaj', 'Gmaj', 'Cmaj', 'Fmaj', 'Gmaj', 'Cmaj', 'Fmaj', 'Fmaj', 'Dmin', 'Dmin', 'Cmaj', 'Cmaj', 'Cmaj', 'Cmaj', 'Cmaj', 'Cmaj', 'Fmaj', 'Fmaj', 'Bbmaj', 'Fmaj', 'Cmaj', 'Cmaj', 'Cmaj', 'Cmaj', 'Fmaj', 'Fmaj', 'Emaj', 'Fmaj', 'Dmaj', 'Gmaj', 'Cmaj', 'Cmaj', 'Abmaj', 'Ebmaj', 'Bbmaj', 'Cmaj', 'Cmaj', 'Abmaj', 'Ebmaj', 'Bbmaj', 'Cmaj', 'Cmaj', 'Fmaj', 'Cmaj', 'Gsus4', 'Cmaj', 'Fmaj', 'Cmaj', 'Gsus4', 'Cmaj', 'Fmaj', 'Cmaj', 'Fmaj', 'Ebmaj', 'Ebmaj', 'Gmaj', 'Gmaj', 'Fmaj', 'Gmaj', 'Cmaj', 'Gmaj', 'Fmaj', 'Fmaj', 'Fmaj', 'Cmaj', 'E7', 'Fmaj', 'Fmaj', 'Dmin', 'Cmaj', 'Amin', 'Gmaj', 'Emin', 'E7', 'E7', 'Fmaj', 'Cmaj', 'Cmaj', 'G7', 'Cmaj', 'Cmaj', 'Fmaj', 'Gmaj', 'Cmaj', 'Fmaj', 'Gmaj', 'Cmaj', 'Fmaj', 'Gmaj', 'Cmaj', 'Fmaj', 'Fmaj', 'Dmin', 'Dmin', 'Gmaj', 'Gmaj', 'Gmaj', 'Gmaj', 'Gmaj', 'Gmaj', 'Gmaj', 'Gmaj', 'Dmin7', 'Dmin', 'Dmin7', 'Dmin7', 'Dmin', 'Dmin7', 'Dmin7', 'Dmin', 'Dmin7', 'Dmin7', 'Dmin', 'Dmin7', 'Dmin7', 'Dmin', 'Dmin7', 'Dmin7', 'Dmin', 'Dmin7', 'Dmin7', 'Dmin', 'Dmin7', 'Dmin7', 'Dmin', 'Dmin7', 'Dmin7', 'Dmin', 'Dmin7', 'Dmin7', 'Dmin', 'Dmin7', 'Dmin7', 'Dmin', 'Dmin7', 'Dmin7', 'Dmin', 'Dmin7', 'Dmin7', 'Dmin', 'Dmin7', 'Dmin7', 'Dmin', 'Dmin7', 'Dmin7', 'Dmin', 'Dmin7', 'Dmin7', 'Dmin7', 'D7', 'D7', 'Dmin7', 'Dmin7', 'Gmaj', 'Gmaj', 'Fmaj', 'Cmaj', 'Gmaj', 'G5', 'G5', 'F5', 'F5', 'C5', 'C5', 'Bb5', 'F5', 'Gmaj', 'Gmaj', 'Fmaj', 'Fmaj', 'Cmaj', 'Cmaj', 'Fmaj', 'Cmaj', 'Gmaj', 'Gmaj', 'Fmaj', 'Fmaj', 'Gmaj', 'Fmaj', 'Cmaj', 'Gmaj', 'Gmaj', 'Fmaj', 'Fmaj', 'Cmaj', 'Cmaj', 'Bbmaj', 'Fmaj', 'Cmaj', 'Cmaj', 'Fmaj', 'Fmaj', 'Cmaj', 'Cmaj', 'Bbmaj', 'Fmaj', 'Cmaj', 'Cmaj', 'Fmaj', 'Fmaj', 'Gmaj', 'Gmaj', 'Bbmaj', 'Cmaj', 'Bbmaj', 'Fmaj', 'Gmin', 'Fmaj', 'Cmaj', 'Bbmaj', 'Cmaj', 'Cmaj', 'Fmaj', 'Fmaj', 'Cmaj', 'Cmaj', 'Bbmaj', 'Fmaj', 'Gmaj', 'Gmaj', 'Fmaj', 'Fmaj', 'Gmaj', 'Fmaj', 'Cmaj', 'Gmaj', 'Gmaj', 'Gmaj', 'Gmaj', 'Gmaj', 'Gmaj', 'Gmaj', 'Gmaj', 'Gmaj', 'Gmaj', 'Gmaj', 'Fmaj', 'Fmaj', 'Cmaj', 'Cmaj', 'Bbmaj', 'Fmaj', 'Cmaj', 'Cmaj', 'Fmaj', 'Fmaj', 'Cmaj', 'Cmaj', 'Bbmaj', 'Fmaj', 'Cmaj', 'Cmaj', 'Fmaj', 'Fmaj', 'Gmaj', 'Fmaj', 'Cmaj', 'Cmaj', 'Cmaj', 'C#maj', 'C#maj', 'Dmaj', 'Dmaj', 'Bb', 'Ebmaj', 'Ebmaj', 'Bbmaj', 'Ebmaj', 'Bbmaj', 'Fmaj', 'Ebmaj', 'Fmaj', 'Bbmaj', 'Ebmaj', 'Fmaj', 'Bbmaj', 'Fmaj', 'Fmaj', 'Bbmaj', 'Fmaj', 'Bbmaj', 'Ebmaj', 'Fmaj', 'Bbmaj', 'Bbmaj', 'Fmaj', 'Gmin', 'Fmaj', 'Fmaj', 'Ebmaj', 'Ebmaj', 'Bbmaj', 'Fmaj', 'Bbmaj', 'Fmaj', 'Bbmaj', 'Fmaj', 'Gmin', 'Gmin', 'Bbmaj', 'Fmaj', 'Bbmaj', 'Ebmaj', 'Fmaj', 'Bbmaj', 'Bbmaj', 'Ebmaj', 'Bbmaj', 'Fmaj', 'Bbmaj', 'Ebmaj', 'Bbmaj', 'Fmaj', 'Bbmaj', 'Ebmaj', 'Bbmaj', 'Fmaj', 'Bbmaj', 'Ebmaj', 'Bbmaj', 'Fmaj', 'Bbmaj', 'Ebmaj', 'Bbmaj', 'Fmaj', 'Bbmaj', 'Ebmaj', 'Bbmaj', 'Fmaj', 'Bbmaj', 'Ebmaj', 'Bbmaj', 'Fmaj', 'Bbmaj', 'Ebmaj', 'Bbmaj', 'Fmaj', 'Bbmaj', 'Ebmaj', 'Bbmaj', 'Fmaj', 'Bbmaj', 'Ebmaj', 'Bbmaj', 'Fmaj', 'Bbmaj', 'Ebmaj', 'Bbmaj', 'Fmaj', 'Bbmaj', 'Ebmaj', 'Bbmaj', 'Fmaj', 'Bbmaj', 'Ebmaj', 'Bbmaj', 'Fmaj', 'Bbmaj', 'Ebmaj', 'Bbmaj', 'Fmaj', 'Bbmaj', 'Ebmaj', 'Bbmaj', 'Fmaj', 'Bbmaj', 'Ebmaj', 'Bbmaj', 'Fmaj', 'Bbmaj', 'Ebmaj', 'Bbmaj', 'Fmaj', 'Bbmaj', 'Ebmaj', 'Bbmaj', 'Fmaj', 'Bbmaj', 'Ebmaj', 'Bbmaj', 'Fmaj', 'Bbmaj', 'Ebmaj', 'Bbmaj', 'Fmaj', 'Bbmaj', 'Ebmaj', 'Bbmaj', 'Fmaj', 'Bbmaj', 'Ebmaj', 'Bbmaj', 'Fmaj', 'Bbmaj', 'Ebmaj', 'Bbmaj', 'Cmaj', 'Bbmaj', 'Bbmaj']"
0072,"['Amaj', 'Gmaj', 'Amaj', 'Gmaj', 'Amaj', 'Amaj', 'Amaj', 'Amaj', 'Amaj', 'Gmaj', 'Gmaj', 'Amaj', 'Amaj', 'Amaj', 'Gmaj', 'Gmaj', 'Amaj', 'Amaj', 'Amaj', 'Gmaj', 'Gmaj', 'Dmaj', 'Emaj', 'Amaj', 'Dmaj', 'Emaj', 'Amaj', 'Amaj', 'Amaj', 'Amaj', 'Amaj', 'Gmaj', 'Gmaj', 'Amaj', 'Amaj', 'Amaj', 'Gmaj', 'Gmaj', 'Amaj', 'Amaj', 'Amaj', 'Gmaj', 'Gmaj', 'Dmaj', 'Emaj', 'Amaj', 'Dmaj', 'Emaj', 'Amaj', 'Amaj', 'Dmaj', 'Emaj', 'Amaj', 'Dmaj', 'Emaj', 'Amaj', 'Amaj', 'Amaj', 'Amaj', 'Amaj', 'Gmaj', 'Gmaj', 'Amaj', 'Amaj', 'Amaj', 'Gmaj', 'Gmaj', 'Amaj', 'Amaj', 'Amaj', 'Gmaj', 'Gmaj', 'Dmaj', 'Emaj', 'Amaj', 'Dmaj', 'Emaj', 'Amaj', 'Amaj', 'Amaj', 'Amaj', 'Amaj', 'Gmaj', 'Amaj', 'Gmaj', 'Amaj', 'Amaj', 'Amaj', 'Amaj', 'Amaj', 'Gmaj', 'Gmaj', 'Amaj', 'Amaj', 'Amaj', 'Gmaj', 'Gmaj', 'Amaj', 'Amaj', 'Amaj', 'Gmaj', 'Gmaj', 'Dmaj', 'Emaj', 'Amaj', 'Dmaj', 'Emaj', 'Amaj', 'Amaj', 'Dmaj', 'Emaj', 'Amaj', 'Dmaj', 'Emaj', 'Amaj', 'Amaj', 'Dmaj', 'Emaj', 'Amaj', 'Dmaj', 'Emaj', 'Amaj', 'Amaj', 'Amaj', 'Amaj']"
0073,"['Cmaj', 'F#', 'Emaj', 'Dmin', 'Emaj', 'Amin', 'Fmaj', 'Amin', 'Fmaj', 'Gmaj', 'Amin', 'Fmaj', 'Amin', 'Fmaj', 'Gmaj', 'Amin', 'Gmaj', 'Fmaj', 'Amin', 'Cmaj', 'Dmin', 'Emaj', 'Amin', 'Dmaj', 'Dmaj', 'Amin', 'Dmaj', 'Dmaj', 'Dmin', 'Emin', 'Cmaj', 'Fmaj', 'Dmin', 'Emaj', 'Amin', 'Fmaj', 'Gmaj', 'Amin', 'Fmaj', 'Gmaj', 'Amin', 'Gmaj', 'Fmaj', 'Amin', 'Cmaj', 'Dmin', 'Emaj', 'Amin', 'Dmaj', 'Dmaj', 'Amin', 'Dmaj', 'Dmaj', 'Dmin', 'Emin', 'Cmaj', 'Fmaj', 'Dmin', 'Emaj', 'Amin', 'Fmaj', 'Gmaj', 'Amin', 'Fmaj', 'Gmaj', 'Amin', 'Gmaj', 'Fmaj', 'Amin', 'F#min7', 'Dmaj', 'C#min', 'Dmaj', 'C#min', 'Dmaj', 'C#min', 'Bmin7', 'Bmin7', 'Amaj', 'Amaj', 'Emaj', 'Emaj', 'Emaj', 'E7', 'Amin', 'Fmaj', 'Gmaj', 'Amin', 'Fmaj', 'Gmaj', 'Amin', 'Gmaj', 'Fmaj', 'Amin', 'Cmaj', 'Dmin', 'Emaj', 'Amin', 'Fmaj', 'Gmaj', 'Amin', 'Fmaj', 'Gmaj', 'Amin', 'Gmaj', 'Fmaj', 'Amin', 'Fmaj', 'Gmaj', 'Amin', 'Fmaj', 'Gmaj', 'Amin', 'Gmaj', 'Fmaj', 'Amin', 'Fmaj', 'Gmaj', 'Amin', 'Fmaj', 'Gmaj', 'Amin', 'Gmaj', 'Fmaj', 'Amin', 'F#min7', 'Dmaj', 'C#min', 'Dmaj', 'C#min', 'Dmaj', 'C#min', 'Bmin7', 'Bmin7', 'Amaj', 'Amaj', 'Emaj', 'Emaj', 'Emaj', 'E7', 'Amin', 'Fmaj', 'Gmaj', 'Amin', 'Fmaj', 'Gmaj', 'Amin', 'Gmaj', 'Fmaj', 'Amin']"
0074,"['Ab', 'Ab', 'Abmaj', 'Gbmaj', 'Dbmaj', 'Abmaj', 'Gbmaj', 'Dbmaj', 'Abmaj', 'Gbmaj', 'Dbmaj', 'Abmaj', 'Gbmaj', 'Dbmaj', 'Abmaj', 'Gbmaj', 'Dbmaj', 'Abmaj', 'Gbmaj', 'Dbmaj', 'Abmaj', 'Gbmaj', 'Dbmaj', 'Abmaj', 'Gbmaj', 'Dbmaj', 'Ab', 'Ab', 'Ab', 'Ab', 'Abmaj', 'Gbmaj', 'Dbmaj', 'Abmaj', 'Gbmaj', 'Dbmaj', 'Abmaj', 'Gbmaj', 'Dbmaj', 'Abmaj', 'Gbmaj', 'Dbmaj', 'Bb7', 'Bb7', 'Eb7', 'Eb7', 'Abmaj', 'Gbmaj', 'Dbmaj', 'Abmaj', 'Gbmaj', 'Dbmaj', 'Abmaj', 'Gbmaj', 'Dbmaj', 'Abmaj', 'Gbmaj', 'Dbmaj', 'Abmaj', 'Gbmaj', 'Dbmaj', 'Abmaj', 'Gbmaj', 'Dbmaj', 'Abmaj', 'Gbmaj', 'Dbmaj', 'Abmaj', 'Gbmaj', 'Dbmaj', 'Abmaj', 'Gbmaj', 'Dbmaj', 'Abmaj', 'Gbmaj', 'Dbmaj', 'Bb7', 'Bb7', 'Eb7', 'Eb7', 'Abmaj', 'Gbmaj', 'Dbmaj', 'Abmaj', 'Gbmaj', 'Dbmaj', 'Abmaj', 'Gbmaj', 'Dbmaj', 'Abmaj', 'Gbmaj', 'Dbmaj', 'Abmaj', 'Gbmaj', 'Dbmaj', 'Abmaj', 'Gbmaj', 'Dbmaj', 'Abmaj', 'Gbmaj', 'Dbmaj', 'Abmaj', 'Gbmaj', 'Dbmaj', 'Abmaj', 'Gbmaj', 'Dbmaj', 'Abmaj', 'Gbmaj', 'Dbmaj', 'Bb7', 'Bb7', 'Eb7', 'Eb7', 'Abmaj', 'Gbmaj', 'Dbmaj', 'Abmaj', 'Gbmaj', 'Dbmaj', 'Abmaj', 'Gbmaj', 'Dbmaj', 'Abmaj', 'Gbmaj', 'Dbmaj', 'Abmaj', 'Gbmaj', 'Dbmaj', 'Abmaj', 'Gbmaj', 'Dbmaj']"
0075,"['Dmaj', 'Dmaj', 'Cmaj', 'Gmaj', 'Dmaj', 'Dmaj', 'Dmaj', 'Cmaj', 'Gmaj', 'Dmaj', 'Dmaj', 'Dmaj', 'Cmaj', 'Gmaj', 'Dmaj', 'Dmaj', 'Dmaj', 'Cmaj', 'Gmaj', 'Dmaj', 'Dmaj', 'Dmaj', 'Cmaj', 'Gmaj', 'Dmaj', 'Amaj', 'Gmaj', 'Amaj', 'Gmaj', 'Amaj', 'Gmaj', 'Amaj', 'Gmaj', 'Dmaj', 'Cmaj', 'Gmaj', 'Dmaj', 'Cmaj', 'Gmaj', 'Dmaj', 'Cmaj', 'Gmaj', 'Dmaj', 'Cmaj', 'Gmaj', 'Gmaj', 'Dmaj', 'Dmaj', 'Cmaj', 'Gmaj', 'Dmaj', 'Dmaj', 'Dmaj', 'Cmaj', 'Gmaj', 'Dmaj', 'Dmaj', 'Dmaj', 'Cmaj', 'Gmaj', 'Dmaj', 'Amaj', 'Gmaj', 'Amaj', 'Gmaj', 'Amaj', 'Gmaj', 'Amaj', 'Gmaj', 'Dmaj', 'Cmaj', 'Gmaj', 'Dmaj', 'Cmaj', 'Gmaj', 'Dmaj', 'Cmaj', 'Gmaj', 'Dmaj', 'Cmaj', 'Gmaj', 'Gmaj', 'Dmaj', 'Dmaj', 'Gmaj', 'Gmaj', 'Gmaj', 'Gmaj', 'Amaj', 'Amaj', 'Amaj', 'Amaj', 'Dmaj', 'Cmaj', 'Gmaj', 'Dmaj', 'Cmaj', 'Gmaj', 'Dmaj', 'Cmaj', 'Gmaj', 'Dmaj', 'Cmaj', 'Gmaj', 'Gmaj', 'Gmaj', 'Gmaj', 'Amaj', 'Amaj', 'Amaj', 'Amaj', 'Amaj', 'Amaj', 'Amaj', 'Amaj', 'Dmaj', 'Cmaj', 'Gmaj', 'Dmaj', 'Cmaj', 'Gmaj', 'Dmaj', 'Cmaj', 'Gmaj', 'Dmaj', 'Cmaj', 'Gmaj', 'Gmaj', 'G', 'D', 'Dmaj', 'Dmaj', 'Cmaj', 'Gmaj', 'Dmaj', 'Dmaj', 'Dmaj', 'Cmaj', 'Gmaj', 'Dmaj', 'Dmaj', 'Dmaj', 'Cmaj', 'Gmaj', 'Dmaj', 'Amin', 'Amin', 'Cmaj', 'Gmaj', 'Dmaj', 'Cmaj', 'Cmaj', 'Dmaj', 'Cmaj', 'Gmaj', 'Dmaj', 'Cmaj', 'Gmaj', 'Dmaj', 'Cmaj', 'Gmaj', 'Dmaj', 'Cmaj', 'Gmaj', 'Dmaj', 'Cmaj', 'Gmaj', 'Dmaj', 'Cmaj', 'Gmaj', 'Dmaj', 'Cmaj', 'Gmaj', 'Dmaj', 'Cmaj', 'Gmaj', 'Dmaj', 'Cmaj', 'Gmaj', 'Dmaj', 'Cmaj', 'Gmaj', 'Dmaj', 'Cmaj', 'Gmaj', 'Dmaj', 'Cmaj', 'Gmaj', 'Dmaj', 'Cmaj', 'Gmaj', 'Dmaj', 'Cmaj', 'Gmaj', 'Dmaj', 'Cmaj', 'Gmaj', 'Dmaj', 'Cmaj', 'Gmaj']"
0077,"['Ebmaj', 'Fmin9', 'Bbsus4', 'Ebmaj', 'Abmin9', 'Db', 'F#min9', 'B', 'Emin9', 'A', 'Dmaj', 'Dmaj', 'Gmaj7', 'Gmaj7', 'C', 'C', 'B', 'B', 'Gmaj7', 'Gmaj7', 'C', 'C', 'B', 'B', 'Gmaj7', 'Bb', 'Dmaj', 'Gmaj', 'Dmaj', 'Gmaj7', 'Gmaj7', 'C', 'C', 'B', 'B', 'Gmaj7', 'Gmaj7', 'C', 'C', 'B', 'B', 'Gmaj7', 'Bb', 'Dmaj', 'Gmaj', 'Dmaj', 'Gmaj7', 'Gmin9', 'B', 'B', 'Gmaj7', 'Bb', 'Dmaj', 'Gmaj', 'Dmaj', 'Gmaj7', 'Gmaj7', 'C', 'C', 'B', 'B', 'Gmaj7', 'Gmaj7', 'C', 'C', 'B', 'B', 'Gmaj7', 'Bb', 'Dmaj', 'Gmaj', 'Dmaj', 'Gmaj7', 'Gmin9', 'B', 'B', 'Gmaj7', 'Bb', 'Dmaj', 'Gmaj', 'Dmaj', 'Gmaj7', 'Gmaj7', 'C', 'C', 'B', 'B']"
0078,"['Gmaj9', 'Amaj', 'Emin7', 'Emin9', 'Amaj', 'Emin9', 'Amaj', 'Emin7', 'Emin9', 'Amaj', 'Emin9', 'B', 'E', 'F#', 'B', 'G', 'F#', 'E', 'Emin9', 'Amaj', 'Emin9', 'A', 'A#dim', 'Amaj', 'Emin9', 'Amaj', 'Emin9', 'Amaj', 'Emin9', 'Amaj', 'Emin9', 'Bmin', 'Bbmaj', 'Asus4', 'Amaj', 'Bmin', 'E', 'Gmaj7', 'Amaj', 'B5', 'E', 'F#', 'B5', 'G', 'F#', 'E', 'B', 'E', 'F#', 'B', 'G', 'F#', 'E', 'Emin9', 'Amaj', 'Emin9', 'A', 'A#dim', 'Amaj', 'Emin9', 'Amaj', 'Emin9', 'Amaj', 'Emin9', 'Amaj', 'Emin9', 'Amaj', 'Emin7', 'Amaj', 'Emin9', 'Amaj', 'Emin7', 'Amaj', 'Emin9', 'Emin9', 'Amaj', 'Emin9', 'Amaj', 'Emin9', 'Amaj', 'Emin9', 'A', 'A#dim', 'Amaj', 'Emin9', 'Amaj', 'Emin9', 'Amaj', 'Emin9', 'Amaj', 'Emin9', 'Amaj', 'Emin9', 'Amaj', 'Emin9', 'Amaj', 'Emin9', 'Amaj', 'Emin9', 'Amaj', 'Emin7', 'Amaj', 'Emin9', 'Amaj', 'Emin7', 'Amaj', 'Emin9', 'Amaj', 'Emin9', 'Amaj', 'Emin9', 'Amaj', 'Emin9', 'Amaj', 'Emin9', 'Amaj', 'Emin7', 'Amaj', 'Emin9', 'Amaj', 'Amaj', 'Emin7', 'Amaj', 'Emin9', 'Amaj']"
0079,"['Dmin7', 'Dmin7', 'Dmin7', 'Dmin7', 'Dmin7', 'Dmin7', 'Dmin7', 'Dmin7', 'Dmin7', 'Dmin7', 'Dmin7', 'Dmin7', 'Dmin7', 'Dmin7', 'Dmin7', 'Dmin7', 'Dmin7', 'Dmin7', 'Dmin7', 'Dmin7', 'C7', 'F7', 'C7', 'F7', 'C7', 'F7', 'C7', 'F7', 'C7', 'F7', 'G7', 'G', 'D', 'D', 'D', 'D', 'Dmin7', 'Dmin7', 'Dmin7', 'Dmin7', 'Dmin7', 'Dmin7', 'Dmin7', 'Dmin7', 'Dmin7', 'Dmin7', 'Dmin7', 'Dmin7', 'Dmin7', 'Dmin7', 'Dmin7', 'Dmin7', 'C7', 'F7', 'C7', 'F7', 'C7', 'F7', 'C7', 'F7', 'C7', 'F7', 'G7', 'G', 'Dmin7', 'Dmin7', 'Dmin7', 'Dmin7', 'Dmin7', 'Dmin7', 'Dmin7', 'Dmin7', 'Dmin7', 'Dmin7', 'Dmin7', 'Dmin7']"
0081,"['Fmaj', 'Cmaj', 'Bbmaj', 'Cmaj', 'Fmaj', 'Cmaj', 'Bbmaj', 'Cmaj', 'Fmaj', 'Cmaj', 'Bbmaj', 'Cmaj', 'Fmaj', 'Cmaj', 'Bbmaj', 'Cmaj', 'Fmaj', 'Csus4', 'Bbmaj', 'Csus4', 'Fmaj', 'Csus4', 'Bbmaj', 'Csus4', 'Fmaj', 'Csus4', 'Bbmaj', 'Csus4', 'Fmaj', 'Csus4', 'Bbmaj', 'Csus4', 'Fmaj', 'Csus4', 'Bbmaj', 'Csus4', 'Fmaj', 'Csus4', 'Bbmaj', 'Csus4', 'Fmaj', 'Csus4', 'Bbmaj', 'Csus4', 'Fmaj', 'Csus4', 'Bbmaj', 'Csus4', 'Fmaj', 'Cmaj', 'Bbmaj', 'Cmaj', 'Fmaj', 'Cmaj', 'Bbmaj', 'Cmaj', 'Fmaj', 'Cmaj', 'Bbmaj', 'Cmaj', 'Fmaj', 'Cmaj', 'Bbmaj', 'Cmaj', 'Fmaj', 'Csus4', 'Bbmaj', 'Csus4', 'Fmaj', 'Csus4', 'Bbmaj', 'Csus4', 'Fmaj', 'Csus4', 'Bbmaj', 'Csus4', 'Fmaj', 'Csus4', 'Bbmaj', 'Csus4', 'Fmaj', 'Csus4', 'Bbmaj', 'Csus4', 'Fmaj', 'Csus4', 'Bbmaj', 'Csus4', 'Fmaj', 'Csus4', 'Bbmaj', 'Csus4', 'Fmaj', 'Csus4', 'Bbmaj', 'Csus4', 'Fmaj', 'Cmaj', 'Bbmaj', 'Cmaj', 'Fmaj', 'Cmaj', 'Bbmaj', 'Cmaj', 'Fmaj', 'Cmaj', 'Bbmaj', 'Cmaj', 'Fmaj', 'Cmaj', 'Bbmaj', 'Cmaj', 'Fmaj', 'Csus4', 'Bbmaj', 'Csus4', 'Fmaj', 'Csus4', 'Bbmaj', 'Csus4', 'Fmaj', 'Csus4', 'Bbmaj', 'Csus4', 'Fmaj', 'Csus4', 'Bbmaj', 'Csus4', 'Fmaj', 'Csus4', 'Bbmaj', 'Csus4', 'Fmaj', 'Csus4', 'Bbmaj', 'Csus4', 'Fmaj', 'Csus4', 'Bbmaj', 'Csus4', 'Fmaj', 'Csus4', 'Bbmaj', 'Csus4', 'Fmaj', 'Cmaj', 'Bbmaj', 'Cmaj', 'Fmaj', 'Cmaj', 'Bbmaj', 'Cmaj', 'Fmaj', 'Cmaj', 'Bbmaj', 'Cmaj', 'Fmaj', 'Cmaj', 'Bbmaj', 'Cmaj', 'Fmaj', 'Csus4', 'Bbmaj', 'Csus4', 'Fmaj', 'Csus4', 'Bbmaj', 'Csus4', 'Fmaj', 'Csus4', 'Bbmaj', 'Csus4', 'Fmaj', 'Csus4', 'Bbmaj', 'Csus4', 'Fmaj', 'Csus4', 'Bbmaj', 'Csus4', 'Fmaj', 'Csus4', 'Bbmaj', 'Csus4', 'Fmaj', 'Csus4', 'Bbmaj', 'Csus4', 'Fmaj', 'Csus4', 'Bbmaj', 'Csus4', 'Fmaj', 'Cmaj', 'Bbmaj', 'Cmaj', 'Fmaj', 'Cmaj', 'Bbmaj', 'Cmaj', 'Fmaj', 'Cmaj', 'Bbmaj', 'Cmaj', 'Fmaj', 'Cmaj', 'Bbmaj', 'Cmaj', 'Fmaj', 'Csus4', 'Bbmaj', 'Csus4', 'Fmaj', 'Csus4', 'Bbmaj', 'Csus4', 'Fmaj', 'Csus4', 'Bbmaj', 'Csus4', 'Fmaj', 'Csus4', 'Bbmaj', 'Csus4', 'Fmaj', 'Csus4', 'Bbmaj', 'Csus4', 'Fmaj', 'Csus4', 'Bbmaj', 'Csus4', 'Fmaj', 'Csus4', 'Bbmaj', 'Csus4', 'Fmaj', 'Csus4', 'Bbmaj', 'Csus4', 'Fmaj', 'Cmaj', 'Bbmaj', 'Cmaj', 'Fmaj', 'Cmaj', 'Bbmaj', 'Cmaj', 'Fmaj', 'Cmaj', 'Bbmaj', 'Cmaj', 'Fmaj', 'Cmaj', 'Bbmaj', 'Cmaj', 'Fmaj', 'Cmaj', 'Bbmaj', 'Cmaj', 'Fmaj', 'Cmaj', 'Bbmaj', 'Cmaj', 'Fmaj', 'Cmaj', 'Bbmaj', 'Cmaj', 'Fmaj', 'Cmaj', 'Bbmaj', 'Cmaj', 'Fmaj', 'Cmaj', 'Bbmaj', 'Cmaj', 'Fmaj', 'Cmaj', 'Bbmaj', 'Cmaj', 'Fmaj', 'Cmaj', 'Bbmaj', 'Cmaj', 'Fmaj', 'Cmaj', 'Bbmaj', 'Cmaj', 'Fmaj', 'Cmaj', 'Bbmaj', 'Cmaj', 'Fmaj', 'Cmaj']"
0083,"['Dbmaj', 'Gbmaj', 'Abmaj', 'Gbmaj', 'Dbmaj', 'Gbmaj', 'Abmaj', 'Gbmaj', 'Dbmaj', 'Gbmaj', 'Abmaj', 'Gbmaj', 'Abmaj', 'Gbmaj', 'Abmaj', 'Dbmaj', 'Gbmaj', 'Abmaj', 'Gbmaj', 'Dbmaj', 'Gbmaj', 'Abmaj', 'Gbmaj', 'Dbmaj', 'Gbmaj', 'Abmaj', 'Gbmaj', 'Abmaj', 'Gbmaj', 'Abmaj', 'Dbmaj', 'Gbmaj', 'Abmaj', 'Gbmaj', 'Abmaj', 'Dbmaj', 'Gbmaj', 'Dbmaj', 'Abmaj', 'Dbmaj', 'Gbmaj', 'Dbmaj', 'Dbmaj', 'Gbmaj', 'Abmaj', 'Gbmaj', 'Dbmaj', 'Gbmaj', 'Abmaj', 'Gbmaj', 'Dbmaj', 'Gbmaj', 'Abmaj', 'Gbmaj', 'Abmaj', 'Gbmaj', 'Abmaj', 'Dbmaj', 'Gbmaj', 'Absus4', 'Abmaj', 'Dbmaj', 'Gbmaj', 'Absus4', 'Abmaj', 'Abmaj', 'Dbmaj', 'Gbmaj', 'Dbmaj', 'Abmaj', 'Dbmaj', 'Gbmaj', 'Dbmaj', 'Dbmaj', 'Gbmaj', 'Abmaj', 'Gbmaj', 'Dbmaj', 'Gbmaj', 'Abmaj', 'Gbmaj', 'Dbmaj', 'Gbmaj', 'Abmaj', 'Gbmaj', 'Abmaj', 'Gbmaj', 'Abmaj', 'Abmaj', 'Dbmaj', 'Gbmaj', 'Abmaj', 'Gbmaj', 'Dbmaj', 'Gbmaj', 'Abmaj', 'Gbmaj', 'Abmaj', 'Gbmaj', 'Abmaj', 'Dbmaj', 'Gbmaj', 'Abmaj', 'Gbmaj', 'Dbmaj', 'Gbmaj', 'Abmaj', 'Gbmaj', 'Dbmaj', 'Gbmaj', 'Abmaj', 'Gbmaj', 'Abmaj', 'Gbmaj', 'Abmaj', 'Dbmaj', 'Gbmaj', 'Abmaj', 'Gbmaj', 'Abmaj', 'Dbmaj', 'Gbmaj', 'Dbmaj', 'Abmaj', 'Dbmaj', 'Gbmaj', 'Dbmaj', 'Dbmaj', 'Gbmaj', 'Abmaj', 'Gbmaj', 'Dbmaj', 'Gbmaj', 'Abmaj', 'Gbmaj', 'Dbmaj', 'Gbmaj', 'Abmaj', 'Gbmaj', 'Abmaj', 'Gbmaj', 'Abmaj', 'Dbmaj', 'Gbmaj', 'Absus4', 'Abmaj', 'Dbmaj', 'Gbmaj', 'Absus4', 'Abmaj', 'Abmaj', 'Dbmaj', 'Gbmaj', 'Dbmaj', 'Abmaj', 'Dbmaj', 'Gbmaj', 'Dbmaj', 'Dbmaj', 'Gbmaj', 'Abmaj', 'Gbmaj', 'Dbmaj', 'Gbmaj', 'Abmaj', 'Gbmaj', 'Dbmaj', 'Gbmaj', 'Abmaj', 'Gbmaj', 'Abmaj', 'Gbmaj', 'Abmaj', 'Dbmaj', 'Gbmaj', 'Absus4', 'Abmaj', 'Dbmaj', 'Gbmaj', 'Absus4', 'Abmaj', 'Dbmaj', 'Gbmaj', 'Absus4', 'Abmaj', 'Dbmaj', 'Gbmaj', 'Absus4', 'Abmaj']"
0085,"['C5', 'C5', 'Csus4', 'Csus4', 'C5', 'C5', 'C5', 'C5', 'C5', 'C5', 'C5', 'C5', 'C5', 'C5', 'C5', 'C5', 'Cmaj', 'Cmaj', 'Gmin7', 'Gmin7', 'Cmaj', 'Cmaj', 'Gmin7', 'Gmin7', 'Fmaj9', 'Fmaj9', 'Fmin', 'Amin', 'Bbmaj', 'Bbmaj', 'Ebmaj9', 'G', 'Cmaj', 'Cmaj', 'Gmin7', 'Gmin7', 'Cmaj', 'Cmaj', 'Gmin7', 'Gmin7', 'Fmaj9', 'Fmaj9', 'Fmin', 'Amin', 'Bbmaj', 'Bbmaj', 'Ebmaj9', 'G', 'Gmin7', 'Cmaj', 'Gmin7', 'Cmaj', 'Gmin7', 'Fmin7', 'Ebmaj7', 'G', 'G', 'C5', 'Csus4', 'Cmaj', 'Cmaj', 'Cmaj', 'Gmin7', 'Gmin7', 'Cmaj', 'Cmaj', 'Gmin7', 'Gmin7', 'Fmaj9', 'Fmaj9', 'Fmin', 'Amin', 'Bbmaj', 'Bbmaj', 'Ebmaj9', 'G', 'Gmin7', 'Cmaj', 'Gmin7', 'Cmaj', 'Gmin7', 'Fmin7', 'Ebmaj7', 'G', 'G', 'Cmaj', 'Db', 'Bb', 'Ebmaj7', 'Db', 'Gbmaj7', 'B', 'Emaj7', 'Abmin7', 'Abmin7', 'Dbmaj', 'Abmin7', 'Dbmaj', 'Abmin7', 'Dbmaj', 'Abmin7', 'Gbmin7', 'Fbmaj7', 'Ab', 'Abmin7', 'Dbmaj', 'Abmin7', 'Dbmaj', 'Abmin7', 'Gbmin7', 'Fbmaj7', 'Ab', 'Abmin7', 'Dbmaj']"
0086,"['Fmaj', 'Emin', 'Fmaj', 'Emin', 'Fmaj', 'Emin', 'Fmaj', 'Emin', 'Cmaj', 'Emin', 'Cmaj', 'Emin', 'Amin', 'Amin', 'Dmaj', 'Cmaj', 'Emin', 'Cmaj', 'Emin', 'Amin', 'Amin', 'Dmaj', 'C7', 'Cmaj', 'E7', 'Fmaj', 'Fmin', 'Cmaj', 'Fmaj', 'Fmin', 'Cmaj', 'Fmaj', 'Cmaj', 'E7', 'Fmaj', 'Fmin', 'Cmaj', 'Fmaj', 'Fmin', 'Cmaj', 'Fmaj', 'Fmaj7', 'Emin', 'Fmaj', 'Emin', 'Bbmaj', 'Amin', 'Gmaj', 'Fmaj', 'Cmaj', 'Fmaj', 'Gmaj', 'Amaj', 'Cmaj', 'Fmaj', 'Gmaj', 'Amaj', 'Fmaj7', 'Emin', 'Amaj', 'Cmaj', 'Dmaj', 'E7', 'Cmaj', 'E7', 'Fmaj', 'Fmin', 'Cmaj', 'Fmaj', 'Fmin', 'Cmaj', 'Fmaj', 'Gmaj', 'E7', 'Amin', 'Amin', 'Dmaj', 'Cmaj', 'Gmaj', 'Fmaj7', 'Emin', 'Fmaj7', 'Emin', 'Bbmaj', 'Amin', 'Gmaj', 'Fmaj', 'Cmaj', 'Fmaj', 'Gmaj', 'Amaj', 'Cmaj', 'Fmaj', 'Gmaj', 'Amaj', 'Fmaj7', 'Emin', 'Amaj', 'Cmaj', 'Dmaj', 'Emaj', 'Emaj', 'Emaj', 'Emaj', 'Emaj', 'Emaj', 'Emaj', 'Emaj', 'Emaj', 'Emaj', 'Emaj', 'Emaj']"
0088,"['Csus2', 'Csus2', 'Bb', 'Bb', 'Fmaj', 'Fmaj', 'Cmaj', 'Bb', 'Cmaj', 'Bb', 'Cmaj', 'Bb', 'Cmaj', 'Bb', 'Cmaj', 'Bb', 'Cmaj', 'G', 'Fmaj', 'Fmaj', 'G7', 'G7', 'Cmaj', 'Bb', 'Fmaj', 'Bb', 'Bb', 'Cmaj', 'Gmin7', 'Cmaj', 'Gmin7', 'Cmaj', 'Bb', 'Cmaj', 'Gmin7', 'Cmaj', 'Bb', 'Cmaj', 'Bb', 'Fmaj', 'Fmaj', 'G7', 'G7', 'Cmaj', 'Bb', 'Fmaj', 'Bb', 'Bb', 'Cmaj', 'Gmin7', 'Cmaj', 'Gmin7', 'Cmaj', 'Bb', 'Cmaj', 'Bb', 'Cmaj', 'Bb', 'Cmaj', 'Bb', 'Fmaj', 'Fmaj', 'G7', 'G7', 'Cmaj', 'Bb', 'Fmaj', 'Bb', 'Bb', 'Cmaj', 'Gmin7', 'Cmaj', 'Gmin7', 'Cmaj', 'Bb', 'Cmaj', 'Bb', 'Cmaj', 'Bb', 'Cmaj', 'Bb', 'Fmaj', 'Fmaj', 'G7', 'G7', 'Cmaj', 'Bb', 'Fmaj', 'Bb', 'Bb', 'Cmaj', 'Gmin7', 'Cmaj', 'Gmin7', 'Cmaj', 'Bb', 'Cmaj', 'Bb', 'Fmaj', 'Fmaj', 'G7', 'G7', 'Cmaj', 'Bb', 'Fmaj', 'G', 'G', 'Gmin7', 'Gmin7', 'Cmaj']"
0089,"['C5', 'C5', 'Abmaj', 'Ebmaj', 'Gmaj', 'Gmaj', 'Abmaj', 'Abmaj', 'Cmin', 'Abmaj7', 'Bbmaj', 'Bbmaj', 'Fmaj', 'Abmaj', 'C5', 'C5', 'Abmaj', 'Ebmaj', 'Gmaj', 'Gmaj', 'Abmaj', 'Abmaj', 'Cmin', 'Abmaj7', 'Bbmaj', 'Bbmaj', 'Abmaj', 'Bbmaj', 'Gsus4', 'G7', 'Ab5', 'Ab5', 'Ab5', 'Gsus4', 'G7', 'Abmaj', 'Bbmaj', 'Cmin', 'Abmaj7', 'Bbmaj', 'Bbmaj', 'Abmaj', 'Bbmaj', 'Cmin', 'Abmaj7', 'Bbmaj', 'Bbmaj', 'Cmin', 'Abmaj7', 'Bbmaj', 'Bbmaj', 'Cmin', 'Abmaj7', 'Bbmaj', 'Bbmaj', 'Cmin', 'Abmaj7', 'Bbmaj', 'Bbmaj', 'Cmin', 'Abmaj7', 'Bbmaj', 'Bbmaj']"
0091,"['Gmaj', 'Emin9', 'Cmaj9', 'Bmin7', 'Gmaj', 'Emin9', 'Cmaj9', 'Bmin7', 'Gmaj', 'Emin9', 'Cmaj9', 'Bmin7', 'Amin', 'F', 'D', 'Gmaj', 'Bmin', 'Cmaj', 'Ebmaj', 'Gmaj', 'Bmin', 'Cmaj', 'Emin7', 'Cmaj', 'Gmaj', 'Gmaj', 'Cmaj', 'Gmaj', 'Cmaj', 'Cmaj', 'Gmaj', 'Cmaj', 'Cmaj', 'Gmaj', 'Cmaj', 'Cmaj', 'Cmaj', 'Gmaj', 'Fmaj9', 'Gmaj', 'Emin9', 'Cmaj9', 'Bmin7', 'Gmaj', 'Emin9', 'Cmaj9', 'Bmin7', 'Amin', 'F', 'D', 'Gmaj', 'Bmin', 'Cmaj', 'Ebmaj', 'Gmaj', 'Bmin', 'Cmaj', 'Emin7', 'Cmaj', 'Gmaj', 'Gmaj', 'Cmaj', 'Gmaj', 'Cmaj', 'Cmaj', 'Gmaj', 'Cmaj', 'Cmaj', 'Gmaj', 'Cmaj', 'Cmaj', 'Cmaj', 'Gmaj', 'Fmaj9', 'Gmaj', 'Emin9', 'Cmaj9', 'Bmin7', 'Gmaj', 'Emin9', 'Cmaj9', 'Bmin7', 'Amin', 'F', 'F', 'Ebmaj', 'Abmaj', 'Ebmaj', 'Abmaj', 'Ebmaj', 'Abmaj', 'Ebmaj', 'Abmaj', 'Ebmaj', 'Abmaj', 'Ebmaj', 'Abmaj', 'Ebmaj', 'Abmaj', 'Gmaj', 'Gmaj', 'Cmaj', 'Cmaj', 'Gmaj', 'Cmaj', 'Gmaj', 'Amin', 'Gmaj', 'Cmaj', 'Cmaj', 'Gmaj', 'Cmaj', 'Gmaj', 'Fmaj9', 'Fmaj9', 'Gmaj', 'Emin9', 'Cmaj9', 'Bmin7', 'Gmaj', 'Emin9', 'Cmaj9', 'Bmin7', 'Amin7', 'Emin9', 'Emin7', 'Amin7', 'Emin9', 'Emin7', 'Amin7', 'F', 'F', 'Gmaj', 'Emin9', 'Cmaj9', 'Bmin7', 'Gmaj', 'Emin9', 'Cmaj9', 'Bmin7', 'Gmaj', 'Emin9', 'Cmaj9', 'Bmin7', 'Gmaj', 'Emin9', 'Cmaj9', 'Bmin7', 'Gmaj', 'Emin9', 'Cmaj9', 'Bmin7', 'Gmaj', 'Emin9', 'Cmaj9', 'Bmin7', 'Gmaj']"
0092,"['Dmin', 'Dmin', 'Dmin', 'Dmin', 'Dmin', 'Dmin', 'Dmin', 'Dmin', 'Dmin', 'Dmin', 'Dmin', 'Dmin', 'Dmin', 'Dmin', 'Dmin', 'Dmin', 'Dmin', 'Dmin', 'Dmin', 'Dmin', 'Dmin', 'Dmin', 'Dmin', 'Dmin', 'Cmaj', 'Cmaj', 'Cmaj', 'Cmaj', 'Dmin', 'Dmin', 'Dmin', 'Dmin', 'Dmin', 'Dmin', 'Dmin', 'Dmin', 'Dmin', 'Dmin', 'Dmin', 'Dmin', 'Dmin', 'Dmin', 'Dmin', 'Dmin', 'Dmin', 'Dmin', 'Dmin', 'Dmin', 'Cmaj', 'Cmaj', 'Cmaj', 'Cmaj', 'Dmin', 'Dmin', 'Dmin', 'Dmin', 'D5', 'D5', 'C5', 'C5', 'Dmin', 'Dmin', 'C5', 'Csus4', 'Dmin', 'Dmin', 'Cmaj', 'Csus4', 'Bbmaj', 'Bbmaj', 'Bbmaj', 'Bbmaj', 'Bbmaj', 'Bbmaj', 'Csus4', 'Dmin', 'Dmin', 'Dmin', 'Dmin', 'Dmin', 'Dmin', 'Dmin', 'Dmin', 'Dmin', 'Dmin', 'Dmin', 'Dmin', 'Dmin', 'Dmin', 'Dmin', 'Dmin', 'Dmin', 'Dmin', 'Dmin', 'Dmin', 'Dmin', 'Dmin', 'Dmin', 'Dmin', 'Dmin', 'D5', 'D5', 'C5', 'C5', 'Dmin', 'Dmin', 'Csus4', 'Csus4', 'Dmin', 'Dmin', 'Cmaj', 'Cmaj', 'Bbmaj', 'Bbmaj', 'Bbmaj', 'Bbmaj', 'Bbmaj', 'Bbmaj', 'Cmaj', 'Dmin', 'Fmaj', 'Amin', 'Dmin7', 'Dmin7', 'Fmaj', 'Amin', 'Dmin7', 'Dmin7', 'Dmin', 'Dmin', 'Dmin', 'Dmin', 'Dmin', 'Dmin', 'Dmin', 'Dmin', 'Dmin', 'Dmin', 'Dmin', 'Dmin', 'Fmaj', 'Amin', 'Dmin', 'Dmin', 'Dmin', 'Dmin']"
0094,"['Gmaj', 'Amin7', 'Gmaj', 'Amin7', 'Gmaj', 'Bmin', 'Gmaj', 'Bmin', 'Gmaj', 'Amin', 'Cmaj', 'Dmaj', 'Gmaj', 'Dmaj', 'Cmaj', 'Bmin', 'Gmaj', 'Bmin', 'Gmaj', 'Amin', 'Cmaj', 'Dmaj', 'Gmaj', 'Dmaj', 'Amin', 'Cmaj', 'Dmaj', 'Gmaj', 'Fmaj', 'Cmaj', 'Bmin', 'Amin', 'Cmaj', 'Dmaj', 'Gmaj', 'Fmaj', 'Cmaj', 'Bmin', 'Gmaj', 'Bmin', 'Gmaj', 'Amin', 'Cmaj', 'Dmaj', 'Gmaj', 'Dmaj', 'Cmaj', 'Bmin', 'Gmaj', 'Bmin', 'Gmaj', 'Amin', 'Cmaj', 'Dmaj', 'Gmaj', 'Dmaj', 'Amin', 'Cmaj', 'Dmaj', 'Gmaj', 'Fmaj', 'Cmaj', 'Bmin', 'Amin', 'Cmaj', 'Dmaj', 'Gmaj', 'Fmaj', 'Cmaj', 'Fmaj', 'Cmaj', 'Fmaj', 'Cmaj', 'Dmaj', 'Gmaj', 'Amin', 'Gmaj', 'Bmin', 'Gmaj', 'Bmin', 'Gmaj', 'Amin', 'Cmaj', 'Dmaj', 'Gmaj', 'Dmaj', 'Cmaj', 'Bmin', 'Gmaj', 'Bmin', 'Gmaj', 'Amin', 'Cmaj', 'Dmaj', 'Gmaj', 'Dmaj', 'Amin', 'Cmaj', 'Dmaj', 'Gmaj', 'Fmaj', 'Cmaj', 'Bmin', 'Amin', 'Cmaj', 'Dmaj', 'Gmaj', 'Fmaj', 'Cmaj', 'Bmin', 'Gmaj', 'Bmin', 'Gmaj', 'Amin', 'Cmaj', 'Dmaj', 'Gmaj', 'Dmaj', 'Amin', 'Cmaj', 'Dmaj', 'Gmaj', 'Fmaj', 'Cmaj', 'Bmin', 'Amin', 'Cmaj', 'Dmaj', 'Gmaj', 'Fmaj', 'Cmaj', 'Gmaj']"
0095,"['Dmaj', 'Dmaj', 'Cmaj', 'Gmaj', 'Dmaj', 'Dmaj', 'Dmaj', 'Cmaj', 'Gmaj', 'Dmaj', 'Dmaj', 'Dmaj', 'Cmaj', 'Gmaj', 'Dmaj', 'Dmaj', 'Dmaj', 'Cmaj', 'Gmaj', 'Dmaj', 'Dmaj', 'Dmaj', 'Cmaj', 'Gmaj', 'Dmaj', 'Amaj', 'Gmaj', 'Amaj', 'Gmaj', 'Amaj', 'Gmaj', 'Amaj', 'Gmaj', 'Dmaj', 'Cmaj', 'Gmaj', 'Dmaj', 'Cmaj', 'Gmaj', 'Dmaj', 'Cmaj', 'Gmaj', 'Dmaj', 'Cmaj', 'Gmaj', 'Gmaj', 'Dmaj', 'Dmaj', 'Cmaj', 'Gmaj', 'Dmaj', 'Dmaj', 'Dmaj', 'Cmaj', 'Gmaj', 'Dmaj', 'Dmaj', 'Dmaj', 'Cmaj', 'Gmaj', 'Dmaj', 'Amaj', 'Gmaj', 'Amaj', 'Gmaj', 'Amaj', 'Gmaj', 'Amaj', 'Gmaj', 'Dmaj', 'Cmaj', 'Gmaj', 'Dmaj', 'Cmaj', 'Gmaj', 'Dmaj', 'Cmaj', 'Gmaj', 'Dmaj', 'Cmaj', 'Gmaj', 'Gmaj', 'Dmaj', 'Dmaj', 'Gmaj', 'Gmaj', 'Gmaj', 'Gmaj', 'Amaj', 'Amaj', 'Amaj', 'Amaj', 'Dmaj', 'Cmaj', 'Gmaj', 'Dmaj', 'Cmaj', 'Gmaj', 'Dmaj', 'Cmaj', 'Gmaj', 'Dmaj', 'Cmaj', 'Gmaj', 'Gmaj', 'Gmaj', 'Gmaj', 'Amaj', 'Amaj', 'Amaj', 'Amaj', 'Amaj', 'Amaj', 'Amaj', 'Amaj', 'Dmaj', 'Cmaj', 'Gmaj', 'Dmaj', 'Cmaj', 'Gmaj', 'Dmaj', 'Cmaj', 'Gmaj', 'Dmaj', 'Cmaj', 'Gmaj', 'Gmaj', 'G', 'D', 'Dmaj', 'Dmaj', 'Cmaj', 'Gmaj', 'Dmaj', 'Dmaj', 'Dmaj', 'Cmaj', 'Gmaj', 'Dmaj', 'Dmaj', 'Dmaj', 'Cmaj', 'Gmaj', 'Dmaj', 'Amin', 'Amin', 'Cmaj', 'Gmaj', 'Dmaj', 'Cmaj', 'Cmaj', 'Dmaj', 'Cmaj', 'Gmaj', 'Dmaj', 'Cmaj', 'Gmaj', 'Dmaj', 'Cmaj', 'Gmaj', 'Dmaj', 'Cmaj', 'Gmaj', 'Dmaj', 'Cmaj', 'Gmaj', 'Dmaj', 'Cmaj', 'Gmaj', 'Dmaj', 'Cmaj', 'Gmaj', 'Dmaj', 'Cmaj', 'Gmaj', 'Dmaj', 'Cmaj', 'Gmaj', 'Dmaj', 'Cmaj', 'Gmaj', 'Dmaj', 'Cmaj', 'Gmaj', 'Dmaj', 'Cmaj', 'Gmaj', 'Dmaj', 'Cmaj', 'Gmaj', 'Dmaj', 'Cmaj', 'Gmaj', 'Dmaj', 'Cmaj', 'Gmaj', 'Dmaj', 'Cmaj', 'Gmaj']"
0097,"['Dmin7', 'Dmin7', 'Dmin7', 'Dmin7', 'Dmin', 'Dmin', 'Dmin', 'Dmin', 'Dmin', 'Dmin', 'Bbmaj', 'A7', 'Dmin', 'Dmin', 'Bbmaj', 'A7', 'A7', 'Dmin', 'Dmin', 'Bbmaj', 'A7', 'Dmin', 'Dmin', 'Bbmaj', 'A7', 'A7', 'Dmin', 'C#dim7', 'Gmin7', 'Asus4', 'Gmin7', 'A7', 'Bbmaj7', 'Cmaj', 'A7', 'Dmin', 'Dmin', 'Bbmaj', 'A7', 'Dmin', 'Dmin', 'Bbmaj', 'A7', 'A7', 'Dmin', 'Dmin', 'Bbmaj', 'A7', 'Dmin', 'Dmin', 'Bbmaj', 'A7', 'A7', 'Dmin', 'C#dim7', 'Gmin7', 'Asus4', 'Gmin7', 'A7', 'Bbmaj7', 'Cmaj', 'A7', 'Dmin', 'Dmin', 'Bbmaj', 'A7', 'Dmin', 'Dmin', 'Bbmaj', 'A7', 'A7', 'Dmin', 'Dmin', 'Dmin', 'Dmin', 'Dmin', 'Dmin', 'Dmin', 'Dmin', 'Dmin', 'Dmin', 'Bbmaj', 'A7', 'Dmin', 'Dmin', 'Bbmaj', 'A7', 'Dmin', 'Dmin', 'Bbmaj', 'A7', 'Dmin', 'Dmin', 'Bbmaj', 'A7', 'A7', 'Dmin', 'Dmin', 'Dmin', 'Dmin', 'A7', 'A7', 'Dmin']"
0099,"['C5', 'Csus4', 'Abmaj', 'Fmin', 'Gmin7', 'Cmin', 'Cmin', 'Cmin', 'Cmin', 'Abmaj', 'Ebmaj', 'Fmaj', 'Fmaj', 'Cmin', 'Cmin', 'Cmin', 'Cmin', 'Abmaj', 'Ebmaj', 'Fmaj', 'Fmaj', 'Cmin', 'Cmin', 'Cmin', 'Cmin', 'Abmaj', 'Ebmaj', 'Fmaj', 'Fmaj', 'Abmaj', 'Gmin', 'Fmaj', 'Ebmaj', 'Abmaj', 'Ebmaj', 'Fmaj', 'Abmaj', 'Bbmaj', 'Cmaj', 'Gmin7', 'Fmin7', 'Abmaj', 'Bbmaj', 'Cmaj', 'Gmin7', 'Fmin7', 'Abmaj', 'Bbmaj', 'Cmin', 'Cmin', 'Cmin', 'Cmin', 'Abmaj', 'Ebmaj', 'Fmaj', 'Fmaj', 'Cmin', 'Cmin', 'Cmin', 'Cmin', 'Abmaj', 'Ebmaj', 'Fmaj', 'Fmaj', 'Abmaj', 'Gmin', 'Fmaj', 'Ebmaj', 'Abmaj', 'Ebmaj', 'Fmaj', 'Abmaj', 'Bbmaj', 'Cmaj', 'Gmin7', 'Fmin7', 'Abmaj', 'Bbmaj', 'Cmaj', 'Gmin7', 'Fmin7', 'Abmaj', 'Bbmaj', 'Cmaj', 'Gmin7', 'Fmin7', 'Abmaj', 'Bbmaj', 'Cmaj', 'Gmin7', 'Fmin7', 'Abmaj', 'Bbmaj', 'Cmin', 'Cmin', 'Cmin', 'Cmin', 'Abmaj', 'Ebmaj', 'Fmaj', 'Fmaj', 'Cmin', 'Gmin7', 'Fmin7', 'Abmaj', 'Bbmaj', 'Cmin', 'Gmin7', 'Fmin7', 'Abmaj', 'Bbmaj', 'Cmin', 'Gmin7', 'Fmin7', 'Abmaj', 'Bbmaj', 'Cmin', 'Gmin7', 'Fmin7', 'Abmaj', 'Bbmaj', 'Cmin', 'Gmin7', 'Fmin7', 'Abmaj', 'Bbmaj', 'Cmin', 'Gmin7', 'Fmin7', 'Abmaj', 'Bbmaj']"
0100,"['Amin', 'Gmaj', 'Amin', 'Amin', 'Gmaj', 'Amin', 'Amin', 'Gmaj', 'Gmaj', 'Amin', 'Gmaj', 'Gmaj', 'Amin', 'Amin', 'Gmaj', 'Amin', 'Amin', 'Gmaj', 'Amin', 'Amin', 'Gmaj', 'Gmaj', 'Amin', 'Gmaj', 'Gmaj', 'Amin', 'Emin', 'Dmaj', 'Emin', 'Bmin', 'Emin', 'Gmaj', 'Amaj', 'Bmaj', 'Emin', 'Emin', 'Dmaj', 'Emin', 'Bmin', 'Emin', 'Gmaj', 'Amaj', 'Bmaj', 'Emaj', 'Dsus2', 'E', 'Gmaj', 'D5', 'Dsus4', 'Dsus2', 'E', 'Gmaj', 'D5', 'Emin7', 'Amaj', 'Gmaj', 'Dmaj', 'Dmaj', 'Amaj', 'Gmaj', 'Dmaj', 'Dmaj', 'Gmaj', 'Dmaj', 'Gmaj', 'Amaj', 'Emin', 'F#min7', 'Emin', 'Emin', 'Dsus2', 'Emin', 'Amaj', 'Emin', 'Amaj', 'Emin', 'Amaj', 'Dmaj', 'Dmaj', 'Amaj', 'Gmaj', 'Dmaj', 'Dmaj', 'Amaj', 'Gmaj', 'Dmaj', 'Dmaj', 'Gmaj', 'Dmaj', 'Gmaj', 'Amaj', 'Emin', 'F#min7', 'Emin', 'Dsus2', 'Emin', 'Amaj', 'Emin', 'Amaj', 'Emin', 'Amaj', 'Dsus4', 'Dmaj', 'Dmaj', 'Amaj', 'Gmaj', 'Dmaj', 'Dmaj', 'Amaj', 'Gmaj', 'Dmaj', 'Dmaj', 'Gmaj', 'Dmaj', 'Gmaj', 'Amaj', 'Emin', 'F#min7', 'Emin', 'Dsus2', 'Emin', 'Amaj', 'Emin', 'Amaj', 'Emin', 'Amaj', 'Dsus4', 'Dmaj', 'Dmaj', 'Emin', 'Amaj', 'Dmaj', 'Gmaj', 'Emin', 'Gmaj', 'Dmaj', 'Dmaj', 'Amaj', 'Gmaj', 'Dmaj', 'Dmaj', 'Amaj', 'Gmaj', 'Dmaj', 'Dmaj', 'Gmaj', 'Dmaj', 'Gmaj', 'Amaj', 'Emin', 'F#min7', 'Emin', 'Emin', 'Dsus2', 'Emin', 'Amaj', 'Emin', 'Amaj', 'Emin', 'Amaj', 'Dsus4', 'Dmaj', 'Dmaj', 'Emin', 'Amaj', 'Dmaj', 'Gmaj', 'Emin', 'Gmaj', 'Dmaj', 'Dmaj', 'Emin', 'Amaj', 'Dmaj', 'Gmaj', 'Emin', 'Gmaj', 'Dsus2', 'E', 'Gmaj', 'D5', 'Dsus4', 'Dsus2', 'E', 'Gmaj', 'D5', 'Dsus4', 'Dsus2', 'E', 'Gmaj', 'D5', 'Dsus4', 'Dsus2', 'E', 'Gmaj', 'D5', 'Dsus4', 'Dsus2', 'E', 'Gmaj', 'D5', 'Dsus4', 'Dsus2', 'E', 'Gmaj', 'D5', 'Dsus4', 'Dsus2', 'E', 'Gmaj', 'D5', 'Dsus4', 'Dsus2', 'E', 'Gmaj', 'D5', 'Dsus4', 'Dsus2', 'E', 'Gmaj', 'D5', 'Dsus4', 'Dsus2', 'E', 'Gmaj', 'D5', 'Dsus4', 'Dsus2', 'E', 'Gmaj', 'D5', 'Dsus4']"
0101,"['Bmaj', 'Bmaj', 'Emaj', 'F#maj', 'G#min', 'D#min', 'Emaj', 'F#sus4', 'Bmaj', 'G#min7', 'Bmaj', 'G#min7', 'Bmaj', 'G#min7', 'D#min7', 'Emaj', 'Bmaj', 'Emaj', 'F#sus4', 'F#sus4', 'Bmaj', 'Bmaj', 'Emaj', 'F#maj', 'Bmaj', 'Bmaj', 'Emaj', 'F#maj', 'G#min7', 'Bmaj', 'G#min7', 'Bmaj', 'G#min7', 'D#min7', 'Emaj', 'Bmaj', 'Emaj', 'F#sus4', 'G#sus4', 'Db', 'Gbmaj', 'Abmaj', 'Dbmaj', 'Dbmaj', 'Gbmaj', 'Abmaj', 'Dbmaj', 'Absus4', 'Dbmaj', 'Dbmaj', 'Gbmaj', 'Abmaj', 'Dbmaj', 'Dbmaj', 'Gbmaj', 'Abmaj', 'Dbmaj', 'Absus4', 'Dbmaj']"
0102,"['Abmaj', 'Gmin7', 'Bbsus4', 'Ab7', 'Eb', 'Eb', 'Fmin7', 'Bb7', 'Ebmaj', 'Eb', 'Ebmaj7', 'Eb', 'Fmin7', 'Bb7', 'Ebmaj', 'Eb', 'Ebmaj7', 'Ebmaj', 'Abmaj', 'Bb7', 'Ebmaj', 'Ebmaj', 'Abmaj', 'Fmin7', 'Bb7', 'Bbsus4', 'Ebmaj7', 'Ebmaj7', 'Bbmaj', 'Bb7', 'Bb7', 'Bb7', 'Ebmaj', 'Fmin7', 'Bb7', 'Ebmaj', 'Ebmaj9', 'Fmin7', 'Eb7', 'Abmaj9', 'Ab', 'Abmin', 'Abmin', 'Bb7', 'Fsus4', 'Bb7', 'Bb7', 'Ebmaj7', 'Bbsus4', 'Ebmaj', 'Ebmaj', 'Fmin7', 'Bb7', 'Ebmaj', 'Ebmaj7', 'Eb', 'Ebmaj', 'Fmin7', 'Bbsus4', 'Bb7', 'Ebmaj', 'Ebmaj7', 'Eb', 'Ebmaj', 'Abmaj', 'Bb7', 'Ebmaj', 'Ebmaj7', 'Eb', 'Ebmaj', 'Abmaj', 'Fmin7', 'Bb7', 'Bbsus4', 'Ebmaj7', 'Ebmaj7', 'Bbmaj', 'Bb7', 'Bb7', 'Bb7', 'Ebmaj', 'Fmin7', 'Bb7', 'Ebmaj', 'Ebmaj9', 'Fmin7', 'Eb7', 'Abmaj9', 'Ab', 'Abmin', 'Abmin', 'Bb7', 'Fsus4', 'Bb7', 'Bb7', 'Ebmaj7', 'Bbsus4', 'Ebmaj', 'Bbsus4', 'Ebmaj']"
0104,"['Amaj', 'D', 'Amaj', 'D', 'Amaj', 'D', 'Amaj', 'D', 'A5', 'A', 'A5', 'A', 'A5', 'A', 'A5', 'A', 'Dmaj', 'Gmin', 'Dmaj', 'Gmin', 'Dmaj', 'Gmin', 'Dmaj', 'Gmin', 'Amaj', 'Dmin', 'Amaj', 'Dmin', 'Emin', 'Dmin7', 'Amaj', 'D', 'Amaj', 'D', 'Amaj', 'D', 'Amaj', 'D', 'Amaj', 'D', 'Amaj', 'D', 'Dmaj', 'Gmin', 'Dmaj', 'Gmin', 'Dmaj', 'Gmin', 'Dmaj', 'Gmin', 'Amaj', 'Dmin', 'Amaj', 'Dmin', 'Emin', 'Dmin7', 'Amaj', 'Dmin', 'Dsus4', 'Dmaj', 'Amaj', 'Amaj', 'Dsus4', 'Dmaj', 'Amaj', 'Emaj', 'A5', 'D', 'A5', 'D', 'A5', 'D', 'A5', 'Fmaj', 'G5', 'Bmin7', 'Amaj', 'D', 'Amaj', 'D', 'Amaj', 'D', 'Amaj', 'D', 'Dmaj', 'Gmin', 'Dmaj', 'Gmin', 'Dmaj', 'Gmin', 'Dmaj', 'Gmin', 'Amaj', 'D', 'Amaj', 'D', 'Amaj', 'D', 'Bmin', 'D', 'D', 'Amaj', 'D', 'Amaj', 'D', 'Amaj', 'D', 'Amaj', 'D', 'Amaj', 'D', 'Amaj', 'D', 'Amaj', 'D', 'Amaj', 'D', 'Amaj', 'D', 'Amaj', 'D', 'Amaj', 'D', 'D', 'Amaj', 'D', 'Amaj', 'D', 'Amaj', 'D', 'Amaj', 'D', 'Amaj', 'D', 'Amaj', 'D', 'Amaj', 'D', 'Amaj', 'D', 'Amaj', 'D', 'Amaj', 'D', 'Amaj']"
0105,"['E', 'E', 'E', 'E', 'E', 'E', 'E', 'E', 'E', 'A', 'E', 'A', 'E', 'A', 'E', 'A', 'Emaj', 'Bmaj', 'G#min7', 'Amaj', 'Bmaj', 'Emaj', 'Bmaj', 'G#min7', 'Amaj', 'Bmaj', 'Emaj', 'Bmaj', 'G#min7', 'Amaj', 'Bmaj', 'Emaj', 'Bmaj', 'G#min7', 'Amaj', 'Bmaj', 'Emaj', 'Bmaj', 'G#min7', 'Amaj', 'Bmaj', 'Emaj', 'Bmaj', 'G#min7', 'Amaj', 'Bmaj', 'Emaj', 'Bmaj', 'G#min7', 'Amaj', 'Bmaj', 'Emaj', 'Bmaj', 'G#min7', 'Amaj', 'Bmaj', 'E', 'E', 'E', 'E', 'E', 'E', 'E', 'E', 'E', 'E', 'E', 'E', 'E', 'E', 'E', 'E', 'Emaj', 'Bmaj', 'G#min7', 'Amaj', 'Bmaj', 'Emaj', 'Bmaj', 'G#min7', 'Amaj', 'Bmaj', 'Emaj', 'Bmaj', 'G#min7', 'Amaj', 'Bmaj', 'Emaj', 'Bmaj', 'G#min7', 'Amaj', 'Bmaj', 'Emaj', 'Bmaj', 'G#min7', 'Amaj', 'Bmaj', 'E', 'E', 'E', 'E', 'E', 'E', 'E', 'E', 'E', 'E', 'E', 'E', 'E', 'E', 'E', 'E', 'Dmaj', 'Dmaj', 'Emaj', 'Emaj', 'Dmaj', 'Dmaj', 'E', 'E', 'Dmaj', 'Dmaj', 'Emaj', 'Emaj', 'Dmaj', 'Dmaj', 'Emaj', 'Bmaj', 'G#min7', 'Amaj', 'Bmaj', 'Emaj', 'Bmaj', 'G#min7', 'Amaj', 'Bmaj', 'E', 'E', 'E', 'A', 'E', 'A', 'E', 'A', 'E', 'A', 'Emaj', 'Amaj', 'Bmaj', 'Emaj', 'Amaj', 'Bmaj', 'Emaj', 'Amaj', 'E', 'A', 'E', 'A', 'Emaj', 'Amaj', 'Bmaj', 'Emaj', 'Amaj', 'Bmaj', 'E', 'A', 'E', 'A', 'E', 'A', 'E', 'A', 'E', 'A', 'E', 'A', 'E', 'A', 'E', 'A', 'E', 'A', 'E', 'A', 'E', 'A', 'E', 'E', 'E', 'E']"
0106,"['Amaj', 'Emaj', 'Asus2', 'D', 'Dmin9', 'Amaj', 'D', 'E7', 'Amaj', 'Emaj', 'Asus2', 'D', 'Dmin9', 'Amaj', 'D', 'E7', 'Amaj', 'Emaj', 'Asus2', 'D', 'Dmin9', 'Amaj', 'D', 'E7', 'F#min', 'F#min', 'F#min', 'D', 'C#', 'F#7', 'Bmin7', 'E7', 'Amaj', 'Emaj', 'Asus2', 'D', 'Dmin9', 'Amaj', 'D', 'E7', 'Amaj', 'Emaj', 'Asus2', 'D', 'Dmin9', 'Amaj', 'D', 'E7', 'F#min', 'F#min', 'F#min', 'D', 'C#', 'F#7', 'Bmin7', 'E7', 'Amaj', 'Dmaj', 'Dmin', 'Amaj']"
0107,"['Dmaj', 'Cmaj', 'Gmaj', 'Dmaj', 'Cmaj', 'Gmaj', 'Dmaj', 'Cmaj', 'Gmaj', 'Dmaj', 'Cmaj', 'Gmaj', 'Dmaj', 'Cmaj', 'Gmaj', 'Dmaj', 'Cmaj', 'Gmaj', 'Dmaj', 'Cmaj', 'Gmaj', 'Dmaj', 'Cmaj', 'Gmaj', 'Dmaj', 'Cmaj', 'Gmaj', 'Dmaj', 'Cmaj', 'Gmaj', 'Dmaj', 'Cmaj', 'Gmaj', 'Dmaj', 'Cmaj', 'Gmaj', 'Dmaj', 'Cmaj', 'Gmaj', 'Dmaj', 'Cmaj', 'Gmaj', 'Dmaj', 'Cmaj', 'Gmaj', 'C5', 'Dmaj', 'Cmaj', 'Gmaj', 'C5', 'Dmaj', 'Cmaj', 'Gmaj', 'C5', 'Dmaj', 'Cmaj', 'Gmaj', 'Fmaj', 'Cmaj', 'Dmaj', 'Cmaj', 'Gmaj', 'Dmaj', 'Cmaj', 'Gmaj', 'Dmaj', 'Cmaj', 'Gmaj', 'Fmaj', 'Cmaj', 'Dmaj', 'Cmaj', 'Gmaj', 'Dmaj', 'Cmaj', 'Gmaj', 'Dmaj', 'Cmaj', 'Gmaj', 'Dmaj', 'Cmaj', 'Gmaj', 'C5', 'Dmaj', 'Cmaj', 'Gmaj', 'C5', 'Dmaj', 'Cmaj', 'Gmaj', 'C5', 'Dmaj', 'Cmaj', 'Gmaj', 'Dmaj', 'Cmaj', 'Gmaj', 'Dmaj', 'Cmaj', 'Gmaj', 'Dmaj', 'Cmaj', 'Gmaj', 'Dmaj', 'Cmaj', 'Gmaj', 'Dmaj', 'Cmaj', 'Gmaj', 'Dmaj', 'Cmaj', 'Gmaj', 'Dmaj', 'Cmaj', 'Gmaj', 'C5', 'Dmaj', 'Cmaj', 'Gmaj', 'C5', 'Dmaj', 'Cmaj', 'Gmaj', 'C5', 'Dmaj', 'Cmaj', 'Gmaj', 'Fmaj', 'Cmaj', 'Dmaj', 'Cmaj', 'Gmaj', 'C5', 'Dmaj', 'Cmaj', 'Gmaj', 'C5', 'Dmaj', 'Cmaj', 'Gmaj', 'C5', 'Dmaj', 'Cmaj', 'Gmaj', 'Dmaj', 'Cmaj', 'Gmaj', 'Dmaj', 'Cmaj', 'Gmaj']"
0109,"['D7', 'Gmaj', 'Emin', 'Amaj', 'Dmaj', 'Gmaj', 'Emin', 'Amaj', 'Dmaj', 'Cmaj', 'Cmaj', 'Gmaj', 'Gmaj', 'Amin', 'Amin', 'Cmaj', 'Dsus4', 'Dmaj', 'Gmaj', 'Bbmaj', 'Ebmaj', 'Bbmaj', 'Bbmaj', 'Ebmaj', 'Bbmaj', 'Bbmaj', 'Ebmaj', 'Bbmaj', 'Bbmaj', 'Dmin', 'Cmin', 'Fmaj', 'Bbmaj', 'Bb7', 'Ebmaj', 'Ebmin', 'Bbmaj', 'Bbmaj', 'Ebmaj', 'Ebmin', 'Bbmaj', 'Ebmaj', 'Bbmaj', 'Bbmaj', 'Ebmaj', 'Ebmin', 'Bbmaj', 'D7', 'Gmaj', 'Emin', 'Amaj', 'Dmaj', 'Gmaj', 'Emin', 'Amaj', 'Dmaj', 'Cmaj', 'Cmaj', 'Gmaj', 'Gmaj', 'Amin', 'Amin', 'Cmaj', 'Dsus4', 'Dmaj', 'Gmaj', 'Bbmaj', 'Ebmaj', 'Bbmaj', 'Bbmaj', 'Ebmaj', 'Bbmaj', 'Bbmaj', 'Ebmaj', 'Bbmaj', 'Bbmaj', 'Dmin', 'Cmin', 'Fmaj', 'Bbmaj', 'Bb7', 'Ebmaj', 'Ebmin', 'Bbmaj', 'Bbmaj', 'Ebmaj', 'Ebmin', 'Bbmaj', 'Ebmaj', 'Bbmaj', 'Bbmaj', 'Ebmaj', 'Ebmin', 'Bbmaj', 'D7', 'Gmaj', 'Emin', 'Amaj', 'Dmaj', 'Gmaj', 'Emin', 'Amaj', 'Dmaj', 'Cmaj', 'Cmaj', 'Gmaj', 'Gmaj', 'Amin', 'Amin', 'Cmaj', 'Dsus4', 'Dmaj', 'Gmaj', 'Cmaj', 'Dsus4', 'Dmaj', 'Gmaj']"
0111,"['Emin', 'Emin', 'Emin', 'Emin', 'F#min', 'Emin7', 'Dmaj', 'Cmaj', 'Gmaj', 'Dmaj', 'Cmaj', 'Cmaj', 'Emin', 'F#min', 'Emin7', 'Dmaj', 'Cmaj', 'Gmaj', 'Dmaj', 'Cmaj', 'Cmaj', 'Emin', 'F#min', 'Gmaj', 'F#min', 'Emin', 'F#min', 'Emin7', 'Dmaj', 'Cmaj', 'Gmaj', 'Dmaj', 'Cmaj', 'Cmaj', 'Emin', 'F#min', 'Emin7', 'Dmaj', 'Cmaj', 'Gmaj', 'Dmaj', 'Cmaj', 'Cmaj', 'Emin', 'Emin', 'F#min', 'Emin7', 'Dmaj', 'Cmaj', 'Gmaj', 'Dmaj', 'Cmaj', 'Cmaj', 'Emin', 'F#min', 'Emin7', 'Dmaj', 'Cmaj', 'Gmaj', 'Dmaj', 'Cmaj', 'Cmaj', 'Emin']"
0112,"['Emaj', 'C#min', 'Amaj', 'Bmaj', 'Emaj', 'Emaj', 'C#min', 'C#min', 'Amaj', 'Amaj', 'Emaj', 'Emaj', 'G#7', 'G#7', 'Amaj', 'A#dim7', 'Emaj', 'C#min', 'Emaj', 'C#min', 'Emaj', 'E7', 'Amaj', 'Amaj', 'Emaj', 'E7', 'Amaj', 'Amaj', 'Emaj', 'E7', 'Amaj', 'Amaj', 'Emaj', 'C#min', 'F#7', 'F#7', 'B7', 'B7', 'Emaj', 'Emaj', 'C#min', 'C#min', 'Amaj', 'Amaj', 'Emaj', 'Emaj', 'G#7', 'G#7', 'Amaj', 'A#dim7', 'Emaj', 'C#min', 'Emaj', 'C#min', 'Emaj', 'C#min', 'Emaj', 'C#min', 'Emaj', 'C#min', 'Emaj', 'C#min', 'Emaj', 'Emaj', 'Emaj', 'Emaj', 'C#min', 'Emaj', 'C#min', 'Emaj', 'C#min', 'Emaj', 'C#min', 'Emaj', 'C#min']"
0114,"['Dmaj', 'Dmaj', 'Dmaj', 'Dmaj', 'Dmaj', 'Dmaj', 'Dmaj', 'Dmaj', 'Dmaj', 'Dmaj', 'Dmaj', 'Dmaj', 'Dmaj', 'Dmaj', 'Dmaj', 'Dmaj', 'Gmaj', 'Gmaj', 'Gmaj', 'Gmaj', 'Dmaj', 'Dmaj', 'Dmaj', 'Dmaj', 'Amaj', 'Cmaj', 'Gmaj', 'Amaj', 'Cmaj', 'Gmaj', 'Amaj', 'Cmaj', 'Gmaj', 'Amaj', 'Amaj', 'Dmaj', 'Dmaj', 'Dmaj', 'Dmaj', 'Dmaj', 'Dmaj', 'Dmaj', 'Dmaj', 'Dmaj', 'Dmaj', 'Gmaj', 'Gmaj', 'Gmaj', 'Gmaj', 'Dmaj', 'Dmaj', 'Dmaj', 'Dmaj', 'Amaj', 'Cmaj', 'Gmaj', 'Amaj', 'Cmaj', 'Gmaj', 'Amaj', 'Cmaj', 'Gmaj', 'Amaj', 'Amaj', 'Dmaj', 'Dmaj', 'Dmaj', 'Dmaj', 'Dmaj', 'Dmaj', 'Dmaj', 'Dmaj', 'Gmaj', 'Gmaj', 'Gmaj', 'Gmaj', 'Dmaj', 'Dmaj', 'Dmaj', 'Dmaj', 'Amaj', 'Cmaj', 'Gmaj', 'Amaj', 'Cmaj', 'Gmaj', 'Amaj', 'Cmaj', 'Gmaj', 'Amaj', 'Amaj', 'Dmaj', 'Dmaj', 'Dmaj', 'Dmaj', 'Dmaj', 'Dmaj', 'Dmaj', 'Dmaj', 'Dmaj', 'Dmaj', 'Dmaj', 'Dmaj', 'Gmaj', 'Gmaj', 'Gmaj', 'Gmaj', 'Dmaj', 'Dmaj', 'Dmaj', 'Dmaj', 'Amaj', 'Cmaj', 'Gmaj', 'Amaj', 'Cmaj', 'Gmaj', 'Amaj', 'Cmaj', 'Gmaj', 'Amaj', 'Cmaj', 'Gmaj', 'Amaj', 'Cmaj', 'Gmaj', 'Amaj', 'Amaj', 'Amaj', 'Amaj', 'Amaj', 'Amaj', 'Amaj', 'Amaj', 'Amaj']"
0115,"['G7', 'G7', 'G7', 'G7', 'G7', 'D7', 'D7', 'G7', 'G7', 'D7', 'C7', 'G7', 'G7', 'G7', 'G7', 'G7', 'G7', 'C7', 'C7', 'G7', 'G7', 'D7', 'C7', 'G7', 'G7', 'G7', 'G7', 'G7', 'G7', 'C7', 'C7', 'G7', 'G7', 'D7', 'C7', 'G7', 'G7', 'G7', 'G7', 'G7', 'G7', 'C7', 'C7', 'G7', 'G7', 'D7', 'C7', 'G7', 'G7', 'G7', 'C7', 'G7', 'G7', 'C7', 'C7', 'G7', 'G7', 'D7', 'C7', 'G7', 'G7', 'G7', 'G7', 'G7', 'G7', 'C7', 'C7', 'G7', 'G7', 'D7', 'C7', 'G7', 'G7', 'G7', 'G7', 'G7', 'G7', 'C7', 'C7', 'G7', 'G7', 'D7', 'C7', 'G7', 'G7', 'G7', 'G7', 'G7', 'G7']"
0116,"['Amaj', 'Gmaj', 'Gmaj', 'Amaj', 'Amaj', 'Gmaj', 'Gmaj', 'Amaj', 'Dmaj', 'Amin', 'Cmaj', 'Gmaj', 'Dmaj', 'Dmaj', 'Amin', 'Cmaj', 'Gmaj', 'Dmaj', 'Dmaj', 'Amin', 'Dmaj', 'Amin', 'Cmaj', 'Gmaj', 'Dmaj', 'Dmaj', 'Amin', 'Dmaj', 'Amin', 'Cmaj', 'Gmaj', 'Dmaj', 'Dmaj', 'Amin', 'Cmaj', 'Gmaj', 'Dmaj', 'Dmaj', 'Amin', 'Cmaj', 'Gmaj', 'Dmaj', 'Dmaj', 'Amin', 'Dmaj', 'Amin', 'Cmaj', 'Gmaj', 'Dmaj', 'Dmaj', 'Amin', 'Dmaj', 'Amin', 'Cmaj', 'Gmaj', 'Amaj', 'Gmaj', 'Gmaj', 'Amaj', 'Amaj', 'Gmaj', 'Gmaj', 'Amaj', 'F#min', 'F#min', 'F#min', 'F#', 'Bsus2', 'Emin', 'Amaj', 'Emin', 'Amaj', 'Emin', 'Amaj', 'Dmaj', 'Amin', 'Cmaj', 'Gmaj', 'Dmaj', 'Dmaj', 'Amin', 'Cmaj', 'Gmaj', 'Dmaj', 'Dmaj', 'Amin', 'Dmaj', 'Amin', 'Cmaj', 'Gmaj', 'Dmaj', 'Dmaj', 'Amin', 'Dmaj', 'Amin', 'Cmaj', 'Gmaj', 'Dmaj', 'Dmaj', 'Amin', 'Dmaj', 'Amin', 'Cmaj', 'Gmaj', 'Dmaj', 'Dmaj', 'Amin', 'Dmaj', 'Amin', 'Cmaj', 'Gmaj', 'Amaj', 'Gmaj', 'Gmaj', 'Amaj', 'Amaj', 'Gmaj', 'Gmaj', 'Amaj', 'Amaj', 'Gmaj', 'Gmaj', 'Amaj', 'Amaj', 'Gmaj', 'Gmaj', 'Amaj', 'Amaj', 'Gmaj', 'Gmaj', 'Amaj', 'Amaj', 'Gmaj', 'Gmaj', 'Amaj', 'Amaj', 'Gmaj', 'Gmaj', 'Amaj', 'Amaj', 'Gmaj', 'Gmaj', 'Amaj', 'Amaj', 'Gmaj', 'Gmaj', 'Amaj', 'Amaj', 'Gmaj', 'Gmaj', 'Amaj', 'Amaj', 'Gmaj', 'Gmaj', 'Amaj', 'Amaj', 'Gmaj', 'Gmaj', 'Amaj', 'Amaj', 'Gmaj', 'Gmaj', 'Amaj', 'Amaj', 'Gmaj', 'Gmaj', 'Amaj', 'Amaj', 'Gmaj', 'Gmaj', 'Amaj', 'Amaj', 'Gmaj', 'Gmaj', 'Amaj', 'Amaj', 'Gmaj', 'Gmaj', 'Amaj', 'Amaj', 'Gmaj', 'Gmaj', 'Amaj', 'Amaj']"
0119,"['Gmaj', 'Gmaj', 'Gmaj', 'Gmaj', 'Gmaj', 'Gmaj', 'Emin', 'Emin', 'Cmaj', 'Dmaj', 'Gmaj', 'Gmaj', 'Gmaj', 'Gmaj', 'Emin', 'Emin', 'Cmaj', 'Dmaj', 'Gmaj', 'Gmaj', 'Gmaj', 'Gmaj', 'Emin', 'Emin', 'Cmaj', 'Dmaj', 'Gmaj', 'Gmaj', 'Gmaj', 'Gmaj', 'Emin', 'Emin', 'Cmaj', 'Dmaj', 'Gmaj', 'Gmaj', 'Gmaj', 'Gmaj', 'Emin', 'Emin', 'Cmaj', 'Dmaj', 'Gmaj', 'Gmaj', 'Gmaj', 'Gmaj', 'Emin', 'Emin', 'Cmaj', 'Dmaj', 'Gmaj', 'Gmaj', 'Gmaj', 'Gmaj', 'Emin', 'Emin', 'Cmaj', 'Dmaj', 'Gmaj', 'Gmaj', 'Gmaj', 'Gmaj', 'Emin', 'Emin', 'Cmaj', 'Dmaj', 'Gmaj', 'Gmaj', 'Gmaj', 'Gmaj', 'Emin', 'Emin', 'Cmaj', 'Dmaj', 'Gmaj', 'Gmaj', 'Gmaj', 'Gmaj', 'Emin', 'Emin', 'Cmaj', 'Dmaj', 'Gmaj', 'Gmaj', 'Gmaj', 'Gmaj', 'Emin', 'Emin', 'Cmaj', 'Dmaj', 'Gmaj', 'Gmaj']"
0120,"['Emaj', 'Emaj', 'Emaj', 'Emaj', 'F#min', 'Bmaj', 'G#7', 'G#7', 'C#7', 'C#7', 'F#7', 'F#7', 'Bmaj', 'Bmaj', 'Emaj', 'Emaj', 'C#min', 'C#min', 'Amaj', 'Amaj', 'B7', 'B7', 'Emaj', 'Emaj', 'F#min', 'Bmaj', 'G#7', 'G#7', 'C#7', 'C#7', 'F#7', 'F#7', 'Bmaj', 'Bmaj', 'Emaj', 'Emaj', 'C#min', 'C#min', 'Amaj', 'Amaj', 'B7', 'B7', 'Emaj', 'Emaj', 'F#min', 'Bmaj', 'Emaj', 'Emaj', 'C#min', 'C#min', 'Amaj', 'Amaj', 'B7', 'B7', 'Emaj', 'Emaj', 'C#min', 'C#min', 'Amaj', 'Amaj', 'B7', 'B7', 'Emaj', 'Emaj', 'C#min', 'C#min', 'Amaj', 'Amaj', 'B7', 'B7']"
0122,"['Esus4', 'Emin', 'Bmin7', 'Amin7', 'Cmaj7', 'Cmaj', 'Dmaj', 'Emin', 'Bmin7', 'Amin7', 'Cmaj7', 'Cmaj', 'Dmaj', 'Emin', 'Bmin7', 'Amin7', 'Cmaj7', 'Cmaj', 'Dmaj', 'Emin', 'Bmin7', 'Amin7', 'Cmaj7', 'Cmaj', 'Dmaj', 'Fmaj', 'Gmaj', 'Cmaj7', 'Dmaj', 'Amin7', 'Dsus4', 'Gmaj7', 'Gmaj9', 'Dmin7', 'Gsus4', 'Amin7', 'Gmaj', 'Cmaj7', 'Dsus4', 'Emin', 'Bmin7', 'Amin7', 'Cmaj7', 'Cmaj', 'Dmaj', 'Emin', 'Bmin7', 'Amin7', 'Cmaj7', 'Cmaj', 'Dmaj', 'Emin', 'Bmin7', 'Amin7', 'Cmaj7', 'Cmaj', 'Dmaj', 'Emin', 'Bmin7', 'Amin7', 'Cmaj7', 'Cmaj', 'Dmaj', 'Fmaj', 'Gmaj', 'Cmaj7', 'Dmaj', 'Amin7', 'Dsus4', 'Gmaj7', 'Gmaj9', 'Dmin7', 'Gsus4', 'Amin7', 'Gmaj', 'Cmaj7', 'Dsus4', 'Emin', 'Bmin7', 'Amin7', 'Cmaj7', 'Cmaj', 'Dmaj', 'Emin', 'Bmin7', 'Amin7', 'Cmaj7', 'Cmaj', 'Dmaj', 'Amin7', 'Bmin7', 'Esus4', 'Amin7', 'Bmin7', 'Esus4', 'Cmin7', 'Dmin7', 'Bbmaj7', 'Asus4', 'Dsus4', 'Emin', 'Emin', 'Amin7', 'Bmin7', 'Cmaj7', 'Dsus4', 'Emin', 'Emin', 'Amin7', 'Bmin7', 'Cmaj7', 'Dsus4', 'Cmaj7', 'Dmaj', 'Amin7', 'Dsus4', 'Gmaj7', 'Gmaj9', 'Dmin7', 'Gsus4', 'Amin7', 'Gmaj', 'Cmaj7', 'Dsus4', 'Emin', 'Bmin7', 'Amin7', 'Cmaj7', 'Cmaj', 'Dmaj', 'Emin', 'Bmin7', 'Amin7', 'Cmaj7', 'Cmaj', 'Dmaj', 'Emin', 'Bmin7', 'Amin7', 'Cmaj7', 'Cmaj', 'Dmaj', 'Emin', 'Bmin7', 'Amin7', 'Cmaj7', 'Cmaj', 'Dmaj', 'Emin', 'Bmin7', 'Amin7', 'Cmaj7', 'Cmaj', 'Dmaj', 'Emin', 'Bmin7', 'Amin7', 'Cmaj7', 'Cmaj', 'Dmaj', 'Emin', 'Bmin7', 'Amin7', 'Cmaj7', 'Cmaj', 'Dmaj']"
0123,"['Abmaj', 'Eb7', 'Abmaj', 'Abmaj', 'Abmaj', 'Abmaj', 'Abmaj', 'Abmaj', 'Ebsus4', 'Ebmaj', 'Abmaj', 'Abmaj', 'Dbmaj', 'Dbmaj', 'Abmaj', 'Abmaj', 'Dbmaj', 'Dbmaj', 'Abmaj', 'Abmaj', 'Eb7', 'Eb7', 'Abmaj', 'Abmaj', 'Abmaj', 'Ebmaj', 'Abmaj', 'Abmaj', 'Abmaj', 'Abmaj7', 'Abmaj', 'Abmaj7', 'Eb7', 'Eb7', 'Abmaj', 'Abmaj7', 'Ab7', 'Dbmaj', 'Dbmaj7', 'Db', 'Db7', 'Abmaj', 'Abmaj7', 'Ab7', 'Dbmaj', 'Dbmaj7', 'Db', 'Db7', 'Abmaj', 'Abmaj', 'Eb7', 'Eb7', 'Abmaj', 'Abmaj', 'Abmaj', 'Eb7', 'Abmaj', 'Abmaj']"
0124,"['Gmaj', 'Gmaj', 'Dmaj', 'Gmaj', 'Gmaj', 'Dmaj', 'Gmaj', 'Gmaj', 'Dmaj', 'Cmaj', 'Cmaj', 'Gmaj', 'Gmaj', 'Cmaj', 'Dmaj', 'Dmaj', 'Gmaj', 'Gmaj', 'Gmaj', 'Gmaj', 'Cmaj', 'Cmaj', 'Gmaj', 'Gmaj', 'Dmaj', 'Dmaj', 'Gmaj', 'Gmaj', 'Cmaj', 'Bmin', 'Dmaj', 'Dmaj', 'Cmaj', 'Bmin', 'Dmaj', 'Dmaj', 'Gmaj', 'Gmaj', 'Gmaj', 'Gmaj', 'Cmaj', 'Cmaj', 'Gmaj', 'Gmaj', 'Dmaj', 'Dmaj', 'Gmaj', 'Gmaj', 'Cmaj', 'Cmaj', 'Gmaj', 'Gmaj', 'Amin7', 'Amin7', 'Gmaj', 'Gmaj', 'Cmaj', 'Cmaj', 'Gmaj', 'Gmaj', 'Amin7', 'Amin7', 'Gmaj', 'Gmaj', 'Cmaj', 'Bmin', 'Dmaj', 'Dmaj', 'Cmaj', 'Bmin', 'Dmaj', 'Dmaj', 'Gmaj', 'Gmaj', 'Gmaj', 'Gmaj', 'Cmaj', 'Cmaj', 'Gmaj', 'Gmaj', 'Dmaj', 'Dmaj', 'Gmaj', 'Gmaj', 'Cmaj', 'Cmaj', 'Gmaj', 'Gmaj', 'Amin7', 'Amin7', 'Gmaj', 'Gmaj', 'Cmaj', 'Cmaj', 'Gmaj', 'Gmaj', 'Amin7', 'Amin7', 'Gmaj', 'Gmaj', 'Cmaj', 'Bmin', 'Dmaj', 'Dmaj', 'Cmaj', 'Bmin', 'Dmaj', 'Dmaj', 'Cmaj', 'Bmin', 'Dmaj', 'Dmaj', 'Cmaj', 'Bmin', 'Dmaj', 'Dmaj', 'Cmaj', 'Bmin', 'Dmaj', 'Dmaj', 'Cmaj', 'Bmin']"
0126,"['Emaj', 'Emaj', 'Emaj', 'Emaj', 'Emaj', 'Emaj', 'Bmaj', 'Bmaj', 'Emaj', 'Emaj', 'Emaj', 'Emaj', 'Emaj', 'Emaj', 'Bmaj', 'Bmaj', 'Emaj', 'Emaj', 'Amaj', 'Amaj', 'Amaj', 'Amaj', 'Emaj', 'Emaj', 'Bmaj', 'Bmaj', 'Emaj', 'Emaj', 'Emaj', 'Emaj', 'Bmaj', 'Bmaj', 'Emaj', 'Emaj', 'Emaj', 'Emaj', 'Emaj', 'Emaj', 'Bmaj', 'Bmaj', 'Emaj', 'Emaj', 'Emaj', 'Emaj', 'Emaj', 'Emaj', 'Bmaj', 'Bmaj', 'Emaj', 'Caug', 'E7', 'Bb', 'Amaj', 'Amaj', 'Amaj', 'Amaj', 'Emaj', 'Emaj', 'Bmaj', 'Bmaj', 'Emaj', 'Emaj', 'Emaj', 'Emaj', 'Bmaj', 'Bmaj', 'Emaj', 'Amaj', 'Emaj']"
0127,"['Bbmaj', 'Bbmaj', 'F7', 'Bbmaj', 'Bbmaj', 'Bbmaj', 'Bbmaj', 'Ebmaj', 'Ebmaj', 'Fmaj', 'Ebmaj', 'Bbmaj', 'Ebmaj', 'Bbmaj', 'Bbmaj', 'Bb7', 'Ebmaj', 'Ebmaj', 'Fmaj', 'Ebmaj', 'Bbmaj', 'Ebmaj', 'Ebmaj', 'Bbmaj', 'Bbmaj', 'Dmaj', 'Ebmaj', 'Edim', 'Bbmaj', 'Gmin7', 'Cmin7', 'F7', 'Bbmaj', 'Ebmaj', 'Bbmaj', 'F7', 'Bbmaj', 'Gmin7', 'Cmin7', 'F7', 'Bbmaj', 'Ebmaj', 'Bbmaj', 'F7', 'Bbmaj', 'Gmin7', 'Cmin7', 'F7', 'Bbmaj', 'Ebmaj', 'Bbmaj', 'Gmin', 'F7', 'Bbmaj', 'Gmin7', 'Cmin7', 'F7', 'Bbmaj', 'Ebmaj', 'Bbmaj', 'Gmin', 'F7', 'Bbmaj']"
0128,"['C#min', 'Amaj', 'C#min', 'Amaj', 'Emaj', 'Bmaj', 'Amaj', 'Emaj', 'F#min', 'Bsus4', 'Emaj', 'Emaj', 'Amaj', 'C#min', 'F#min', 'Amaj', 'Dmaj', 'Amaj', 'Emaj', 'Emaj', 'Amaj', 'C#min', 'F#min', 'Amaj', 'Emaj', 'Emaj', 'Emaj', 'Amaj', 'C#min', 'F#min', 'Amaj', 'Dmaj', 'Amaj', 'Emaj', 'Emaj', 'Amaj', 'C#min', 'F#min', 'Amaj', 'Emaj', 'C#min', 'Amaj', 'C#min', 'Amaj', 'Emaj', 'Bmaj', 'Amaj', 'Emaj', 'F#min', 'Bsus4', 'Emaj', 'Emaj', 'Amaj', 'C#min', 'F#min', 'Amaj', 'Dmaj', 'Amaj', 'Emaj', 'Emaj', 'Amaj', 'C#min', 'F#min', 'Amaj', 'Emaj', 'Emaj', 'Emaj', 'Amaj', 'C#min', 'F#min', 'Amaj', 'Dmaj', 'Amaj', 'Emaj', 'Emaj', 'Amaj', 'C#min', 'F#min', 'Amaj', 'Emaj', 'C#min', 'Amaj', 'C#min', 'Amaj', 'Emaj', 'Bmaj', 'Amaj', 'Emaj', 'F#min', 'Bsus4', 'C#min', 'C#min', 'Amaj7', 'C#min', 'C#min', 'C#min', 'Amaj7', 'C#min', 'C#min', 'Dmaj7', 'C#min7', 'Amaj', 'Emaj', 'Bmaj', 'Amaj', 'Emaj', 'F#min', 'Bsus4', 'Emaj', 'Emaj', 'Amaj', 'C#min', 'F#min', 'Amaj', 'Dmaj', 'Amaj', 'Emaj', 'Emaj', 'Amaj', 'C#min', 'F#min', 'Amaj', 'Emaj', 'C#min', 'Amaj', 'C#min', 'Amaj', 'Emaj', 'Bmaj', 'Amaj', 'Emaj', 'F#min', 'Bsus4', 'C#min', 'Amaj', 'C#min', 'Amaj', 'Emaj', 'Bmaj', 'Amaj', 'Emaj', 'F#min', 'Bsus4', 'C#min']"
0130,"['Emaj', 'Bmaj', 'Bmaj', 'Bmaj', 'Bmaj', 'Bmaj', 'Bmaj', 'Bmaj', 'Bmaj', 'Bmaj', 'Bmaj', 'F#maj', 'Bmaj', 'F#maj', 'Bmaj', 'Emaj', 'F#maj', 'Bmaj', 'Bmaj', 'Bmaj', 'Bmaj', 'F#maj', 'Bmaj', 'F#maj', 'Bmaj', 'Emaj', 'F#maj', 'Bmaj', 'Bmaj', 'Bmaj', 'Bmaj', 'Bmaj', 'Bmaj', 'F#maj', 'Bmaj', 'F#maj', 'Bmaj', 'Emaj', 'Bmaj', 'Bmaj', 'Bmaj', 'Bmaj', 'Bmaj', 'Bmaj', 'Bmaj', 'F#maj', 'Bmaj', 'F#maj', 'Bmaj', 'Emaj', 'F#maj', 'Bmaj', 'Bmaj', 'Bmaj', 'Bmaj', 'F#maj', 'Bmaj', 'F#maj', 'Bmaj', 'Emaj', 'Bmaj', 'Emaj', 'Bmaj', 'Bmaj', 'Bmaj', 'Bmaj', 'Bmaj', 'Bmaj', 'Bmaj', 'F#maj', 'Bmaj', 'F#maj', 'Bmaj', 'Emaj', 'F#maj', 'Bmaj', 'Bmaj', 'Bmaj', 'Bmaj', 'F#maj', 'Bmaj', 'F#maj', 'Bmaj', 'Emaj', 'Bmaj', 'Emaj', 'Bmaj', 'Emaj', 'Bmaj', 'F#maj', 'Emaj', 'Bmaj', 'F#maj', 'Emaj', 'Bmaj', 'F#maj', 'Emaj', 'Bmaj', 'F#maj', 'Emaj', 'Bmaj', 'F#maj', 'Emaj', 'Bmaj', 'F#maj', 'Emaj', 'Bmaj', 'F#maj', 'Emaj', 'Bmaj', 'F#maj', 'Emaj', 'Bmaj', 'F#maj', 'Emaj', 'Bmaj', 'F#maj', 'Emaj', 'Bmaj', 'F#maj', 'Emaj', 'Bmaj', 'F#maj', 'Emaj', 'Bmaj', 'F#maj', 'Emaj', 'Bmaj', 'F#maj', 'Emaj', 'Bmaj', 'F#maj', 'Emaj', 'Bmaj', 'F#maj', 'Emaj', 'Bmaj', 'F#maj', 'Emaj', 'Bmaj', 'F#maj']"
0131,"['Gmaj', 'Cmaj', 'Gmaj', 'Cmaj', 'Amin', 'Amin', 'Gmaj', 'Gmaj', 'Cmaj7', 'Cmaj7', 'Gmaj', 'Gmaj', 'Emin', 'Emin', 'Cmaj', 'Cmaj', 'Amin', 'Amin', 'Dmaj', 'Cmaj', 'Bmin', 'Amin', 'Gmaj', 'Cmaj', 'Amin', 'Dmaj', 'B7', 'Emin', 'Emin', 'Amin', 'Dsus4', 'Gmaj', 'Cmaj', 'Amin', 'Dmaj', 'B7', 'Emin', 'Emin', 'Amin', 'Dsus4', 'Dsus4', 'Gmaj', 'Cmaj', 'Gmaj', 'Cmaj', 'Amin', 'Amin', 'Gmaj', 'Gmaj', 'Cmaj7', 'Cmaj7', 'Gmaj', 'Gmaj', 'Emin', 'Emin', 'Cmaj', 'Cmaj', 'Amin', 'Amin', 'Dmaj', 'Cmaj', 'Bmin', 'Amin', 'Gmaj', 'Cmaj', 'Amin', 'Dmaj', 'B7', 'Emin', 'Emin', 'Amin', 'Dsus4', 'Gmaj', 'Cmaj', 'Amin', 'Dmaj', 'B7', 'Emin', 'Emin', 'Amin', 'Dsus4', 'Dsus4', 'Gmaj', 'Cmaj', 'Amin', 'Dmaj', 'B7', 'Emin', 'Emin', 'Amin', 'Dsus4', 'Gmaj', 'Cmaj', 'Amin', 'Dmaj', 'B7', 'Emin', 'Emin', 'Amin', 'Dsus4', 'Dsus4', 'Gmaj', 'Cmaj', 'Amin', 'Dmaj', 'Bmaj', 'Emin', 'Emin', 'Amin', 'Dsus4']"
0133,"['E', 'F', 'F#', 'F', 'Emaj', 'Emaj', 'Emaj', 'E7', 'Amaj', 'Amaj', 'Emaj', 'Bmaj', 'Emaj', 'Emaj', 'Emaj', 'Bmaj', 'Emaj', 'Emaj', 'Bmaj', 'Bmaj', 'Emaj', 'E7', 'Amaj', 'Amaj', 'Emaj', 'Emaj', 'F#maj', 'F#maj', 'Bmaj', 'Bmaj', 'Emaj', 'E7', 'Amaj', 'Amaj', 'Emaj', 'Bmaj', 'E', 'F', 'F#', 'F', 'Bmaj', 'Bmaj', 'Bmaj', 'F#maj', 'Bmaj', 'Bmaj', 'F#maj', 'F#maj', 'Bmaj', 'Bmaj', 'Emaj', 'Emaj', 'Bmaj', 'Bmaj', 'C#maj', 'C#maj', 'F#maj', 'F#maj', 'Bmaj', 'F#maj', 'Bmaj', 'Bmaj', 'F#maj', 'F#maj', 'Bmaj', 'Bmaj', 'Emaj', 'Emaj', 'Bmaj', 'Bmaj', 'C#maj', 'C#maj', 'F#maj', 'F#maj', 'Bmaj', 'Bmaj', 'Emaj', 'Emaj', 'Bmaj', 'F#maj', 'F#', 'F', 'Emaj']"
0134,"['D5', 'D5', 'Dmin', 'Dmin', 'Dmin', 'Dmin', 'Cmaj', 'Cmaj', 'Dmin', 'Dmin', 'Cmaj', 'Cmaj', 'Gmin', 'Gmin', 'Dmin', 'Dmin', 'Gmin', 'Gmin', 'Dmin', 'Gmaj', 'Gmaj', 'Gmaj', 'Dmin', 'Dmin', 'Dbmin', 'Dbmin', 'Gmaj', 'Fmaj', 'Fmaj', 'Ebmaj', 'Ebmaj', 'Dmin', 'Gmaj', 'Dmin', 'Gmaj', 'Dmin', 'Gmaj', 'Dmin', 'Amaj', 'Dmin', 'Cmaj', 'Bbmaj', 'Cmaj', 'Dmin', 'Cmaj', 'Bbmaj', 'Cmaj', 'Dmin', 'Dmin', 'Cmaj', 'Cmaj', 'Dmin', 'Dmin', 'Cmaj', 'Cmaj', 'Gmin', 'Gmin', 'Dmin', 'Dmin', 'Gmin', 'Gmin', 'Dmin', 'Gmaj', 'Gmaj', 'Dmin', 'Dmin', 'Dbmin', 'Dbmin', 'Gmaj', 'Fmaj', 'Fmaj', 'Ebmaj', 'Ebmaj', 'Dmin', 'Gmaj', 'Dmin', 'Gmaj', 'Dmin', 'Gmaj', 'Dmin', 'Amaj', 'Dmin', 'Cmaj', 'Bbmaj', 'Cmaj', 'Dmin', 'Cmaj', 'Bbmaj', 'Cmaj', 'Dmin', 'Gmaj', 'Dmin', 'Gmaj', 'Dmin', 'Gmaj', 'Dmin', 'Amaj', 'Dmin', 'Cmaj', 'Bbmaj', 'Cmaj', 'Dmin', 'Cmaj', 'Bbmaj', 'Cmaj', 'Dmin', 'Cmaj', 'Bbmaj', 'Cmaj', 'Dmin', 'Cmaj', 'Bbmaj', 'Cmaj', 'Dmin', 'Cmaj', 'Bbmaj', 'Cmaj', 'Dmin', 'Cmaj', 'Bbmaj', 'Cmaj', 'Dmin', 'Cmaj', 'Bbmaj', 'Cmaj', 'Dmin', 'Cmaj', 'Bbmaj', 'Cmaj', 'Dmin', 'Cmaj', 'Bbmaj', 'Cmaj', 'Dmin', 'Cmaj', 'Bbmaj', 'Cmaj']"
0139,"['Abmaj', 'Dbmaj', 'Abmaj', 'Abmaj', 'Abmaj', 'Dbmaj', 'Abmaj', 'Abmaj', 'Dbmaj', 'Dbmaj', 'Abmaj', 'Abmaj', 'Abmaj', 'Dbmaj', 'Abmaj', 'Abmaj', 'Ebmaj', 'Dbmaj', 'Ebmaj', 'Dbmaj', 'Abmaj', 'Dbmaj', 'Abmaj', 'Abmaj', 'Abmaj', 'Dbmaj', 'Abmaj', 'Abmaj', 'Abmaj', 'Dbmaj', 'Abmaj', 'Abmaj', 'Dbmaj', 'Dbmaj', 'Abmaj', 'Abmaj', 'Abmaj', 'Dbmaj', 'Abmaj', 'Abmaj', 'Ebmaj', 'Dbmaj', 'Ebmaj', 'Dbmaj', 'Abmaj', 'Dbmaj', 'Abmaj', 'Abmaj', 'Abmaj', 'Dbmaj', 'Abmaj', 'Abmaj', 'Abmaj', 'Dbmaj', 'Abmaj', 'Abmaj', 'Abmaj', 'Dbmaj', 'Abmaj', 'Abmaj', 'Abmaj', 'Dbmaj', 'Abmaj', 'Abmaj', 'Ebmaj', 'Dbmaj', 'Ebmaj', 'Dbmaj', 'Abmaj', 'Dbmaj', 'Abmaj', 'Abmaj', 'Abmaj', 'Dbmaj', 'Abmaj', 'Abmaj', 'Abmaj', 'Dbmaj', 'Abmaj', 'Abmaj', 'Dbmaj', 'Dbmaj', 'Abmaj', 'Abmaj', 'Abmaj', 'Dbmaj', 'Abmaj', 'Abmaj', 'Ebmaj', 'Dbmaj', 'Ebmaj', 'Dbmaj', 'Abmaj', 'Dbmaj', 'Abmaj', 'Abmaj', 'Abmaj', 'Dbmaj', 'Abmaj', 'Abmaj', 'Abmaj', 'Dbmaj', 'Abmaj', 'Abmaj', 'Abmaj', 'Dbmaj', 'Abmaj', 'Abmaj', 'Abmaj', 'Dbmaj', 'Abmaj', 'Abmaj', 'Abmaj', 'Dbmaj', 'Abmaj', 'Abmaj', 'Abmaj', 'Dbmaj', 'Abmaj', 'Abmaj']"
0140,"['Amin7', 'Amin7', 'Amin7', 'Amin7', 'Amin7', 'Amin7', 'Amin7', 'Amin7', 'Amin7', 'Amin7', 'Amin7', 'Amin7', 'Amin7', 'Amin7', 'Amin7', 'Amin7', 'Amin7', 'Amin7', 'Amin7', 'Amin7', 'Amin7', 'Amin7', 'Amin7', 'Amin7', 'Amin7', 'Amin7', 'Amin7', 'Amin7', 'Amin7', 'Amin7', 'Amin7', 'Amin7', 'Amin7', 'Amin7', 'Amin7', 'Amin7', 'Amin7', 'Amin7', 'Amin7', 'Amin7', 'Amin7', 'Amin7', 'Amin7', 'Amin7', 'Amin7', 'Amin7', 'Amin7', 'Amin7', 'Cmin7', 'Cmin7', 'Cmin7', 'Cmin7', 'Cmin7', 'Cmin7', 'Cmin7', 'Cmin7', 'Cmin7', 'Cmin7', 'Cmin7', 'Cmin7', 'Cmin7', 'Cmin7', 'Cmin7', 'Cmin7', 'Cmin7', 'Cmin7', 'Cmin7', 'Cmin7', 'Cmin7', 'Cmin7', 'Cmin7', 'Cmin7', 'Cmin7', 'Cmin7', 'Cmin7', 'Cmin7', 'Cmin7', 'Cmin7', 'Cmin7', 'Cmin7', 'A', 'A', 'F', 'A5', 'A', 'A', 'F', 'A5', 'Amin7', 'Amin7', 'Amin7', 'Amin7', 'Amin7', 'Amin7', 'Amin7', 'Amin7', 'Amin7', 'Amin7', 'Amin7', 'Amin7', 'Amin7', 'Amin7', 'Amin7', 'Amin7', 'Amin7', 'Amin7', 'Amin7', 'Amin7', 'Amin7', 'Amin7', 'Amin7', 'Amin7', 'Amin7', 'Amin7', 'Amin7', 'Amin7', 'Amin7', 'Amin7', 'Amin7', 'Amin7', 'Amin7', 'Amin7', 'Amin7', 'Amin7', 'Amin7', 'Amin7', 'Amin7', 'Amin7', 'Amin7', 'Amin7', 'Amin7', 'Amin7', 'Amin7', 'Amin7', 'Amin7', 'Amin7', 'Amin7', 'Amin7', 'Amin7', 'Amin7', 'Amin7', 'Amin7', 'Amin7', 'Amin7', 'Amin7', 'Amin7', 'Amin7', 'Amin7', 'Amin7', 'Amin7', 'Amin7', 'Amin7', 'Amin7', 'Amin7']"
0141,"['Dmin', 'Dmin', 'Dmin', 'Dmin', 'Dmin', 'Dmin', 'Dmin', 'Dmin', 'Dmin', 'Dmin', 'Dmin', 'Dmin', 'Dmin', 'Dmin', 'Dmin', 'Dmin', 'Dmin', 'Dmin', 'Dmin', 'Dmin', 'Dmin', 'Dmin', 'Dmin', 'Dmin', 'Cmaj', 'Cmaj', 'Cmaj', 'Cmaj', 'Dmin', 'Dmin', 'Dmin', 'Dmin', 'Dmin', 'Dmin', 'Dmin', 'Dmin', 'Dmin', 'Dmin', 'Dmin', 'Dmin', 'Dmin', 'Dmin', 'Dmin', 'Dmin', 'Dmin', 'Dmin', 'Dmin', 'Dmin', 'Cmaj', 'Cmaj', 'Cmaj', 'Cmaj', 'Dmin', 'Dmin', 'Dmin', 'Dmin', 'D5', 'D5', 'C5', 'C5', 'Dmin', 'Dmin', 'C5', 'Csus4', 'Dmin', 'Dmin', 'Cmaj', 'Csus4', 'Bbmaj', 'Bbmaj', 'Bbmaj', 'Bbmaj', 'Bbmaj', 'Bbmaj', 'Csus4', 'Dmin', 'Dmin', 'Dmin', 'Dmin', 'Dmin', 'Dmin', 'Dmin', 'Dmin', 'Dmin', 'Dmin', 'Dmin', 'Dmin', 'Dmin', 'Dmin', 'Dmin', 'Dmin', 'Dmin', 'Dmin', 'Dmin', 'Dmin', 'Dmin', 'Dmin', 'Dmin', 'Dmin', 'Dmin', 'D5', 'D5', 'C5', 'C5', 'Dmin', 'Dmin', 'Csus4', 'Csus4', 'Dmin', 'Dmin', 'Cmaj', 'Cmaj', 'Bbmaj', 'Bbmaj', 'Bbmaj', 'Bbmaj', 'Bbmaj', 'Bbmaj', 'Cmaj', 'Dmin', 'Fmaj', 'Amin', 'Dmin7', 'Dmin7', 'Fmaj', 'Amin', 'Dmin7', 'Dmin7', 'Dmin', 'Dmin', 'Dmin', 'Dmin', 'Dmin', 'Dmin', 'Dmin', 'Dmin', 'Dmin', 'Dmin', 'Dmin', 'Dmin', 'Fmaj', 'Amin', 'Dmin', 'Dmin', 'Dmin', 'Dmin']"
0145,"['Dmaj', 'Dmaj', 'Bmin', 'Bmin', 'Gmaj', 'Gmaj', 'Amaj', 'Amaj', 'Dmaj', 'Dmaj', 'Bmin', 'Bmin', 'Gmaj', 'Gmaj', 'Amaj', 'Amaj', 'Dmaj', 'Dmaj', 'Bmin', 'Bmin', 'Gmaj', 'Gmaj', 'Amaj', 'Dmaj', 'Dmaj', 'Bmin', 'Bmin', 'Gmaj', 'Gmaj', 'Amaj', 'Dmaj', 'Dmaj', 'Bmin', 'Bmin', 'Gmaj', 'Gmaj', 'Amaj', 'Dmaj', 'Dmaj', 'Bmin', 'Bmin', 'Gmaj', 'Gmaj', 'Amaj', 'Gmaj', 'Gmaj', 'Dmaj', 'Dmaj', 'Gmaj', 'Gmaj', 'Amaj', 'Dmaj', 'Dmaj', 'Bmin', 'Bmin', 'Gmaj', 'Gmaj', 'Amaj', 'Dmaj', 'Dmaj', 'Bmin', 'Bmin', 'Gmaj', 'Gmaj', 'Amaj', 'Gmaj', 'Gmaj', 'Dmaj', 'Dmaj', 'Gmaj', 'Gmaj', 'Amaj', 'Dmaj', 'Dmaj', 'Bmin', 'Bmin', 'Gmaj', 'Gmaj', 'Amaj', 'Amaj', 'Dmaj', 'Dmaj', 'Bmin', 'Bmin', 'Gmaj', 'Gmaj', 'Amaj', 'Amaj']"
0147,"['Fmaj', 'Fmaj', 'Cmaj', 'Cmaj', 'Fmaj', 'Fmaj', 'Cmaj', 'Fmaj', 'Fmaj', 'Fmaj', 'Cmaj', 'Cmaj', 'Fmaj', 'Fmaj', 'Cmaj', 'Fmaj', 'Cmaj', 'Fmaj', 'Cmaj', 'Fmaj', 'Cmaj', 'Fmaj', 'Cmaj', 'Fmaj', 'Gmaj', 'Gmaj', 'Dmaj', 'Dmaj', 'Gmaj', 'Gmaj', 'Dmaj', 'Gmaj', 'Gmaj', 'Gmaj', 'Dmaj', 'Dmaj', 'Gmaj', 'Gmaj', 'Dmaj', 'Gmaj', 'Dmaj', 'Gmaj', 'Dmaj', 'Gmaj', 'Dmaj', 'Gmaj', 'Dmaj', 'Gmaj', 'Gmaj', 'Gmaj', 'Dmaj', 'Dmaj', 'Gmaj', 'Gmaj', 'Dmaj', 'Gmaj', 'Dmaj', 'Gmaj', 'Dmaj', 'Gmaj']"
0148,"['Amin', 'Amin', 'Gmaj', 'Emin', 'Amin', 'Amin', 'Gmaj', 'Emin', 'Amin', 'Amin', 'Gmaj', 'Emin', 'Amin', 'Amin', 'Gmaj', 'Emin', 'Amin', 'Amin', 'Gmaj', 'Emin', 'Amin', 'Amin', 'Gmaj', 'Emin', 'Amin', 'Amin', 'Gmaj', 'Emin', 'Amin', 'Amin', 'Gmaj', 'Emin', 'Amin', 'Amin', 'Gmaj', 'Emin', 'Amin', 'Amin', 'Gmaj', 'Emin', 'Amin', 'Amin', 'Gmaj', 'Emin', 'Amin', 'Amin', 'Gmaj', 'Emin', 'Dmaj', 'Dmaj', 'Gmaj', 'Cmaj', 'Dmaj', 'Dmaj', 'Gmaj', 'Cmaj', 'Dmaj', 'Dmaj', 'Gmaj', 'Cmaj', 'Dmaj', 'Dmaj', 'Gmaj', 'Cmaj', 'Amin', 'Amin', 'Gmaj', 'Emin', 'Amin', 'Amin', 'Gmaj', 'Emin', 'Amin', 'Amin', 'Gmaj', 'Emin', 'Amin', 'Amin', 'Gmaj', 'Emin', 'Amin', 'Amin', 'Gmaj', 'Emin', 'Amin', 'Amin', 'Gmaj', 'Emin', 'Amin', 'Amin', 'Gmaj', 'Emin', 'Amin', 'Amin', 'Gmaj', 'Emin', 'Dmaj', 'Dmaj', 'Gmaj', 'Cmaj', 'Dmaj', 'Dmaj', 'Gmaj', 'Cmaj', 'Dmaj', 'Dmaj', 'Gmaj', 'Cmaj', 'Dmaj', 'Dmaj', 'Gmaj', 'Cmaj', 'Dmin7', 'Fmaj', 'Amin7', 'Fmaj', 'Dmin', 'Amin', 'Amin', 'Gmaj', 'Emin', 'Amin', 'Amin', 'Gmaj', 'Emin', 'Amin', 'Amin', 'Gmaj', 'Emin', 'Amin', 'Amin', 'Gmaj', 'Emin', 'Amin', 'Amin', 'Gmaj', 'Emin', 'Amin', 'Amin', 'Gmaj', 'Emin', 'Amin', 'Amin', 'Gmaj', 'Emin', 'Amin', 'Amin', 'Gmaj', 'Emin', 'Amin', 'Amin', 'Gmaj', 'Emin', 'Amin', 'Amin', 'Gmaj', 'Emin', 'Amin', 'Amin', 'Gmaj', 'Emin', 'Amin', 'Amin', 'Gmaj', 'Emin', 'Dmaj', 'Dmaj', 'Gmaj', 'Cmaj', 'Dmaj', 'Dmaj', 'Gmaj', 'Cmaj', 'Dmaj', 'Dmaj', 'Gmaj', 'Cmaj', 'Dmaj', 'Dmaj', 'Gmaj', 'Cmaj', 'Dmaj', 'Dmaj', 'Gmaj', 'Cmaj', 'Dmaj', 'Dmaj', 'Gmaj', 'Cmaj', 'Dmaj', 'Dmaj', 'Gmaj', 'Cmaj', 'Dmaj', 'Dmaj', 'Gmaj', 'Cmaj', 'Dmaj', 'Dmaj', 'Gmaj', 'Cmaj', 'Dmaj', 'Dmaj', 'Gmaj', 'Cmaj']"
0149,"['Amaj', 'A7', 'A', 'Amaj', 'Amaj', 'A7', 'A', 'Amaj', 'Amaj', 'A7', 'A', 'Dmaj', 'Dmaj', 'Amaj', 'Bmin', 'Amaj', 'Emaj', 'Amaj', 'A7', 'A', 'Dmaj', 'Dmaj', 'Amaj', 'Emaj', 'Amaj', 'Emaj', 'Amaj', 'Dmaj', 'Amaj', 'E7', 'Amaj', 'A7', 'Amaj', 'A7', 'A', 'Amaj', 'Dmaj', 'Amaj', 'Bmin', 'Emaj', 'Amaj', 'A7', 'A', 'Dmaj', 'Dmaj', 'Amaj', 'Emaj', 'Amaj', 'Emaj', 'Amaj', 'Dmaj', 'Amaj', 'E7', 'Amaj', 'A7', 'Amaj', 'A7', 'A', 'Dmaj', 'Dmaj', 'Amaj', 'Bmin', 'Emaj', 'Amaj', 'A7', 'A', 'Dmaj', 'Dmaj', 'Amaj', 'E7', 'Amaj', 'Amaj', 'Amaj', 'A7', 'A', 'Dmaj', 'Dmaj', 'Amaj', 'Bmin', 'Emaj', 'Amaj', 'A7', 'A', 'Dmaj', 'Dmaj', 'Amaj', 'Emaj', 'Amaj', 'Emaj', 'Amaj', 'Dmaj', 'Amaj', 'Emaj', 'Amaj', 'Emaj', 'Amaj', 'Dmaj', 'Amaj', 'Emaj', 'Amaj', 'A7', 'A', 'Amaj']"
0150,"['G#min7', 'G#min7', 'F#maj', 'F#maj', 'G#min7', 'G#min7', 'F#maj', 'F#maj', 'G#min7', 'G#min7', 'F#maj', 'F#maj', 'G#min7', 'G#min7', 'F#maj', 'Emaj', 'F#maj', 'F#maj', 'Emaj', 'F#maj', 'F#maj', 'Emaj', 'F#maj', 'Bmaj', 'F#maj', 'Emaj', 'F#maj', 'Bmaj', 'F#maj', 'Emaj', 'F#maj', 'Bmaj', 'F#maj', 'Emaj', 'F#maj', 'Bmaj', 'F#maj', 'Emaj', 'F#maj', 'G#min7', 'G#min7', 'F#maj', 'F#maj', 'G#min7', 'G#min7', 'F#maj', 'F#maj', 'Emaj', 'F#maj', 'F#maj', 'Emaj', 'F#maj', 'F#maj', 'Emaj', 'F#maj', 'Bmaj', 'F#maj', 'Emaj', 'F#maj', 'Bmaj', 'F#maj', 'Emaj', 'F#maj', 'Bmaj', 'F#maj', 'Emaj', 'F#maj', 'Bmaj', 'F#maj', 'Emaj', 'F#maj', 'C#maj', 'G#maj', 'F#maj', 'G#maj', 'C#maj', 'G#maj', 'F#maj', 'G#maj', 'C#maj', 'G#maj', 'F#maj', 'G#maj', 'C#maj', 'G#maj', 'F#maj', 'Bmaj', 'C#maj', 'Bmaj', 'C#maj', 'Amaj', 'Bmaj', 'G#min7', 'C#maj', 'C#maj', 'G#maj', 'F#maj', 'G#maj', 'C#maj', 'G#maj', 'F#maj', 'G#maj', 'C#maj', 'G#maj', 'F#maj', 'G#maj', 'C#maj', 'G#maj', 'F#maj', 'C#maj', 'G#maj', 'F#maj', 'G#maj', 'C#maj', 'G#maj', 'F#maj', 'G#maj', 'C#maj', 'G#maj', 'F#maj', 'G#maj', 'C#maj', 'G#maj', 'F#maj', 'C#maj', 'G#maj', 'F#maj', 'G#maj', 'C#maj', 'G#maj', 'F#maj', 'G#maj', 'C#maj', 'G#maj', 'F#maj', 'G#maj', 'C#maj', 'G#maj', 'F#maj', 'C#maj', 'G#maj', 'F#maj', 'G#maj', 'C#maj', 'G#maj', 'F#maj', 'G#maj']"
0153,"['Dbmaj', 'Db', 'Dbmaj7', 'Db', 'Dbmaj', 'Db', 'Dbmaj7', 'Db', 'Dbmaj', 'Db', 'Dbmaj7', 'Db', 'Dbmaj', 'Db', 'Dbmaj7', 'Db', 'Dbmaj', 'Db', 'Dbmaj7', 'Db', 'Ab7', 'Ab', 'Ab7', 'Ab', 'Ab7', 'Ab', 'Ab7', 'Ab', 'Ab7', 'Ab', 'Ab7', 'Ab', 'Ab7', 'Ab', 'Ab7', 'Ab', 'Dbmaj', 'Db', 'Dbmaj7', 'Db', 'Dbmaj', 'Db', 'Dbmaj7', 'Db', 'Dbmaj', 'Db', 'Dbmaj7', 'Db', 'Dbmaj', 'Db', 'Dbmaj7', 'Db', 'Gbmaj', 'Dbmaj', 'Ebmin', 'Gb', 'Gb', 'Dbmaj', 'Dbmaj', 'Ab7', 'Ab', 'Ab7', 'Ab', 'Dbmaj', 'Db', 'Dbmaj7', 'Db', 'Dbmaj', 'Db', 'Dbmaj7', 'Db', 'Dbmaj', 'Db', 'Dbmaj7', 'Db', 'Dbmaj', 'Db', 'Dbmaj7', 'Db', 'Dbmaj', 'Db', 'Dbmaj7', 'Db', 'Ab7', 'Ab', 'Ab7', 'Ab', 'Ab7', 'Ab', 'Ab7', 'Ab', 'Ab7', 'Ab', 'Ab7', 'Ab', 'Ab7', 'Ab', 'Ab7', 'Ab', 'Dbmaj', 'Db', 'Dbmaj7', 'Db', 'Dbmaj', 'Db', 'Dbmaj7', 'Db', 'Dbmaj', 'Db', 'Dbmaj7', 'Db', 'Dbmaj', 'Db', 'Dbmaj7', 'Db', 'Gbmaj', 'Dbmaj', 'Ebmin', 'Gb', 'Gb', 'Dbmaj', 'Dbmaj', 'Ab7', 'Ab', 'Ab7', 'Ab', 'Dbmaj', 'Db', 'Dbmaj7', 'Db', 'Ab7', 'Ab', 'Ab7', 'Ab', 'Dbmaj', 'Db', 'Dbmaj7', 'Db']"
0154,"['Fmaj', 'Amin', 'Bbmaj', 'Bbmaj', 'Fmaj', 'Cmaj', 'Bbmaj', 'Gmin', 'Bbmaj', 'Dmin', 'Amin', 'Bbmaj', 'Bbmaj', 'Fmaj', 'Amin', 'Bbmaj', 'Bbmaj', 'Fmaj', 'Amin', 'Bbmaj', 'Bbmin', 'Fmaj', 'Bbmaj', 'Fmaj', 'Cmaj', 'Bbmaj', 'Gmin', 'Bbmaj', 'Fmaj', 'Cmaj', 'Bbmaj', 'Gmin', 'Bbmaj', 'Dmin', 'Amin', 'Bbmaj', 'C7', 'Fmaj', 'Amin', 'Bbmaj', 'Bbmaj', 'Fmaj', 'Amin', 'Bbmaj', 'Bbmin', 'Fmaj', 'Dmaj', 'Gmaj', 'Dmaj', 'Cmaj', 'Amin', 'Cmaj', 'Emin', 'Bmin', 'Cmaj', 'D7', 'Cmaj', 'Gmaj', 'Bmin', 'Cmaj', 'Cmaj', 'Gmaj', 'Bmin', 'Cmaj', 'Cmin', 'Gmaj', 'Cmaj', 'Gmaj', 'Bmin', 'Cmaj', 'Cmaj', 'Gmaj', 'Bmin', 'Cmaj', 'Cmaj', 'Gmaj', 'Bmin', 'Cmaj', 'Cmaj']"
0155,"['Dsus4', 'Dsus4', 'Dsus4', 'Dsus4', 'Dsus4', 'Dsus4', 'Dsus4', 'Dsus4', 'Bbmaj', 'Cmaj', 'Dmin', 'Bbmaj', 'Cmaj', 'Dmin', 'Bbmaj', 'Cmaj', 'Dmin', 'Gmin', 'Bbmaj', 'Cmaj', 'Dmin', 'Bbmaj', 'Cmaj', 'Dsus4', 'Dsus4', 'Dsus4', 'Dsus4', 'Bbmaj', 'Cmaj', 'Dmin', 'Bbmaj', 'Cmaj', 'Dmin', 'Bbmaj', 'Cmaj', 'Dmin', 'Gmin', 'Bbmaj', 'Cmaj', 'Dmin', 'Bbmaj', 'Cmaj', 'Dsus4', 'Dsus4', 'Dsus4', 'Dsus4', 'Bbmaj', 'Cmaj', 'Dmin', 'Bbmaj', 'Cmaj', 'Dmin', 'Bbmaj', 'Cmaj', 'Dmin', 'Gmin', 'Bbmaj', 'Cmaj', 'Dmin', 'Bbmaj', 'Cmaj', 'Dsus4', 'Dsus4', 'Dsus4', 'Dsus4', 'Bbmaj', 'Cmaj', 'Dmin', 'Bbmaj', 'Cmaj', 'Dmin', 'Bbmaj', 'Cmaj', 'Dmin', 'Gmin', 'Bbmaj', 'Cmaj', 'Dmin', 'Bbmaj', 'Cmaj', 'Dmin', 'Bbmaj', 'Cmaj', 'Dmin', 'Bbmaj', 'Cmaj', 'Dmin', 'Gmin', 'Bbmaj', 'Cmaj', 'Dmin', 'Bbmaj', 'Cmaj', 'Dmin', 'Bbmaj', 'Cmaj', 'Dmin', 'Bbmaj', 'Cmaj', 'Dmin', 'Gmin', 'Bbmaj', 'Cmaj', 'Dmin', 'Dsus4', 'Dsus4', 'Dsus4', 'Dsus4', 'Dmin7', 'Dmin7', 'Dmin7', 'Dmin7', 'Dmin7', 'Dmin7', 'Dmin7', 'Dmin7', 'Dmin7', 'Dmin7', 'Dmin7', 'Dmin7']"
0157,"['Dbmaj', 'Bbmin', 'Gbmin', 'Abmaj', 'Dbmaj', 'Bbmin', 'Gbmaj', 'Abmaj', 'Dbmaj', 'Bbmin', 'Gbmin', 'Abmaj', 'Dbmaj', 'Bbmin', 'Gbmin', 'Abmaj', 'Dbmaj', 'Bbmin', 'Gbmin', 'Abmaj', 'Dbmaj', 'Bbmin', 'Gbmaj', 'Abmaj', 'Dbmaj', 'Bbmin', 'Gbmin', 'Abmaj', 'Dbmaj', 'Bbmin', 'Gbmin', 'Abmaj', 'Dbmaj', 'Bbmin', 'Gbmin', 'Abmaj', 'Dbmaj', 'Gbmaj', 'Dbmaj', 'Dbmaj', 'Gbmaj', 'Gbmaj', 'Gbmin', 'Gbmin', 'Dbmaj', 'Dbmaj', 'Db7', 'Db7', 'Gbmaj', 'Gbmaj', 'Gbmin', 'Gbmin', 'Ab7', 'Ab7', 'Ab7', 'Ab7', 'Dbmaj', 'Bbmin', 'Gbmin', 'Abmaj', 'Dbmaj', 'Bbmin', 'Gbmin', 'Abmaj', 'Dbmaj', 'Bbmin', 'Gbmin', 'Ab', 'Ab7', 'Dbmaj7', 'Ab7', 'Db', 'Db']"
0158,"['Emaj', 'F#min7', 'Emaj', 'Cmaj', 'Dmaj', 'Emaj', 'Emaj', 'F#min7', 'Emaj', 'Cmaj', 'Dmaj', 'Emaj', 'C#min7', 'Dmaj', 'Bmin', 'Emaj', 'C#min7', 'Dmaj', 'Bmin', 'Emaj', 'C#min7', 'Dmaj', 'Bmin', 'Emaj', 'C#min7', 'Dmaj', 'Bmin', 'Emaj', 'Emaj', 'F#min7', 'Emaj', 'Cmaj', 'Dmaj', 'Emaj', 'Emaj', 'F#min7', 'Emaj', 'Cmaj', 'Dmaj', 'Emaj', 'Emaj', 'F#min7', 'Emaj', 'Cmaj', 'Dmaj', 'Emaj', 'Emaj', 'F#min7', 'Emaj', 'Cmaj', 'Dmaj', 'Emaj', 'C#min7', 'Dmaj', 'Bmin', 'Emaj', 'C#min7', 'Dmaj', 'Bmin', 'Emaj', 'C#min7', 'Dmaj', 'Bmin', 'Emaj', 'C#min7', 'Dmaj', 'Bmin', 'Emaj', 'Emaj', 'F#min7', 'Emaj', 'Cmaj', 'Dmaj', 'Emaj', 'Emaj', 'F#min7', 'Emaj', 'Cmaj', 'Dmaj', 'Emaj', 'Emaj', 'F#min7', 'Emaj', 'Cmaj', 'Dmaj', 'Emaj', 'Emaj', 'F#min7', 'Emaj', 'Cmaj', 'Dmaj', 'Emaj', 'Emaj', 'F#min7', 'Emaj', 'Cmaj', 'Dmaj', 'Emaj', 'Emaj', 'F#min7', 'Emaj', 'Cmaj', 'Dmaj', 'Emaj', 'Emaj', 'F#min7', 'Emaj', 'Cmaj', 'Dmaj', 'Emaj', 'Emaj', 'F#min7', 'Emaj', 'Cmaj', 'Dmaj', 'Emaj', 'Emaj', 'F#min7', 'Emaj', 'Cmaj', 'Dmaj', 'Emaj', 'Emaj', 'F#min7', 'Emaj', 'Cmaj', 'Dmaj', 'Emaj', 'Emaj', 'F#min7', 'Emaj', 'Cmaj']"
0159,"['Emaj', 'Emaj', 'Emaj', 'Amaj', 'Amaj', 'Emaj', 'Emaj', 'Bmaj', 'Cmaj', 'Bmaj', 'Emaj', 'Emaj', 'Emaj', 'Emaj', 'Emaj', 'Emaj', 'Emaj', 'Amaj', 'Amaj', 'Emaj', 'Emaj', 'Bmaj', 'Cmaj', 'Bmaj', 'Emaj', 'Emaj', 'Emaj', 'Emaj', 'Emaj', 'Emaj', 'Emaj', 'Amaj', 'Amaj', 'Emaj', 'Emaj', 'Bmaj', 'Cmaj', 'Bmaj', 'Emaj', 'Emaj', 'Emaj', 'Emaj', 'Emaj', 'Emaj', 'Emaj', 'Amaj', 'Amaj', 'Emaj', 'Emaj', 'Bmaj', 'Cmaj', 'Bmaj', 'Emaj', 'Emaj', 'Bmaj', 'Cmaj', 'Bmaj', 'Emaj', 'Emaj', 'Bmaj', 'Cmaj', 'Bmaj', 'Emaj', 'Emaj']"
0160,"['Amaj', 'E7', 'F#min', 'Amaj', 'E7', 'Amaj', 'E7', 'Amaj', 'Dmaj', 'Amaj', 'E7', 'F#min', 'Amaj', 'E7', 'Amaj', 'E7', 'Amaj', 'Dmaj', 'Amaj', 'E7', 'F#min', 'Amaj', 'E7', 'Amaj', 'E7', 'Amaj', 'Dmaj', 'Amaj', 'E7', 'F#min', 'Amaj', 'E7', 'Amaj', 'E7', 'Amaj', 'Dmaj', 'Amaj', 'E7', 'F#min', 'Amaj']"
0162,"['Gmaj', 'Gmaj', 'Cmaj', 'Gmaj', 'Gmaj', 'Gmaj', 'Cmaj', 'Gmaj', 'Gmaj', 'Cmaj', 'Cmaj', 'Gmaj', 'Gmaj', 'Dmaj', 'Cmaj', 'Gmaj', 'Gmaj', 'Gmaj', 'Cmaj', 'Gmaj', 'Gmaj', 'Gmaj', 'Cmaj', 'Gmaj', 'Gmaj', 'Cmaj', 'Cmaj', 'Gmaj', 'Gmaj', 'Dmaj', 'Cmaj', 'Gmaj', 'Gmaj', 'Gmaj', 'Cmaj', 'Gmaj', 'Gmaj', 'Gmaj', 'Cmaj', 'Gmaj', 'Gmaj', 'Cmaj', 'Cmaj', 'Gmaj', 'Gmaj', 'Dmaj', 'Cmaj', 'Gmaj', 'Gmaj', 'Gmaj', 'Cmaj', 'Gmaj', 'Gmaj', 'Gmaj', 'Cmaj', 'Gmaj', 'Gmaj', 'Cmaj', 'Cmaj', 'Gmaj', 'Gmaj', 'Dmaj', 'Cmaj', 'Gmaj', 'Gmaj', 'Dmaj', 'Cmaj', 'Gmaj', 'Gmaj', 'Gmaj']"
0167,"['Gmaj', 'Gmaj', 'Gmaj', 'Gmaj', 'Gmaj', 'Gmaj', 'Gmaj', 'Gmaj', 'D7', 'D7', 'D7', 'D7', 'D7', 'D7', 'Gmaj', 'Gmaj', 'Cmaj', 'Cmaj', 'Cmaj', 'Cmaj', 'D7', 'D7', 'D7', 'D7', 'D7', 'D7', 'Gmaj', 'Gmaj', 'Cmaj', 'Cmaj', 'Gmaj', 'Gmaj', 'D7', 'D7', 'D7', 'D7', 'D7', 'D7', 'Gmaj', 'Gmaj', 'Gmaj', 'Gmaj', 'Gmaj', 'Dmaj', 'Dmaj', 'Dmaj', 'Dmaj', 'Gmaj', 'Gmaj', 'Cmaj', 'Cmaj', 'Cmaj', 'Cmaj', 'D7', 'D7', 'D7', 'D7', 'D7', 'D7', 'Gmaj', 'Gmaj', 'Cmaj', 'Cmaj', 'Gmaj', 'Gmaj', 'D7', 'D7', 'D7', 'D7', 'D7', 'D7', 'Gmaj', 'Gmaj', 'Cmaj', 'Cmaj', 'Cmaj', 'Cmaj', 'D7', 'D7', 'D7', 'D7', 'D7', 'D7', 'Gmaj', 'Gmaj', 'Cmaj', 'Cmaj', 'Gmaj', 'Gmaj', 'D7', 'D7', 'D7', 'D7', 'D7', 'D7', 'Gmaj', 'Gmaj', 'Gmaj', 'Gmaj', 'Gmaj', 'Gmaj', 'D7', 'D7', 'D7', 'D7', 'D7', 'D7', 'Gmaj', 'Gmaj', 'D7', 'D7', 'D7', 'D7', 'Gmaj', 'Gmaj']"
0168,"['E', 'E', 'E', 'E', 'E', 'E', 'E', 'E', 'E', 'E', 'E', 'E', 'E', 'E', 'E', 'E', 'E', 'E', 'E', 'E', 'E', 'Cmaj', 'Emin', 'Amin7', 'Emin', 'Cmaj', 'Emin', 'Amin7', 'Emin', 'Cmaj', 'Emin', 'Amin7', 'Emin', 'Dmin', 'Fmaj', 'Cmaj', 'Cmaj', 'Dmaj', 'Fmaj', 'Cmaj', 'Dmaj', 'Fmaj', 'Cmaj', 'Cmaj', 'Emin', 'Amin7', 'Emin', 'Cmaj', 'Emin', 'Amin7', 'Emin', 'Dmaj', 'Fmaj', 'Cmaj', 'Cmaj', 'Dmaj', 'Fmaj', 'Cmaj', 'Dmaj', 'Fmaj', 'Cmaj', 'Fmin', 'Emin', 'Fmaj', 'Gmaj', 'Gmaj', 'Cmaj', 'Emin', 'Amin7', 'Emin', 'Cmaj', 'Emin', 'Amin7', 'Emin', 'Dmaj', 'Fmaj', 'Cmaj', 'Cmaj', 'Dmaj', 'Fmaj', 'Cmaj', 'Dmaj', 'Fmaj', 'Cmaj', 'Cmaj', 'Emin', 'Amin7', 'Emin', 'Cmaj', 'Emin', 'Amin7', 'Emin', 'Dmaj', 'Fmaj', 'Cmaj', 'Cmaj', 'Dmaj', 'Fmaj', 'Cmaj', 'Dmaj', 'Fmaj', 'Cmaj', 'Fmin', 'Emin', 'Fmaj', 'Gmaj', 'Gmaj', 'Cmaj', 'Emin', 'Amin7', 'Emin', 'Cmaj', 'Emin', 'Amin7', 'Emin', 'Dmaj', 'Fmaj', 'Cmaj', 'Cmaj', 'Dmaj']"
0169,"['Gmaj', 'Gmaj', 'Gmaj', 'Gmaj', 'D7', 'D7', 'Gmaj', 'Gmaj', 'Emin', 'Emin', 'Cmaj', 'Cmaj', 'D7', 'D7', 'Gmaj', 'Gmaj', 'Emin', 'Emin', 'Cmaj', 'Cmaj', 'D7', 'D7', 'Gmaj', 'Gmaj', 'D7', 'D7', 'G7', 'G7', 'Cmaj', 'Cmaj', 'Gmaj', 'Gmaj', 'D7', 'D7', 'Gmaj', 'Gmaj', 'Cmaj', 'D7', 'Gmaj', 'Gmaj', 'Emin', 'Emin', 'Cmaj', 'Cmaj', 'D7', 'D7', 'Gmaj', 'Gmaj', 'Emin', 'Emin', 'Cmaj', 'Cmaj', 'D7', 'D7', 'Gmaj', 'Gmaj', 'D7', 'D7', 'G7', 'G7', 'Cmaj', 'Cmaj', 'Gmaj', 'Gmaj', 'D7', 'D7', 'Gmaj', 'Gmaj', 'G7', 'G7', 'Cmaj', 'Cmaj', 'Gmaj', 'G7', 'Cmaj', 'Cmaj', 'B7', 'B7', 'Gmaj', 'Gmaj', 'Emin', 'Emin', 'Cmaj', 'Cmaj', 'D7', 'D7', 'Gmaj', 'Gmaj', 'Emin', 'Emin', 'Cmaj', 'Cmaj', 'D7', 'D7', 'Gmaj', 'Gmaj', 'D7', 'D7', 'G7', 'G7', 'Cmaj', 'Cmaj', 'Gmaj', 'Gmaj', 'D7', 'D7', 'Gmaj', 'Gmaj', 'Cmaj', 'D7', 'Gmaj', 'Gmaj', 'Cmaj', 'D7']"
0170,"['Bmin', 'Bmin', 'B5', 'B5', 'F#5', 'F#5', 'C#5', 'C#5', 'B5', 'B5', 'Bmin', 'Bmin', 'Emin', 'Emin', 'F#min', 'F#min', 'Bmin', 'Bmin', 'Bmin', 'Bmin', 'Emin', 'Emin', 'F#min', 'F#min', 'Bmin', 'Bmin', 'Bmin', 'Bmin', 'Asus4', 'Asus4', 'Gsus4', 'Gsus4', 'F#sus4', 'F#sus4', 'G5', 'E5', 'B5', 'B5', 'G5', 'E5', 'B5', 'B5', 'Bmin', 'Bmin', 'Emin', 'Emin', 'F#min', 'F#min', 'Bmin', 'Bmin', 'Bmin', 'Bmin', 'Emin', 'Emin', 'F#min', 'F#min', 'Bmin', 'Bmin', 'Bmin', 'Bmin', 'Asus4', 'Asus4', 'Gsus4', 'Gsus4', 'F#sus4', 'F#sus4', 'G5', 'E5', 'B5', 'B5', 'G5', 'E5', 'B5', 'E5', 'E5', 'Bmin', 'Bmin', 'Bmin', 'Bmin', 'Bmin', 'Bmin', 'Bmin', 'Bmin', 'Bmin', 'Bmin', 'Bmin', 'Bmin', 'Bmin', 'Bmin', 'Bmin', 'Bmin', 'Bmin', 'Bmin', 'Bmin', 'Bmin', 'Bmin', 'Bmin', 'Bmin', 'Bmin', 'Bmin', 'Bmin', 'Bmin', 'Bmin', 'Bmin', 'Bmin', 'Asus4', 'Asus4', 'Gsus4', 'Gsus4', 'F#sus4', 'F#sus4', 'Bmin', 'Bmin', 'Asus4', 'Asus4', 'Gsus4', 'Gsus4', 'F#sus4', 'F#sus4', 'G5', 'E5', 'B5', 'B5', 'G5', 'E5', 'B5', 'B5', 'G5', 'E5', 'B5', 'B5', 'G5', 'E5', 'B5', 'B5', 'G5', 'E5', 'B5', 'B5']"
0172,"['Amaj', 'E7', 'F#min', 'Amaj', 'E7', 'Amaj', 'E7', 'Amaj', 'Dmaj', 'Amaj', 'E7', 'F#min', 'Amaj', 'E7', 'Amaj', 'E7', 'Amaj', 'Dmaj', 'Amaj', 'E7', 'F#min', 'Amaj', 'E7', 'Amaj', 'E7', 'Amaj', 'Dmaj', 'Amaj', 'E7', 'F#min', 'Amaj', 'E7', 'Amaj', 'E7', 'Amaj', 'Dmaj', 'Amaj', 'E7', 'F#min', 'Amaj']"
0176,"['Amin', 'Amin', 'Amin', 'Fmaj7', 'E7', 'Amin', 'Amin', 'Amin', 'Fmaj7', 'E7', 'Amin', 'Amin', 'Amin', 'Fmaj7', 'E7', 'Amin', 'Amin', 'Amin', 'Fmaj7', 'E7', 'Amin', 'Amin', 'Amin', 'Fmaj7', 'E7', 'Amin', 'Amin', 'Amin', 'Fmaj7', 'E7', 'Amin', 'Amin', 'Amin', 'Fmaj7', 'E7', 'Amin', 'Amin', 'Amin', 'Fmaj7', 'E7', 'Fmaj', 'Fmaj', 'Cmaj', 'Cmaj', 'Gmaj', 'Gmaj', 'Fmaj', 'Fmaj', 'Amin', 'Amin', 'Amin', 'Fmaj7', 'E7', 'Amin', 'Amin', 'Amin', 'Fmaj7', 'E7', 'Amin', 'Amin', 'Amin', 'Fmaj7', 'E7', 'Amin', 'Amin', 'Amin', 'Fmaj7', 'E7', 'Amin', 'Amin', 'Amin', 'Fmaj7', 'E7', 'Amin', 'Amin', 'Amin', 'Fmaj7', 'E7', 'Fmaj', 'Fmaj', 'Cmaj', 'Cmaj', 'Gmaj', 'Gmaj', 'Fmaj', 'Fmaj', 'Amin', 'Amin', 'Amin', 'Fmaj7', 'E7', 'Amin', 'Amin', 'Amin', 'Fmaj7', 'E7', 'Amin', 'Amin', 'Amin', 'Fmaj7', 'E7', 'Amin', 'Amin', 'Amin', 'Fmaj7', 'E7', 'Amin', 'Amin', 'Amin', 'Fmaj7', 'E7', 'Amin', 'Amin', 'Amin', 'Fmaj7', 'E7', 'Amin', 'Amin', 'Amin', 'Fmaj7', 'E7', 'Amin', 'Amin', 'Amin', 'Fmaj7', 'E7', 'Amin', 'Amin', 'Amin', 'Fmaj7', 'E7', 'Amin', 'Amin', 'Amin', 'Fmaj7', 'E7', 'Amin', 'Amin', 'Amin', 'Fmaj7', 'E7', 'Amin', 'Amin', 'Amin', 'Fmaj7', 'E7', 'Amin', 'Amin', 'Amin', 'Fmaj7', 'E7', 'Amin', 'Amin', 'Amin', 'Fmaj7', 'E7', 'Amin', 'Amin', 'Amin', 'Fmaj7', 'E7', 'Amin', 'Amin', 'Amin', 'Fmaj7', 'E7', 'Amin', 'Amin', 'Amin', 'Fmaj7', 'E7', 'Amin', 'Amin', 'Amin', 'Fmaj7', 'E7', 'Amin', 'Amin', 'Amin', 'Fmaj7', 'E7', 'Amin', 'Amin', 'Amin', 'Fmaj7', 'E7', 'Fmaj', 'Fmaj', 'Cmaj', 'Cmaj', 'Gmaj', 'Gmaj', 'Fmaj', 'Fmaj', 'Amin', 'Amin', 'Amin', 'Fmaj7', 'E7', 'Amin', 'Amin', 'Amin', 'Fmaj7', 'E7', 'Dmin', 'Cmin', 'B7', 'G7', 'Bmaj', 'Bmaj', 'Bmaj']"
0177,"['Esus4', 'Emaj', 'Emaj', 'Absus4', 'Abmaj', 'Absus2', 'Abmaj', 'Ab', 'Gb', 'F', 'Eb', 'Dbmaj', 'Fmin7', 'Gbmaj', 'Gbmaj', 'Dbmaj', 'Fmin7', 'Gbmaj', 'Gbmaj', 'Dbmaj', 'Fmin7', 'Gbmaj', 'Gbmaj', 'A7', 'Ab7', 'A7', 'Ab7', 'A7', 'Ab7', 'Amaj', 'Ab', 'Gb', 'F', 'Eb', 'Dbmaj', 'Fmin7', 'Gbmaj', 'Gbmaj', 'Dbmaj', 'Fmin7', 'Gbmaj', 'Gbmaj', 'Dbmaj', 'Fmin7', 'Gbmaj', 'Gbmaj', 'A7', 'Ab7', 'A7', 'Ab7', 'A7', 'Ab7', 'Amaj', 'Ab', 'Gb', 'F', 'Eb', 'Dbmaj', 'Fmin7', 'Gbmaj', 'Gbmaj', 'Dbmaj', 'Fmin7', 'Gbmaj', 'Gbmaj', 'Dbmaj', 'Fmin7', 'Gbmaj', 'Gbmaj', 'A7', 'Ab7', 'A7', 'Ab7', 'A7', 'Ab7', 'Amaj', 'Ab', 'Gb', 'F', 'Eb', 'Esus4', 'Emaj', 'Emaj', 'F#sus4', 'F#maj', 'F#maj', 'Bbsus4', 'Bbmaj', 'Bbsus4', 'Bbmaj', 'Ebmaj', 'Gmin7', 'Abmaj', 'Abmaj', 'Ebmaj', 'Gmin7', 'Abmaj', 'Abmaj', 'Ebmaj', 'Gmin7', 'Abmaj', 'Abmaj', 'Ebmaj', 'Gmin7', 'Abmaj', 'Abmaj', 'Ebmaj', 'Gmin7', 'Abmaj', 'Abmaj', 'Ebmaj', 'Gmin7', 'Abmaj', 'Abmaj', 'Ebmaj', 'Gmin7', 'Abmaj', 'Abmaj', 'Ebmaj', 'Gmin7', 'Abmaj', 'Abmaj', 'Ebmaj', 'Gmin7', 'Abmaj', 'Abmaj', 'Ebmaj', 'Gmin7', 'Abmaj', 'Abmaj', 'Ebmaj', 'Gmin7', 'Abmaj', 'Abmaj', 'Ebmaj', 'Gmin7', 'Abmaj', 'Abmaj', 'Ebmaj', 'Gmin7', 'Abmaj', 'Abmaj', 'Ebmaj', 'Gmin7', 'Abmaj', 'Abmaj', 'Ebmaj', 'Gmin7', 'Abmaj', 'Abmaj', 'Ebmaj', 'Gmin7', 'Abmaj', 'Abmaj']"
0179,"['Abmaj', 'Abmaj', 'Abmaj', 'Abmaj', 'Abmaj', 'Abmaj', 'Abmaj', 'Abmaj', 'Abmaj', 'Abmaj', 'Abmaj', 'Abmaj', 'Dbmaj', 'Dbmaj', 'Abmaj', 'Abmaj', 'Ebmaj', 'Dbmaj', 'Abmaj', 'Abmaj', 'Abmaj', 'Abmaj', 'Abmaj', 'Abmaj', 'Abmaj', 'Abmaj', 'Abmaj', 'Abmaj', 'Abmaj', 'Abmaj', 'Abmaj', 'Abmaj', 'Abmaj', 'Abmaj', 'Abmaj', 'Abmaj', 'Abmaj', 'Abmaj', 'Abmaj', 'Abmaj', 'Abmaj', 'Abmaj', 'Dbmaj', 'Dbmaj', 'Abmaj', 'Abmaj', 'Ebmaj', 'Dbmaj', 'Abmaj', 'Abmaj', 'Abmaj', 'Abmaj', 'Abmaj', 'Abmaj', 'Abmaj', 'Abmaj', 'Abmaj', 'Abmaj', 'Abmaj', 'Abmaj', 'Abmaj', 'Abmaj', 'Abmaj', 'Abmaj', 'Abmaj', 'Abmaj', 'Dbmaj', 'Dbmaj', 'Abmaj', 'Abmaj', 'Dmaj', 'Dbmaj', 'Abmaj', 'Abmaj', 'Abmaj', 'Abmaj', 'Abmaj', 'Abmaj', 'Abmaj', 'Abmaj', 'Abmaj', 'Abmaj', 'Abmaj', 'Abmaj', 'Abmaj', 'Abmaj', 'Abmaj', 'Abmaj', 'Abmaj', 'Abmaj']"
0180,"['Bmaj7', 'Bmaj7', 'Gmaj9', 'Gmaj9', 'Bmaj7', 'Bmaj7', 'Gmaj9', 'Gmaj9', 'Bmaj7', 'Bmaj7', 'Bmin7', 'Bmin7', 'Emaj7', 'Emaj7', 'Emin7', 'Emin7', 'Bmaj7', 'Bmaj7', 'Bmin7', 'Bmin7', 'Emaj7', 'Emaj7', 'Emin7', 'Emin7', 'Bmaj7', 'Bmaj7', 'Gmaj9', 'Gmaj9', 'Bmaj7', 'Bmaj7', 'Bmin7', 'Bmin7', 'Emaj7', 'Emaj7', 'Emin7', 'Emin7', 'Bmaj7', 'Bmaj7', 'Bmin7', 'Bmin7', 'Emaj7', 'Emaj7', 'Emin7', 'Emin7', 'Bmaj7', 'Bmaj7', 'Gmaj9', 'Gmaj9', 'Bmaj7', 'Bmaj7', 'Bmin7', 'Bmin7', 'Emaj7', 'Emaj7', 'Emin7', 'Emin7', 'Bmaj7', 'Bmaj7', 'Bmin7', 'Bmin7', 'Emaj7', 'Emaj7', 'Emin7', 'Emin7', 'Bmaj7', 'Bmaj7', 'Bmin7', 'Bmin7', 'Emaj7', 'Emaj7', 'Bmaj7', 'Bmaj7', 'Emaj', 'Emaj', 'F#sus4', 'F#sus4', 'F#sus4', 'F#sus4', 'Bmaj7', 'Bmaj7', 'Gmaj9', 'Gmaj9', 'Bmaj7', 'Bmaj7', 'Gmaj9', 'Gmaj9', 'Bmaj7']"
0181,"['Dmaj', 'Dmaj', 'Dmaj', 'Dmaj', 'D', 'C#', 'C', 'B', 'Bb', 'D', 'C#', 'C', 'B', 'B', 'Gmaj', 'Dmaj', 'Emin', 'Dmaj', 'Gmaj', 'Dmaj', 'Dmaj', 'D', 'C#', 'C', 'B', 'Bb', 'D', 'C#', 'C', 'B', 'B', 'Gmaj', 'Dmaj', 'Emin', 'Dmaj', 'Gmaj', 'Dmaj', 'Dmaj', 'F#min', 'Bmin', 'Bmin', 'Gmaj', 'Amaj', 'Dmaj', 'Dmaj', 'Dmaj', 'Gmaj', 'Dmaj', 'F#min', 'Bmin', 'Bmin', 'Gmaj', 'Amaj', 'Dmaj', 'Dmaj', 'Dmaj', 'Dmaj', 'D', 'C#', 'C', 'B', 'Bb', 'D', 'C#', 'C', 'B', 'B', 'Gmaj', 'Dmaj', 'Emin', 'Dmaj', 'Gmaj', 'Dmaj', 'Dmaj', 'F#min', 'Bmin', 'Bmin', 'Gmaj', 'Amaj', 'Dmaj', 'Dmaj', 'Dmaj', 'Gmaj', 'Dmaj', 'Dmaj']"
0182,"['Dmaj', 'Dsus4', 'Dmaj', 'Dsus4', 'Gmaj', 'Amaj', 'Bmin', 'Gmaj', 'Dmaj', 'F#min', 'Bmin', 'Amaj', 'Gmaj', 'F#min', 'Emin', 'Gmaj', 'Amaj', 'Amaj', 'Amaj', 'Amaj', 'Gmaj', 'Amaj', 'Bmin', 'Gmaj', 'Dmaj', 'F#min', 'Bmin', 'Amaj', 'Gmaj', 'F#min', 'Emin', 'Amaj', 'Dmaj', 'Dsus4', 'Dmaj', 'Dsus4', 'Gmaj', 'Amaj', 'Bmin', 'Gmaj', 'Dmaj', 'F#min', 'Bmin', 'Amaj', 'Gmaj', 'F#min', 'Emin', 'Gmaj', 'Amaj', 'Amaj', 'Amaj', 'Amaj', 'Gmaj', 'Amaj', 'Bmin', 'Gmaj', 'Dmaj', 'F#min', 'Bmin', 'Amaj', 'Gmaj', 'F#min', 'Emin', 'Amaj', 'Dmaj', 'Dsus4', 'Dmaj', 'Dsus4', 'Gmaj', 'Amaj', 'Bmin', 'Gmaj', 'Dmaj', 'F#min', 'Bmin', 'Amaj', 'Gmaj', 'F#min', 'Emin', 'Gmaj', 'Amaj', 'Amaj', 'Amaj', 'Amaj', 'Gmaj', 'Amaj', 'Bmin', 'Gmaj', 'Dmaj', 'F#min', 'Bmin', 'Amaj', 'Gmaj', 'F#min', 'Emin', 'Amaj', 'Dmaj', 'Dsus4', 'Dmaj', 'Dsus4', 'Gmaj', 'Amaj', 'Bmin', 'Gmaj', 'Dmaj', 'F#min', 'Bmin', 'Amaj', 'Gmaj', 'F#min', 'Emin', 'Gmaj', 'Amaj', 'Amaj', 'Amaj', 'Amaj', 'Gmaj', 'Amaj', 'Bmin', 'Bmin', 'Dmaj', 'F#min', 'Bmin', 'Amaj', 'Gmaj', 'F#min', 'Emin', 'Amaj', 'Dmaj', 'Dsus4', 'Dmaj', 'Dsus4', 'Dmaj', 'Dsus4', 'Dmaj', 'Dsus4', 'Dmaj']"
0183,"['Amaj', 'Dmaj', 'Amaj', 'Dmaj', 'Amaj', 'Dmaj', 'Amaj', 'Amaj', 'Emaj', 'Emaj', 'Dmaj', 'Emaj', 'E7', 'Amaj', 'Dmaj', 'Amaj', 'Dmaj', 'Amaj', 'Dmaj', 'Amaj', 'C#min', 'C#min', 'C#min', 'C#min', 'Emaj', 'Dmaj', 'Emaj', 'Amaj', 'Dmaj', 'Amaj', 'Amaj', 'Dmaj', 'Amaj', 'Amaj', 'Emaj', 'Emaj', 'Emaj', 'Dmaj', 'Emaj', 'Amaj', 'Amaj', 'Amaj', 'Dmaj', 'Amaj', 'C#min', 'C#min', 'C#min', 'C#min', 'Emaj', 'Dmaj', 'Emaj', 'Amaj', 'Dmaj', 'Amaj', 'Dmaj', 'Dmaj', 'Amaj', 'Amaj', 'Emaj', 'Dmaj', 'Emaj', 'Amaj', 'Amaj', 'Dmaj', 'Dmaj', 'Amaj', 'A', 'Amaj7', 'A', 'Emaj', 'Dmaj', 'Emaj', 'Amaj', 'Amaj', 'Emaj', 'Dmaj', 'Emaj', 'Amaj', 'Dmaj', 'Amaj', 'Amaj', 'Dmaj', 'Amaj', 'Amaj', 'Emaj', 'Emaj', 'Emaj', 'Dmaj', 'Emaj', 'Amaj', 'Dmaj', 'Amaj', 'Amaj', 'Dmaj', 'Amaj', 'C#min', 'C#min', 'C#min', 'C#min', 'Emaj', 'Dmaj', 'Emaj', 'Amaj', 'Dmaj', 'Amaj', 'Dmaj', 'Dmaj', 'Amaj', 'A', 'Amaj7', 'A', 'Emaj', 'Dmaj', 'Emaj', 'Amaj', 'Amaj', 'Dmaj', 'Dmaj', 'Amaj', 'A', 'Amaj7', 'A', 'Emaj', 'Dmaj', 'Emaj', 'Amaj', 'Amaj', 'Emaj', 'Dmaj', 'Emaj', 'Amaj', 'Dmaj', 'Amaj', 'Emaj', 'Dmaj', 'Emaj', 'Amaj', 'Dmaj', 'Dmaj', 'Amaj', 'Amaj', 'Dmaj', 'Dmaj', 'Amaj', 'Amaj', 'Dmaj', 'Dmaj', 'Amaj', 'Amaj', 'Dmaj', 'Dmaj', 'Amaj', 'Amaj']"
0184,"['Gmaj', 'Dmaj', 'Emin', 'D', 'Cmaj', 'Dmaj', 'Gmaj', 'Dmaj', 'Emin', 'D', 'Cmaj', 'Dmaj', 'Gmaj', 'Dmaj', 'Emin', 'D', 'Cmaj', 'Dmaj', 'Cmaj', 'Dmaj', 'Cmaj', 'Dmaj', 'Gmaj', 'Dmaj', 'Emin', 'D', 'Cmaj', 'Dmaj', 'Gmaj', 'Dmaj', 'Emin', 'D', 'Amaj', 'Cmaj', 'Gmaj', 'Cmaj', 'Gmaj', 'Amin', 'Gmaj', 'Dmaj', 'Gmaj', 'Cmaj', 'Dmaj', 'Bbmaj', 'Cmaj', 'Gmaj', 'Dmaj', 'Emin', 'D', 'Cmaj', 'Dmaj', 'Gmaj', 'Dmaj', 'Emin', 'D', 'Amaj', 'Cmaj', 'Gmaj', 'Cmaj', 'Gmaj', 'Amin', 'Gmaj', 'Dmaj', 'Gmaj', 'Cmaj', 'Dmaj', 'Bbmaj', 'Cmaj', 'Gmaj', 'Dmaj', 'Emin', 'Dmaj', 'Cmaj', 'Gmaj', 'Amin', 'Dmaj', 'Gmaj', 'Dmaj', 'Emin', 'Dmaj', 'Cmaj', 'Gmaj', 'Amin', 'Dmaj', 'Gmaj', 'Dmaj', 'Emin', 'D', 'Cmaj', 'Dmaj', 'Gmaj', 'Dmaj', 'Emin', 'D', 'Cmaj', 'Dmaj', 'Cmaj', 'Gmaj', 'Cmaj', 'Gmaj', 'Amin', 'Gmaj', 'Dmaj', 'Gmaj', 'Cmaj', 'Dmaj', 'Bbmaj', 'Cmaj', 'Gmaj', 'Dmaj', 'Emin', 'Dmaj', 'Cmaj', 'Gmaj', 'Amin', 'Dmaj', 'Gmaj', 'Dmaj', 'Emin', 'Dmaj', 'Cmaj', 'Gmaj', 'Amin', 'Dmaj', 'Dmaj', 'Gmaj', 'Cmaj', 'Dmaj', 'Gmaj', 'Dmaj', 'Gmaj', 'Cmaj', 'Dmaj', 'Gmaj', 'Dmaj', 'Gmaj', 'Cmaj', 'Dmaj', 'Bbmaj', 'Cmaj', 'Gmaj', 'Dmaj', 'Emin', 'D', 'Cmaj', 'Dmaj', 'Gmaj', 'Dmaj', 'Emin', 'D', 'Cmaj', 'Dmaj', 'Gmaj', 'Dmaj', 'Emin', 'D', 'Cmaj', 'Dmaj', 'Gmaj', 'Dmaj', 'Emin', 'D', 'Cmaj', 'Dmaj', 'Gmaj', 'Dmaj', 'Emin', 'D', 'Cmaj', 'Dmaj', 'Gmaj', 'Dmaj', 'Emin', 'D', 'Cmaj', 'Dmaj', 'Gmaj', 'Dmaj', 'Emin', 'D', 'Cmaj', 'Dmaj']"
0185,"['Gmaj', 'G7', 'D7', 'D7', 'D7', 'D7', 'Gmaj', 'Cmaj', 'Gmaj', 'Gmaj', 'G7', 'D7', 'D7', 'D7', 'D7', 'Gmaj', 'Cmaj', 'Gmaj', 'G7', 'G', 'Gmaj', 'Cmaj', 'Cmin', 'Gmaj', 'G7', 'Cmaj', 'Cmin', 'A7', 'D7', 'D7', 'Gmaj', 'G7', 'D7', 'D7', 'D7', 'D7', 'Gmaj', 'Cmaj', 'Gmaj', 'G7', 'G', 'Gmaj', 'Cmaj', 'Cmin', 'Gmaj', 'G7', 'Cmaj', 'Cmin', 'A7', 'D7', 'D7', 'Gmaj', 'G7', 'D7', 'D7', 'D7', 'D7', 'Gmaj', 'D7', 'Gmaj', 'D7', 'Gmaj']"
0187,"['Bmaj', 'Bmaj', 'Emaj', 'Bmaj', 'Emaj', 'Bmaj', 'F#maj', 'F#maj', 'Emaj', 'Bmaj', 'Emaj', 'Bmaj', 'F#maj', 'F#maj', 'Emaj', 'Bmaj', 'Emaj', 'Bmaj', 'F#maj', 'F#maj', 'Emaj', 'Bmaj', 'Emaj', 'Bmaj', 'F#maj', 'F#maj', 'Fmaj', 'Cmaj', 'Fmaj', 'Cmaj', 'Fmaj', 'Cmaj', 'Gmaj', 'Fmaj', 'Cmaj', 'Fmaj', 'Cmaj', 'Fmaj', 'Cmaj', 'Gmaj', 'Emaj', 'Bmaj', 'Emaj', 'Bmaj', 'F#maj', 'F#maj', 'Emaj', 'Bmaj', 'Emaj', 'Bmaj', 'F#maj', 'F#maj', 'Fmaj', 'Cmaj', 'Fmaj', 'Cmaj', 'Fmaj', 'Cmaj', 'Gmaj', 'Fmaj', 'Cmaj', 'Fmaj', 'Cmaj', 'Fmaj', 'Cmaj', 'Gmaj', 'F#min', 'C#min', 'Amaj', 'Bmin', 'F#min', 'C#min', 'Amaj', 'Bmin', 'F#min', 'C#min', 'Amaj', 'Bmin', 'Amaj', 'Bmin', 'Cmaj', 'Gmaj', 'Cmaj', 'Gmaj', 'Cmaj', 'Gmaj', 'Gmaj', 'Dmaj', 'Cmaj', 'Gmaj', 'Cmaj', 'Gmaj', 'Cmaj', 'Gmaj', 'Gmaj', 'Dmaj', 'Emaj', 'Bmaj', 'Emaj', 'Bmaj', 'F#maj', 'F#maj', 'Emaj', 'Bmaj', 'Emaj', 'Bmaj', 'F#maj', 'F#maj', 'Fmaj', 'Cmaj', 'Fmaj', 'Cmaj', 'Fmaj', 'Cmaj', 'Gmaj', 'Fmaj', 'Cmaj', 'Fmaj', 'Cmaj', 'Fmaj', 'Cmaj', 'Gmaj', 'Fmaj', 'Cmaj', 'Fmaj', 'Cmaj', 'Fmaj', 'Cmaj', 'Gmaj', 'Fmaj', 'Cmaj', 'Fmaj', 'Cmaj', 'Fmaj', 'Cmaj', 'Gmaj', 'Emaj', 'Bmaj', 'Emaj', 'Bmaj', 'F#maj', 'F#maj', 'Emaj', 'Bmaj', 'Emaj', 'Bmaj', 'F#maj', 'F#maj', 'Emaj', 'Bmaj', 'Emaj', 'Bmaj', 'F#maj', 'F#maj', 'Emaj', 'Bmaj', 'Emaj', 'Bmaj', 'F#maj', 'F#maj', 'Emaj', 'Bmaj']"
0188,"['Amaj', 'Amaj', 'Amaj', 'Amaj', 'Gmaj', 'Dmaj', 'Amaj', 'Amaj', 'Amaj', 'Amaj', 'Amaj', 'Amaj', 'F#min', 'F#min', 'F#min', 'F#min7', 'Dmaj', 'Dmaj', 'Dmaj', 'Dmaj', 'Amaj', 'Amaj', 'Amaj', 'Amaj', 'F#min', 'F#min', 'F#min', 'F#min7', 'Dmaj', 'Dmaj', 'Dmaj', 'Dmaj', 'Amaj', 'Amaj', 'Amaj', 'Amaj', 'F#min', 'B7', 'Gmaj', 'Amaj', 'Amaj', 'F#min', 'Bmaj', 'Gmaj', 'Gmaj', 'F#min', 'F#min', 'Amaj', 'Amaj', 'Emaj', 'Emaj', 'F#min', 'F#min', 'Dmaj', 'Dmaj', 'Amaj', 'Amaj', 'Emaj', 'Emaj', 'F#min', 'F#min', 'Dmaj', 'Dmaj', 'Amaj', 'Amaj', 'Amaj', 'Amaj', 'F#min', 'F#min', 'F#min', 'F#min7', 'Dmaj', 'Dmaj', 'Dmaj', 'Dmaj', 'Amaj', 'Amaj', 'Amaj', 'Amaj', 'F#min', 'B7', 'Gmaj', 'Amaj', 'Amaj', 'F#min', 'Bmaj', 'Gmaj', 'Gmaj', 'F#min', 'F#min', 'Amaj', 'Amaj', 'Emaj', 'Emaj', 'F#min', 'F#min', 'Dmaj', 'Dmaj', 'Amaj', 'Amaj', 'Emaj', 'Emaj', 'F#min', 'F#min', 'Dmaj', 'Dmaj', 'Amaj', 'Amaj', 'Emaj', 'Emaj', 'F#min', 'F#min', 'Dmaj', 'Dmaj', 'Amaj', 'Amaj', 'Emaj', 'Emaj', 'F#min', 'F#min', 'Dmaj', 'Dmaj', 'Amaj', 'Amaj', 'Emaj', 'Emaj', 'F#min', 'F#min', 'Dmaj', 'Dmaj', 'Amaj', 'Amaj', 'Amaj', 'Amaj', 'F#min', 'F#min', 'F#min', 'F#min7', 'Dmaj', 'Dmaj', 'Dmaj', 'Dmaj', 'Amaj', 'Amaj', 'Amaj', 'Amaj', 'Amaj', 'Amaj', 'Amaj', 'Amaj', 'Amaj', 'Gmaj', 'Dmaj', 'Amaj', 'Amaj']"
0190,"['Fmaj7', 'Fmaj7', 'Dmin7', 'Gsus4', 'Cmaj', 'Cmaj', 'Fmaj7', 'Fmaj7', 'Gsus4', 'Gsus4', 'Fmaj7', 'Fmaj7', 'Gsus4', 'G7', 'Cmaj7', 'Cmaj7', 'Cmin7', 'Cmin7', 'Cmaj7', 'Cmaj7', 'Cmin7', 'Cmin7', 'Cmaj7', 'Cmaj7', 'Cmin7', 'C7', 'Fmaj7', 'Fmaj7', 'Dmin7', 'Gsus4', 'Cmaj', 'Cmaj', 'Cmin7', 'Cmin7', 'Dmaj', 'Dbmaj7', 'Cmaj', 'Cmaj', 'Fmaj7', 'Fmaj7', 'Gsus4', 'Gsus4', 'Fmaj7', 'Fmaj7', 'Gsus4', 'G7', 'Cmaj7', 'Cmaj7', 'Cmin7', 'Cmin7', 'Cmaj7', 'Cmaj7', 'Cmin7', 'Cmin7', 'Cmaj7', 'Cmaj7', 'Cmin7', 'C7', 'Fmaj7', 'Fmaj7', 'Dmin7', 'Gsus4', 'Cmaj', 'Cmaj', 'Cmin7', 'Cmin7', 'Dmaj', 'Dbmaj7', 'Cmaj', 'Cmaj', 'Cmaj', 'Cmaj', 'Cmin7', 'Cmin7', 'Dmaj', 'Dbmaj7', 'Cmaj', 'Cmaj', 'Fmaj7', 'Fmaj7', 'Dmin7', 'Gsus4', 'Cmaj', 'Cmaj', 'Cmin7', 'Cmin7', 'Dmaj', 'Dbmaj7', 'Cmaj', 'Cmaj', 'Cmaj', 'Cmaj', 'Cmin7', 'Cmin7']"
0191,"['Bbmaj', 'Fmaj', 'Cmaj', 'Fmaj', 'Bbmaj', 'Fmaj', 'Cmaj', 'Fmaj', 'Bbmaj', 'Fmaj', 'Cmaj', 'Fmaj', 'Bbmaj', 'Fmaj', 'Cmaj', 'Fmaj', 'Cmaj', 'Fmaj', 'Cmaj', 'Fmaj', 'Cmaj', 'Dmin', 'Amin', 'Bbmaj', 'Fmaj', 'Fmaj', 'Cmaj', 'Dmin', 'Amin', 'Bbmaj', 'Fmaj', 'Bbmaj', 'Fmaj', 'Cmaj', 'Fmaj', 'Bbmaj', 'Fmaj', 'Cmaj', 'Fmaj', 'Bbmaj', 'Fmaj', 'Cmaj', 'Fmaj', 'Bbmaj', 'Fmaj', 'Cmaj', 'Fmaj', 'Cmaj', 'Fmaj', 'Cmaj', 'Fmaj', 'Cmaj', 'Dmin', 'Amin', 'Bbmaj', 'Fmaj', 'Fmaj', 'Cmaj', 'Dmin', 'Amin', 'Bbmaj', 'Fmaj', 'Bbmaj', 'Fmaj', 'Cmaj', 'Fmaj', 'Bbmaj', 'Fmaj', 'Cmaj', 'Fmaj', 'Bbmaj', 'Fmaj', 'Cmaj', 'Fmaj', 'Bbmaj', 'Fmaj', 'Cmaj', 'Fmaj', 'Cmaj', 'Fmaj', 'Cmaj', 'Fmaj', 'Abmaj', 'Dbmaj', 'Cmaj', 'Bbmaj', 'Fmaj', 'Cmaj', 'Fmaj', 'Bbmaj', 'Fmaj', 'Cmaj', 'Fmaj', 'Bbmaj', 'Fmaj', 'Cmaj', 'Fmaj', 'Bbmaj', 'Fmaj', 'Cmaj', 'Fmaj', 'Cmaj', 'Fmaj', 'Cmaj', 'Fmaj', 'Cmaj', 'Fmaj', 'Cmaj', 'Fmaj', 'Cmaj', 'Fmaj', 'Cmaj', 'Fmaj', 'Cmaj', 'Fmaj', 'Cmaj', 'Fmaj', 'Cmaj']"
0192,"['Cmaj', 'Amin', 'Dmin7', 'G7', 'Cmaj', 'A7', 'Dmin7', 'G', 'Cmaj7', 'Baug', 'Cmaj', 'Ebdim', 'Ebdim', 'Fmaj7', 'Fmaj7', 'D7', 'Dsus4', 'D', 'D7', 'Bbmaj', 'Bbmin', 'Fmaj', 'C', 'D7', 'G', 'G', 'F#7', 'G7', 'G7', 'Cmaj7', 'Baug', 'Cmaj', 'Ebdim', 'Ebdim', 'Fmaj7', 'Fmaj7', 'D7', 'Dsus4', 'D', 'D7', 'Bbmaj', 'Bbmin', 'Fmaj', 'C', 'D7', 'G', 'Csus4', 'C7', 'Fmaj7', 'D', 'G7', 'C7', 'Fmaj', 'Fmaj']"
0193,"['Fmaj', 'Ebmaj', 'Dmaj', 'Ebmaj', 'Dmaj', 'Cmin7', 'Cmin7', 'Bbmaj', 'Ebmaj', 'Fmaj', 'Gmin7', 'Gmin7', 'Gmin7', 'Gmin7', 'Gmin7', 'Fmaj', 'Ebmaj7', 'D7', 'Ebmaj7', 'Fmaj', 'Gmin7', 'Gmin7', 'Cmin7', 'F7', 'Bbmaj7', 'Gmin7', 'Cmin7', 'D7', 'Gmin', 'Cmin7', 'F7', 'Bbmaj7', 'Gmin7', 'Cmin7', 'D7', 'Gmin7', 'Gmin7', 'Gmin7', 'Gmin7', 'Gmin7', 'Gmin7', 'Gmin7', 'Gmin7', 'Fmaj', 'Ebmaj', 'Dmaj', 'Ebmaj', 'Dmaj', 'Cmin7', 'Cmin7', 'Bbmaj', 'Ebmaj', 'Fmaj', 'Gmin7', 'Gmin7', 'Gmin7', 'Gmin7', 'Gmin7', 'Fmaj', 'Ebmaj7', 'D7', 'Ebmaj7', 'Fmaj', 'Gmin7', 'Gmin7', 'Cmin7', 'F7', 'Bbmaj7', 'Gmin7', 'Cmin7', 'D7', 'Gmin', 'Cmin7', 'F7', 'Bbmaj7', 'Gmin7', 'Cmin7', 'D7', 'Gmin7', 'Gmin7', 'Gmin7', 'Gmin7', 'Gmin7', 'Gmin7', 'Gmin7', 'Gmin7', 'Cmin7', 'F7', 'Bbmaj7', 'Gmin7', 'Cmin7', 'D7', 'Gmin', 'Cmin7', 'F7', 'Bbmaj7', 'Gmin7', 'Cmin7', 'D7', 'D7', 'G', 'G', 'G', 'G', 'G', 'G', 'G', 'G', 'Gmin7', 'Gmin7', 'Gmin7', 'Gmin7', 'Gmin7', 'Gmin7', 'Gmin7', 'Gmin7', 'Gmin7', 'Gmin7', 'Gmin7', 'Gmin7', 'Gmin7', 'Gmin7', 'Gmin7', 'Gmin7', 'Gmin7', 'Gmin7', 'Gmin7', 'Gmin7', 'Gmin7', 'Gmin7', 'Gmin7', 'Gmin7', 'Gmin7', 'Gmin7', 'Gmin7', 'Gmin7', 'Gmin7', 'Gmin7', 'Gmin7', 'Gmin7']"
0194,"['Amaj', 'Amaj', 'Amaj', 'Amaj', 'Amaj', 'Dmaj', 'Dmaj', 'C5', 'Amaj', 'Amaj', 'Amaj', 'Amaj', 'Amaj', 'Amaj', 'Dmaj', 'Dmaj', 'C5', 'Amaj', 'Amaj', 'Dmaj', 'Amaj', 'E7', 'Amaj', 'Amaj', 'Amaj', 'Amaj', 'Amaj', 'Amaj', 'Amaj', 'Amaj', 'Amaj', 'Dmaj', 'Dmaj', 'C5', 'Amaj', 'Amaj', 'Dmaj', 'Amaj', 'E7', 'Amaj', 'Amaj', 'Amaj', 'Amaj', 'Amaj', 'Dmaj', 'Dmaj', 'C5', 'Amaj', 'Amaj', 'Dmaj', 'Amaj', 'E7', 'Amaj', 'Amaj', 'Amaj']"
0195,"['D#min', 'G#maj', 'D#min', 'D#min', 'G#maj', 'D#min', 'D#min', 'G#maj', 'D#min', 'D#min', 'G#maj', 'D#min', 'D#min', 'G#maj', 'D#min', 'D#min', 'G#maj', 'D#min', 'D#min', 'G#maj', 'D#min', 'D#min', 'G#maj', 'D#min', 'D#min', 'G#maj', 'D#min', 'D#min', 'G#maj', 'D#min', 'D#min', 'G#maj', 'D#min', 'D#min', 'G#maj', 'D#min', 'D#min', 'G#maj', 'D#min', 'D#min', 'G#maj', 'D#min', 'D#min', 'G#maj', 'D#min', 'D#min', 'G#maj', 'D#min', 'D#min', 'G#maj', 'D#min', 'D#min', 'G#maj', 'D#min', 'D#min', 'G#maj', 'D#min', 'D#min', 'G#maj', 'D#min', 'D#min', 'G#maj', 'D#min', 'D#min', 'G#maj', 'D#min', 'D#min', 'G#maj', 'D#min', 'D#min', 'G#maj', 'D#min', 'Bmaj', 'Bmaj', 'C#maj', 'Dmaj', 'Dmaj', 'F#min', 'F#min7', 'Bmaj', 'F#min', 'F#min7', 'Bmaj', 'F#min', 'F#min7', 'Bmaj', 'F#min', 'F#min7', 'Bmaj', 'F#min', 'F#min7', 'Bmaj', 'F#min', 'F#min7', 'Bmaj', 'G#maj', 'G#maj', 'Emaj', 'Emaj', 'Bmaj', 'Bmaj', 'Bmaj', 'Bmaj', 'C#maj', 'C#maj', 'C#maj', 'C#maj', 'D#min', 'G#maj', 'D#min', 'D#min', 'G#maj', 'D#min', 'D#min', 'G#maj', 'D#min', 'D#min', 'G#maj', 'D#min', 'D#min', 'G#maj', 'D#min', 'D#min', 'G#maj', 'D#min', 'D#min', 'G#maj', 'D#min', 'D#min', 'G#maj', 'D#min', 'D#min', 'G#maj', 'D#min', 'D#min', 'G#maj', 'D#min', 'D#min', 'G#maj', 'D#min', 'D#min', 'G#maj', 'D#min', 'D#min', 'G#maj', 'D#min', 'D#min', 'G#maj', 'D#min', 'D#min', 'G#maj', 'D#min', 'D#min', 'G#maj', 'D#min', 'F#min', 'F#min7', 'Bmaj', 'F#min', 'F#min', 'F#min', 'F#min7', 'Bmaj', 'F#min', 'F#min', 'F#min', 'F#min7', 'Bmaj', 'F#min', 'F#min', 'F#min', 'Emaj', 'Bmaj', 'Bmaj', 'Bmaj', 'Bmaj', 'Bmaj', 'Bmaj', 'C#maj', 'C#maj', 'C#maj', 'C#maj', 'Bmaj', 'Bmaj', 'Bmaj', 'Bmaj', 'C#maj', 'C#maj', 'C#maj', 'C#maj', 'D#min', 'G#maj', 'D#min', 'D#min', 'G#maj', 'D#min', 'D#min', 'G#maj', 'D#min', 'D#min', 'G#maj', 'D#min', 'D#min', 'G#maj', 'D#min', 'D#min', 'G#maj', 'D#min', 'D#min', 'G#maj', 'D#min', 'D#min', 'G#maj', 'D#min', 'Fmin', 'Bbmin', 'Fmin', 'Fmin', 'Bbmin', 'Fmin', 'Fmin', 'Bbmin', 'Fmin', 'Fmin', 'Bbmin', 'Fmin', 'Fmin', 'Bbmin', 'Fmin', 'Fmin', 'Bbmin', 'Fmin', 'Fmin', 'Bbmin', 'Fmin', 'Fmin', 'Bbmin', 'Fmin', 'D#min', 'G#maj', 'D#min', 'D#min', 'G#maj', 'D#min', 'D#min', 'G#maj', 'D#min', 'D#min', 'G#maj', 'D#min', 'D#min', 'G#maj', 'D#min', 'D#min', 'G#maj', 'D#min', 'D#min', 'G#maj', 'D#min', 'D#min', 'G#maj', 'D#min', 'F#min', 'F#min7', 'Bmaj', 'F#min', 'F#min', 'F#min', 'F#min7', 'Bmaj', 'F#min', 'F#min', 'F#min', 'F#min7', 'Bmaj', 'F#min', 'F#min', 'F#min', 'Emaj', 'Bmaj', 'Bmaj', 'Amaj', 'F#maj']"
0196,"['Dmaj', 'Dmaj', 'Dmaj', 'Dmaj', 'Dmaj', 'Dmaj', 'Dmaj', 'Dmaj', 'Emin', 'Emin', 'Emin', 'Emin', 'Emin', 'Emin', 'Dmaj', 'Dmaj', 'Dmaj', 'Dmaj', 'Dmaj', 'Dmaj', 'Emin', 'Emin', 'Emin', 'Emin', 'Emin', 'Emin', 'Dmaj', 'Dmaj', 'Bbmaj', 'Bbmaj', 'Bbmaj', 'Bbmaj', 'Bbmaj', 'Bbmaj', 'F7', 'F7', 'F7', 'F7', 'Bbmaj', 'Bbmaj', 'Dmaj', 'Dmaj', 'Dmaj', 'Dmaj', 'Emin', 'Emin', 'Emin', 'Emin', 'Emin', 'Emin', 'Dmaj', 'Dmaj', 'Dmaj', 'Dmaj', 'Dmaj', 'Dmaj', 'Emin', 'Emin', 'Emin', 'Emin', 'Emin', 'Emin', 'Dmaj', 'Dmaj']"
0198,"['A5', 'A5', 'A5', 'A5', 'A5', 'A5', 'A5', 'A5', 'A5', 'A5', 'A5', 'A5', 'A5', 'A5', 'A5', 'A5', 'Bmin', 'Gmaj', 'Bmin', 'Gmaj', 'Bmin', 'Gmaj', 'F#min', 'Gmaj', 'Amaj', 'Gmaj', 'Amaj', 'Dmaj', 'Amaj', 'Gmaj', 'Amaj', 'Dmaj', 'Amaj', 'Gmaj', 'Amaj', 'Dmaj', 'Bmin', 'Bmin', 'A5', 'A5', 'A5', 'A5', 'A5', 'A5', 'A5', 'A5', 'A5', 'A5', 'A5', 'A5', 'Bmin', 'Gmaj', 'Bmin', 'Gmaj', 'Bmin', 'Gmaj', 'F#min', 'Gmaj', 'Amaj', 'Gmaj', 'Amaj', 'Dmaj', 'Amaj', 'Gmaj', 'Amaj', 'Dmaj', 'Amaj', 'Gmaj', 'Amaj', 'Dmaj', 'Bmin', 'Bmin', 'Gmaj', 'Amaj', 'Dmaj', 'Amaj', 'Gmaj', 'Amaj', 'Dmaj', 'Amaj', 'Gmaj', 'Amaj', 'Dmaj', 'Bmin', 'Bmin', 'A', 'A', 'A', 'A', 'A', 'A', 'A', 'A', 'A', 'A', 'A', 'A', 'A', 'A', 'A', 'A', 'Gmaj', 'Amaj', 'Dmaj', 'Amaj', 'Gmaj', 'Amaj', 'Dmaj', 'Amaj', 'Gmaj', 'Amaj', 'Dmaj', 'Bmin', 'Bmin', 'Gmaj', 'Amaj', 'Dmaj', 'Amaj', 'Gmaj', 'Amaj', 'Dmaj', 'Amaj', 'Gmaj', 'Amaj', 'Dmaj', 'Bmin', 'Bmin', 'Gmaj', 'Amaj', 'Dmaj', 'Amaj', 'Gmaj', 'Amaj', 'Dmaj', 'Amaj', 'Gmaj', 'Amaj', 'Dmaj']"
0199,"['Bmaj', 'Bmaj7', 'C#min7', 'F#sus4', 'Bmaj', 'B7', 'Emaj', 'F#maj', 'Emaj', 'F#maj', 'Bmaj', 'F#maj', 'Bmaj', 'B7', 'Emaj', 'F#maj', 'Emaj', 'F#maj', 'Bmaj', 'F#maj', 'Bmaj', 'B7', 'Emaj', 'Emaj', 'F#maj', 'F#maj', 'Emaj', 'F#maj', 'Bmaj', 'B7', 'Emaj', 'Emin', 'Bmaj', 'Bmaj', 'F#maj', 'Bmaj', 'F#maj', 'Bmaj', 'B7', 'Emaj', 'F#maj', 'Emaj', 'F#maj', 'Bmaj', 'F#maj', 'Bmaj', 'B7', 'Emaj', 'F#maj', 'Emaj', 'F#maj', 'Bmaj', 'F#maj', 'Bmaj', 'B7', 'Emaj', 'Emaj', 'F#maj', 'F#maj', 'Emaj', 'F#maj', 'Bmaj', 'B7', 'Emaj', 'Emin', 'Bmaj', 'Bmaj', 'F#maj', 'Bmaj', 'F#maj', 'Bmaj', 'Bmaj', 'Emaj', 'Emaj', 'F#maj', 'F#maj', 'Emaj', 'F#maj', 'Bmaj', 'B7', 'Emaj', 'Emin', 'Bmaj', 'Bmaj', 'F#maj', 'Bmaj', 'Gmaj', 'Cmaj', 'Cmaj', 'Fmaj', 'Fmaj', 'Gmaj', 'Gmaj', 'Fmaj', 'Gmaj', 'Cmaj', 'C7', 'Fmaj', 'Fmin', 'Cmaj', 'Cmaj', 'Gmaj', 'Gmaj', 'Cmaj', 'Fmaj', 'Cmaj', 'Dmin', 'Cmaj', 'Cmaj', 'Cmaj', 'Cmaj', 'Cmaj', 'Cmaj', 'Fmaj', 'Fmaj', 'Gmaj', 'Gmaj', 'Fmaj', 'Gmaj', 'Cmaj', 'C7', 'Fmaj', 'Fmin', 'Cmaj', 'Cmaj', 'Gmaj', 'Cmaj', 'Amaj', 'D7', 'D7', 'G7', 'G7', 'A7', 'A7', 'Gmaj', 'Amaj', 'Dmaj', 'Dmaj']"
0202,"['Cmaj', 'Dmaj', 'Fmaj', 'Gsus4', 'Cmaj', 'Dmaj', 'Fmaj', 'Gsus4', 'Cmaj', 'Dmaj', 'Fmaj', 'Gsus4', 'Gsus4', 'Gsus4', 'Fmaj', 'Fmaj', 'Gsus4', 'Gsus4', 'Fmaj', 'Fmaj', 'Gsus4', 'Gsus4', 'Amin', 'Amin', 'Dmin', 'Dmin', 'Gmaj', 'Gmaj', 'Gmaj', 'Gmaj', 'Cmaj', 'Dmaj', 'Fmaj', 'Gsus4', 'Cmaj', 'Dmaj', 'Fmaj', 'Gsus4', 'Gsus4', 'Gsus4', 'Fmaj', 'Fmaj', 'Gsus4', 'Gsus4', 'Fmaj', 'Fmaj', 'Gsus4', 'Gsus4', 'Amin', 'Amin', 'Dmin', 'Dmin', 'Gmaj', 'Gmaj', 'Gmaj', 'Gmaj', 'Cmaj', 'Dmaj', 'Fmaj', 'Gsus4', 'Cmaj', 'Dmaj', 'Fmaj', 'Gsus4', 'Ebmaj', 'Ebmaj7', 'Eb', 'Ebmaj', 'Cmaj', 'Cmaj', 'Ebmaj', 'Ebmaj7', 'Eb', 'Ebmaj', 'Gsus4', 'G7', 'Cmaj', 'Dmaj', 'Fmaj', 'Gsus4', 'Cmaj', 'Dmaj', 'Fmaj', 'Gsus4', 'Cmaj', 'Dmaj', 'Fmaj', 'Gsus4', 'Cmaj', 'Dmaj', 'Fmaj', 'Gsus4', 'Cmaj', 'Dmaj', 'Fmaj', 'Gsus4', 'Cmaj', 'Dmaj', 'Fmaj']"
0203,"['Dmaj', 'Gmaj', 'Dmaj', 'Gmaj', 'Dmaj', 'Gmaj', 'Dmaj', 'Gmaj', 'Dmaj', 'Gmaj', 'Dmaj', 'Gmaj', 'Dmaj', 'Gmaj', 'Dmaj', 'Gmaj', 'Amaj', 'Amaj', 'Amaj', 'Amaj', 'Dmaj', 'Cmaj', 'Gmaj', 'Dmaj', 'Cmaj', 'Amaj', 'Dmaj', 'F#min', 'Gmaj', 'Dmaj', 'Dmaj', 'F#min', 'Gmaj', 'Amaj', 'Dmaj', 'F#min', 'Gmaj', 'Amaj', 'Dmaj', 'Gmaj', 'Dmaj', 'Gmaj', 'Dmaj', 'Gmaj', 'Amaj', 'Amaj', 'Dmaj', 'Gmaj', 'Dmaj', 'Gmaj', 'Dmaj', 'Gmaj', 'Dmaj', 'Gmaj', 'Amaj', 'Amaj', 'Amaj', 'Amaj', 'Dmaj', 'Cmaj', 'Gmaj', 'Dmaj', 'Cmaj', 'Amaj', 'Dmaj', 'F#min', 'Gmaj', 'Dmaj', 'Dmaj', 'F#min', 'Gmaj', 'Amaj', 'Dmaj', 'F#min', 'Gmaj', 'Amaj', 'Dmaj', 'Gmaj', 'Dmaj', 'Gmaj', 'Dmaj', 'Gmaj', 'Amaj', 'Amaj', 'Dmaj', 'Gmaj', 'Dmaj', 'Gmaj', 'Dmaj', 'Gmaj', 'Dmaj', 'Gmaj', 'Amaj', 'Amaj', 'Amaj', 'Amaj', 'Dmaj', 'Cmaj', 'Gmaj', 'Dmaj', 'Cmaj', 'Amaj', 'Dmaj', 'Gmaj', 'Dmaj', 'Gmaj', 'Dmaj', 'Gmaj', 'Dmaj', 'Gmaj', 'Dmaj', 'Gmaj', 'Dmaj', 'Gmaj', 'Dmaj', 'Gmaj', 'Dmaj', 'Gmaj', 'Dmaj', 'Gmaj', 'Dmaj', 'Gmaj', 'Dmaj', 'Gmaj', 'Dmaj', 'Gmaj']"
0204,"['Ab7', 'Ab7', 'Ab7', 'Ab7', 'Ab7', 'Ab7', 'Ab7', 'Ab7', 'Ab7', 'Ab7', 'Ab7', 'Ab7', 'Ab7', 'Ab7', 'Ab7', 'Ab7', 'Ab7', 'Ab7', 'Ab7', 'Ab7', 'Ab7', 'Ab7', 'Ab7', 'Ab7', 'Ab7', 'Ab7', 'Ab7', 'Ab7', 'Ab7', 'Ab7', 'Ab7', 'Ab7', 'Ab7', 'Ab7', 'Ab7', 'Ab7', 'Ab7', 'Ab7', 'Ab7', 'Ab7', 'Ab7', 'Ab7', 'Ab7', 'Ab7', 'Ab7', 'Ab7', 'Ab7', 'Ab7', 'Ab7', 'Ab7', 'Ab7', 'Ab7', 'Ab7', 'Ab7', 'Ab7', 'Ab7', 'Ab7', 'Ab7', 'Ab7', 'Ab7', 'Ab7', 'Ab7', 'Ab7', 'Ab7', 'Ab7', 'Ab7', 'Ab7', 'Ab7', 'Ab7', 'Ab7', 'Ab7', 'Ab7', 'Ab7', 'Ab7', 'Ab7', 'Ab7', 'Ab7', 'Ab7', 'Ab7', 'Ab7']"
0205,"['G5', 'G5', 'D5', 'Cmaj', 'Dmaj', 'C', 'D', 'G5', 'G5', 'D5', 'Cmaj', 'Dmaj', 'C', 'D', 'Dmin', 'Gmin', 'A7', 'Dmin', 'Bdim', 'Gsus4', 'A7', 'Dmaj', 'Dmin', 'Gmin', 'A7', 'Dmin', 'Bdim', 'Gsus4', 'A7', 'Dmaj', 'G5', 'G5', 'D5', 'Cmaj', 'Dmaj', 'Cmaj', 'Dmaj', 'G5', 'G5', 'D5', 'Cmaj', 'Dmaj', 'Cmaj', 'Dmaj', 'Gmin', 'Cmaj', 'C#dim', 'Dmin', 'Dmin', 'Cmaj', 'Bbmaj', 'Fmaj', 'G7', 'A7', 'A7', 'Dmin', 'Cmaj', 'Bbmaj', 'Gmin', 'Asus4', 'Amaj', 'Dmin', 'Gmin', 'A7', 'Dmin', 'Bdim', 'Gsus4', 'A7', 'Dmaj', 'Dmin', 'Gmin', 'A7', 'Dmin', 'Bdim', 'Gsus4', 'A7', 'Dmaj', 'G5', 'G5', 'D5', 'Cmaj', 'Dmaj', 'Cmaj', 'Dmaj', 'G5', 'G5', 'D5', 'Cmaj', 'Dmaj', 'Cmaj', 'Dmaj', 'Gmin', 'Cmaj', 'C#dim', 'Dmin', 'Dmin', 'Cmaj', 'Bbmaj', 'Fmaj', 'G7', 'A7', 'A7', 'Dmin', 'Cmaj', 'Bbmaj', 'Gmin', 'Asus4', 'Amaj', 'Dmin', 'Gmin', 'A7', 'Dmin', 'Bdim', 'Gsus4', 'A7', 'Dmaj', 'Dmin', 'Gmin', 'A7', 'Dmin', 'Bdim', 'Gsus4', 'A7', 'Dmaj', 'Gmaj', 'Gmaj', 'Dmaj7', 'Dmaj7', 'Gmaj', 'Gmaj', 'Dmaj7', 'Dmaj7', 'Fmaj', 'Fmaj', 'Emin', 'Emin', 'Ebaug', 'Ebaug', 'Dmaj', 'Dmaj', 'G5', 'G5', 'D5', 'Cmaj', 'Dmaj', 'C', 'D', 'G5', 'G5', 'D5', 'Cmaj', 'Dmaj', 'C', 'D', 'G5', 'G5', 'D5', 'Cmaj', 'Dmaj', 'Cmaj', 'Dmaj', 'G5', 'G5', 'D5', 'Cmaj', 'Dmaj', 'Cmaj', 'Dmaj', 'Gmin', 'Cmaj', 'C#dim', 'Dmin', 'Dmin', 'Cmaj', 'Bbmaj', 'Fmaj', 'G7', 'A7', 'A7', 'Dmin', 'Cmaj', 'Bbmaj', 'Gmin', 'Asus4', 'Amaj', 'Dmin', 'Gmin', 'A7', 'Dmin', 'Bdim', 'Gsus4', 'A7', 'Dmaj', 'Dmin', 'Gmin', 'A7', 'Dmin', 'Bdim', 'Gsus4', 'A7', 'Dmaj', 'Gmaj', 'Gmaj', 'Dmaj7', 'Dmaj7', 'Gmaj', 'Gmaj', 'Dmaj7', 'Dmaj7', 'Fmaj', 'Fmaj', 'Emin', 'Emin', 'Ebaug', 'Ebaug', 'Dmaj', 'Dmaj', 'G', 'G', 'D', 'D', 'G', 'G', 'D', 'D', 'Gmin', 'Cmaj', 'C#dim', 'Dmin', 'Dmin', 'Cmaj', 'Bbmaj', 'Fmaj', 'G7', 'A7', 'A7', 'Dmin', 'Cmaj', 'Bbmaj', 'Gmin', 'Asus4', 'Amaj', 'Dmin', 'Gmin', 'A7', 'Dmin', 'Bdim', 'Gsus4', 'A7', 'Dmaj', 'Dmin', 'Gmin', 'A7', 'Dmin', 'Bdim', 'Gsus4', 'A7', 'Dmaj', 'Dmin', 'Gmin', 'A7', 'Dmin', 'Bdim', 'Gsus4', 'A7', 'Dmaj', 'Dmin']"
0206,"['Amaj', 'Dmaj', 'F', 'Emin7', 'Amaj', 'Amaj', 'Amaj', 'Bbmaj', 'Fmaj', 'Cmaj', 'Gmaj', 'Bbmaj', 'Fmaj', 'Cmaj', 'Bbmaj', 'Fmaj', 'Cmaj', 'Gmaj', 'Bbmaj', 'Fmaj', 'Abmaj', 'Ebmaj', 'Cmaj', 'Dmaj', 'Dmaj9', 'D', 'D7', 'D7', 'Gmaj', 'Dmaj', 'Dmaj', 'Dmaj9', 'D', 'D7', 'D7', 'Gmaj', 'Dmaj', 'F', 'Emin7', 'Amaj', 'Bbmaj', 'Fmaj', 'Cmaj', 'Gmaj', 'Bbmaj', 'Fmaj', 'Cmaj', 'Bbmaj', 'Fmaj', 'Cmaj', 'Gmaj', 'Bbmaj', 'Fmaj', 'Abmaj', 'Ebmaj', 'Cmaj', 'Dmaj', 'Dmaj9', 'D', 'D7', 'D7', 'Gmaj', 'Dmaj', 'Dmaj', 'Dmaj9', 'D', 'D7', 'D7', 'Gmaj', 'Dmaj', 'F', 'Emin7', 'Amaj', 'Bbmaj', 'Fmaj', 'Cmaj', 'Gmaj', 'Bbmaj', 'Fmaj', 'Cmaj', 'Bbmaj', 'Fmaj', 'Cmaj', 'Gmaj', 'Bbmaj', 'Fmaj', 'Abmaj', 'Ebmaj', 'Cmaj', 'Dmaj', 'Dmaj9', 'D7', 'Gmaj', 'Dmaj', 'Dmaj', 'Dmaj9', 'D7', 'Gmaj', 'Dmaj', 'F', 'Emin7', 'Amaj', 'Amaj', 'Bbmaj', 'Fmaj', 'Cmaj', 'Gmaj', 'Bbmaj', 'Fmaj', 'Cmaj', 'Bbmaj', 'Fmaj', 'Cmaj', 'Gmaj', 'Bbmaj', 'Fmaj', 'Abmaj', 'Ebmaj', 'Cmaj', 'Dmaj', 'Dmaj9', 'D7', 'Gmaj', 'Dmaj', 'Dmaj', 'Dmaj9', 'D7', 'Gmaj', 'Dmaj', 'F', 'Emin7', 'Amaj', 'Amaj']"
0207,"['Dmaj', 'Dsus4', 'Dsus4', 'Dmaj', 'Dsus4', 'Dsus4', 'Dmaj', 'Gmaj', 'Dmaj', 'Asus4', 'Dmaj', 'Gmaj', 'Dmaj', 'Asus4', 'Dmaj', 'Gmaj', 'Dmaj', 'Asus4', 'Dmaj', 'Gmaj', 'Dmaj', 'Asus4', 'Dmaj', 'Gmaj', 'Dmaj', 'Asus4', 'Dmaj', 'Gmaj', 'Dmaj', 'Asus4', 'Dmaj', 'A7', 'Dmaj', 'Gmaj', 'Dmaj', 'Asus4', 'Dmaj', 'Asus4', 'Dmaj', 'A7', 'Dmaj', 'Gmaj', 'Dmaj', 'Asus4', 'Dmaj', 'Dsus4', 'Dsus4', 'Dmaj', 'Dsus4', 'Dsus4', 'Dmaj', 'Gmaj', 'Dmaj', 'Asus4', 'Dmaj', 'Gmaj', 'Dmaj', 'Asus4', 'Dmaj', 'Gmaj', 'Dmaj', 'Asus4', 'Dmaj', 'Gmaj', 'Dmaj', 'Asus4', 'Dmaj', 'Gmaj', 'Dmaj', 'Asus4', 'Dmaj', 'A7', 'Dmaj', 'Gmaj', 'Dmaj', 'Asus4', 'Dmaj', 'Asus4', 'Dmaj', 'A7', 'Dmaj', 'Gmaj', 'Dmaj', 'Asus4', 'Dmaj', 'Gmaj', 'Dmaj', 'Amaj', 'Dmaj', 'Gmaj', 'Dmaj', 'Dmaj', 'Gmaj', 'Dmaj', 'Asus4', 'Dmaj', 'Dmaj', 'Gmaj', 'Gmaj', 'Fmaj', 'Bbmaj', 'Fmaj', 'Fmaj', 'Bbmaj', 'Bbmaj', 'Ebmaj', 'Cmaj', 'Dmaj', 'Dmaj', 'Gmaj', 'Gmaj', 'Fmaj', 'Bbmaj', 'Fmaj', 'Fmaj', 'Bbmaj', 'Bbmaj', 'Ebmaj', 'Cmaj', 'Dmaj', 'Gmaj', 'Dmaj', 'Asus4', 'Dmaj', 'Gmaj', 'Dmaj', 'Asus4', 'Dmaj', 'Gmaj', 'Dmaj', 'Asus4', 'Dmaj', 'Gmaj', 'Dmaj', 'Asus4', 'Dmaj', 'A7', 'Dmaj', 'Gmaj', 'Dmaj', 'Asus4', 'Dmaj', 'Asus4', 'Dmaj', 'A7', 'Dmaj', 'Gmaj', 'Dmaj', 'Asus4', 'Dmaj', 'Gmaj', 'Dmaj', 'Amaj', 'Dmaj', 'Gmaj', 'Dmaj', 'Dmaj', 'Gmaj', 'Dmaj', 'Asus4', 'Dmaj', 'Dsus4', 'Dsus4', 'Dmaj', 'Dsus4', 'Dsus4', 'Dmaj', 'Gmaj', 'Dmaj', 'Gmaj', 'Dmaj', 'Gmaj', 'Dmaj', 'Gmaj', 'Dmaj', 'Gmaj', 'Dmaj', 'Gmaj', 'Dmaj', 'Gmaj', 'Dmaj', 'Gmaj']"
0208,"['Amaj', 'Amaj', 'Esus4', 'Esus4', 'Amaj', 'Amaj', 'Esus4', 'Esus4', 'Amaj', 'Amaj', 'Esus4', 'Esus4', 'Esus4', 'Esus4', 'C#min7', 'F#', 'Bmin7', 'Bmin7', 'Amaj', 'Amaj', 'Esus4', 'Esus4', 'Esus4', 'Esus4', 'C#min7', 'F#', 'Bmin7', 'Bmin7', 'Fmaj7', 'Fmaj7', 'Cmaj7', 'Cmaj7', 'Fmaj7', 'Fmaj7', 'Cmaj7', 'Cmaj7', 'Bmin7', 'E7', 'Amaj', 'E7', 'Amaj', 'Amaj', 'Esus4', 'Esus4', 'Esus4', 'Esus4', 'Amaj', 'Amaj', 'Amaj', 'Amaj', 'Esus4', 'Esus4', 'Esus4', 'Esus4', 'Amaj', 'E7', 'Amaj', 'Amaj', 'Esus4', 'Esus4', 'Esus4', 'Esus4', 'C#min7', 'F#', 'Bmin7', 'Bmin7', 'Amaj', 'Amaj', 'Esus4', 'Esus4', 'Esus4', 'Esus4', 'C#min7', 'F#', 'Bmin7', 'Bmin7', 'Fmaj7', 'Fmaj7', 'Cmaj7', 'Cmaj7', 'Fmaj7', 'Fmaj7', 'Cmaj7', 'Cmaj7', 'Bmin7', 'E7', 'Amaj', 'E7', 'Amaj', 'Amaj', 'Esus4', 'Esus4', 'Amaj', 'Amaj', 'Emaj', 'Emaj', 'Amaj', 'Amaj', 'Emaj', 'Emaj', 'Amaj', 'Amaj', 'Emaj', 'Emaj', 'Amaj', 'Amaj', 'Emaj', 'Emaj', 'Amaj', 'Amaj', 'Emaj', 'Emaj', 'Amaj', 'Amaj', 'Emaj', 'Emaj']"
0209,"['Gmaj', 'Dmaj', 'Cmaj', 'Cmaj', 'Gmaj', 'Dmaj', 'Cmaj', 'Cmaj', 'Gmaj', 'Dmaj', 'Cmaj', 'C7', 'Gmaj', 'Dmaj', 'Cmaj', 'Cmaj', 'Gmaj', 'Dmaj', 'Cmaj', 'C7', 'Gmaj', 'Dmaj', 'Cmaj', 'Cmaj', 'Gmaj', 'Dmaj', 'Cmaj', 'Cmaj', 'Gmaj', 'Dmaj', 'Cmaj', 'Cmaj', 'Gmaj', 'Dmaj', 'Cmaj', 'Cmaj', 'Gmaj', 'Dmaj', 'Cmaj', 'Cmaj', 'Gmaj', 'Dmaj', 'Cmaj', 'C7', 'Gmaj', 'Dmaj', 'Cmaj', 'Cmaj', 'Gmaj', 'Dmaj', 'Cmaj', 'Cmaj', 'Gmaj', 'Dmaj', 'Cmaj', 'Cmaj', 'Gmaj', 'Dmaj', 'Cmaj', 'Cmaj', 'Gmaj', 'Dmaj', 'Cmaj', 'Cmaj', 'Gmaj', 'Dmaj', 'Cmaj', 'Cmaj', 'Gmaj', 'Dmaj', 'Cmaj', 'Cmaj', 'Gmaj', 'Dmaj', 'Cmaj', 'Cmaj', 'Gmaj', 'Dmaj', 'Cmaj', 'Cmaj', 'Gmaj', 'Dmaj', 'Cmaj', 'Cmaj', 'Gmaj', 'Dmaj', 'Cmaj', 'Cmaj', 'Gmaj', 'Dmaj', 'Cmaj', 'C7', 'Gmaj', 'Dmaj', 'Cmaj', 'Cmaj', 'Gmaj', 'Dmaj', 'Cmaj', 'Cmaj', 'Gmaj', 'Dmaj', 'Cmaj', 'Cmaj', 'Gmaj', 'Dmaj', 'Cmaj', 'Cmaj', 'Gmaj', 'Dmaj', 'Cmaj', 'Cmaj', 'Gmaj', 'Dmaj', 'Cmaj', 'Cmaj', 'Gmaj', 'Dmaj', 'Cmaj', 'Cmaj', 'Gmaj', 'Dmaj', 'Cmaj', 'Cmaj', 'Gmaj', 'Dmaj', 'Cmaj', 'Cmaj', 'Gmaj', 'Dmaj', 'Cmaj', 'Cmaj', 'Gmaj', 'Dmaj', 'Cmaj', 'Cmaj', 'Gmaj', 'Dmaj', 'Cmaj', 'Cmaj', 'Gmaj', 'Dmaj', 'Cmaj', 'Cmaj', 'Gmaj', 'Dmaj', 'Cmaj', 'Cmaj', 'Gmaj', 'Dmaj', 'Cmaj', 'Cmaj']"
0210,"['Emin', 'Emin', 'Emin', 'Emin', 'Emin', 'Emin', 'Dmaj7', 'Dmaj7', 'Emin', 'Emin', 'Dmaj7', 'Dmaj7', 'Emin', 'Asus4', 'Dmaj7', 'Dmaj7', 'Emin', 'Asus4', 'Bmin', 'Bmin', 'Emin', 'Emin', 'Dmaj7', 'Dmaj7', 'Emin', 'Emin', 'Dmaj7', 'Dmaj7', 'Emin', 'Asus4', 'Dmaj7', 'Dmaj7', 'Emin', 'Asus4', 'Bmin', 'Bmin', 'Bb', 'Bbmaj', 'Fmaj', 'Ebmaj', 'Bbmaj', 'Bbmaj', 'Fmaj', 'Ebmaj', 'Bbmaj', 'Bbmaj', 'Fmaj', 'Ebmaj', 'Bbmaj', 'Bbmaj', 'Fmaj', 'Ebmaj', 'Gmaj', 'Amaj', 'Amaj', 'Emin', 'Asus4', 'Dmaj7', 'Dmaj7', 'Emin', 'Asus4', 'Bmin', 'Bmin', 'Emin', 'Asus4', 'Dmaj7', 'Dmaj7', 'Emin', 'Asus4', 'Bmin', 'Bmin', 'Emin', 'Asus4', 'Dmaj7', 'Dmaj7', 'Emin', 'Asus4', 'Dmaj7', 'Dmaj7', 'Emin', 'Asus4', 'Bmin', 'Bmin']"
0212,"['Cmaj', 'Ebmaj', 'Fmaj', 'Cmaj', 'Fmaj', 'Gmaj', 'Cmaj', 'Ebmaj', 'Fmaj', 'Cmaj', 'Fmaj', 'Gmaj', 'Cmaj', 'Fmaj', 'Cmaj', 'Ebmaj', 'Fmaj', 'Cmaj', 'Fmaj', 'Gmaj', 'Cmaj', 'Fmaj', 'Gmaj', 'Gmaj', 'F#maj', 'Fmaj', 'Fmaj', 'Ebmaj', 'Cmaj', 'Cmaj', 'Fmaj', 'Gmaj', 'Cmaj', 'Fmaj', 'Cmaj', 'Cmaj', 'Fmaj', 'Cmaj', 'Ebmaj', 'Fmaj', 'Cmaj', 'Fmaj', 'Gmaj', 'Cmaj', 'Fmaj', 'Gmaj', 'Gmaj', 'F#maj', 'Fmaj', 'Fmaj', 'Ebmaj', 'Cmaj', 'Cmaj', 'Fmaj', 'Gmaj', 'Cmaj', 'Fmaj', 'Cmaj', 'Fmaj', 'Fmaj', 'Cmaj', 'Cmaj', 'Fmaj', 'Fmaj', 'Gmaj', 'Gmaj', 'Cmaj', 'Fmaj', 'Cmaj', 'Ebmaj', 'Fmaj', 'Cmaj', 'Fmaj', 'Gmaj', 'Cmaj', 'Fmaj', 'Gmaj', 'Gmaj', 'F#maj', 'Fmaj', 'Fmaj', 'Ebmaj', 'Cmaj', 'Cmaj', 'Fmaj', 'Gmaj', 'Cmaj', 'Fmaj', 'Cmaj', 'Fmaj', 'Fmaj', 'Cmaj', 'Cmaj', 'Fmaj', 'Fmaj', 'Cmaj', 'Cmaj', 'Fmaj', 'Fmaj', 'Cmaj', 'Cmaj', 'Fmaj', 'Fmaj', 'Cmaj', 'Cmaj', 'Fmaj', 'Fmaj', 'Cmaj', 'Cmaj', 'Fmaj', 'Fmaj']"
0213,"['G5', 'G5', 'G5', 'G5', 'Gmin', 'Gmin', 'Gmin', 'Gmin', 'F7', 'F7', 'Gmin', 'Gmin', 'Bbmaj', 'Amaj', 'Abmaj', 'Gmin', 'Gmin', 'G', 'G', 'G', 'G', 'F7', 'F7', 'G', 'G', 'Bbmaj', 'Amaj', 'Abmaj', 'Gmin', 'Gmin', 'G', 'G', 'G', 'G', 'F7', 'F7', 'Gmin', 'Gmin', 'Bbmaj', 'Amaj', 'Abmaj', 'Gmin', 'Gmin', 'Gmin', 'Gmin', 'Gmin', 'Gmin', 'F7', 'F7', 'Gmin', 'Gmin', 'Bbmaj', 'Amaj', 'Abmaj', 'Gmin', 'Gmin', 'Gmin', 'Gmin', 'Gmin', 'Gmin', 'F7', 'F7', 'Gmin', 'Gmin', 'Bbmaj', 'Amaj', 'Abmaj', 'Gmin', 'Gmin', 'G', 'G', 'G', 'G', 'F7', 'F7', 'G', 'G', 'Bbmaj', 'Amaj', 'Abmaj', 'Gmin', 'Gmin', 'Gmin', 'Gmin', 'Gmin', 'Gmin', 'F7', 'F7', 'Gmin', 'Gmin', 'Bbmaj', 'Amaj', 'Abmaj', 'Gmin', 'Gmin', 'Gmin', 'Gmin', 'Gmin', 'Gmin', 'Gmin', 'Gmin', 'Gmin', 'Gmin']"
0214,"['Bb7', 'Ab7', 'Eb7', 'Eb7', 'Ab7', 'Adim7', 'Eb7', 'Bb7', 'Eb7', 'Eb7', 'Eb7', 'Eb7', 'Ab7', 'Ab7', 'Eb7', 'Eb7', 'Bb7', 'Ab7', 'Eb7', 'Eb7', 'Eb7', 'Eb7', 'Eb7', 'Eb7', 'Ab7', 'Ab7', 'Eb7', 'Eb7', 'Bb7', 'Ab7', 'Eb7', 'Eb7', 'Eb7', 'Eb7', 'Eb7', 'Eb7', 'Ab7', 'Ab7', 'Eb7', 'Eb7', 'Bb7', 'Ab7', 'Eb7', 'Eb7', 'Eb7', 'Eb7', 'Eb7', 'Eb7', 'Ab7', 'Ab7', 'Eb7', 'Eb7', 'Bb7', 'Ab7', 'Eb7', 'Eb7', 'Eb7', 'Eb7', 'Eb7', 'Eb7', 'Ab7', 'Ab7', 'Eb7', 'Eb7', 'Bb7', 'Ab7', 'Eb7', 'Eb7']"
0215,"['G5', 'G5', 'G5', 'G5', 'G5', 'G5', 'Fmaj', 'Fmaj', 'G5', 'G5', 'Fmaj', 'Fmaj', 'G5', 'G5', 'Bbmaj', 'Fmaj', 'G5', 'Bbmaj', 'Fmaj', 'G5', 'Fmaj', 'Gmaj', 'Bbmaj', 'Cmaj', 'G5', 'G5', 'G5', 'G5', 'Fmaj', 'Fmaj', 'G5', 'G5', 'Fmaj', 'Fmaj', 'G5', 'G5', 'Bbmaj', 'Fmaj', 'G5', 'Bbmaj', 'Fmaj', 'G5', 'Fmaj', 'Gmaj', 'Bbmaj', 'Cmaj', 'G5', 'G5', 'G5', 'G5', 'G5', 'G5', 'G5', 'G5', 'Bbmaj', 'Fmaj', 'G5', 'Bbmaj', 'Fmaj', 'G5', 'Fmaj', 'Gmaj', 'Ebmaj', 'Emin', 'Fmaj', 'Gmaj', 'Bbmaj', 'Cmaj', 'G5', 'G5', 'F5', 'G5', 'G5', 'F5', 'G5', 'G5', 'F5', 'G5', 'G5', 'F5', 'G5', 'G5', 'F5', 'G5', 'G5', 'F5', 'G5', 'G5', 'F5', 'G5', 'G5', 'F5', 'G5', 'G5', 'F5', 'G5', 'G5', 'G5', 'F5', 'G5', 'G5', 'F5', 'G5', 'G5', 'F5', 'G5', 'G5', 'F5', 'G5', 'G5', 'F5', 'G5', 'G5', 'F5', 'G5', 'G5', 'F5', 'G5', 'F5', 'F#5', 'G5', 'G5', 'G5', 'F5', 'F#5', 'G5', 'G5', 'F5', 'F#5', 'G5', 'G5', 'G5', 'F5', 'G5', 'G5', 'F5', 'G5', 'G5', 'F5', 'G5', 'G5', 'F5', 'G5', 'G5', 'F5', 'G5', 'G5', 'F5', 'G5', 'G5', 'F5', 'G5', 'G5', 'F5', 'G5', 'G5', 'F5', 'G5', 'Fmaj', 'Fmaj', 'Fmaj', 'Fmaj', 'Bbmaj', 'Fmaj', 'G5', 'Bbmaj', 'Fmaj', 'G5', 'Fmaj', 'Gmaj', 'Bbmaj', 'Cmaj', 'Bbmaj', 'Fmaj', 'Bbmaj', 'Fmaj', 'Bbmaj', 'Fmaj']"
0216,"['Fmin', 'Fmin7', 'Fmin', 'Fmin7', 'Fmin', 'Fmin7', 'Fmin', 'Fmin7', 'Fmin', 'Fmin7', 'Abmaj', 'C7', 'Fmin', 'Fmin7', 'Fmin', 'Fmin7', 'Fmin', 'Fmin7', 'Fmin', 'Fmin7', 'Fmin', 'Fmin7', 'Fmin', 'Fmin7', 'Fmin', 'Fmin7', 'Fmin', 'Fmin7', 'Abmaj', 'C7', 'Fmin', 'Fmin7', 'Fmin', 'Fmin7', 'Fmin', 'Fmin7', 'Fmin', 'Fmin7', 'Fmin', 'Fmin7', 'Fmin', 'Fmin7', 'Fmin', 'Fmin7', 'Fmin', 'Fmin7', 'Fmin', 'Fmin7', 'Fmin', 'Fmin7', 'Fmin', 'Fmin7', 'Fmin', 'Fmin7', 'Fmin', 'Fmin7']"
0217,"['D5', 'A5', 'B5', 'G5', 'A5', 'D5', 'D5', 'A5', 'B5', 'G5', 'A5', 'D5', 'D5', 'A5', 'B5', 'G5', 'A5', 'D5', 'D5', 'A5', 'B5', 'G5', 'A5', 'D5', 'D5', 'A5', 'B5', 'G5', 'A5', 'D5', 'D5', 'A5', 'B5', 'G5', 'A5', 'D5', 'Amaj', 'Dmaj', 'Dmaj', 'Bmin', 'Dmaj', 'Dmaj', 'Bmin', 'Gmaj', 'Amaj', 'Dmaj', 'Bmin', 'Amaj', 'D5', 'A5', 'B5', 'G5', 'A5', 'D5', 'D5', 'A5', 'B5', 'G5', 'A5', 'D5', 'D5', 'A5', 'B5', 'G5', 'A5', 'D5', 'D5', 'A5', 'B5', 'G5', 'A5', 'D5', 'Amaj', 'Dmaj', 'Dmaj', 'Bmin', 'Dmaj', 'Dmaj', 'Bmin', 'Gmaj', 'Amaj', 'Dmaj', 'Bmin', 'Amaj', 'Dmaj', 'Dmaj', 'Bmin', 'Dmaj', 'Dmaj', 'Bmin', 'Amaj', 'Bmin', 'Amaj', 'Gmaj', 'Amaj', 'Dmaj', 'Gmaj', 'Amaj', 'Dmaj', 'Gmaj', 'Amaj', 'Dmaj', 'Bmin', 'Amaj', 'G5', 'G5', 'Amaj', 'Bmaj', 'Bmaj', 'G#min', 'F#maj', 'G#min', 'F#maj', 'Gmaj', 'Amaj', 'Dmaj', 'Bmin', 'Amaj', 'D5', 'A5', 'B5', 'G5', 'A5', 'D5', 'D5', 'A5', 'B5', 'G5', 'A5', 'D5', 'D5', 'A5', 'B5', 'G5', 'A5', 'D5', 'D5', 'A5', 'B5', 'G5', 'A5', 'D5', 'Amaj', 'Dmaj', 'Dmaj', 'Bmin', 'Gmaj', 'Amaj', 'Dmaj', 'Bmin', 'Amaj', 'Dmaj', 'Dmaj', 'Bmin', 'Amaj', 'Bmin', 'Amaj', 'Dmaj', 'Dmaj', 'Dmaj', 'Dmaj', 'Gmaj', 'Dmaj', 'Dmaj']"
0218,"['Amaj', 'Dmaj', 'Dmaj', 'Amaj', 'Amaj', 'Amaj', 'Amaj', 'Amaj', 'Amaj', 'Amaj', 'F#min', 'F#min', 'Bmin', 'Bmin', 'Bmin', 'Emaj', 'Emaj', 'Emaj', 'Amaj', 'Amaj', 'Amaj', 'Amaj', 'Amaj', 'F#min', 'F#min', 'Bmin', 'Bmin', 'Bmin', 'Emaj', 'Emaj', 'Emaj', 'Amaj', 'Amaj', 'Emaj', 'Emaj', 'Amaj', 'Amaj', 'Emaj', 'Emaj', 'Amaj', 'Amaj', 'F#maj', 'Bmaj', 'Bmaj', 'Emaj', 'Emaj', 'Amaj', 'Amaj', 'Emaj', 'Emaj', 'Dmaj', 'Dmaj', 'Amaj', 'Amaj', 'Emaj', 'Emaj', 'Amaj', 'Amaj', 'Amaj', 'Amaj', 'Amaj', 'F#min', 'F#min', 'Bmin', 'Bmin', 'Bmin', 'Emaj', 'Emaj', 'Emaj', 'Amaj', 'Amaj', 'Emaj', 'Emaj', 'Amaj', 'Amaj', 'Emaj', 'Emaj', 'Amaj', 'Amaj', 'F#maj', 'Bmaj', 'Bmaj', 'Emaj', 'Emaj', 'Amaj', 'Amaj', 'Emaj', 'Emaj', 'Amaj', 'Amaj', 'Emaj', 'Emaj', 'Amaj', 'Amaj', 'F#maj', 'Bmaj', 'Bmaj', 'Emaj', 'Emaj', 'Amaj', 'Amaj']"
0220,"['E7', 'E7', 'Amaj', 'Amaj', 'B7', 'B7', 'E7', 'E7', 'A7', 'Dmaj', 'Dmaj', 'Amaj', 'Amaj', 'Bmin', 'Emaj', 'Amaj', 'Dmaj', 'Amaj', 'E7', 'E7', 'Amaj', 'Amaj', 'B7', 'B7', 'E7', 'E7', 'A7', 'Dmaj', 'Dmaj', 'Amaj', 'Amaj', 'Bmin', 'Emaj', 'Amaj', 'F7', 'Bb', 'F7', 'F7', 'Bbmaj', 'Bbmaj', 'C7', 'C7', 'F7', 'F7', 'Bb7', 'Ebmaj', 'Ebmaj', 'Bbmaj', 'Bbmaj', 'Gmin', 'Cmin', 'Fmaj', 'Bbmaj', 'Ebmaj', 'Bbmaj', 'F7', 'F7', 'Bbmaj', 'Bbmaj', 'C7', 'C7', 'F7', 'F7', 'Bb7', 'Ebmaj', 'Ebmaj', 'Bbmaj', 'Bbmaj', 'Gmin', 'Cmin', 'F', 'Bbmaj', 'Eb7', 'Bbmaj']"
0221,"['Fmin9', 'Bbsus4', 'Ebmaj7', 'Db7', 'C7', 'Fmin9', 'Bbsus4', 'Ebmaj7', 'A7', 'Abmaj7', 'Gmin7', 'Fmin7', 'Cmin', 'Abmaj7', 'Gmin7', 'Db7', 'Cmin', 'F7', 'Fmin9', 'Bbsus4', 'Ebmaj7', 'Db7', 'C7', 'Fmin9', 'Bbsus4', 'Ebmaj7', 'A7', 'Abmaj7', 'Gmin7', 'Fmin7', 'Cmin', 'Abmaj7', 'Gmin7', 'Db7', 'Cmin', 'F7', 'Fmin9', 'Bbsus4', 'Ebmaj7', 'Db7', 'C7', 'Fmin9', 'Bbsus4', 'Ebmaj7', 'A7', 'Abmaj7', 'Gmin7', 'Fmin7', 'Cmin', 'Abmaj7', 'Gmin7', 'Db7', 'Cmin', 'F7', 'Fmin9', 'Bbsus4', 'Ebmaj7', 'Db7', 'C7', 'Fmin9', 'Bbsus4', 'Ebmaj7', 'A7', 'Abmaj7', 'Gmin7', 'Fmin7', 'Cmin', 'Abmaj7', 'Gmin7', 'Db7', 'Cmin', 'F7']"
0222,"['Bbmaj', 'Bbmaj', 'Bbmaj', 'Bbmaj7', 'Fsus4', 'Bb7', 'Ebmaj', 'Bbmaj', 'Bbmaj7', 'Fsus4', 'Bb7', 'Ebmaj', 'Ebmaj', 'Fsus4', 'Bbmaj', 'Cmin7', 'F7', 'Bbmaj', 'Bbmaj', 'Bbmaj7', 'Fsus4', 'Bb7', 'Ebmaj', 'Bbmaj', 'Bbmaj7', 'Fsus4', 'Bb7', 'Ebmaj', 'Ebmaj', 'Fsus4', 'Bbmaj', 'Cmin7', 'F7', 'Bbmaj', 'Ebmaj', 'F7', 'Bbmaj', 'Ebmaj', 'F7', 'Bbmaj', 'Ebmaj', 'Fmaj', 'Bbmaj', 'Fmaj', 'Gmin7', 'Ebmaj', 'Fsus4', 'Fmaj', 'F7', 'Bbmaj', 'Bbmaj7', 'Fsus4', 'Bb7', 'Ebmaj', 'Bbmaj', 'Bbmaj7', 'Fsus4', 'Bb7', 'Ebmaj', 'Bbmaj', 'Bbmaj7', 'Fsus4', 'Bb7', 'Ebmaj', 'Ebmaj', 'Fsus4', 'Bbmaj', 'Fmaj', 'Cmin7', 'F7', 'Bbmaj', 'Bbmaj7', 'Fsus4', 'Bb7', 'Ebmaj', 'Ebmaj', 'Fsus4', 'Bbmaj', 'Fmaj', 'Cmin7', 'F7', 'Bbmaj', 'Bbmaj7', 'Bbmaj', 'Bbmaj']"
0223,"['D', 'D', 'D', 'D', 'Dmaj', 'Emaj', 'Dmaj', 'Emaj', 'Dmaj', 'Emaj', 'Dmaj', 'Emaj', 'D', 'D', 'D', 'D', 'Dmaj', 'Emaj', 'Dmaj', 'Emaj', 'Dmaj', 'Emaj', 'Dmaj', 'Emaj', 'D', 'D', 'D', 'D', 'Dmaj', 'Emaj', 'Dmaj', 'Emaj', 'D', 'D', 'D', 'D', 'Dmaj', 'Emaj', 'Dmaj', 'Emaj', 'Dmaj', 'Emaj', 'Dmaj', 'Emaj', 'D', 'D', 'D', 'D', 'Dmaj', 'Emaj', 'Dmaj', 'Emaj', 'D', 'D', 'D', 'D', 'Dmaj', 'Emaj', 'Dmaj', 'Emaj', 'Dmaj', 'Emaj', 'Dmaj', 'Emaj', 'Dmaj', 'Emaj', 'Dmaj', 'Emaj', 'Dmaj', 'Emaj', 'Dmaj', 'Emaj', 'Dmaj', 'Emaj', 'Dmaj', 'Emaj', 'D', 'D', 'D', 'D', 'Dmaj', 'Emaj', 'Dmaj', 'Emaj', 'D', 'D', 'D', 'D', 'Dmaj', 'Emaj', 'Dmaj', 'Emaj', 'Dmaj', 'Emaj', 'Dmaj', 'Emaj', 'Dmaj', 'Emaj', 'Dmaj', 'Emaj', 'Dmaj', 'Emaj', 'Dmaj', 'Emaj', 'D', 'D', 'D', 'D', 'D', 'D', 'D', 'D', 'Dmaj', 'Emaj', 'Dmaj', 'Emaj', 'D', 'D', 'D', 'D', 'Dmaj', 'Emaj', 'Dmaj', 'Emaj', 'D', 'D', 'D', 'D', 'Dmaj', 'Emaj', 'Dmaj', 'Emaj', 'Dmaj', 'Emaj', 'Dmaj', 'Emaj', 'Dmaj', 'Emaj', 'Dmaj', 'Emaj', 'Dmaj', 'Emaj', 'Dmaj', 'Emaj', 'Dmaj', 'Emaj', 'Dmaj', 'Emaj', 'Dmaj', 'Emaj', 'Dmaj', 'Emaj', 'Dmaj', 'Emaj', 'Dmaj', 'Emaj', 'Dmaj', 'Emaj', 'Dmaj', 'Emaj', 'Dmaj', 'Emaj', 'Dmaj', 'Emaj', 'Dmaj', 'Emaj', 'Dmaj', 'Emaj']"
0224,"['Fmaj', 'Fmaj', 'Fmaj', 'Fmaj', 'Bbmaj', 'Cmaj', 'Fmaj', 'Bbmaj', 'Cmaj', 'Fmaj', 'Fmaj', 'F7', 'Bbmaj', 'Bbmaj', 'Gmin', 'C7', 'Fmaj', 'Bbmaj', 'Bbmaj', 'Gmin', 'C7', 'Dmin', 'Bbmaj', 'C', 'Fmaj', 'Bbmaj', 'Cmaj', 'Fmaj', 'Bbmaj', 'Cmaj', 'Fmaj', 'Fmaj', 'F7', 'Bbmaj', 'Bbmaj', 'Gmin', 'C7', 'Fmaj', 'Bbmaj', 'Bbmaj', 'Gmin', 'C7', 'Dmin', 'Bbmaj', 'C', 'Fmaj', 'Bbmaj', 'Cmaj', 'Abmaj', 'Abmaj', 'Bbmaj', 'Abmaj', 'Abmaj', 'Bbmaj', 'Cmin', 'Cmin', 'Abmaj', 'Fmin', 'D', 'Ebmaj', 'Bbmaj', 'Fmin', 'Fmin', 'Bbmaj', 'Cmaj', 'Fmaj', 'Bbmaj', 'Cmaj', 'Fmaj', 'Fmaj', 'F7', 'Bbmaj', 'Bbmaj', 'Gmin', 'C7', 'Fmaj', 'Bbmaj', 'Bbmaj', 'Gmin', 'C7', 'Dmin', 'Dmin', 'Bbmaj', 'Bbmaj', 'Gmin', 'Gmin', 'Dmaj', 'C', 'Fmaj', 'Fmaj', 'Fmaj', 'Fmaj', 'Fmaj', 'Bbmaj', 'Cmaj', 'Fmaj', 'Fmaj', 'F7', 'Bbmaj', 'Bbmaj', 'Gmin', 'C7', 'Fmaj', 'Bbmaj', 'Bbmaj', 'Gmin', 'C7', 'Dmin', 'Bbmaj', 'C', 'Fmaj', 'Bbmaj', 'Cmaj', 'Fmaj', 'Bbmaj', 'Cmaj', 'Fmaj', 'Fmaj', 'F7']"
0227,"['Fmaj', 'Fmaj', 'Fmaj', 'Fmaj', 'Fmaj', 'Fmaj', 'Bbmaj', 'Bbmaj', 'Fmaj', 'Fmaj', 'Bbmaj', 'Bbmaj', 'Bbmaj', 'Bbmaj', 'Dmin7', 'Dmin7', 'Bbmaj', 'Bbmaj', 'Cmaj', 'Cmaj', 'Dmin7', 'Cmaj', 'Bbmaj', 'Bbmaj', 'Bbmaj', 'Fmaj', 'Fmaj', 'Bbmaj', 'Bbmaj', 'Gmin', 'Gmin', 'Amin7', 'Amin7', 'Dmin', 'Amin7', 'Bbmaj', 'Dmin', 'Amin7', 'Bbmaj', 'Dmin', 'Amin7', 'Bbmaj', 'Bbmaj', 'Bbmaj', 'Fmaj', 'Fmaj', 'Bbmaj', 'Bbmaj', 'Fmaj', 'Fmaj', 'Bbmaj', 'Bbmaj', 'Bbmaj', 'Bbmaj', 'Dmin7', 'Dmin7', 'Bbmaj', 'Bbmaj', 'Cmaj', 'Cmaj', 'Dmin7', 'Cmaj', 'Bbmaj', 'Bbmaj', 'Bbmaj', 'Fmaj', 'Fmaj', 'Bbmaj', 'Bbmaj', 'Gmin', 'Gmin', 'Amin7', 'Amin7', 'Dmin', 'Amin7', 'Bbmaj', 'Dmin', 'Amin7', 'Bbmaj', 'Dmin', 'Amin7', 'Bbmaj', 'Dmin', 'Amin7', 'Bbmaj', 'Bbmaj7', 'Cmaj', 'Gmaj', 'Gmaj', 'Bbmaj', 'Bbmaj', 'Cmaj', 'Cmaj', 'Bbmaj7', 'Cmaj', 'Dmin', 'Dmin', 'Dmin', 'Dmin', 'Cmaj', 'Bbmaj', 'Cmaj', 'Dmin', 'Amin7', 'Bbmaj', 'Dmin', 'Amin7', 'Bbmaj', 'Dmin', 'Amin7', 'Bbmaj', 'Dmin', 'Amin7', 'Bbmaj', 'Dmin', 'Amin7', 'Bbmaj', 'Dmin', 'Amin7', 'Bbmaj', 'Dmin', 'Amin7', 'Bbmaj', 'Dmin', 'Amin7', 'Bbmaj', 'Bbmaj7', 'Cmaj', 'Dmin', 'Dmin', 'Dmin', 'Dmin', 'Cmaj', 'Bbmaj', 'Cmaj', 'Dmin', 'Amin7', 'Bbmaj', 'Dmin', 'Amin7', 'Bbmaj', 'Dmin', 'Amin7', 'Bbmaj', 'Bbmaj', 'Bbmaj', 'Fmaj', 'Fmaj', 'Bbmaj', 'Bbmaj', 'Fmaj', 'Fmaj', 'Bbmaj', 'Bbmaj', 'Bbmaj', 'Bbmaj', 'Dmin7', 'Dmin7', 'Bbmaj', 'Bbmaj', 'Cmaj', 'Cmaj', 'Dmin7', 'Cmaj', 'Bbmaj', 'Bbmaj', 'Bbmaj', 'Fmaj', 'Fmaj', 'Bbmaj', 'Bbmaj', 'Gmin', 'Gmin', 'Amin7', 'Amin7', 'Amin7', 'Amin7', 'Amin7', 'Dmin', 'Amin7', 'Bbmaj', 'Dmin', 'Amin7', 'Bbmaj', 'Dmin', 'Amin7', 'Bbmaj', 'Dmin', 'Amin7', 'Bbmaj', 'Dmin', 'Amin7', 'Bbmaj', 'Dmin', 'Amin7', 'Bbmaj', 'Dmin', 'Amin7', 'Bbmaj', 'Dmin', 'Amin7', 'Bbmaj', 'Dmin', 'Dmin']"
0228,"['Fmaj', 'Fmaj', 'Dmin', 'Fmaj', 'Dmin', 'Fmaj', 'Dmin', 'Fmaj', 'Dmin', 'Gmin', 'Cmaj', 'Gmin', 'Cmaj', 'Fmaj', 'Fmaj', 'Fmaj', 'Fmaj', 'Fmaj', 'Gmin7', 'Cmaj', 'Gmin7', 'Cmaj', 'Fmaj', 'Fmaj', 'Fmaj', 'Fmaj', 'Gmin7', 'Cmaj', 'Gmin7', 'Cmaj', 'Bbmaj', 'Bbmaj', 'Fmaj', 'Dmin', 'Fmaj', 'Dmin', 'Bbmaj', 'Bbmaj', 'Fmaj', 'Dmin', 'Fmaj', 'Dmin', 'Fmaj', 'Dmin', 'Fmaj', 'Dmin', 'Gmin', 'Cmaj', 'Gmin', 'Cmaj', 'Fmaj', 'Fmaj', 'Fmaj', 'Fmaj', 'Fmaj', 'Gmin7', 'Cmaj', 'Gmin7', 'Cmaj', 'Fmaj', 'Fmaj', 'Fmaj', 'Fmaj', 'Gmin7', 'Cmaj', 'Gmin7', 'Cmaj', 'Bbmaj', 'Bbmaj', 'Fmaj', 'Dmin', 'Fmaj', 'Dmin', 'Bbmaj', 'Bbmaj', 'Fmaj', 'Dmin', 'Fmaj', 'Dmin', 'Fmaj', 'Dmin', 'Fmaj', 'Dmin', 'Gmin', 'Cmaj', 'Gmin', 'Cmaj', 'Fmaj', 'Fmaj', 'Fmaj', 'Dmin', 'Fmaj', 'Dmin', 'Fmaj', 'Dmin', 'Fmaj', 'Dmin', 'Gmin', 'Cmaj', 'Gmin', 'Cmaj', 'Fmaj', 'Fmaj', 'Dmin', 'Fmaj', 'Dmin', 'Fmaj', 'Dmin', 'Fmaj', 'Dmin', 'Gmin', 'Cmaj', 'Gmin', 'Cmaj']"
0229,"['Gmaj', 'Gmaj', 'Gmaj', 'Gmaj', 'Gmaj', 'Gmaj', 'Cmaj', 'Csus4', 'Cmaj', 'Gmaj', 'Amaj', 'Dmaj', 'Dsus4', 'Dmaj', 'Gmaj', 'Gmaj', 'Cmaj', 'Csus4', 'Cmaj', 'Gmaj', 'Dmaj', 'Gmaj', 'Gmaj', 'Gmaj', 'Dmaj', 'Gmaj', 'Gmaj', 'Gmaj', 'Dmaj', 'Gmaj', 'Gmaj', 'Gmaj', 'Gmaj', 'Cmaj', 'Csus4', 'Cmaj', 'Gmaj', 'Amaj', 'Dmaj', 'Dsus4', 'Dmaj', 'Gmaj', 'Gmaj', 'Cmaj', 'Csus4', 'Cmaj', 'Gmaj', 'Dmaj', 'Gmaj', 'Gmaj', 'Gmaj', 'Dmaj', 'Gmaj', 'Gmaj', 'Gmaj', 'Dmaj', 'Gmaj', 'Gmaj', 'Gmaj', 'Gmaj', 'Cmaj', 'Csus4', 'Cmaj', 'Gmaj', 'Amaj', 'Dmaj', 'Dsus4', 'Dmaj', 'Gmaj', 'Gmaj', 'Cmaj', 'Csus4', 'Cmaj', 'Gmaj', 'Dmaj', 'Gmaj', 'Gmaj', 'Gmaj', 'Dmaj', 'Gmaj', 'Gmaj', 'Gmaj', 'Dmaj', 'Gmaj', 'Gmaj', 'Gmaj', 'Dmaj', 'Gmaj', 'Gmaj', 'Gmaj', 'Dmaj', 'Gmaj', 'Gmaj', 'Gmaj', 'Gmaj', 'Gmaj', 'Gmaj']"
0231,"['Gmaj', 'Emin', 'Emin', 'Bmin', 'Gmaj', 'Amaj', 'Amaj', 'Dmaj', 'Emin', 'Emin', 'Bmin7', 'Bmin7', 'F#min7', 'F#min7', 'Dmaj', 'Emin', 'Emin', 'Bmin7', 'Bmin7', 'F#min7', 'F#min7', 'Bmin', 'Bmin', 'Asus4', 'Amaj', 'Asus4', 'Amaj', 'Gmaj', 'Gmaj', 'Bmin', 'Bmin', 'Gmaj', 'Amaj', 'Amaj', 'Dmaj', 'Gmaj', 'Amaj', 'Amaj', 'Dmaj', 'Gmaj', 'Amaj', 'Dmaj', 'F#min', 'Gmaj', 'Amaj', 'Dmaj', 'Gmaj', 'Amaj', 'Dmaj', 'Gmaj', 'Amaj', 'Dmaj', 'F#min', 'Gmaj', 'Amaj', 'Dmaj', 'F#min', 'Gmaj', 'Amaj', 'Dmaj', 'Emin', 'Emin', 'Bmin7', 'Bmin7', 'F#min7', 'F#min7', 'Dmaj', 'Emin', 'Emin', 'Bmin7', 'Bmin7', 'F#min7', 'F#min7', 'Bmin', 'Bmin', 'Asus4', 'Amaj', 'Asus4', 'Amaj', 'Gmaj', 'Gmaj', 'Bmin', 'Bmin', 'Gmaj', 'Amaj', 'Amaj', 'Dmaj', 'Gmaj', 'Amaj', 'Amaj', 'Dmaj', 'Gmaj', 'Amaj', 'Dmaj', 'F#min', 'Gmaj', 'Amaj', 'Dmaj', 'Gmaj', 'Amaj', 'Dmaj', 'Gmaj', 'Amaj', 'Dmaj', 'F#min', 'Gmaj', 'Amaj', 'Dmaj', 'F#min', 'Gmaj', 'Amaj', 'Amaj', 'Bmin', 'Bmin', 'Amaj', 'Bmin', 'Bmin', 'Gmaj', 'Amaj', 'Amaj', 'Dmaj', 'Gmaj', 'Amaj', 'Amaj', 'Dmaj', 'Gmaj', 'Amaj', 'Dmaj', 'F#min', 'Gmaj', 'Amaj', 'Dmaj', 'Gmaj', 'Amaj', 'Dmaj', 'Gmaj', 'Amaj', 'Dmaj', 'F#min', 'Gmaj', 'Amaj', 'Dmaj', 'F#min', 'Gmaj', 'Amaj', 'Dmaj', 'F#min', 'Gmaj', 'Amaj', 'Dmaj', 'F#min', 'Gmaj']"
0234,"['Emaj', 'Emaj', 'Emaj', 'Emaj', 'Emaj', 'Emaj', 'Emaj', 'Emaj', 'Emaj', 'Amaj', 'Emaj', 'Amaj', 'Emaj', 'Amaj', 'Emaj', 'Amaj', 'Emaj', 'Amaj', 'Emaj', 'Amaj', 'Emaj', 'Amaj', 'Emaj', 'Amaj', 'Amaj', 'A7', 'E7', 'E7', 'F#min7', 'Emaj', 'Amaj', 'Bmaj', 'Emaj', 'Esus4', 'Emaj', 'Esus2', 'Emaj', 'Amaj', 'Emaj', 'Amaj', 'Emaj', 'Amaj', 'Emaj', 'Amaj', 'Emaj', 'Emaj', 'Dmaj', 'Dmaj', 'Dmaj', 'Emaj', 'Emaj', 'Dmaj', 'Emaj', 'Emaj', 'Amaj', 'Emaj', 'Amaj', 'Emaj', 'Amaj', 'Emaj', 'Amaj', 'Emaj', 'Amaj', 'Emaj', 'Amaj', 'Emaj', 'Amaj', 'Emaj', 'Amaj', 'Amaj', 'A7', 'E7', 'E7', 'F#min7', 'Emaj', 'Amaj', 'Bsus4', 'Emaj', 'Esus4', 'Emaj', 'Esus2', 'Emaj', 'Amaj', 'Emaj', 'Amaj', 'Emaj', 'Amaj', 'Emaj', 'Amaj', 'Emaj', 'Emaj', 'Emaj', 'Emaj', 'Emaj', 'Emaj', 'Emaj', 'Emaj', 'Emaj', 'Emaj', 'Emaj', 'Emaj', 'Amaj', 'A7', 'E7', 'E7', 'F#min7', 'Emaj', 'Amaj', 'Bsus4', 'Emaj', 'Esus4', 'Emaj', 'Esus2', 'Emaj', 'Amaj', 'Emaj', 'Amaj', 'Emaj', 'Amaj', 'Emaj', 'Amaj', 'Emaj', 'Amaj', 'Emaj', 'Amaj', 'Emaj', 'Emaj', 'Emaj', 'Emaj', 'Emaj', 'Emaj', 'Emaj', 'Emaj', 'Emaj', 'Emaj', 'Emaj', 'Emaj']"
0235,"['Emaj', 'Emaj', 'Emaj', 'Emaj', 'Emaj', 'Emaj', 'Amaj', 'Amaj', 'Bmaj', 'B7', 'Emaj', 'Emaj', 'Emaj', 'E7', 'Amaj', 'Amaj', 'Bmaj', 'B7', 'Emaj', 'Emaj', 'Emaj', 'E7', 'Amaj', 'Amaj', 'Bmaj', 'B7', 'Emaj', 'Emaj', 'Emaj', 'E7', 'Amaj', 'Amaj', 'Bmaj', 'B7', 'Emaj', 'Emaj', 'Amaj', 'Bmaj', 'Emaj', 'Emaj', 'Amaj', 'Bmaj', 'Emaj', 'Amaj', 'Bmaj', 'B7', 'Emaj', 'Emaj', 'Emaj', 'E7', 'Amaj', 'Amaj', 'Bmaj', 'B7', 'Emaj', 'Emaj', 'Emaj', 'E7', 'Amaj', 'Amaj', 'Bmaj', 'B7', 'Emaj', 'Emaj', 'Amaj', 'Bmaj', 'Emaj', 'Emaj', 'Amaj', 'Bmaj', 'Emaj', 'Amaj', 'Bmaj', 'B7', 'Emaj', 'E7', 'Amaj', 'Bmaj', 'Emaj', 'Amaj', 'F#min', 'Bmaj', 'Emaj', 'E7', 'Amaj', 'Bmaj', 'Emaj', 'Amaj', 'F#min', 'Amaj', 'Bmaj', 'Bmaj', 'Emaj', 'E7', 'Amaj', 'Amaj', 'Bmaj', 'B7', 'Emaj', 'Emaj', 'Emaj', 'Emaj', 'Amaj', 'Amaj', 'Bmaj', 'B7', 'Emaj', 'E7', 'Amaj', 'Bmaj', 'Emaj', 'Emaj', 'Amaj', 'Bmaj', 'Emaj', 'Amaj', 'Bmaj', 'B7', 'Emaj', 'Emaj', 'Amaj', 'B7', 'Emaj', 'E7', 'Amaj', 'B7', 'Emaj', 'Amaj', 'Bmaj', 'B7', 'Emaj', 'Emaj', 'Bmaj', 'B7', 'Amaj', 'Amaj', 'Emaj']"
0236,"['Bbmaj', 'Bbmaj', 'A', 'A', 'D5', 'Bbmaj', 'Bbmaj', 'A', 'A', 'D5', 'Bbmaj', 'Bbmaj', 'A', 'A', 'D5', 'Bbmaj', 'Bbmaj', 'A', 'A', 'D5', 'Bbmaj', 'Bbmaj', 'Cmaj', 'Cmaj', 'D7', 'D7', 'Gsus4', 'Gsus4', 'Amin', 'Amin', 'Gsus4', 'Gsus4', 'Amin', 'Amin', 'Bbmaj', 'Bbmaj', 'A', 'A', 'D5', 'Bbmaj', 'Bbmaj', 'A', 'A', 'D5', 'Bbmaj', 'Bbmaj', 'A', 'A', 'D5', 'Bbmaj', 'Bbmaj', 'Cmaj', 'Cmaj', 'D7', 'D7', 'Gsus4', 'Gsus4', 'Amin', 'Amin', 'Gsus4', 'Gsus4', 'Amin', 'Amin', 'Gmin7', 'Cmaj', 'Gmin7', 'Cmaj', 'Fmaj', 'Fmaj', 'Gmin7', 'Cmaj', 'Gmin7', 'Cmaj', 'Dmaj', 'Dmaj', 'Gsus4', 'Gsus4', 'Amin', 'Amin', 'Gsus4', 'Gsus4', 'Amin', 'Amin', 'D', 'D', 'D', 'D', 'D', 'D', 'D', 'D', 'D', 'Dmin', 'Bb', 'Cmaj', 'Gmin', 'Dmin', 'Bbmaj', 'Cmaj', 'Asus4', 'Gmin', 'Gmin', 'D', 'D', 'Dmin7', 'Dmin7', 'Dmin7', 'Dmin7', 'Dmin7', 'Dmin7', 'Bbmaj', 'Gmaj', 'Cmaj', 'Dmin7', 'Bbmaj', 'Cmaj', 'Dmin7', 'Dmin7', 'Gmin7', 'G7', 'Cmaj', 'Dmin', 'Gmin7', 'Cmaj', 'Dsus4', 'D5', 'Dsus4', 'D', 'D5', 'D5', 'Bbmaj', 'Amin', 'Fmaj', 'Dmin', 'Gsus4', 'Gmaj', 'Bbmaj', 'Amin', 'Fmaj', 'Dmin', 'Gsus4', 'Gmaj', 'Bbmaj', 'Amin', 'Fmaj', 'Dmin', 'Gmaj', 'Bbmaj', 'Amin', 'Fmaj', 'Dmin', 'Gsus4', 'Amin7', 'Gsus4', 'Amin7', 'Gsus4', 'Amin7', 'Gsus4', 'Amin7', 'D7', 'D7', 'D7', 'D7', 'Bbmaj', 'Bbmaj', 'A', 'A', 'Dmaj', 'Bbmaj', 'Bbmaj', 'A', 'A', 'Dmaj', 'Bbmaj', 'Bbmaj', 'A', 'A', 'Dmaj', 'Bbmaj', 'Bbmaj', 'Cmaj', 'Cmaj', 'D7', 'D7', 'Gsus4', 'Gsus4', 'G', 'G', 'Gsus4', 'Gsus4', 'G', 'G', 'Csus4', 'C', 'Csus4', 'C', 'Csus4', 'C', 'Csus4', 'C', 'Dmin7', 'Dmin7', 'Emin', 'Emin', 'Dmin7', 'Dmin7', 'Emin', 'Emin', 'Dmin7', 'Dmin7', 'Emin', 'Emin', 'Dmin7', 'Dmin7', 'Emin', 'Emin', 'Dmin7', 'Dmin7', 'Emin', 'Emin', 'Dmin7', 'Dmin7', 'Emin', 'Emin', 'Dmin7', 'Dmin7', 'Emin', 'Emin', 'Dmin7', 'Dmin7', 'Emin', 'Emin', 'Dmin7', 'Dmin7', 'Emin', 'Emin']"
0238,"['Gmaj', 'F#dim', 'B7', 'Cmaj', 'Cmaj', 'Gmaj', 'Gmaj', 'Cmaj', 'Cmaj', 'Dmaj', 'Dmaj', 'Cmaj', 'Cmaj', 'Gmaj', 'Gmaj', 'Cmaj', 'Cmaj', 'Dmaj', 'Dmaj', 'Cmaj', 'D7', 'Cmaj', 'D7', 'Gmaj', 'Cmaj', 'Gmaj', 'Cmaj', 'B7', 'Emin', 'Gmaj', 'Amin7', 'D7', 'Gmaj', 'Cmaj', 'Gmaj', 'Cmaj', 'B7', 'Emin', 'Gmaj', 'Amin7', 'D7', 'Gmaj', 'F#dim', 'B7', 'Cmaj', 'Cmaj', 'Gmaj', 'Gmaj', 'Cmaj', 'Cmaj', 'Dmaj', 'Dmaj', 'Cmaj', 'Cmaj', 'Gmaj', 'Gmaj', 'Cmaj', 'Cmaj', 'Dmaj', 'Dmaj', 'Cmaj', 'D7', 'Cmaj', 'D7', 'Gmaj', 'Cmaj', 'Gmaj', 'Cmaj', 'B7', 'Emin', 'Gmaj', 'Amin7', 'D7', 'Gmaj', 'Cmaj', 'Gmaj', 'Cmaj', 'B7', 'Emin', 'Gmaj', 'Amin7', 'D7', 'Gmaj', 'F#dim', 'B7', 'Cmaj', 'Cmaj', 'Gmaj7']"
0239,"['Gmaj', 'Gmaj', 'Gmaj', 'Gmaj', 'Gmaj', 'Gmaj', 'Ebmaj9', 'Dsus4', 'Ebmaj9', 'Dsus4', 'Ebmaj9', 'Fmaj', 'Gmaj', 'Gmaj', 'Gmaj', 'Gmaj', 'Gmaj', 'Ebmaj9', 'Dsus4', 'Ebmaj9', 'Dsus4', 'Ebmaj9', 'Fmaj', 'Gmaj', 'Dmaj', 'D#dim', 'Emin7', 'Dmaj', 'D#dim', 'Emin7', 'Amin7', 'Emin7', 'Amin7', 'Emin7', 'Amin7', 'Emin7', 'Amin7', 'Emin7', 'Emin7', 'Gmaj', 'Amin7', 'Gmaj', 'Amin7', 'Gmaj', 'Amin7', 'Gmaj', 'Cmaj', 'Cmaj', 'Amin7', 'Emin7', 'Amin7', 'Emin7', 'Amin7', 'Emin7', 'Amin7', 'Ebmaj9', 'Fmaj', 'Gmaj', 'Gmaj', 'Gmaj', 'Gmaj', 'Gmaj', 'Ebmaj9', 'Dsus4', 'Ebmaj9', 'Dsus4', 'Ebmaj9', 'Fmaj', 'Gmaj', 'Amin7', 'Emin7', 'Amin7', 'Emin7', 'Amin7', 'Emin7', 'Amin7', 'Emin7', 'Emin7', 'Gmaj', 'Amin7', 'Gmaj', 'Amin7', 'Gmaj', 'Amin7', 'Gmaj', 'Cmaj', 'Cmaj', 'Amin7', 'Emin7', 'Amin7', 'Emin7', 'Amin7', 'Emin7', 'Amin7', 'Ebmaj9', 'Fmaj', 'Gmaj', 'Ebmaj9', 'Fmaj', 'Gmaj', 'Ebmaj9', 'Fmaj', 'Gmaj', 'Ebmaj9', 'Fmaj', 'Gmaj', 'Ebmaj9', 'Fmaj', 'Gmaj', 'Ebmaj9', 'Fmaj', 'Gmaj', 'Ebmaj9', 'Fmaj', 'Gmaj']"
0240,"['D', 'E', 'D', 'Gmaj', 'Dmaj', 'D', 'E', 'D', 'Gmaj', 'Dmaj', 'Dmaj', 'Bmin7', 'Gmaj7', 'Bmin7', 'D7', 'Gmaj7', 'Gmin7', 'Dmaj', 'Amin', 'D7', 'Gmaj7', 'Gmin7', 'Dmaj', 'Bmin7', 'Esus4', 'E7', 'Asus4', 'Asus4', 'Dmaj', 'Bmin7', 'Gmaj7', 'Bmin7', 'D7', 'Gmaj7', 'Gmin7', 'Dmaj', 'Amin', 'D7', 'Gmaj7', 'Gmin7', 'Dmaj', 'Bmin7', 'Emin', 'Asus4', 'D', 'E', 'D', 'Gmaj', 'Dmaj', 'Dmaj', 'E', 'D', 'Gmaj', 'Dmaj', 'Dmaj', 'Bmin7', 'Gmaj7', 'Bmin7', 'D7', 'Gmaj7', 'Gmin7', 'Dmaj', 'Amin', 'D7', 'Gmaj7', 'Gmin7', 'Dmaj', 'Bmin7', 'Esus4', 'E7', 'Asus4', 'Asus4', 'Dmaj', 'Bmin7', 'Gmaj7', 'Bmin7', 'D7', 'Gmaj7', 'Gmin7', 'Dmaj', 'Amin', 'D7', 'Gmaj7', 'Gmin7', 'Dmaj', 'Bmin7', 'Emin', 'Asus4', 'D', 'E', 'D', 'Gmaj', 'Dmaj', 'D', 'E', 'Amin7', 'D7', 'Gmaj7', 'A7', 'F#min7', 'Bsus4', 'Emin7', 'A7', 'Dmaj', 'Dmaj', 'D7', 'Bbmaj7', 'C7', 'Amin7', 'D7', 'Gmin7', 'Gmin7', 'Gmaj', 'Gmaj', 'Dmaj', 'Bmin7', 'Gmaj7', 'Bmin7', 'D7', 'Gmaj7', 'Gmin7', 'Dmaj', 'Amin', 'D7', 'Gmaj7', 'Gmin7', 'Dmaj', 'Bmin7', 'Emin', 'Asus4', 'D', 'E', 'D', 'Gmaj', 'Dmaj', 'D', 'E', 'Amin7', 'D7', 'Dmaj', 'Bmin7', 'Gmaj7', 'Bmin7', 'D7', 'Gmaj7', 'Gmin7', 'Dmaj', 'Amin', 'D7', 'Gmaj7', 'Gmin7', 'Dmaj', 'Bmin7', 'Esus4', 'E7', 'Asus4', 'Asus4', 'Dmaj', 'Bmin7', 'Gmaj7', 'Bmin7', 'D7', 'Gmaj7', 'Gmin7', 'Dmaj', 'Amin', 'D7', 'Gmaj7', 'Gmin7', 'Dmaj', 'Bmin7', 'Emin', 'Asus4', 'Bbmaj', 'Cmaj', 'Amin7', 'D7', 'Gmin7', 'A7', 'Dmaj', 'Bmin7', 'Gmaj7', 'Bmin7', 'D7', 'Gmaj7', 'Gmin7', 'Dmaj', 'Amin', 'D7', 'Gmaj7', 'Gmin7', 'Dmaj', 'Bmin7', 'Esus4', 'E7', 'Asus4', 'Asus4', 'Dmaj', 'Bmin7', 'Gmaj7', 'Bmin7', 'D7', 'Gmaj7', 'Gmin7', 'Dmaj', 'Amin', 'D7']"
0241,"['Amaj', 'C#min7', 'Cdim', 'Amaj', 'Amaj', 'C#min7', 'Cdim', 'Bmin7', 'Amaj', 'Dmaj', 'Amaj', 'G#maj', 'Amaj', 'Bmin', 'D#dim', 'E7', 'Bmin7', 'Bmin7', 'E7', 'Amaj', 'E7', 'G#maj', 'Amaj', 'Bmin7', 'E7', 'Amaj', 'A', 'A7', 'Dmaj7', 'D', 'F#min', 'F#min7', 'B7', 'Esus4', 'E7', 'A7', 'Dmaj', 'Amaj', 'G#maj', 'Amaj', 'Bmin', 'D#dim', 'E7', 'Bmin7', 'Bmin7', 'E7', 'Amaj', 'G#maj', 'Amaj', 'Bmin7', 'E7', 'Amaj', 'A', 'A7', 'Dmaj7', 'Dmin', 'Amaj', 'A7', 'Dmaj', 'E7', 'Amaj', 'C#min7', 'F#min7', 'E7', 'Bbmaj', 'Amaj', 'Dmaj', 'Amaj', 'G#maj', 'Amaj', 'Bmin7', 'D#dim', 'E7', 'Bmin7', 'Dmaj', 'E7', 'Amaj', 'G#maj', 'Amaj', 'Amaj', 'A7', 'A7', 'Dmaj', 'D', 'Amaj', 'Asus4', 'Amaj', 'B7', 'E7', 'E7', 'Amaj', 'Dmaj', 'Amaj', 'G#maj', 'Amaj', 'Bmin7', 'D#dim', 'E7', 'Bmin7', 'Dmaj', 'E7', 'Amaj', 'G#maj', 'Amaj', 'Amaj', 'A7', 'A7', 'Dmaj', 'D', 'Amaj', 'E7', 'A']"
0242,"['Gbmaj', 'Fmaj', 'Bbmin', 'Abmaj', 'Ab7', 'Dbmaj7', 'Gbmaj', 'Fmaj', 'Bbmin', 'Abmaj', 'Gbmaj', 'Fmaj', 'Bbmin', 'Abmaj', 'Dbmaj7', 'Gbmaj', 'Fmaj', 'Bbmaj', 'Gbmaj', 'Fmaj', 'Bbmin', 'Abmaj', 'Ab7', 'Dbmaj7', 'Gbmaj', 'Fmaj', 'Bbmin', 'Abmaj', 'Gbmaj', 'Fmaj', 'Bbmin', 'Abmaj', 'Dbmaj7', 'Gbmaj', 'Fmaj', 'Bbmaj', 'Ebmin7', 'Abmaj', 'Dbmaj', 'Ebmin7', 'Abmaj', 'Bbmin', 'Abmaj', 'Ebmin7', 'Abmaj', 'Dbmaj', 'Ebmin7', 'Ab7', 'Bbmaj', 'Gbmaj', 'Fmaj', 'Bbmin', 'Abmaj', 'Ab7', 'Dbmaj7', 'Gbmaj', 'Fmaj', 'Bbmin', 'Abmaj', 'Gbmaj', 'Fmaj', 'Bbmin', 'Abmaj', 'Dbmaj7', 'Gbmaj', 'Fmaj', 'Bbmaj', 'Ebmin7', 'Abmaj', 'Dbmaj', 'Ebmin7', 'Abmaj', 'Bbmin', 'Abmaj', 'Ebmin7', 'Abmaj', 'Dbmaj', 'Ebmin7', 'Ab7', 'Bbmaj', 'Gbmaj', 'Fmaj', 'Bbmin', 'Abmaj', 'Ab7', 'Dbmaj7', 'Gbmaj', 'Fmaj', 'Bbmin', 'Abmaj', 'Gbmaj', 'Fmaj', 'Bbmin', 'Abmaj', 'Dbmaj7', 'Gbmaj', 'Fmaj', 'Bbmaj', 'Gbmaj', 'Fmaj', 'Bbmin', 'Abmaj', 'Ab7', 'Dbmaj7', 'Gbmaj', 'Fmaj', 'Bbmin', 'Abmaj', 'Gbmaj', 'Fmaj', 'Bbmin', 'Abmaj', 'Dbmaj7', 'Gbmaj', 'Fmaj', 'Bbmaj', 'Ebmin7', 'Abmaj', 'Dbmaj', 'Ebmin7', 'Abmaj', 'Bbmin', 'Abmaj', 'Ebmin7', 'Abmaj', 'Dbmaj', 'Ebmin7', 'Ab7', 'Bbmaj', 'Ebmin7', 'Abmaj', 'Dbmaj', 'Ebmin7', 'Abmaj', 'Bbmin', 'Abmaj', 'Ebmin']"
0244,"['Gmaj', 'Dmaj', 'D7', 'Gmaj', 'Gmaj', 'Dmaj', 'D7', 'Gmaj', 'Gmaj', 'Dmaj', 'D7', 'Bmaj', 'Bmaj', 'Gmaj', 'Gmaj', 'Bmaj', 'Dmaj', 'Cmaj', 'Cmaj', 'Gmaj', 'Gmaj', 'Dmaj', 'Dmaj', 'Dmaj', 'D7', 'Gmaj', 'Gmaj', 'Dmaj', 'D7', 'Gmaj', 'Gmaj', 'Dmaj', 'D7', 'Bmaj', 'Bmaj', 'Gmaj', 'Gmaj', 'Bmaj', 'Dmaj', 'Cmaj', 'Cmaj', 'Gmaj', 'Gmaj', 'Dmaj', 'Dmaj', 'Dmaj', 'D7', 'Gmaj', 'Cmaj', 'Gmaj', 'Gmaj', 'Cmaj', 'Gmaj', 'Gmaj', 'Cmaj', 'Gmaj', 'Gmaj', 'Cmaj', 'Gmaj', 'Gmaj', 'Cmaj', 'Gmaj', 'Gmaj', 'Cmaj', 'Gmaj', 'Gmaj', 'Cmaj', 'Gmaj', 'Gmaj', 'Cmaj', 'Gmaj', 'Dmaj', 'Dmaj', 'Dmaj', 'D7', 'Gmaj', 'Gmaj', 'Dmaj', 'D7', 'Gmaj', 'Gmaj', 'Dmaj', 'D7', 'Bmaj', 'Bmaj', 'Gmaj', 'Gmaj', 'Bmaj', 'Dmaj', 'Cmaj', 'Cmaj', 'Gmaj', 'Gmaj', 'Dmaj', 'Dmaj', 'Dmaj', 'D7', 'Gmaj', 'Gmaj', 'Dmaj', 'D7', 'Gmaj', 'Gmaj', 'Dmaj', 'D7', 'Bmaj', 'Bmaj', 'Gmaj', 'Gmaj', 'Bmaj', 'Dmaj', 'Cmaj', 'Cmaj', 'Gmaj', 'Gmaj', 'Dmaj', 'Dmaj', 'Dmaj', 'D7', 'Dmaj', 'D7', 'Cmaj', 'Dmaj', 'Dmaj', 'Cmaj', 'Dmaj', 'Gmaj', 'Dmaj']"
0245,"['Dmaj', 'Amaj', 'Dmaj', 'Dmaj', 'Amaj', 'Dmaj', 'Amaj', 'Dmaj', 'Amaj', 'Dmaj', 'Dmaj', 'Amaj', 'Dmaj', 'Amaj', 'Dmaj', 'Dsus4', 'Dsus4', 'Dsus4', 'Dsus4', 'Dmaj', 'Dmaj', 'Dmaj', 'Amaj', 'Dmaj', 'Dmaj', 'Amaj', 'Dmaj', 'Dmaj', 'Dmaj', 'Dmaj', 'Dmaj', 'Amaj', 'Bmin', 'A7', 'A7', 'Emin', 'Dmaj', 'Dmaj', 'Gmaj', 'Dmaj', 'Dmaj', 'Gmaj', 'Dmaj', 'Dmaj', 'Dmaj', 'Dmaj', 'Dmaj', 'Amaj', 'Dmaj', 'Amaj', 'Amaj', 'Dmaj', 'Amaj', 'Dmaj', 'Dmaj', 'Dmaj', 'Dmaj', 'Amaj', 'Dmaj', 'Dmaj', 'Amaj', 'Dmaj', 'Dmaj', 'Dmaj', 'Dmaj', 'Dmaj', 'Amaj', 'Dmaj', 'Amaj', 'Amaj', 'Emin', 'Dmaj', 'Dmaj', 'Gmaj', 'Dmaj', 'Dmaj', 'Gmaj', 'Dmaj', 'Dmaj', 'Dmaj', 'Dmaj', 'Dmaj', 'A7', 'A7', 'A7', 'A7', 'A7', 'A7', 'A7', 'A7', 'A7', 'A7', 'A7', 'Dmaj', 'Dmaj', 'Gmaj', 'Gmaj', 'Gmaj', 'Dmaj', 'Dmaj', 'Dmaj', 'Gmaj', 'Gmaj', 'Gmaj', 'A7', 'A7', 'A7', 'A7', 'Dmaj', 'Dmaj', 'Dmaj', 'Amaj', 'Dmaj', 'Dmaj', 'Amaj', 'Dmaj', 'Dmaj', 'Dmaj', 'Dmaj', 'Dmaj', 'Amaj', 'Bmin', 'A7', 'A7', 'Emin', 'Dmaj', 'Dmaj', 'Gmaj', 'Dmaj', 'Dmaj', 'Gmaj', 'Dmaj', 'Dmaj', 'Dmaj', 'Dmaj', 'Dmaj', 'A7', 'A7', 'A7', 'A7', 'A7', 'A7', 'A7', 'A7', 'Dmaj', 'Dmaj', 'Gmaj', 'Gmaj', 'Gmaj', 'Dmaj', 'Dmaj', 'Dmaj', 'Gmaj', 'Gmaj', 'Gmaj', 'Dmaj', 'Amaj', 'Dmaj', 'Dmaj', 'Amaj', 'Dmaj', 'Amaj', 'Dmaj', 'Amaj', 'Dmaj', 'Dmaj', 'Amaj', 'Dmaj', 'A7', 'A7', 'A7', 'A7', 'Dmaj', 'Dmaj', 'Dmaj', 'Dmaj', 'Dmaj', 'Dmaj', 'Dmaj']"
0246,"['Cmaj', 'Fmaj', 'Gmaj', 'Fmaj', 'Cmaj', 'Fmaj', 'Gmaj', 'Fmaj', 'Cmaj', 'Fmaj', 'Cmaj', 'Fmaj', 'Cmaj', 'Fmaj', 'Cmaj', 'Fmaj', 'Cmaj', 'Fmaj', 'Cmaj', 'Fmaj', 'Gmaj', 'Cmaj', 'Cmaj', 'Cmaj', 'Fmaj', 'Gmin', 'Fmaj', 'Gmin', 'Fmaj', 'Gmin', 'Fmaj', 'Cmaj', 'Fmaj', 'Cmaj', 'Gmaj', 'Gmaj', 'Fmaj', 'Cmaj', 'Fmaj', 'F#dim', 'Dmin7', 'Gmaj', 'Fmaj', 'Gmaj', 'Cmaj', 'Fmaj', 'Cmaj', 'Cmaj7', 'C', 'Gsus4', 'Gmaj', 'Fmaj', 'Gmaj', 'Cmaj', 'Fmaj', 'Cmaj', 'Cmaj7', 'C', 'Gmaj', 'Gmaj', 'Fmaj', 'Fmaj', 'Gmaj', 'Gmaj', 'Fmaj', 'Gmaj', 'Cmaj', 'Fmaj', 'Cmaj', 'Fmaj', 'Cmaj', 'Fmaj', 'Cmaj', 'Fmaj', 'Cmaj', 'Fmaj', 'Cmaj', 'Fmaj', 'Gmaj', 'Cmaj', 'Cmaj', 'Cmaj', 'Fmaj', 'Gmin', 'Fmaj', 'Gmin', 'Fmaj', 'Gmin', 'Fmaj', 'Cmaj', 'Fmaj', 'Cmaj', 'Gmaj', 'Gmaj', 'Fmaj', 'Cmaj', 'Fmaj', 'F#dim', 'Dmin7', 'Gmaj', 'Fmaj', 'Gmaj', 'Cmaj', 'Fmaj', 'Cmaj', 'Cmaj7', 'C', 'Gsus4', 'Gmaj', 'Fmaj', 'Gmaj', 'Cmaj', 'Fmaj', 'Cmaj', 'Cmaj7', 'C', 'Gmaj', 'Gmaj', 'Fmaj', 'Fmaj', 'Gsus4', 'Gmaj', 'Fmaj', 'Gmaj', 'Cmaj', 'Fmaj', 'Cmaj', 'Cmaj7', 'C', 'Gsus4', 'Gmaj', 'Fmaj', 'Gmaj', 'Cmaj', 'Fmaj', 'Cmaj', 'Cmaj7', 'C', 'Gsus4', 'Gmaj', 'Fmaj', 'Gmaj']"
0247,"['Emaj', 'C#min', 'Amaj', 'Bmaj', 'Emaj', 'C#min', 'Amaj', 'Bmaj', 'Emaj', 'C#min', 'Amaj', 'Bmaj', 'Emaj', 'Emaj', 'Emaj', 'C#min', 'Amaj', 'Bmaj', 'Emaj', 'C#min', 'Amaj', 'Bmaj', 'Emaj', 'C#min', 'Amaj', 'Bmaj', 'Emaj', 'C#min', 'Amaj', 'Bmaj', 'Emaj', 'Emaj', 'Emaj', 'C#min', 'Amaj', 'Bmaj', 'Emaj', 'C#min', 'Amaj', 'Bmaj', 'Emaj', 'Emaj', 'Emaj', 'C#min', 'Amaj', 'Bmaj', 'Emaj', 'C#min', 'Amaj', 'Bmaj', 'Emaj', 'C#min', 'Amaj', 'Bmaj', 'Emaj', 'C#min', 'Amaj', 'Bmaj', 'Emaj', 'C#min', 'Amaj', 'Bmaj', 'Emaj', 'Emaj', 'Emaj', 'C#min', 'Amaj', 'Bmaj', 'Emaj', 'C#min', 'Amaj', 'Bmaj', 'Emaj', 'Emaj', 'Emaj', 'C#min', 'Amaj', 'Bmaj', 'Emaj', 'C#min', 'Amaj', 'Bmaj']"
0248,"['Emin', 'Gmaj', 'Amin', 'Cmaj', 'B7', 'Emin', 'Gmaj', 'Amin', 'Cmaj', 'B7', 'Emin', 'Gmaj', 'Amin', 'Cmaj', 'Bmaj', 'Emin', 'Gmaj', 'Amin', 'Cmaj', 'Bmaj', 'Emin', 'Gmaj', 'Amin', 'Cmaj', 'Bmaj', 'Emin', 'Gmaj', 'Amin', 'Cmaj', 'Bmaj', 'Emin', 'Gmaj', 'Amin', 'Cmaj', 'B7', 'Emin', 'Gmaj', 'Amin', 'Cmaj', 'B7', 'Emin', 'Gmaj', 'Amin', 'Cmaj', 'B7', 'Emin', 'Gmaj', 'Amin', 'Cmaj', 'Bmaj', 'Emin', 'Gmaj', 'Amin', 'Cmaj', 'Bmaj', 'Emin', 'Gmaj', 'Amin', 'Cmaj', 'Bmaj', 'Emin', 'Gmaj', 'Amin', 'Cmaj', 'Bmaj', 'Emin', 'Gmaj', 'Amin', 'Cmaj', 'B7', 'Emin', 'Gmaj', 'Amin', 'Cmaj', 'B7', 'Emin', 'Gmaj', 'Amin', 'Cmaj', 'B7', 'Emin', 'Gmaj', 'Amin', 'Cmaj', 'B7', 'Emin', 'Gmaj', 'Amin', 'Cmaj', 'B7', 'Emin', 'Gmaj', 'Amin', 'Cmaj', 'B7', 'Emin', 'Gmaj', 'Amin', 'Cmaj', 'B7', 'Emin', 'Gmaj', 'Amin', 'Cmaj', 'B7', 'Emin', 'Gmaj', 'Amin', 'Cmaj', 'B7', 'Emin', 'Gmaj', 'Amin', 'Cmaj', 'B7', 'Emin', 'Gmaj', 'Amin', 'Cmaj', 'B7', 'Emin', 'Gmaj', 'Amin', 'Cmaj', 'B7', 'Emin', 'Gmaj', 'Amin', 'Cmaj', 'B7', 'Emin', 'Gmaj', 'Amin', 'Cmaj', 'B7', 'Emin']"
0249,"['F#maj', 'C#maj', 'F#maj', 'C#maj', 'F#maj', 'F#maj', 'Bmaj', 'Bmaj', 'C#maj', 'C#maj', 'F#maj', 'F#maj', 'F#maj', 'F#maj', 'Bmaj', 'Bmaj', 'C#maj', 'C#maj', 'F#maj', 'C#maj', 'F#maj', 'F#maj', 'Bmaj', 'Bmaj', 'C#maj', 'C#maj', 'F#maj', 'C#maj', 'F#maj', 'F#maj', 'Bmaj', 'Bmaj', 'C#maj', 'C#maj', 'F#maj', 'C#maj', 'F#maj', 'F#maj', 'Bmaj', 'Bmaj', 'C#maj', 'C#maj', 'F#maj', 'F#maj', 'F#maj', 'F#maj', 'Bmaj', 'Bmaj', 'C#maj', 'C#maj', 'F#maj', 'C#maj', 'F#maj', 'F#maj', 'Bmaj', 'Bmaj', 'C#maj', 'C#maj', 'F#maj', 'C#maj', 'F#maj', 'F#maj', 'Bmaj', 'Bmaj', 'C#maj', 'C#maj', 'F#maj', 'C#maj', 'F#maj', 'F#maj', 'Bmaj', 'Bmaj', 'C#maj', 'C#maj', 'F#maj', 'C#maj', 'C#maj', 'F#maj', 'F#maj', 'Bmaj', 'Bmaj', 'C#maj', 'C#maj', 'F#maj', 'C#maj', 'F#maj', 'F#maj', 'Bmaj', 'Bmaj', 'C#maj', 'C#maj', 'F#maj', 'C#maj']"
0250,"['Bbmaj', 'Gmin', 'Bbmaj', 'Gmin', 'Bbmaj', 'Bbmaj', 'Gmin', 'Gmin', 'Ebmaj', 'Fmaj', 'Bbmaj', 'F7', 'Bbmaj', 'Bbmaj', 'Gmin', 'Gmin', 'Ebmaj', 'Fmaj', 'Bbmaj', 'Bb7', 'Ebmaj', 'Ebmaj', 'Bbmaj', 'Bbmaj', 'Ebmaj', 'Ebmaj', 'Fmaj', 'Fmaj', 'Bbmaj', 'Bbmaj', 'Gmin', 'Gmin', 'Ebmaj', 'Fmaj', 'Bbmaj', 'F7', 'Bbmaj', 'Bbmaj', 'Gmin', 'Gmin', 'Ebmaj', 'Fmaj', 'Bbmaj', 'Bb7', 'Ebmaj', 'Ebmaj', 'Bbmaj', 'Bbmaj', 'Ebmaj', 'Ebmaj', 'Fmaj', 'Fmaj', 'Bbmaj', 'Bbmaj', 'Gmin', 'Gmin', 'Ebmaj', 'Fmaj', 'Bbmaj', 'F7', 'Bbmaj', 'Gmin', 'Bbmaj', 'Gmin', 'Bbmaj', 'Gmin', 'Bbmaj', 'Gmin', 'Bbmaj', 'Gmin', 'Bbmaj']"
0251,"['Bbmin7', 'Bbmin7', 'Bbmin7', 'Bbmin7', 'Bbmin7', 'Bbmin7', 'Bbmin7', 'Bbmin7', 'Bbmin7', 'Bbmin7', 'Bbmin7', 'Bbmin7', 'Bb', 'Db', 'Eb', 'E', 'F', 'Bb7', 'Ebmin7', 'Ebmin7', 'C', 'Cbmaj7', 'F7', 'Gbmaj9', 'Cb7', 'Gbmaj9', 'Cb7', 'F', 'F', 'Bb7', 'Bb7', 'F', 'Bb7', 'Ebmin7', 'Ebmin7', 'C', 'Cbmaj7', 'F7', 'Gbmaj9', 'Cb7', 'Gbmaj9', 'Cb7', 'F', 'Bb7', 'Bbmin7', 'Bbmin7', 'Bbmin7', 'Bbmin7', 'Eb7', 'D7', 'Db7', 'C', 'F', 'Bb7', 'Bbsus4', 'Ebmaj', 'Bbsus4', 'Ebmaj', 'Bbsus4', 'Ebmaj', 'Bbsus4', 'Ebmaj', 'F', 'Bb7', 'Ebmin7', 'Ebmin7', 'C', 'Cbmaj7', 'F7', 'Gbmaj9', 'Cb7', 'Gbmaj9', 'Cb7', 'F', 'Bb7', 'Bbmin7', 'Bbmin7', 'Bbmin7', 'Bbmin7', 'Bbmin7', 'Bbmin7', 'Bbmin7']"
0253,"['Gmaj', 'Gmaj', 'Emin', 'Emin', 'Cmaj', 'Cmaj', 'Dmaj', 'Dmaj', 'Gmaj', 'Gmaj', 'Emin', 'Emin', 'Cmaj', 'Cmaj', 'Dmaj', 'Dmaj', 'Gmaj', 'Gmaj', 'Emin', 'Emin', 'Cmaj', 'Cmaj', 'Dmaj', 'Dmaj', 'Gmaj', 'Gmaj', 'Emin', 'Emin', 'Cmaj', 'Cmaj', 'Dmaj', 'Dmaj', 'Cmaj', 'Cmin7', 'Gmaj', 'G7', 'Cmaj', 'Cmin7', 'Amaj', 'D7', 'Gmaj', 'Gmaj', 'Emin', 'Emin', 'Cmaj', 'Cmaj', 'Dmaj', 'Dmaj', 'Gmaj', 'Gmaj', 'Emin', 'Emin', 'Cmaj', 'Cmaj', 'Dmaj', 'Dmaj', 'Cmaj', 'Cmin7', 'Gmaj', 'G7', 'Cmaj', 'Cmin7', 'Amaj', 'D7', 'Gmaj', 'Gmaj', 'Emin', 'Emin', 'Cmaj', 'Cmaj', 'Dmaj', 'Dmaj', 'Gmaj', 'Gmaj', 'Emin', 'Emin', 'Cmaj', 'Cmaj', 'Dmaj', 'Dmaj']"
0254,"['Gmin7', 'Gmin7', 'Gmin7', 'Gmin7', 'Gmin7', 'Gmin7', 'Fmaj', 'Cmaj', 'Gmin7', 'Gmin7', 'Fmaj', 'Cmaj', 'Gmin7', 'Gmin7', 'Fmaj', 'Cmaj', 'Gmin7', 'Gmin7', 'Fmaj', 'Cmaj', 'Gmaj', 'Gmaj', 'Cmaj', 'Fmaj', 'Gmaj', 'Gmaj', 'Cmaj', 'Fmaj', 'Gmaj', 'Gmaj', 'Cmaj', 'Fmaj', 'Ebmaj', 'Ebmaj', 'Fmaj', 'Fmaj', 'Ebmaj', 'Ebmaj', 'Gmaj', 'Cmaj', 'Gmaj', 'Cmaj', 'Gmaj', 'Cmaj', 'Gmaj', 'Cmaj', 'Gmin7', 'Gmin7', 'Fmaj', 'Cmaj', 'Gmin7', 'Gmin7', 'Fmaj', 'Cmaj', 'Gmin7', 'Gmin7', 'Fmaj', 'Cmaj', 'Gmin7', 'Gmin7', 'Fmaj', 'Cmaj', 'Gmaj', 'Gmaj', 'Cmaj', 'Fmaj', 'Gmaj', 'Gmaj', 'Cmaj', 'Fmaj', 'Gmaj', 'Gmaj', 'Cmaj', 'Fmaj', 'Ebmaj', 'Ebmaj', 'Fmaj', 'Fmaj', 'Ebmaj', 'Ebmaj', 'Gmaj', 'Cmaj', 'Gmaj', 'Cmaj', 'Gmaj', 'Gmaj', 'Gmaj', 'Gmaj', 'Gmin', 'Gmin', 'Cmaj', 'Cmaj', 'Gmaj', 'Gmaj', 'Bbmaj', 'Cmaj', 'Cmaj', 'Gmin7', 'Gmin7', 'Fmaj', 'Cmaj', 'Gmin7', 'Gmin7', 'Fmaj', 'Cmaj', 'Gmaj', 'Gmaj', 'Cmaj', 'Fmaj', 'Gmaj', 'Gmaj', 'Cmaj', 'Fmaj', 'Gmaj', 'Gmaj', 'Cmaj', 'Fmaj', 'Ebmaj', 'Ebmaj', 'Fmaj', 'Fmaj', 'Ebmaj', 'Ebmaj', 'Gmaj', 'Cmaj', 'Gmaj', 'Cmaj', 'Gmaj', 'Cmaj', 'Gmaj', 'Cmaj', 'Gmaj', 'Cmaj', 'Gmaj', 'Cmaj', 'Gmaj', 'Cmaj', 'Gmaj', 'Cmaj', 'Gmaj', 'Cmaj', 'Gmaj', 'Cmaj', 'Gmaj', 'Cmaj', 'Gmaj', 'Cmaj', 'Gmaj', 'Cmaj', 'Gmaj', 'Cmaj', 'Gmaj', 'Cmaj', 'Gmaj', 'Cmaj', 'Gmaj', 'Cmaj', 'Gmaj', 'Cmaj']"
0256,"['D5', 'D5', 'D5', 'D5', 'D5', 'D5', 'D5', 'D5', 'D5', 'D5', 'D5', 'D5', 'D5', 'D5', 'Bb5', 'Bb5', 'D5', 'D5', 'Bb5', 'Bb5', 'Gmaj', 'Gmaj', 'Dmaj', 'Dmaj', 'Amaj', 'Gmaj', 'Amaj', 'Gmaj', 'D5', 'D5', 'D5', 'D5', 'Bb5', 'Bb5', 'D5', 'D5', 'Bb5', 'Bb5', 'Gmaj', 'Gmaj', 'Dmaj', 'Dmaj', 'Amaj', 'Gmaj', 'Amaj', 'Gmaj', 'D5', 'D5', 'Gmaj', 'Gmaj', 'Dmaj', 'Dmaj', 'Gmaj', 'Gmaj', 'Amaj', 'Amaj', 'Gmaj', 'Gmaj', 'Dmaj', 'Dmaj', 'Gmaj', 'Gmaj', 'Emin', 'Amaj', 'D5', 'D5', 'Bb5', 'Bb5', 'D5', 'D5', 'Bb5', 'Bb5', 'Gmaj', 'Gmaj', 'Dmaj', 'Dmaj', 'Amaj', 'Gmaj', 'Amaj', 'Gmaj', 'D5', 'D7', 'Gmaj', 'Gmaj', 'Dmaj', 'Dmaj', 'Amaj', 'Gmaj', 'Amaj', 'Gmaj', 'Dmaj', 'Dmaj']"
0257,"['Fmin', 'Fmin', 'Fmin', 'Fmin', 'F', 'Ab', 'Bb', 'C', 'Fmin', 'Abmaj', 'Bbmaj', 'Dbmaj', 'Fmin', 'Abmaj', 'Bbmaj', 'Cmaj', 'Fmin', 'Cmin', 'Fmin', 'Bbmaj', 'Fmin', 'Abmaj', 'Bbmaj', 'Dbmaj', 'Fmin', 'Fmin', 'Cmaj', 'Fmin', 'Abmaj', 'Bbmaj', 'Dbmaj', 'Fmin', 'Abmaj', 'Bbmaj', 'Cmaj', 'Fmin', 'Cmin', 'Fmin', 'Bbmaj', 'Fmin', 'Abmaj', 'Bbmaj', 'Dbmaj', 'Fmin', 'Fmin', 'Ebmaj', 'Ebmaj', 'Abmaj', 'Abmaj', 'Bbmaj', 'Bbmaj', 'Cmaj', 'Cmaj', 'Fmin', 'Abmaj', 'Bbmaj', 'Dbmaj', 'Fmin', 'Abmaj', 'Bbmaj', 'Cmaj', 'Fmin', 'Cmin', 'Fmin', 'Bbmaj', 'Fmin', 'Abmaj', 'Bbmaj', 'Dbmaj', 'Fmin', 'Abmaj', 'Bbmaj', 'Dbmaj', 'Fmin', 'Abmaj', 'Bbmaj', 'Dbmaj', 'Fmin', 'Abmaj', 'Bbmaj', 'Dbmaj', 'Fmin']"
0258,"['Abmaj', 'Ebmaj', 'Dbmaj', 'Ebmaj', 'Abmaj', 'Ebmaj', 'Dbmaj', 'Ebmaj', 'Abmaj', 'Ebmaj', 'Dbmaj', 'Ebmaj', 'Fmin7', 'Cmin', 'Dbmaj', 'Ebmaj', 'Abmaj', 'Ebmaj', 'Dbmaj', 'Ebmaj', 'Fmin7', 'Cmin', 'Dbmaj', 'Ebmaj', 'Dbmaj', 'Ebmaj', 'Cmin', 'Fmin7', 'Ebmaj', 'Dbmaj', 'Ebmaj', 'Cmin', 'Fmin7', 'Ebmaj', 'Dbmaj', 'Ebmaj', 'Cmin', 'Fmin7', 'Ebmaj', 'Bbmin', 'Ebmaj', 'Ebmaj', 'Abmaj', 'Bbmin', 'Dbmaj', 'Ebmaj', 'Abmaj', 'Bbmin', 'Dbmaj', 'Ebmaj', 'Abmaj', 'Bbmin', 'Dbmaj', 'Ebmaj', 'Abmaj', 'Bbmin', 'Ebmaj', 'Abmaj', 'Dbmaj', 'Bbmin', 'Ebmaj', 'Abmaj', 'Dbmaj', 'Bbmin', 'Ebmaj', 'Abmaj', 'Ebmaj', 'Dbmaj', 'Ebmaj', 'Fmin7', 'Cmin', 'Dbmaj', 'Ebmaj', 'Abmaj', 'Ebmaj', 'Dbmaj', 'Ebmaj', 'Fmin7', 'Cmin', 'Dbmaj', 'Ebmaj', 'Dbmaj', 'Ebmaj', 'Cmin', 'Fmin7', 'Ebmaj', 'Dbmaj', 'Ebmaj', 'Cmin', 'Fmin7', 'Ebmaj', 'Dbmaj', 'Ebmaj', 'Cmin', 'Fmin7', 'Ebmaj', 'Bbmin', 'Ebmaj', 'Ebmaj', 'Abmaj', 'Bbmin', 'Dbmaj', 'Ebmaj', 'Abmaj', 'Bbmin', 'Dbmaj', 'Ebmaj', 'Abmaj', 'Bbmin', 'Dbmaj', 'Ebmaj', 'Abmaj', 'Bbmin', 'Ebmaj', 'Ebmaj', 'Abmaj', 'Dbmaj', 'Bbmin', 'Ebmaj', 'Abmaj', 'Dbmaj', 'Bbmin', 'Ebmaj', 'Abmaj', 'Ebmaj', 'Dbmaj', 'Ebmaj', 'Fmin7', 'Cmin', 'Dbmaj', 'Ebmaj', 'Fmin7', 'Cmin', 'Dbmaj', 'Ebmaj', 'Bbmin', 'Ebmaj', 'Ebmaj', 'Ebmaj', 'Ebmaj', 'Abmaj', 'Bbmin', 'Dbmaj', 'Ebmaj', 'Abmaj', 'Bbmin', 'Dbmaj', 'Ebmaj', 'Abmaj', 'Bbmin', 'Dbmaj', 'Ebmaj', 'Abmaj', 'Bbmin', 'Dbmaj', 'Ebmaj', 'Abmaj', 'Bbmin', 'Dbmaj', 'Ebmaj', 'Abmaj', 'Bbmin', 'Ebmaj', 'Abmaj', 'Bbmin', 'Dbmaj', 'Ebmaj', 'Abmaj', 'Bbmin', 'Dbmaj', 'Ebmaj', 'Abmaj', 'Bbmin', 'Dbmaj', 'Ebmaj', 'Abmaj', 'Bbmin', 'Ebmaj', 'Abmaj', 'Dbmaj', 'Bbmin', 'Ebmaj', 'Abmaj', 'Dbmaj', 'Bbmin', 'Ebmaj', 'Abmaj', 'Dbmaj', 'Bbmin', 'Ebmaj', 'Abmaj', 'Dbmaj', 'Bbmin', 'Ebmaj', 'Abmaj', 'Dbmaj', 'Bbmin', 'Ebmaj', 'Abmaj', 'Dbmaj', 'Bbmin', 'Ebmaj', 'Abmaj', 'Dbmaj', 'Ebmaj', 'Dbmaj', 'Ebmaj', 'Abmaj']"
0259,"['A', 'A', 'A', 'A', 'A', 'A', 'A', 'A', 'A', 'A', 'A', 'A', 'A', 'A', 'A', 'A', 'Amin7', 'Amin7', 'Amin7', 'Amin7', 'Amin7', 'Amin7', 'Amin7', 'Amin7', 'Dmaj', 'Dmaj', 'Cmaj', 'Amaj', 'Dmaj', 'Dmaj', 'Cmaj', 'Amaj', 'Bmin', 'Bmin', 'Cmaj', 'Bmin', 'Dmaj', 'Dmaj', 'Dmaj', 'Dmaj', 'Bmin', 'Bmin', 'Amaj', 'Amaj', 'Gmaj', 'Gmaj', 'Gmaj', 'Gmaj', 'Dmin7', 'Dmin7', 'Dmin7', 'Dmin7', 'Dmaj', 'Dmaj', 'Gmaj', 'Gmaj', 'Dmaj', 'Dmaj', 'Cmaj', 'Gmaj', 'Dmaj', 'Dmaj', 'Gmaj', 'Gmaj', 'Dmaj', 'Dmaj', 'Dmaj', 'Dmaj', 'Bmin', 'Bmin', 'Cmaj', 'Bmin', 'Dmaj', 'Dmaj', 'Dmaj', 'Dmaj', 'Bmin', 'Bmin', 'Amaj', 'Amaj', 'Gmaj', 'Gmaj', 'Gmaj', 'Gmaj', 'Dmin7', 'Dmin7', 'Dmin7', 'Dmin7', 'Dmaj', 'Dmaj', 'Gmaj', 'Gmaj', 'Dmaj', 'Dmaj', 'Cmaj', 'Gmaj', 'Dmaj', 'Dmaj', 'Gmaj', 'Gmaj', 'Dmaj', 'Dmaj', 'Dmaj', 'Dmaj', 'Bmin', 'Bmin', 'Cmaj', 'Bmin', 'Dmaj', 'Dmaj', 'Dmaj', 'Dmaj', 'Bmin', 'Bmin', 'Amaj', 'Amaj', 'Gmaj', 'Gmaj', 'Gmaj', 'Gmaj', 'Bmin', 'Bmin', 'Bmin', 'Bmin', 'Gmaj', 'Gmaj', 'Gmaj', 'Gmaj', 'Bmin', 'Bmin', 'Bmin', 'Bmin', 'Gmaj', 'Gmaj', 'Gmaj', 'Gmaj', 'F#sus4', 'F#sus4', 'F#7', 'F#7', 'Bmin', 'Bmin', 'Bmin', 'Bmin', 'Gmaj', 'Gmaj', 'Gmaj', 'Gmaj', 'Bmin', 'Bmin', 'Bmin', 'Bmin', 'Gmaj', 'Gmaj', 'Gmaj', 'Gmaj', 'F#sus4', 'F#sus4', 'F#7', 'F#7', 'Dmin7', 'Dmin7', 'Dmin7', 'Dmin7', 'Dmaj', 'Dmaj', 'Gmaj', 'Gmaj', 'Dmaj', 'Dmaj', 'Cmaj', 'Gmaj', 'Dmaj', 'Dmaj', 'Gmaj', 'Gmaj', 'Dmaj', 'Dmaj', 'Dmaj', 'Dmaj', 'Bmin', 'Bmin', 'Cmaj', 'Bmin', 'Dmaj', 'Dmaj', 'Dmaj', 'Dmaj', 'Bmin', 'Bmin', 'Amaj', 'Amaj', 'Gmaj', 'Gmaj', 'Gmaj', 'Gmaj', 'Bmin', 'Bmin', 'Cmaj', 'Bmin', 'Dmaj', 'Dmaj', 'Dmaj', 'Dmaj', 'Bmin', 'Bmin', 'Amaj', 'Amaj', 'Gmaj', 'Gmaj', 'Gmaj', 'Gmaj', 'Bmin', 'Bmin', 'Cmaj', 'Bmin', 'Dmaj', 'Dmaj']"
0260,"['Emin', 'Emin', 'Emin', 'Emin', 'Emin', 'Emin', 'Dmaj7', 'Dmaj7', 'Emin', 'Emin', 'Dmaj7', 'Dmaj7', 'Emin', 'Asus4', 'Dmaj7', 'Dmaj7', 'Emin', 'Asus4', 'Bmin', 'Bmin', 'Emin', 'Emin', 'Dmaj7', 'Dmaj7', 'Emin', 'Emin', 'Dmaj7', 'Dmaj7', 'Emin', 'Asus4', 'Dmaj7', 'Dmaj7', 'Emin', 'Asus4', 'Bmin', 'Bmin', 'Bb', 'Bbmaj', 'Fmaj', 'Ebmaj', 'Bbmaj', 'Bbmaj', 'Fmaj', 'Ebmaj', 'Bbmaj', 'Bbmaj', 'Fmaj', 'Ebmaj', 'Bbmaj', 'Bbmaj', 'Fmaj', 'Ebmaj', 'Gmaj', 'Amaj', 'Amaj', 'Emin', 'Asus4', 'Dmaj7', 'Dmaj7', 'Emin', 'Asus4', 'Bmin', 'Bmin', 'Emin', 'Asus4', 'Dmaj7', 'Dmaj7', 'Emin', 'Asus4', 'Bmin', 'Bmin', 'Emin', 'Asus4', 'Dmaj7', 'Dmaj7', 'Emin', 'Asus4', 'Dmaj7', 'Dmaj7', 'Emin', 'Asus4', 'Bmin', 'Bmin']"
0261,"['Dmin', 'Dmin', 'Dmin', 'Dmin', 'Dmin', 'Dmin7', 'Dmin7', 'Dmin7', 'Dmin7', 'Dmin7', 'Dmin7', 'Dmin7', 'Dmin7', 'Dmin7', 'Dmin7', 'Dmin7', 'Dmin7', 'Gsus4', 'Emaj', 'Gsus4', 'Emaj', 'Asus4', 'F#maj', 'Asus4', 'F#maj', 'Bmaj', 'Bmaj', 'Dmin', 'Dmin', 'Dmin7', 'Dmin7', 'Dmin7', 'Dmin7', 'Dmin7', 'Dmin7', 'Dmin7', 'Dmin7', 'Dmin7', 'Dmin7', 'Dmin7', 'Dmin7', 'Gsus4', 'Emaj', 'Gsus4', 'Emaj', 'Asus4', 'F#maj', 'Asus4', 'F#maj', 'Bmaj', 'Bmaj', 'Dmin', 'Dmin', 'Dmin7', 'Dmin7', 'Dmin7', 'Dmin7', 'Dmin7', 'Dmin7', 'Dmin7', 'Dmin7', 'Dmin7', 'Dmin7', 'Dmin7', 'Dmin7', 'Dmin7', 'Dmin7', 'Dmin7', 'Dmin7', 'Dmin', 'Dmin', 'Dmin', 'Dmin', 'Dmin7', 'Dmin7']"
0263,"['Emaj', 'C#min', 'Amaj', 'Bmaj', 'Emaj', 'C#min', 'Amaj', 'Bmaj', 'Emaj', 'C#min', 'Amaj', 'Bmaj', 'Emaj', 'Emaj', 'C#min', 'Amaj', 'Bmaj', 'Emaj', 'C#min', 'Amaj', 'Bmaj', 'Emaj', 'C#min', 'Amaj', 'Bmaj', 'Emaj', 'C#min', 'Amaj', 'Bmaj', 'Emaj', 'Emaj', 'C#min', 'Amaj', 'Bmaj', 'Emaj', 'C#min', 'Amaj', 'Bmaj', 'Emaj', 'Emaj', 'C#min', 'Amaj', 'Bmaj', 'Emaj', 'C#min', 'Amaj', 'Bmaj', 'Emaj', 'C#min', 'Amaj', 'Bmaj', 'Emaj', 'C#min', 'Amaj', 'Bmaj', 'Emaj', 'C#min', 'Amaj', 'Bmaj', 'Emaj', 'Emaj', 'C#min', 'Amaj', 'Bmaj', 'Emaj', 'C#min', 'Amaj', 'Bmaj', 'Emaj', 'Emaj', 'C#min', 'Amaj', 'Bmaj', 'Emaj', 'C#min', 'Amaj', 'Bmaj']"
0264,"['Bbmaj', 'Bbmaj', 'Cmaj', 'Cmaj', 'Bbmaj', 'Bbmaj', 'Cmaj', 'Cmaj', 'Bbmaj', 'Gmin', 'Ebmaj', 'C7', 'Bbmaj', 'Gmin', 'Ebmaj', 'C7', 'Bbmaj', 'Bbmaj', 'Cmaj', 'Cmaj', 'Bbmaj', 'Bbmaj', 'Cmaj', 'Cmaj', 'Bbmaj', 'Gmin', 'Ebmaj', 'C7', 'Bbmaj', 'Gmin', 'Ebmaj', 'C7', 'Ebmaj', 'Gmaj', 'Cmaj', 'Gmaj', 'Cmaj', 'Gmaj', 'Cmaj', 'Fmaj', 'Fmaj', 'Bbmaj', 'Bbmaj', 'Cmaj', 'Cmaj', 'Bbmaj', 'Bbmaj', 'Cmaj', 'Cmaj', 'Bbmaj', 'Gmin', 'Ebmaj', 'C7', 'Bbmaj', 'Gmin', 'Ebmaj', 'C7', 'Ebmaj', 'Gmaj', 'Cmaj', 'Gmaj', 'Cmaj', 'Gmaj', 'Cmaj', 'Fmaj', 'Fmaj', 'Bbmaj', 'Bbmaj', 'Cmaj', 'Cmaj', 'Bbmaj', 'Bbmaj', 'Cmaj', 'Cmaj', 'Bbmaj', 'Gmin', 'Ebmaj', 'C7', 'Bbmaj', 'Gmin', 'Ebmaj', 'C7', 'Ebmaj', 'Bbmaj', 'Bbmaj', 'Bbmaj', 'Bbmaj', 'Bbmaj', 'Bbmaj', 'Bbmaj', 'Bbmaj', 'Bbmaj', 'Bbmaj', 'Bbmaj', 'Bbmaj', 'Bbmaj', 'Bbmaj', 'Bbmaj', 'Bbmaj', 'Bbmaj', 'Bbmaj', 'Bbmaj', 'Bbmaj', 'Amaj', 'Amaj', 'Dmaj', 'Dmaj']"
0265,"['Abmaj', 'Fmin7', 'Cmin7', 'Gb', 'Abmaj7', 'Fmin7', 'Cmin7', 'Cmin7', 'Fmin', 'Cmin', 'Dbmaj7', 'Ebmaj', 'Ebsus4', 'Ebmaj', 'Abmaj7', 'Fmin7', 'Cmin7', 'Cmin7', 'Fmin', 'Cmin', 'Dbmaj7', 'Ebmaj', 'Ebsus4', 'Ebmaj', 'Fmin', 'Fmin', 'Dbmaj7', 'Ebsus4', 'Abmaj', 'Dbmaj', 'Abmaj7', 'Cmin7', 'Fmin7', 'Dbmaj', 'Ebmaj', 'Abmaj', 'Cmin7', 'Fmin7', 'Gbmaj7', 'Ebsus4', 'Eb7', 'Abmaj7', 'Fmin7', 'Cmin7', 'Cmin7', 'Fmin', 'Cmin', 'Dbmaj7', 'Ebmaj', 'Fmin', 'Fmin', 'Dbmaj7', 'Dbmaj7', 'Bbmin7', 'Ebsus4', 'Abmaj', 'Abmaj', 'Cmin7', 'Fmin7', 'Dbmaj', 'Ebmaj', 'Abmaj', 'Cmin7', 'Fmin7', 'Gbmaj7', 'Ebsus4', 'Eb7', 'Abmaj7', 'Fmin7', 'Cmin7', 'Cmin7', 'Fmin', 'Cmin', 'Dbmaj7', 'Ebmaj', 'Fmin', 'Fmin', 'Dbmaj7', 'Dbmaj7', 'Bbmin7', 'Ebsus4', 'Abmaj', 'Fmin7', 'Cmin7', 'Ebmaj', 'Ebsus4', 'Abmaj', 'Fmin7', 'Cmin7', 'Ebmaj', 'Ebsus4', 'Abmaj', 'Fmin7', 'Cmin7', 'Ebmaj', 'Ebsus4', 'Abmaj', 'Fmin7', 'Cmin7', 'Ebmaj', 'Ebsus4']"
0267,"['Gmaj', 'Emin', 'Cmaj', 'D7', 'Gmaj', 'Gmaj', 'Emin7', 'Emin7', 'Cmaj', 'Cmaj', 'Ebmaj', 'D7', 'Cmaj', 'A7', 'Gmaj', 'Ebmaj', 'D7', 'Gmaj', 'Bbmaj', 'Cmaj', 'Cmaj', 'D7', 'Gmaj', 'Gmaj', 'Emin7', 'Emin7', 'Cmaj', 'Cmaj', 'Ebmaj', 'D7', 'Cmaj', 'A7', 'Gmaj', 'Ebmaj', 'D7', 'Gmaj', 'Gmaj', 'Cmaj', 'Cmaj', 'Gmaj', 'Gmaj', 'Emin', 'Emin', 'Cmin', 'Dmaj', 'Gmaj', 'Gmaj', 'Emin7', 'Emin7', 'Cmaj', 'Cmaj', 'Ebmaj', 'D7', 'Cmaj', 'A7', 'Gmaj', 'Ebmaj', 'D7', 'Gmaj', 'Gmaj', 'Emin7', 'Emin7', 'Cmaj', 'Cmaj', 'D7', 'D7', 'Cmaj', 'A7', 'Gmaj', 'Ebmaj', 'D7', 'Gmaj', 'Gmaj', 'Cmaj', 'Cmaj', 'Gmaj', 'Gmaj', 'Emin', 'Emin', 'Cmin', 'Dmaj', 'Ab', 'Abmaj', 'Abmaj', 'Fmin7', 'Fmin7', 'Dbmaj', 'Dbmaj', 'Emaj', 'Eb7', 'Dbmaj', 'Bb7', 'Abmaj', 'Emaj', 'Eb7', 'Abmaj', 'Emaj', 'Eb7', 'Abmaj', 'Emaj', 'Eb7', 'Abmaj', 'Emaj', 'Eb7', 'Abmaj', 'Emaj', 'Eb7', 'Abmaj', 'Emaj', 'Eb7']"
0268,"['Dmaj', 'Gmaj', 'Amaj', 'Gmaj', 'Dmaj', 'Gmaj', 'Amaj', 'Gmaj', 'Dmaj', 'Amaj', 'G', 'Dmaj', 'Dmaj', 'Amaj', 'G', 'Dmaj', 'Asus4', 'Amaj', 'Gmaj', 'Dmaj', 'Amaj', 'Gmaj', 'Dmaj', 'Gmaj', 'Dmaj', 'Gmaj', 'Dmaj', 'Amaj', 'Dmaj', 'Gmaj', 'Amaj', 'Gmaj', 'Dmaj', 'Gmaj', 'Amaj', 'Gmaj', 'Dmaj', 'Asus4', 'Amaj', 'Gmaj', 'Dmaj', 'Dmaj', 'Asus4', 'Amaj', 'Gmaj', 'Dmaj', 'Amaj', 'Gmaj', 'Dmaj', 'Amaj', 'Gmaj', 'Dmaj', 'Gmaj', 'Dmaj', 'Gmaj', 'Dmaj', 'Amaj', 'Dmaj', 'Gmaj', 'Dmaj', 'Amaj', 'Gmaj', 'Dmaj', 'Amaj', 'Gmaj', 'Dmaj', 'Gmaj', 'Amaj', 'Gmaj', 'Amaj', 'Dmaj', 'Dmaj', 'Gmaj', 'Gmaj', 'Asus4', 'Amaj', 'Dmaj', 'Gmaj', 'Dmaj', 'Amaj', 'Gmaj', 'Dmaj', 'Amaj', 'Gmaj', 'Dmaj', 'Gmaj', 'Asus4', 'Amaj', 'Gmaj', 'Amaj', 'Gmaj', 'Amaj', 'Dmaj', 'Gmaj', 'Amaj', 'Gmaj', 'Dmaj', 'Gmaj', 'Amaj', 'Gmaj', 'Dmaj', 'Gmaj', 'Amaj', 'Gmaj', 'Gmaj', 'Dmaj']"
0269,"['Bmin', 'Bmin', 'Bmin', 'Bmin', 'Bmin', 'Bmin', 'Bmin', 'Bmin', 'Bmin', 'Bmin', 'Bmin', 'Bmin', 'Bmin', 'Bmin', 'Bmin', 'Bmin', 'F#min', 'F', 'Emin', 'Bmin', 'Bmin', 'Bmin', 'Bmin', 'Bmin', 'Bmin', 'Bmin', 'Bmin', 'Bmin', 'Bmin', 'F#min', 'F', 'Emin', 'Bmin', 'Bmin', 'Bmin', 'Bmin', 'Bmin', 'Bmin', 'Bmin', 'Bmin', 'Bmin', 'Bmin', 'Emin', 'Emin', 'Emin', 'Emin', 'Bmin', 'Bmin', 'Bmin', 'Bmin', 'F#min', 'F', 'Emin', 'Bmin', 'Bmin', 'Bmin', 'Bmin', 'Bmin', 'Bmin', 'Bmin', 'Bmin', 'Bmin', 'Bmin', 'Emin', 'Emin', 'Emin', 'Emin', 'Bmin', 'Bmin', 'Bmin', 'Bmin', 'F#min', 'F#min', 'B', 'A', 'G', 'F#', 'E', 'D', 'C#', 'C', 'Bmin', 'Bmin', 'Bmin', 'Bmin', 'Bmin', 'Bmin', 'Bmin', 'Bmin', 'Bmin', 'Bmin', 'Bmin', 'Bmin', 'Emin', 'Emin', 'Emin', 'Emin', 'Bmin', 'Bmin', 'Bmin', 'Bmin', 'F#min', 'F#min', 'B', 'A', 'G', 'F#', 'E', 'D', 'C#', 'C', 'Bmin', 'Bmin', 'Bmin', 'Bmin', 'Bmin', 'Bmin', 'Bmin', 'Bmin', 'Bmin', 'Bmin', 'Bmin', 'Bmin', 'Emin', 'Emin', 'Emin', 'Emin', 'Bmin', 'Bmin', 'Bmin', 'Bmin', 'F#min', 'F#min', 'B', 'A', 'G', 'F#', 'E', 'D', 'C#', 'C', 'Bmin', 'Bmin', 'Bmin', 'Bmin', 'Bmin', 'Bmin', 'Bmin', 'Bmin', 'Bmin', 'Bmin', 'F#min', 'F', 'Emin', 'Bmin', 'Bmin', 'Bmin', 'Bmin', 'Bmin', 'Bmin', 'Bmin', 'Bmin']"
0270,"['Bmaj', 'G#min7', 'C#min7', 'F#7', 'Bmaj', 'Bmaj', 'Bmaj', 'Amaj', 'Bmaj', 'G#min7', 'C#min7', 'Amaj', 'F#maj', 'Bmaj', 'Amaj', 'Bmaj', 'Bmaj', 'Bmaj', 'Bmaj', 'Amaj', 'Bmaj', 'G#min7', 'C#min7', 'Amaj', 'F#maj', 'Bmaj', 'Amaj', 'Bmaj', 'G#min7', 'F#maj', 'G#min', 'F#maj', 'G#min', 'F#maj', 'Bmaj', 'G#min7', 'F#maj', 'C#min7', 'Esus4', 'F#maj', 'Bmaj', 'Bmaj', 'Bmaj', 'Amaj', 'Bmaj', 'G#min7', 'C#min7', 'Amaj', 'F#maj', 'Bmaj', 'Amaj', 'Bmaj', 'Amaj', 'Bmaj', 'Amaj', 'Bmaj', 'Amaj', 'Bmaj', 'Amaj', 'Bmaj', 'Amaj']"
0271,"['Amaj', 'Amaj', 'Gmaj', 'Gmaj', 'Dmaj', 'Dmaj', 'Amaj', 'Amaj', 'Amaj', 'Amaj', 'Gmaj', 'Gmaj', 'Dmaj', 'Dmaj', 'Amaj', 'Amaj', 'Amaj', 'Amaj', 'Gmaj', 'Gmaj', 'Dmaj', 'Dmaj', 'Amaj', 'Amaj', 'Amaj', 'Amaj', 'Gmaj', 'Gmaj', 'Dmaj', 'Dmaj', 'Amaj', 'Amaj', 'F#', 'Dmaj', 'Amaj', 'Amaj', 'F#', 'Dmaj', 'Dmaj', 'Dmaj', 'Dsus4', 'Amaj', 'Amaj', 'Gmaj', 'Gmaj', 'Dmaj', 'Dmaj', 'Amaj', 'Amaj', 'Amaj', 'Amaj', 'Gmaj', 'Gmaj', 'Dmaj', 'Dmaj', 'Amaj', 'Amaj', 'F#', 'Dmaj', 'Amaj', 'Amaj', 'F#', 'Dmaj', 'Dmaj', 'Dmaj', 'Dsus4', 'Amaj', 'Amaj', 'Gmaj', 'Gmaj', 'Dmaj', 'Dmaj', 'Amaj', 'Amaj', 'Amaj', 'Amaj', 'Gmaj', 'Gmaj', 'Dmaj', 'Dmaj', 'Amaj', 'Amaj', 'Amaj', 'Amaj', 'Gmaj', 'Gmaj', 'Dmaj', 'Dmaj', 'Amaj', 'Amaj', 'F#', 'Dmaj', 'Amaj', 'Amaj', 'F#', 'Dmaj', 'Dmaj', 'Dmaj', 'Dsus4', 'Amaj', 'Amaj', 'Gmaj', 'Gmaj', 'Dmaj', 'Dmaj', 'Amaj', 'Amaj', 'Amaj', 'Amaj', 'Gmaj', 'Gmaj', 'Dmaj', 'Dmaj', 'Amaj', 'Amaj']"
0275,"['Fmaj', 'Fmaj', 'Fmaj', 'Fmaj', 'Fmaj', 'Fmaj', 'Bbmaj', 'Bbmaj', 'Fmaj', 'Fmaj', 'Bbmaj', 'Bbmaj', 'Bbmaj', 'Bbmaj', 'Dmin7', 'Dmin7', 'Bbmaj', 'Bbmaj', 'Cmaj', 'Cmaj', 'Dmin7', 'Cmaj', 'Bbmaj', 'Bbmaj', 'Bbmaj', 'Fmaj', 'Fmaj', 'Bbmaj', 'Bbmaj', 'Gmin', 'Gmin', 'Amin7', 'Amin7', 'Dmin', 'Amin7', 'Bbmaj', 'Dmin', 'Amin7', 'Bbmaj', 'Dmin', 'Amin7', 'Bbmaj', 'Bbmaj', 'Bbmaj', 'Fmaj', 'Fmaj', 'Bbmaj', 'Bbmaj', 'Fmaj', 'Fmaj', 'Bbmaj', 'Bbmaj', 'Bbmaj', 'Bbmaj', 'Dmin7', 'Dmin7', 'Bbmaj', 'Bbmaj', 'Cmaj', 'Cmaj', 'Dmin7', 'Cmaj', 'Bbmaj', 'Bbmaj', 'Bbmaj', 'Fmaj', 'Fmaj', 'Bbmaj', 'Bbmaj', 'Gmin', 'Gmin', 'Amin7', 'Amin7', 'Dmin', 'Amin7', 'Bbmaj', 'Dmin', 'Amin7', 'Bbmaj', 'Dmin', 'Amin7', 'Bbmaj', 'Dmin', 'Amin7', 'Bbmaj', 'Bbmaj7', 'Cmaj', 'Gmaj', 'Gmaj', 'Bbmaj', 'Bbmaj', 'Cmaj', 'Cmaj', 'Bbmaj7', 'Cmaj', 'Dmin', 'Dmin', 'Dmin', 'Dmin', 'Cmaj', 'Bbmaj', 'Cmaj', 'Dmin', 'Amin7', 'Bbmaj', 'Dmin', 'Amin7', 'Bbmaj', 'Dmin', 'Amin7', 'Bbmaj', 'Dmin', 'Amin7', 'Bbmaj', 'Dmin', 'Amin7', 'Bbmaj', 'Dmin', 'Amin7', 'Bbmaj', 'Dmin', 'Amin7', 'Bbmaj', 'Dmin', 'Amin7', 'Bbmaj', 'Bbmaj7', 'Cmaj', 'Dmin', 'Dmin', 'Dmin', 'Dmin', 'Cmaj', 'Bbmaj', 'Cmaj', 'Dmin', 'Amin7', 'Bbmaj', 'Dmin', 'Amin7', 'Bbmaj', 'Dmin', 'Amin7', 'Bbmaj', 'Bbmaj', 'Bbmaj', 'Fmaj', 'Fmaj', 'Bbmaj', 'Bbmaj', 'Fmaj', 'Fmaj', 'Bbmaj', 'Bbmaj', 'Bbmaj', 'Bbmaj', 'Dmin7', 'Dmin7', 'Bbmaj', 'Bbmaj', 'Cmaj', 'Cmaj', 'Dmin7', 'Cmaj', 'Bbmaj', 'Bbmaj', 'Bbmaj', 'Fmaj', 'Fmaj', 'Bbmaj', 'Bbmaj', 'Gmin', 'Gmin', 'Amin7', 'Amin7', 'Amin7', 'Amin7', 'Amin7', 'Dmin', 'Amin7', 'Bbmaj', 'Dmin', 'Amin7', 'Bbmaj', 'Dmin', 'Amin7', 'Bbmaj', 'Dmin', 'Amin7', 'Bbmaj', 'Dmin', 'Amin7', 'Bbmaj', 'Dmin', 'Amin7', 'Bbmaj', 'Dmin', 'Amin7', 'Bbmaj', 'Dmin', 'Amin7', 'Bbmaj', 'Dmin', 'Dmin']"
0276,"['Bmaj', 'Bmaj', 'B7', 'Emaj', 'G#7', 'C#min', 'F#maj', 'Emaj', 'F#maj', 'Emaj', 'F#maj', 'Emaj', 'Bmaj', 'Bmin', 'Emaj', 'Bmaj', 'Bmaj', 'Bmin', 'Emaj', 'Bmaj', 'Bmaj', 'D#min', 'B7', 'Emaj', 'G#7', 'C#min', 'F#maj', 'Emaj', 'F#maj', 'Emaj', 'F#maj', 'Emaj', 'Bmaj', 'Bmin', 'Emaj', 'Bmaj', 'Bmaj', 'Bmin', 'Emaj', 'Bmaj', 'Bmaj', 'D#min', 'B7', 'Emaj', 'G#7', 'C#min', 'Bmaj', 'Bmaj', 'B7', 'Emaj', 'C#maj', 'G#7', 'C#min', 'F#maj', 'Emaj', 'F#maj', 'Emaj', 'F#maj', 'Emaj', 'Bmaj', 'Bmin', 'Emaj', 'Bmaj', 'Bmaj', 'Bmin', 'Emaj', 'Bmaj', 'Bmaj', 'D#min', 'B7', 'Emaj', 'G#7', 'C#min', 'Bmaj', 'D#min', 'B7', 'Emaj', 'G#7', 'C#min', 'Bmaj', 'D#min', 'B7', 'Emaj', 'G#7', 'C#min']"
0278,"['Cmaj', 'Dmin', 'Fmaj', 'Cmaj', 'Dmin', 'Fmaj', 'Cmaj', 'Dmin', 'Fmaj', 'Cmaj', 'Dmin', 'Fmaj', 'Cmaj', 'Dmin', 'Fmaj', 'Cmaj', 'Dmin', 'Fmaj', 'Cmaj', 'Dmin', 'Fmaj', 'Cmaj', 'Dmin', 'Fmaj', 'Amin', 'Fmaj', 'Gmaj', 'Cmaj', 'G7', 'G7', 'Cmaj', 'Cmaj', 'G7', 'G7', 'Cmaj', 'Cmaj', 'Amin', 'Fmaj', 'Gmaj', 'Cmaj', 'G7', 'G7', 'Cmaj', 'Cmaj', 'G7', 'G7', 'Cmaj', 'Cmaj', 'Amin', 'Fmaj', 'Gmaj', 'Cmaj', 'G7', 'G7', 'Cmaj', 'Cmaj', 'G7', 'G7', 'Cmaj', 'Dmin', 'Fmaj', 'Cmaj', 'Dmin', 'Fmaj', 'Cmaj', 'Dmin', 'Fmaj', 'Cmaj', 'Dmin', 'Fmaj', 'Cmaj', 'Dmin', 'Fmaj', 'Cmaj', 'Dmin', 'Fmaj', 'Cmaj', 'Dmin', 'Fmaj', 'Cmaj', 'Dmin', 'Fmaj', 'Cmaj', 'Dmin', 'Fmaj', 'Cmaj', 'Dmin', 'Fmaj', 'Cmaj', 'Dmin', 'Fmaj', 'Cmaj', 'Dmin', 'Fmaj', 'Amin', 'Fmaj', 'Gmaj', 'Cmaj', 'G7', 'G7', 'Cmaj', 'Cmaj', 'G7', 'G7', 'Cmaj', 'Cmaj', 'Amin', 'Fmaj', 'Gmaj', 'Cmaj', 'G7', 'G7', 'Cmaj', 'Cmaj', 'G7', 'G7', 'Cmaj', 'Dmin', 'Fmaj', 'Cmaj', 'Dmin', 'Fmaj', 'Cmaj', 'Dmin', 'Fmaj', 'Cmaj', 'Dmin', 'Fmaj', 'Cmaj', 'Dmin', 'Fmaj', 'Cmaj', 'Dmin', 'Fmaj', 'Cmaj', 'Dmin', 'Fmaj', 'Cmaj', 'Dmin', 'Fmaj', 'Cmaj', 'Dmin', 'Fmaj', 'Cmaj', 'Dmin', 'Fmaj', 'Cmaj', 'Dmin', 'Fmaj', 'Cmaj', 'Dmin', 'Fmaj', 'Cmaj', 'Dmin', 'Fmaj', 'Cmaj', 'Dmin', 'Fmaj', 'Cmaj', 'Dmin', 'Fmaj', 'Cmaj', 'Dmin', 'Fmaj', 'Cmaj', 'Dmin', 'Fmaj', 'Cmaj', 'Dmin', 'Fmaj', 'Cmaj']"
0279,"['A', 'A', 'A', 'A', 'A', 'A', 'A', 'A', 'A', 'A', 'A', 'A', 'A', 'A', 'A', 'A', 'Amin7', 'Amin7', 'Amin7', 'Amin7', 'Amin7', 'Amin7', 'Amin7', 'Amin7', 'Dmaj', 'Dmaj', 'Cmaj', 'Amaj', 'Dmaj', 'Dmaj', 'Cmaj', 'Amaj', 'Bmin', 'Bmin', 'Cmaj', 'Bmin', 'Dmaj', 'Dmaj', 'Dmaj', 'Dmaj', 'Bmin', 'Bmin', 'Amaj', 'Amaj', 'Gmaj', 'Gmaj', 'Gmaj', 'Gmaj', 'Dmin7', 'Dmin7', 'Dmin7', 'Dmin7', 'Dmaj', 'Dmaj', 'Gmaj', 'Gmaj', 'Dmaj', 'Dmaj', 'Cmaj', 'Gmaj', 'Dmaj', 'Dmaj', 'Gmaj', 'Gmaj', 'Dmaj', 'Dmaj', 'Dmaj', 'Dmaj', 'Bmin', 'Bmin', 'Cmaj', 'Bmin', 'Dmaj', 'Dmaj', 'Dmaj', 'Dmaj', 'Bmin', 'Bmin', 'Amaj', 'Amaj', 'Gmaj', 'Gmaj', 'Gmaj', 'Gmaj', 'Dmin7', 'Dmin7', 'Dmin7', 'Dmin7', 'Dmaj', 'Dmaj', 'Gmaj', 'Gmaj', 'Dmaj', 'Dmaj', 'Cmaj', 'Gmaj', 'Dmaj', 'Dmaj', 'Gmaj', 'Gmaj', 'Dmaj', 'Dmaj', 'Dmaj', 'Dmaj', 'Bmin', 'Bmin', 'Cmaj', 'Bmin', 'Dmaj', 'Dmaj', 'Dmaj', 'Dmaj', 'Bmin', 'Bmin', 'Amaj', 'Amaj', 'Gmaj', 'Gmaj', 'Gmaj', 'Gmaj', 'Bmin', 'Bmin', 'Bmin', 'Bmin', 'Gmaj', 'Gmaj', 'Gmaj', 'Gmaj', 'Bmin', 'Bmin', 'Bmin', 'Bmin', 'Gmaj', 'Gmaj', 'Gmaj', 'Gmaj', 'F#sus4', 'F#sus4', 'F#7', 'F#7', 'Bmin', 'Bmin', 'Bmin', 'Bmin', 'Gmaj', 'Gmaj', 'Gmaj', 'Gmaj', 'Bmin', 'Bmin', 'Bmin', 'Bmin', 'Gmaj', 'Gmaj', 'Gmaj', 'Gmaj', 'F#sus4', 'F#sus4', 'F#7', 'F#7', 'Dmin7', 'Dmin7', 'Dmin7', 'Dmin7', 'Dmaj', 'Dmaj', 'Gmaj', 'Gmaj', 'Dmaj', 'Dmaj', 'Cmaj', 'Gmaj', 'Dmaj', 'Dmaj', 'Gmaj', 'Gmaj', 'Dmaj', 'Dmaj', 'Dmaj', 'Dmaj', 'Bmin', 'Bmin', 'Cmaj', 'Bmin', 'Dmaj', 'Dmaj', 'Dmaj', 'Dmaj', 'Bmin', 'Bmin', 'Amaj', 'Amaj', 'Gmaj', 'Gmaj', 'Gmaj', 'Gmaj', 'Bmin', 'Bmin', 'Cmaj', 'Bmin', 'Dmaj', 'Dmaj', 'Dmaj', 'Dmaj', 'Bmin', 'Bmin', 'Amaj', 'Amaj', 'Gmaj', 'Gmaj', 'Gmaj', 'Gmaj', 'Bmin', 'Bmin', 'Cmaj', 'Bmin', 'Dmaj', 'Dmaj']"
0280,"['Bbmaj', 'Bbmaj', 'Bbmaj', 'Bbmaj', 'Bbmaj', 'Bbmaj', 'Bbmaj', 'Bbmaj', 'Bbmaj', 'Bbmaj', 'Bbmaj', 'Bbmaj', 'Bbmaj', 'Bbmaj', 'Bbmaj', 'Bbmaj', 'Bbmaj', 'Bbmaj', 'Bbmaj', 'Bb7', 'Ebmaj', 'Ebmaj', 'Fmaj', 'Fmaj', 'Bbmaj', 'Bbmaj', 'Bbmaj', 'Bbmaj', 'Ebmaj', 'Ebmaj', 'Fmaj', 'Fmaj', 'Bbmaj', 'Bbmaj', 'Bbmaj', 'Bbmaj', 'Bbmaj', 'Bbmaj', 'Bbmaj', 'Bbmaj', 'Bbmaj', 'Bbmaj', 'Bbmaj', 'Bbmaj', 'Bbmaj', 'Bbmaj', 'Bbmaj', 'Bbmaj', 'Bbmaj', 'Bbmaj', 'Bbmaj', 'Bb7', 'Ebmaj', 'Ebmaj', 'Fmaj', 'Fmaj', 'Bbmaj', 'Bbmaj', 'Bbmaj', 'Bbmaj', 'Ebmaj', 'Ebmaj', 'Fmaj', 'Fmaj', 'Bbmaj', 'Bbmaj', 'Bbmaj', 'Bbmaj', 'Bbmaj', 'Bbmaj', 'Bbmaj', 'Bb7', 'Eb7', 'Eb7', 'Fmaj', 'Fmaj', 'Bbmaj', 'Bbmaj', 'Bbmaj', 'Bbmaj', 'Bbmaj', 'Bbmaj', 'Bbmaj', 'Bbmaj', 'Bbmaj', 'Bbmaj', 'Bbmaj', 'Bbmaj', 'Bbmaj', 'Bbmaj', 'Bbmaj', 'Bbmaj', 'Bbmaj', 'Bbmaj', 'Bbmaj', 'Bb7', 'Ebmaj', 'Ebmaj', 'Fmaj', 'Fmaj', 'Bbmaj', 'Bbmaj', 'Bbmaj', 'Bbmaj', 'Ebmaj', 'Ebmaj', 'Fmaj', 'Fmaj', 'Bbmaj', 'Bbmaj', 'Bbmaj', 'Bbmaj']"
0281,"['Bmin', 'F#min7', 'G', 'Amaj', 'Bmin', 'F#min7', 'G', 'Amaj', 'Amaj', 'Bmin', 'Gmaj', 'Amaj', 'Bmin', 'Gmaj', 'Amaj', 'Emin9', 'F#min7', 'Bmin', 'Gmaj', 'Amaj', 'Bmin', 'Gmaj', 'Amaj', 'Emin9', 'F#min7', 'Gmaj', 'Amaj', 'Bmin7', 'F#min7', 'Gmaj', 'Amaj', 'Bmin7', 'F#min7', 'Gmaj', 'Amaj', 'Bmin7', 'F#min7', 'Gmaj', 'Amaj', 'Bmin', 'Gmaj', 'Amaj', 'Bmin', 'Gmaj', 'Amaj', 'Emin9', 'F#min7', 'Bmin', 'Gmaj', 'Amaj', 'Bmin', 'Gmaj', 'Amaj', 'Emin9', 'F#min7', 'Gmaj', 'Amaj', 'Bmin7', 'F#min7', 'Gmaj', 'Amaj', 'Bmin7', 'F#min7', 'Gmaj', 'Amaj', 'Bmin7', 'F#min7', 'Gmaj', 'Amaj', 'Bmin7', 'F#min7', 'Gmaj', 'Amaj', 'Bmin7', 'F#min7', 'Gmaj', 'Amaj', 'Bmin7', 'F#min7', 'Gmaj', 'Amaj', 'Emin9', 'Dmaj', 'Gmaj', 'Amaj', 'Emin9', 'Dmaj', 'Gmaj', 'Amaj', 'Amaj', 'Bmin7', 'F#min7', 'Gmaj', 'Amaj', 'Bmin7', 'F#min7', 'Gmaj', 'Amaj', 'Bmin7', 'F#min7', 'Gmaj', 'Amaj', 'Bmin7', 'F#min7', 'Gmaj', 'Amaj', 'Bmin7', 'F#min7', 'Gmaj', 'Amaj', 'Bmin7', 'F#min7', 'Gmaj', 'Amaj', 'Bmin7', 'F#min7', 'Gmaj', 'Amaj', 'Bmin7', 'F#min7', 'Gmaj', 'Amaj', 'Bmin7', 'F#min7', 'Gmaj', 'Amaj', 'Bmin7', 'F#min7', 'Gmaj', 'Amaj']"
0282,"['Amin', 'Amin', 'Amin', 'Amin', 'Amin', 'Amin', 'Amin', 'Amin', 'Amin', 'Amin', 'Amin', 'Amin', 'D7', 'D7', 'Amin', 'Amin', 'E7', 'D7', 'Amin', 'Amin', 'Amin', 'Amin', 'Amin', 'Amin', 'Amin', 'Amin', 'Amin', 'Amin', 'D7', 'D7', 'Amin', 'Amin', 'E7', 'D7', 'Amin', 'Amin', 'Amin', 'Amin', 'Amin', 'Amin', 'Amin', 'Amin', 'Amin', 'Amin', 'D7', 'D7', 'Amin', 'Amin', 'E7', 'D7', 'Amin', 'Amin', 'Amin', 'Amin', 'Amin', 'Amin', 'Amin', 'Amin', 'Amin', 'Amin', 'D7', 'D7', 'Amin', 'Amin', 'E7', 'D7', 'Amin', 'Amin', 'Amin', 'Amin', 'Amin', 'Amin', 'Amin', 'Amin', 'Amin', 'Amin', 'D7', 'D7', 'Amin', 'Amin', 'E7', 'D7', 'Amin', 'Amin', 'Amin', 'Amin', 'Amin', 'Amin', 'Amin', 'Amin', 'Amin', 'Amin', 'D7', 'D7', 'Amin', 'Amin', 'E7', 'D7', 'Amin', 'Amin', 'Amin', 'Amin', 'Amin', 'Amin', 'Amin', 'Amin', 'Amin', 'Amin', 'D7', 'D7', 'Amin', 'Amin', 'E7', 'D7', 'Amin', 'Amin', 'Amin', 'Amin', 'Amin', 'Amin', 'Amin', 'Amin', 'Amin', 'Amin', 'Amin', 'Amin', 'Amin']"
0284,"['Fmaj', 'Fmaj', 'Fmaj', 'Fmaj', 'Fmaj', 'Fmaj', 'Fmaj', 'Fmaj', 'Bbmaj', 'Bbmaj', 'Fmaj', 'Fmaj', 'Abmaj', 'Fmaj', 'Abmaj', 'Fmaj', 'Abmaj', 'Fmaj', 'Fmaj', 'Fmaj', 'Fmaj', 'Fmaj', 'Fmaj', 'Fmaj', 'Fmaj', 'Fmaj', 'Bbmaj', 'Bbmaj', 'Fmaj', 'Fmaj', 'Abmaj', 'Fmaj', 'Abmaj', 'Fmaj', 'Abmaj', 'Fmaj', 'Fmaj', 'Fmaj', 'Fmaj', 'Fmaj', 'Fmaj', 'Fmaj', 'Fmaj', 'Fmaj', 'Bbmaj', 'Bbmaj', 'Fmaj', 'Fmaj', 'Abmaj', 'Fmaj', 'Abmaj', 'Fmaj', 'Abmaj', 'Fmaj', 'Fmaj', 'Fmaj', 'Fmaj', 'Fmaj', 'Fmaj', 'Fmaj', 'Fmaj', 'Fmaj', 'Fmaj', 'Fmaj']"
0288,"['Dbmaj', 'Ab7', 'Dbmaj', 'Ab7', 'Dbmaj', 'Dbmaj', 'Ab7', 'Ab7', 'Ab7', 'Ab7', 'Dbmaj', 'Dbmaj', 'Dbmaj', 'Dbmaj', 'Db7', 'Gbmaj', 'Ebmin7', 'Ab7', 'Ebmin7', 'Ab7', 'Cdim', 'Dbmaj', 'A7', 'Dmaj', 'Dmaj', 'A7', 'A7', 'A7', 'A7', 'Dmaj', 'Dmaj', 'Dmaj', 'Dmaj', 'D7', 'Gmaj', 'Emin7', 'A7', 'Emin7', 'A7', 'C#dim', 'Dmaj', 'Bb7', 'Eb', 'Ebmaj', 'Ebmaj', 'Bb7', 'Bb7', 'Bb7', 'Bb7', 'Ebmaj', 'Ebmaj', 'Ebmaj', 'Ebmaj', 'Eb7', 'Abmaj', 'Bb7', 'Bb7', 'Ddim', 'Ebmaj', 'Ebmaj', 'Ebmaj', 'Ebmaj']"
0289,"['Dbmaj', 'Dbmaj', 'Dbmaj', 'Dbdim', 'Ab7', 'Dbmaj', 'Ab7', 'Ab7', 'Db7', 'Db7', 'Db7', 'Db7', 'Db7', 'Db7', 'Db7', 'Db7', 'Gb7', 'Gb7', 'Gb7', 'Gb7', 'Db7', 'Db7', 'Db7', 'Db7', 'Ab7', 'Ab7', 'Gb7', 'Gb7', 'Dbmaj', 'Dbdim', 'Ab7', 'Dbmaj', 'Ab7', 'Ab7', 'Db7', 'Db7', 'Db7', 'Db7', 'Db7', 'Db7', 'Db7', 'Db7', 'Gb7', 'Gb7', 'Gb7', 'Gb7', 'Db7', 'Db7', 'Db7', 'Db7', 'Ab7', 'Ab7', 'Gb7', 'Gb7', 'Dbmaj', 'Dbdim', 'Ab7', 'Db7', 'Db7', 'Gb7', 'Gb7', 'Gb7', 'Gb7', 'Db7', 'Db7', 'Db7', 'Db7', 'Gb7', 'Gb7', 'Gb7', 'Gb7', 'Eb7', 'Eb7', 'Ab7', 'Ab7', 'Db7', 'Db7', 'Gb7', 'Gb7', 'Db7', 'Db7', 'Db7', 'Db7', 'Db7', 'Db7', 'Db7', 'Db7', 'Gb7', 'Gb7', 'Db7', 'Db7', 'Ab7', 'Gb7', 'Db7', 'Db7', 'Dbmaj', 'Ab7', 'Ab7', 'Db7', 'Db7', 'Db7', 'Db7', 'Db7', 'Db7', 'Db7', 'Db7', 'Gb7', 'Gb7', 'Gb7', 'Gb7', 'Db7', 'Db7', 'Db7', 'Db7', 'Ab7', 'Ab7', 'Gb7', 'Gb7', 'Db7', 'Db7', 'Gb7', 'Gb7', 'Db7', 'Db7', 'Db7', 'Db7', 'Db7', 'Db7', 'Db7', 'Db7', 'Gb7', 'Gb7', 'Db7', 'Db7', 'Ab7', 'Gb7', 'Db7', 'Db7', 'Db7', 'Db7', 'Db7', 'Db7', 'Gb7', 'Gb7', 'Db7', 'Db7', 'Ab7', 'Gb7', 'Db7', 'Db7', 'Db7', 'Db7', 'Db7', 'Db7', 'Gb7', 'Gb7', 'Db7', 'Db7', 'Ab7', 'Gb7', 'Db7', 'Db7', 'Db7', 'Db7', 'Db7', 'Db7', 'Gb7', 'Gb7', 'Db7', 'Db7', 'Ab7', 'Gb7', 'Db7', 'Db7', 'Db7', 'Db7']"
0290,"['Emaj', 'Amaj', 'Emaj', 'Amaj', 'Emaj', 'Bmaj', 'Dmaj', 'Emaj', 'Emaj', 'Bmaj', 'Dmaj', 'Amaj', 'Emaj', 'Amaj', 'Emaj', 'Amaj', 'Emaj', 'Bmaj', 'Dmaj', 'Emaj', 'Emaj', 'Bmaj', 'Dmaj', 'Amaj', 'Emaj', 'Dmaj', 'Amaj', 'Emaj', 'Amaj', 'Bmaj', 'Emaj', 'Amaj', 'Bmaj', 'Bmaj', 'Emaj', 'Amaj', 'Bmaj', 'Bmaj', 'Emaj', 'E7', 'Amaj', 'Amaj', 'Emaj', 'E7', 'Amaj', 'Amaj', 'Emaj', 'Bmaj', 'Dmaj', 'Emaj', 'Emaj', 'Bmaj', 'Dmaj', 'Amaj', 'Emaj', 'Dmaj', 'Amaj', 'Emaj', 'Amaj', 'Bmaj', 'Emaj', 'Amaj', 'Bmaj', 'Bmaj', 'Emaj', 'Amaj', 'Bmaj', 'Bmaj', 'Emaj', 'E7', 'Amaj', 'Amaj', 'Emaj', 'E7', 'Amaj', 'Amaj', 'Emaj', 'Bmaj', 'Dmaj', 'Emaj', 'Emaj', 'Bmaj', 'Dmaj', 'Amaj', 'Emaj', 'Dmaj', 'Amaj', 'Emaj', 'Amaj', 'Bmaj', 'Emaj', 'Amaj', 'Bmaj', 'Bmaj', 'Emaj', 'Amaj', 'Bmaj', 'Bmaj', 'Emaj', 'E7', 'Amaj', 'Amaj', 'Emaj', 'E7', 'Amaj', 'Amaj', 'Emaj', 'Amaj', 'Bmaj', 'Bmaj', 'Emaj', 'Amaj', 'Bmaj', 'Bmaj', 'Emaj', 'Amaj', 'Bmaj', 'Bmaj', 'Emaj', 'Amaj', 'Bmaj', 'Bmaj', 'Emaj', 'Amaj', 'Bmaj', 'Bmaj', 'Emaj', 'Amaj', 'Bmaj', 'Bmaj', 'Emaj', 'Amaj', 'Bmaj', 'Bmaj', 'Emaj']"
0291,"['Emaj', 'Emaj', 'Ebmaj', 'Dmaj', 'E7', 'E7', 'E7', 'E7', 'E7', 'E7', 'E7', 'E7', 'E7', 'E7', 'E7', 'E7', 'A7', 'A7', 'E7', 'E7', 'E7', 'E7', 'E7', 'E7', 'Bmaj', 'B7', 'A7', 'B7', 'A7', 'E7', 'E7', 'E7', 'E7', 'E7', 'E7', 'E7', 'E7', 'E7', 'E7', 'E7', 'E7', 'A7', 'A7', 'E7', 'E7', 'E7', 'E7', 'E7', 'E7', 'B7', 'B7', 'A7', 'B7', 'A7', 'E7', 'E7', 'E7', 'E7', 'E7', 'E7', 'E7', 'E7', 'E7', 'E7', 'E7', 'E7', 'B7', 'B7', 'A7', 'B7', 'A7', 'E7', 'E7', 'F7', 'F7', 'F7', 'F7', 'F7', 'F7', 'F7', 'F7', 'F7', 'F7', 'C7', 'C7', 'Bb7', 'C7', 'Bb7', 'F7', 'F7', 'F7', 'F7', 'F7', 'F7', 'Abmaj', 'Bbmaj', 'F7', 'F7', 'Abmaj', 'Bbmaj', 'F7', 'F7', 'Abmaj', 'Bbmaj', 'F7', 'F7', 'Abmaj', 'Bbmaj', 'F7', 'F7', 'Abmaj', 'Bbmaj', 'F7', 'F7', 'Abmaj', 'Bbmaj']"
0292,"['Amin', 'Amin', 'Amin', 'Fmaj7', 'E7', 'Amin', 'Amin', 'Amin', 'Fmaj7', 'E7', 'Amin', 'Amin', 'Amin', 'Fmaj7', 'E7', 'Amin', 'Amin', 'Amin', 'Fmaj7', 'E7', 'Amin', 'Amin', 'Amin', 'Fmaj7', 'E7', 'Amin', 'Amin', 'Amin', 'Fmaj7', 'E7', 'Amin', 'Amin', 'Amin', 'Fmaj7', 'E7', 'Amin', 'Amin', 'Amin', 'Fmaj7', 'E7', 'Fmaj', 'Fmaj', 'Cmaj', 'Cmaj', 'Gmaj', 'Gmaj', 'Fmaj', 'Fmaj', 'Amin', 'Amin', 'Amin', 'Fmaj7', 'E7', 'Amin', 'Amin', 'Amin', 'Fmaj7', 'E7', 'Amin', 'Amin', 'Amin', 'Fmaj7', 'E7', 'Amin', 'Amin', 'Amin', 'Fmaj7', 'E7', 'Amin', 'Amin', 'Amin', 'Fmaj7', 'E7', 'Amin', 'Amin', 'Amin', 'Fmaj7', 'E7', 'Fmaj', 'Fmaj', 'Cmaj', 'Cmaj', 'Gmaj', 'Gmaj', 'Fmaj', 'Fmaj', 'Amin', 'Amin', 'Amin', 'Fmaj7', 'E7', 'Amin', 'Amin', 'Amin', 'Fmaj7', 'E7', 'Amin', 'Amin', 'Amin', 'Fmaj7', 'E7', 'Amin', 'Amin', 'Amin', 'Fmaj7', 'E7', 'Amin', 'Amin', 'Amin', 'Fmaj7', 'E7', 'Amin', 'Amin', 'Amin', 'Fmaj7', 'E7', 'Amin', 'Amin', 'Amin', 'Fmaj7', 'E7', 'Amin', 'Amin', 'Amin', 'Fmaj7', 'E7', 'Amin', 'Amin', 'Amin', 'Fmaj7', 'E7', 'Amin', 'Amin', 'Amin', 'Fmaj7', 'E7', 'Amin', 'Amin', 'Amin', 'Fmaj7', 'E7', 'Amin', 'Amin', 'Amin', 'Fmaj7', 'E7', 'Amin', 'Amin', 'Amin', 'Fmaj7', 'E7', 'Amin', 'Amin', 'Amin', 'Fmaj7', 'E7', 'Amin', 'Amin', 'Amin', 'Fmaj7', 'E7', 'Amin', 'Amin', 'Amin', 'Fmaj7', 'E7', 'Amin', 'Amin', 'Amin', 'Fmaj7', 'E7', 'Amin', 'Amin', 'Amin', 'Fmaj7', 'E7', 'Amin', 'Amin', 'Amin', 'Fmaj7', 'E7', 'Amin', 'Amin', 'Amin', 'Fmaj7', 'E7', 'Fmaj', 'Fmaj', 'Cmaj', 'Cmaj', 'Gmaj', 'Gmaj', 'Fmaj', 'Fmaj', 'Amin', 'Amin', 'Amin', 'Fmaj7', 'E7', 'Amin', 'Amin', 'Amin', 'Fmaj7', 'E7', 'Dmin', 'Cmin', 'B7', 'G7', 'Bmaj', 'Bmaj', 'Bmaj']"
0293,"['A5', 'A5', 'A5', 'A5', 'A5', 'A5', 'A5', 'A5', 'A5', 'A5', 'A5', 'A5', 'A5', 'A5', 'A5', 'A5', 'A5', 'A5', 'A5', 'A5', 'Dmaj', 'Gmaj', 'Amaj', 'Dmaj', 'Gmaj', 'Amaj', 'Dmaj', 'Gmaj', 'Amaj', 'Dmaj', 'Amaj', 'Dmaj', 'Amaj', 'Dmaj', 'Amaj', 'Dmaj', 'Amaj', 'Bb', 'Cmaj', 'Gmin7', 'Amin7', 'A5', 'A5', 'A5', 'A5', 'A5', 'A5', 'A5', 'A5', 'A5', 'A5', 'A5', 'A5', 'A5', 'A5', 'Dmaj', 'Gmaj', 'Amaj', 'Dmaj', 'Gmaj', 'Amaj', 'Dmaj', 'Gmaj', 'Amaj', 'Dmaj', 'Amaj', 'Dmaj', 'Amaj', 'Dmaj', 'Amaj', 'Dmaj', 'Amaj', 'Bb', 'Cmaj', 'Gmin7', 'Amin7', 'A5', 'A5', 'Bb', 'F', 'G', 'F', 'Gsus4', 'F', 'Bb', 'F', 'Bb', 'Cmaj', 'Bb', 'Cmaj', 'Bb', 'Cmaj', 'Bb', 'Cmaj', 'Dmaj', 'Dmaj', 'Amaj', 'Dmaj', 'Amaj', 'Dmaj', 'Amaj', 'Dmaj', 'Amaj', 'Dmaj', 'Amaj', 'Dmaj', 'Amaj', 'Dmaj', 'Amaj', 'Dmaj', 'Amaj', 'Bb', 'Cmaj', 'Gmin7', 'Amin7', 'Bbmaj7', 'Cmaj', 'Cmaj', 'Dmaj', 'Dmaj', 'Bb', 'Cmaj', 'Gmin7', 'Amin7', 'Bbmaj7', 'Cmaj', 'Cmaj', 'Dmaj', 'Dmaj', 'Bb', 'Cmaj', 'Gmin7', 'Amin7', 'Bbmaj7', 'Cmaj', 'Cmaj', 'Dmaj', 'Dmaj', 'Bb', 'Cmaj', 'Gmin7', 'Amin7', 'Bbmaj7', 'Cmaj', 'Cmaj', 'Dmaj', 'Dmaj', 'Bb', 'Cmaj', 'Gmin7', 'Amin7', 'Bbmaj7', 'Cmaj', 'Cmaj', 'Dmaj', 'Dmaj', 'Bb', 'Cmaj', 'Gmin7', 'Amin7', 'Bbmaj7', 'Cmaj', 'Cmaj', 'Dmaj', 'Dmaj', 'Dmaj', 'Dmaj', 'Bb', 'Cmaj', 'Gmin7', 'Amin7', 'Bbmaj7', 'Cmaj', 'Cmaj', 'Dmaj', 'Dmaj', 'Dmaj', 'Dmaj', 'Dmaj', 'Dmaj', 'Dmaj', 'Dmaj']"
0294,"['Dmaj', 'Dmaj', 'Dmaj', 'Dmaj', 'Dmaj', 'Dmaj', 'Dmaj', 'Dmaj', 'Dmaj', 'Dmaj', 'Dmaj', 'Dmaj', 'Gmaj', 'Gmaj', 'Amaj', 'Amaj', 'Dmaj', 'Dmaj', 'Dmaj', 'Dmaj', 'Gmaj', 'Gmaj', 'Amaj', 'Amaj', 'Gmaj', 'Gmaj', 'Dmaj', 'F#maj', 'Bmin', 'Bmin', 'E', 'E', 'Amaj', 'Amaj', 'Amaj', 'Amaj', 'Bmin', 'Bmin', 'Amaj', 'Amaj', 'Bmin', 'Bmin', 'Amaj', 'Amaj', 'Bmin', 'Bmin', 'Amaj', 'Amaj', 'Dmaj', 'Dmaj', 'Dmaj', 'Dmaj', 'Dmaj', 'Dmaj', 'Dmaj', 'Dmaj', 'Gmaj', 'Gmaj', 'Amaj', 'Amaj', 'Dmaj', 'Dmaj', 'Dmaj', 'Dmaj', 'Gmaj', 'Gmaj', 'Amaj', 'Amaj', 'Gmaj', 'Gmaj', 'Dmaj', 'F#maj', 'Bmin', 'Bmin', 'E', 'E', 'Amaj', 'Amaj', 'Amaj', 'Amaj', 'Dmaj', 'Dmaj', 'Dmaj', 'Dmaj', 'Gmaj', 'Gmaj', 'Amaj', 'Amaj', 'Dmaj', 'Dmaj', 'Dmaj', 'Dmaj', 'Gmaj', 'Gmaj', 'Amaj', 'Amaj', 'Gmaj', 'Gmaj', 'Dmaj', 'F#maj', 'Bmin', 'Bmin', 'E', 'E', 'Amaj', 'Amaj', 'Amaj', 'Amaj', 'Bmin', 'Bmin', 'Amaj', 'Amaj', 'Bmin', 'Bmin', 'Amaj', 'Amaj', 'Bmin', 'Bmin', 'Amaj', 'Amaj', 'Dmaj', 'Dmaj', 'Dmaj', 'Dmaj', 'Dmaj', 'Dmaj', 'Dmaj', 'Dmaj', 'Gmaj', 'Gmaj', 'Amaj', 'Amaj', 'Dmaj', 'Dmaj', 'Dmaj', 'Dmaj', 'Gmaj', 'Gmaj', 'Amaj', 'Amaj', 'Gmaj', 'Gmaj', 'Dmaj', 'F#maj', 'Bmin', 'Bmin', 'E', 'E', 'Amaj', 'Amaj', 'Amaj', 'Amaj', 'Dmaj', 'Dmaj', 'Dmaj', 'Dmaj', 'Gmaj', 'Gmaj', 'Amaj', 'Amaj', 'Dmaj', 'Dmaj', 'Dmaj', 'Dmaj', 'Gmaj', 'Gmaj', 'Amaj', 'Amaj', 'Gmaj', 'Gmaj', 'Dmaj', 'F#maj', 'Bmin', 'Bmin', 'E', 'E', 'Amaj', 'Amaj', 'Amaj', 'Amaj', 'Bmin', 'Bmin', 'Amaj', 'Amaj', 'Bmin', 'Bmin', 'Amaj', 'Amaj', 'Bmin', 'Bmin', 'Amaj', 'Amaj', 'Dmaj', 'Dmaj', 'Dmaj', 'Dmaj', 'Gmaj', 'Gmaj', 'Amaj', 'Amaj', 'Dmaj', 'Dmaj', 'Dmaj', 'Dmaj', 'Gmaj', 'Gmaj', 'Amaj', 'Amaj', 'Dmaj', 'Dmaj', 'Dmaj']"
0295,"['D', 'E', 'D', 'Gmaj', 'Dmaj', 'D', 'E', 'D', 'Gmaj', 'Dmaj', 'Dmaj', 'Bmin7', 'Gmaj7', 'Bmin7', 'D7', 'Gmaj7', 'Gmin7', 'Dmaj', 'Amin', 'D7', 'Gmaj7', 'Gmin7', 'Dmaj', 'Bmin7', 'Esus4', 'E7', 'Asus4', 'Asus4', 'Dmaj', 'Bmin7', 'Gmaj7', 'Bmin7', 'D7', 'Gmaj7', 'Gmin7', 'Dmaj', 'Amin', 'D7', 'Gmaj7', 'Gmin7', 'Dmaj', 'Bmin7', 'Emin', 'Asus4', 'D', 'E', 'D', 'Gmaj', 'Dmaj', 'Dmaj', 'E', 'D', 'Gmaj', 'Dmaj', 'Dmaj', 'Bmin7', 'Gmaj7', 'Bmin7', 'D7', 'Gmaj7', 'Gmin7', 'Dmaj', 'Amin', 'D7', 'Gmaj7', 'Gmin7', 'Dmaj', 'Bmin7', 'Esus4', 'E7', 'Asus4', 'Asus4', 'Dmaj', 'Bmin7', 'Gmaj7', 'Bmin7', 'D7', 'Gmaj7', 'Gmin7', 'Dmaj', 'Amin', 'D7', 'Gmaj7', 'Gmin7', 'Dmaj', 'Bmin7', 'Emin', 'Asus4', 'D', 'E', 'D', 'Gmaj', 'Dmaj', 'D', 'E', 'Amin7', 'D7', 'Gmaj7', 'A7', 'F#min7', 'Bsus4', 'Emin7', 'A7', 'Dmaj', 'Dmaj', 'D7', 'Bbmaj7', 'C7', 'Amin7', 'D7', 'Gmin7', 'Gmin7', 'Gmaj', 'Gmaj', 'Dmaj', 'Bmin7', 'Gmaj7', 'Bmin7', 'D7', 'Gmaj7', 'Gmin7', 'Dmaj', 'Amin', 'D7', 'Gmaj7', 'Gmin7', 'Dmaj', 'Bmin7', 'Emin', 'Asus4', 'D', 'E', 'D', 'Gmaj', 'Dmaj', 'D', 'E', 'Amin7', 'D7', 'Dmaj', 'Bmin7', 'Gmaj7', 'Bmin7', 'D7', 'Gmaj7', 'Gmin7', 'Dmaj', 'Amin', 'D7', 'Gmaj7', 'Gmin7', 'Dmaj', 'Bmin7', 'Esus4', 'E7', 'Asus4', 'Asus4', 'Dmaj', 'Bmin7', 'Gmaj7', 'Bmin7', 'D7', 'Gmaj7', 'Gmin7', 'Dmaj', 'Amin', 'D7', 'Gmaj7', 'Gmin7', 'Dmaj', 'Bmin7', 'Emin', 'Asus4', 'Bbmaj', 'Cmaj', 'Amin7', 'D7', 'Gmin7', 'A7', 'Dmaj', 'Bmin7', 'Gmaj7', 'Bmin7', 'D7', 'Gmaj7', 'Gmin7', 'Dmaj', 'Amin', 'D7', 'Gmaj7', 'Gmin7', 'Dmaj', 'Bmin7', 'Esus4', 'E7', 'Asus4', 'Asus4', 'Dmaj', 'Bmin7', 'Gmaj7', 'Bmin7', 'D7', 'Gmaj7', 'Gmin7', 'Dmaj', 'Amin', 'D7']"
0296,"['Gmaj', 'Gmaj7', 'Cmaj', 'Cmaj', 'Amin', 'D7', 'Gmaj', 'Gmaj', 'Gmaj', 'Gmaj7', 'Cmaj', 'Cmaj', 'Amin', 'Amin', 'D7', 'D7', 'Gmaj', 'Gmaj7', 'Cmaj', 'Cmaj', 'Amin', 'Cmaj', 'Gmaj', 'Gmaj', 'Gmaj', 'Gmaj7', 'Cmaj', 'Cmaj', 'Amin', 'Amin', 'D7', 'D7', 'Gmaj', 'Gmaj7', 'Cmaj', 'Cmaj', 'Amin', 'Cmaj', 'Gmaj', 'Cmaj', 'D7', 'Gmaj', 'Gmaj7', 'Cmaj', 'Cmaj', 'Amin', 'Amin', 'D7', 'D7', 'Gmaj', 'Gmaj7', 'Cmaj', 'Cmaj', 'Amin', 'Cmaj', 'Gmaj', 'Gmaj', 'Gmaj', 'Cmaj', 'Gmaj', 'Gmaj', 'Emin', 'Bmin', 'Amin', 'D7', 'Gmaj', 'G7', 'Cmaj', 'Amaj', 'Amin', 'D7', 'Gmaj', 'Gmaj7', 'Cmaj', 'Cmaj', 'Amin', 'D7', 'Gmaj', 'Gmaj', 'Gmaj', 'Gmaj7', 'Cmaj', 'Cmaj', 'Amin', 'Amin', 'D7', 'D7', 'Gmaj', 'Gmaj7', 'Cmaj', 'Cmaj', 'Amin', 'Cmaj', 'Gmaj', 'Cmaj', 'D7', 'Gmaj', 'Gmaj7', 'Cmaj', 'Cmaj', 'Amin', 'Amin', 'D7', 'D7', 'Gmaj', 'Gmaj7', 'Cmaj', 'Cmaj', 'Amin', 'Cmaj', 'Gmaj', 'Gmaj', 'Gmaj', 'Cmaj', 'Gmaj', 'Gmaj', 'Emin', 'Bmin', 'Amin', 'D7', 'Gmaj', 'G7', 'Cmaj', 'Amaj', 'Amin', 'D7', 'Gmaj', 'Gmaj7', 'Cmaj', 'Cmaj', 'Amin', 'D7', 'Gmaj', 'Gmaj', 'Gmaj', 'Gmaj7', 'Cmaj', 'Cmaj', 'Amin', 'Amin', 'D7', 'D7', 'Gmaj', 'Gmaj7', 'Cmaj', 'Cmaj', 'Amin', 'Cmaj', 'Gmaj', 'Cmaj', 'D7', 'Gmaj', 'Gmaj7', 'Cmaj', 'Cmaj', 'Amin', 'Amin', 'D7', 'D7', 'Gmaj', 'Gmaj7', 'Cmaj', 'Cmaj', 'Amin', 'Cmaj', 'Gmaj', 'Gmaj', 'Gmaj', 'Gmaj7', 'Cmaj', 'Cmaj', 'Amin', 'Amin', 'D7', 'D7', 'Gmaj', 'Gmaj7', 'Cmaj', 'Cmaj', 'Amin', 'Cmaj', 'Gmaj', 'Gmaj', 'Gmaj', 'Cmaj', 'Gmaj', 'Gmaj', 'Emin', 'Bmin', 'Amin', 'D7', 'Gmaj', 'G7', 'Cmaj', 'Amaj', 'Amin', 'D7', 'Gmaj', 'Gmaj7', 'Amin', 'D7', 'Gmaj', 'Gmaj7', 'Amin', 'D7', 'Gmaj', 'Gmaj7', 'Amin', 'D7', 'Gmaj', 'Cmaj', 'Gmaj']"
0297,"['Gmaj7', 'D', 'Gmaj7', 'D', 'Emin7', 'Asus4', 'Dmaj7', 'Emin7', 'A7', 'Gmaj7', 'D', 'Gmaj7', 'D', 'Emin7', 'Asus4', 'Dmaj7', 'Emin7', 'A7', 'Gmaj7', 'D', 'Gmaj7', 'D', 'Emin7', 'Asus4', 'Dmaj7', 'Emin7', 'A7', 'Gmaj7', 'D', 'Gmaj7', 'D', 'Emin7', 'Asus4', 'Dmaj7', 'Emin7', 'A7', 'Gmaj7', 'D', 'Gmaj7', 'D', 'Emin7', 'Asus4', 'Dmaj7', 'Emin7', 'A7', 'Gmaj', 'Gmaj', 'Dmaj7', 'A7', 'Bmin7', 'Emin7', 'A7', 'D', 'A7', 'Bmin7', 'F#maj', 'Bmin9', 'Bmin9', 'E7', 'Gmaj7', 'Bmin7', 'Emin7', 'F#maj', 'Bmin9', 'Bmin9', 'E7', 'Gmaj7', 'Gmaj', 'Gmaj7', 'D', 'Gmaj7', 'D', 'Emin7', 'Asus4', 'Dmaj7', 'Emin7', 'A7', 'Gmaj7', 'D', 'Gmaj7', 'D', 'Emin7', 'Asus4', 'Dmaj7', 'Emin7', 'A7', 'Gmaj', 'Gmaj', 'Dmaj7', 'A7', 'Bmin7', 'Emin7', 'Gmaj', 'A7', 'D', 'A7', 'Bmin7', 'Emin7', 'Gmaj', 'A7', 'D', 'A7', 'Bmin7', 'Emin7', 'Gmaj', 'A7', 'D', 'A7', 'Bmin7', 'Emin7', 'Gmaj', 'A7', 'D', 'A7', 'Bmin7']"
0300,"['Gmaj', 'Dmaj', 'Cmaj', 'Gmaj', 'Dmaj', 'Cmaj', 'Gmaj', 'Dmaj', 'Cmaj', 'Gmaj', 'Dmaj', 'Cmaj', 'Gmaj', 'Dmaj', 'Cmaj', 'Cmaj', 'Cmaj', 'Amin', 'Dmaj', 'Amin', 'Dmaj', 'Emin', 'Amin', 'Cmaj', 'Gmaj', 'Emin', 'Amin', 'Cmaj', 'Dmaj', 'Gmaj', 'Dmaj', 'Cmaj', 'Gmaj', 'Dmaj', 'Cmaj', 'Gmaj', 'Dmaj', 'Cmaj', 'Cmaj', 'Cmaj', 'Amin', 'Dmaj', 'Amin', 'Dmaj', 'Cmaj', 'Dmaj', 'Gmaj', 'Cmaj', 'Dmaj', 'Cmaj', 'Dmaj', 'Gmaj', 'Cmaj', 'Dmaj', 'Cmaj', 'Dmaj', 'Gmaj', 'Cmaj', 'Dmaj', 'Cmaj', 'B', 'Amin', 'Dmaj', 'Amin', 'Dmaj', 'Cmaj', 'Dmaj', 'Gmaj', 'Dmaj', 'Cmaj', 'Dmaj', 'Gmaj', 'Dmaj', 'Cmaj', 'Dmaj', 'Gmaj', 'Dmaj', 'Cmaj', 'Cmaj', 'Cmaj', 'Amin', 'Dmaj', 'Amin', 'Dmaj', 'Cmaj', 'Dmaj', 'Gmaj', 'Cmaj', 'Dmaj', 'Cmaj', 'Dmaj', 'Gmaj', 'Cmaj', 'Dmaj', 'Cmaj', 'Dmaj', 'Gmaj', 'Cmaj', 'Dmaj', 'Cmaj', 'B', 'Amin', 'Dmaj', 'Amin', 'Dmaj', 'Cmaj', 'Dmaj', 'Emin', 'Amin', 'Emin', 'Amin', 'Emin', 'Amin', 'Emin', 'Amin', 'Cmaj', 'Dmaj', 'Gmaj', 'Dmaj', 'Cmaj', 'Dmaj', 'Gmaj', 'Dmaj', 'Cmaj', 'Dmaj', 'Gmaj', 'Dmaj', 'Cmaj', 'Cmaj', 'Cmaj', 'Amin', 'Dmaj', 'Amin', 'Dmaj', 'Cmaj', 'Dmaj', 'Gmaj', 'Cmaj', 'Dmaj', 'Cmaj', 'Dmaj', 'Gmaj', 'Cmaj', 'Dmaj', 'Cmaj', 'Dmaj', 'Gmaj', 'Cmaj', 'Dmaj', 'Cmaj', 'B', 'Amin', 'Dmaj', 'Amin', 'Dmaj', 'Cmaj', 'Dmaj', 'Gmaj', 'Cmaj', 'Dmaj', 'Cmaj', 'Dmaj', 'Gmaj', 'Cmaj', 'Dmaj', 'Cmaj', 'Dmaj', 'Gmaj', 'Cmaj', 'Dmaj', 'Cmaj', 'B', 'Amin', 'Dmaj', 'Amin', 'Dmaj', 'Cmaj', 'Dmaj', 'Gmaj', 'Cmaj', 'Dmaj', 'Cmaj', 'Dmaj', 'Gmaj', 'Cmaj', 'Dmaj', 'Cmaj', 'Dmaj', 'Gmaj', 'Cmaj', 'Dmaj', 'Cmaj', 'B']"
0302,"['Emin', 'F#', 'Emin', 'Emin', 'Emin', 'Amaj', 'Bmaj', 'B', 'Emaj', 'G#min', 'Gmin', 'F#min', 'B7', 'Emaj', 'G#min', 'Gmin', 'F#min', 'B7', 'Emaj', 'G#min', 'Gmin', 'F#min', 'B7', 'Emaj', 'G#min', 'Gmin', 'F#min', 'B7', 'Emaj', 'G#min', 'Gmin', 'F#min', 'B7', 'Amaj', 'Bmaj', 'C#min', 'Amaj', 'Bmaj', 'Emaj', 'G#min', 'Gmin', 'F#min', 'B7', 'Emaj', 'G#min', 'Gmin', 'F#min', 'B7', 'Emaj', 'G#min', 'Gmin', 'F#min', 'B7', 'Emaj', 'G#min', 'Gmin', 'F#min', 'B7', 'Emaj', 'G#min', 'Gmin', 'F#min', 'B7', 'Amaj', 'Bmaj', 'C#min', 'Amaj', 'Bmaj', 'Amaj', 'F#min', 'C#min', 'Bmin', 'Amaj', 'F#min', 'C#min', 'Bmin', 'F#min', 'B7', 'Emaj', 'G#min', 'Gmin', 'F#min', 'B7', 'Emaj', 'G#min', 'Gmin', 'F#min', 'B7', 'Emaj', 'G#min', 'Gmin', 'F#min', 'B7', 'Emaj', 'G#min', 'Gmin', 'F#min', 'B7', 'Emaj', 'G#min', 'Gmin', 'F#min', 'B7', 'Amaj', 'Bmaj', 'C#min', 'Amaj', 'Bmaj', 'C#min', 'Amaj', 'Bmaj', 'C#min', 'Amaj', 'Bmaj']"
0303,"['Emaj', 'Eaug', 'Amaj', 'A', 'Emaj', 'Bmaj', 'Amaj', 'G#min', 'F#min', 'Emaj', 'Eaug', 'Amaj7', 'A', 'Emaj', 'G#7', 'C#7', 'F#7', 'F#7', 'F#min7', 'Bmaj', 'Amaj', 'G#min', 'F#min', 'Emaj', 'Eaug', 'Amaj7', 'A', 'Emaj', 'G#7', 'C#7', 'F#7', 'F#7', 'F#min7', 'Bmaj', 'Amaj', 'G#min', 'F#min', 'Amaj', 'G#min', 'F#min7', 'Bmaj', 'Emaj7', 'E7', 'Amaj', 'G#min7', 'C#7', 'F#7', 'Bmaj', 'Amaj', 'G#min', 'F#min', 'Emaj', 'Eaug', 'Amaj7', 'A', 'Emaj', 'G#7', 'C#7', 'F#7', 'F#7', 'F#min7', 'B7', 'Emaj', 'Eaug', 'Amaj', 'G#min', 'F#min7', 'Bmaj', 'Emaj', 'E7', 'Amaj', 'G#min', 'F#7', 'B7', 'C7', 'Fmaj', 'Faug', 'Bbmaj7', 'Bbmin', 'Fmaj', 'A7', 'D7', 'G7', 'G7', 'Gmin7', 'C7', 'Fmaj', 'F7', 'D7', 'G7', 'C7', 'Fmaj', 'Bbmaj', 'Bb', 'Fmaj']"
0304,"['Ebmaj', 'Ebmaj', 'Ebmaj', 'Ebmaj', 'Ebmaj', 'Ebmaj', 'Ebmaj', 'Ebmaj', 'Ebmaj', 'Ebmaj', 'Ebmaj', 'Ebmaj', 'Ebmaj', 'Ebmaj', 'Ebmaj', 'Ebmaj', 'Ebmaj', 'Ebmaj', 'Ebmaj', 'Ebmaj', 'Ebmaj', 'Ebmaj', 'Ebmaj', 'Ebmaj', 'Ebmaj', 'Ebmaj', 'Ebmaj', 'Ebmaj', 'Ebmaj', 'Ebmaj', 'Ebmaj', 'Ebmaj', 'Ebmaj', 'Ebmaj', 'Ebmaj', 'Ebmaj', 'Ebmaj', 'Ebmaj', 'Ebmaj', 'Ebmaj', 'Ebmaj', 'Ebmaj', 'Ebmaj', 'Ebmaj', 'Ebmaj', 'Ebmaj', 'Ebmaj', 'Ebmaj', 'Ebmaj', 'Ebmaj', 'Ebmaj', 'Ebmaj', 'Ebmaj', 'Ebmaj', 'Ebmaj', 'Ebmaj', 'Ebmaj', 'Ebmaj', 'Ebmaj', 'Ebmaj', 'Ebmaj', 'Ebmaj', 'Ebmaj', 'Ebmaj', 'Ebmaj', 'Ebmaj', 'Ebmaj', 'Ebmaj', 'Ebmaj', 'Ebmaj', 'Ebmaj', 'Ebmaj', 'Ebmaj', 'Ebmaj', 'Ebmaj', 'Ebmaj', 'Ebmaj', 'Ebmaj', 'Ebmaj', 'Ebmaj', 'Ebmaj']"
0306,"['Gmin', 'F7', 'Ebmaj7', 'Dsus4', 'Dmaj', 'Gmin', 'F7', 'Ebmaj7', 'D7', 'Gmin', 'Gmin', 'Gmin', 'Bbmaj', 'Cmin', 'Bbmaj', 'Cmin7', 'Dmaj', 'Gmin', 'Gmin', 'Gmin', 'Bbmaj', 'Cmin', 'Bbmaj', 'Cmin7', 'Dmaj', 'Gmaj7', 'Gmaj7', 'Amin7', 'Dmaj', 'Amin7', 'Dmaj', 'Gmaj', 'Dmaj', 'Gmaj7', 'Gmaj7', 'Amin7', 'Dmaj', 'Amin7', 'Dmaj', 'Gmaj', 'Dmaj', 'Gmin', 'Gmin', 'Gmin', 'Gmin', 'Bbmaj', 'Cmin', 'Bbmaj', 'Cmin7', 'Dmaj', 'Gmin', 'Gmin', 'Gmin', 'Bbmaj', 'Cmin', 'Bbmaj', 'Cmin7', 'Dmaj', 'Gmaj7', 'Gmaj7', 'Amin7', 'Dmaj', 'Amin7', 'Dmaj', 'Gmaj', 'Dmaj', 'Gmaj7', 'Gmaj7', 'Amin7', 'Dmaj', 'Amin7', 'Dmaj', 'Gmaj', 'Dmaj', 'Gmin7', 'Gmin7', 'Gmin7', 'Gmin7', 'Gmin7', 'Gmin7', 'Gmin7', 'Gmin7', 'Gmin7', 'Gmin7', 'Gmin7', 'Gmin7', 'Gmin7', 'Gmin7', 'Gmin7', 'Gmin7', 'Gmin7', 'Gmin7', 'Gmaj7', 'Gmaj7', 'Amin7', 'Dmaj', 'Amin7', 'Dmaj', 'Gmaj', 'Dmaj', 'Gmaj7', 'Gmaj7', 'Amin7', 'Dmaj', 'Amin7', 'Dmaj', 'Gmaj', 'Dmaj']"
0307,"['Emaj', 'Emaj', 'Emaj', 'Emaj', 'Emaj', 'F#min7', 'Emaj', 'F#min7', 'Emaj', 'F#min7', 'Emaj', 'F#min7', 'Emaj', 'F#min7', 'Emaj', 'F#min7', 'Emaj', 'F#min7', 'Emaj', 'F#min7', 'Emaj', 'Amaj', 'Dmaj', 'B7', 'Emaj', 'Emaj', 'Amaj', 'Dmaj', 'B7', 'Emaj', 'Emaj', 'F#min7', 'Emaj', 'F#min7', 'Emaj', 'F#min7', 'Emaj', 'F#min7', 'Emaj', 'F#min7', 'Emaj', 'F#min7', 'Emaj', 'F#min7', 'Emaj', 'F#min7', 'Emaj', 'Amaj', 'Dmaj', 'B7', 'Emaj', 'Emaj', 'Amaj', 'Dmaj', 'B7', 'Emaj', 'Emaj', 'Emaj', 'Emaj', 'F#min7', 'Emaj', 'F#min7', 'Emaj', 'F#min7', 'Emaj', 'F#min7', 'Emaj', 'F#min7', 'Emaj', 'F#min7', 'Emaj', 'F#min7', 'Emaj', 'F#min7', 'Emaj', 'F#min7', 'Emaj', 'F#min7', 'Emaj', 'F#min7', 'Emaj', 'F#min7', 'Emaj', 'Amaj', 'Dmaj', 'B7', 'Emaj', 'Emaj', 'Amaj', 'Dmaj', 'B7', 'Emaj', 'Emaj', 'Amaj', 'Dmaj', 'B7', 'Emaj', 'Emaj', 'Amaj', 'Dmaj', 'B7', 'Emaj']"
0308,"['Gmaj', 'Gmaj', 'Gmaj', 'Gmaj', 'D7', 'D7', 'Gmaj', 'Gmaj', 'D7', 'Gmaj', 'Gmaj', 'D7', 'D7', 'Gmaj', 'Gmaj', 'D7', 'Cmaj', 'Gmaj', 'A7', 'D7', 'Gmaj', 'Gmaj', 'D7', 'D7', 'Gmaj', 'Gmaj', 'D7', 'Gmaj', 'Cmaj', 'D7', 'D7', 'Gmaj', 'Cmaj', 'D7', 'D7', 'Gmaj', 'Gmaj', 'Gmaj', 'Gmaj', 'D7', 'D7', 'Gmaj', 'Gmaj', 'D7', 'Gmaj', 'Gmaj', 'D7', 'D7', 'Gmaj', 'Gmaj', 'D7', 'Cmaj', 'Gmaj', 'A7', 'D7', 'Gmaj', 'Gmaj', 'D7', 'D7', 'Gmaj', 'Gmaj', 'D7', 'Gmaj', 'Gmaj', 'D7', 'D7', 'Gmaj', 'Gmaj', 'D7', 'Gmaj', 'Gmaj', 'D7', 'D7']"
0309,"['Abmaj', 'Abmaj', 'Abmaj', 'Ebmaj', 'Ebmaj', 'Ebmaj', 'Abmaj', 'Abmaj', 'Ebmaj', 'Ebmaj', 'Ebmaj', 'Abmaj', 'Fmin', 'Fmin', 'Cmin', 'Cmin', 'Dbmaj', 'Bbmin', 'Abmaj', 'Fmin', 'Dbmaj', 'Bbmin', 'Ebsus4', 'Abmaj', 'Fmin', 'Dbmaj', 'Bbmin', 'Ebsus4', 'Abmaj', 'Fmin', 'Cmin', 'Abmaj', 'Ebmaj', 'Ebmaj', 'Ebmaj', 'Abmaj', 'Abmaj', 'Ebmaj', 'Ebmaj', 'Ebmaj', 'Abmaj', 'Fmin', 'Fmin', 'Cmin', 'Cmin', 'Dbmaj', 'Bbmin', 'Abmaj', 'Fmin', 'Dbmaj', 'Bbmin', 'Ebsus4', 'Abmaj', 'Fmin', 'Dbmaj', 'Bbmin', 'Ebsus4', 'Abmaj', 'Fmin', 'Cmin', 'Abmaj', 'Ebmaj', 'Ebmaj', 'Ebmaj', 'Abmaj', 'Abmaj', 'Ebmaj', 'Ebmaj', 'Ebmaj', 'Abmaj', 'Fmin', 'Fmin', 'Cmin', 'Cmin', 'Dbmaj', 'Bbmin', 'Ebmaj', 'Abmaj', 'Fmin', 'Dbmaj', 'Bbmin', 'Ebsus4', 'Abmaj', 'Fmin', 'Dbmaj', 'Bbmin', 'Ebsus4', 'Abmaj', 'Fmin', 'Dbmaj', 'Bbmin', 'Ebsus4', 'Abmaj', 'Fmin', 'Dbmaj', 'Bbmin', 'Ebsus4', 'Abmaj', 'Fmin', 'Cmin', 'Abmaj', 'Fmin', 'Dbmaj', 'Bbmin', 'Ebsus4', 'Abmaj', 'Fmin', 'Dbmaj', 'Bbmin', 'Ebsus4', 'Abmaj', 'Fmin', 'Dbmaj', 'Bbmin', 'Ebsus4', 'Abmaj', 'Fmin', 'Dbmaj', 'Bbmin', 'Ebsus4', 'Abmaj', 'Fmin', 'Dbmaj', 'Bbmin', 'Ebsus4', 'Abmaj', 'Fmin']"
0310,"['Fmaj', 'Dmin', 'Fmaj', 'Dmin', 'Fmaj', 'Dmin', 'Fmaj', 'Dmin', 'Fmaj', 'Dmin', 'Fmaj', 'Dmin', 'Fmaj', 'Dmin', 'Fmaj', 'Dmin', 'Bbmaj', 'Bbmaj', 'Fmaj', 'Dmin', 'Fmaj', 'Dmin', 'Cmaj', 'Bbmaj', 'Fmaj', 'Dmin', 'Fmaj', 'Dmin', 'Bbmaj', 'Bbmaj', 'Fmaj', 'Fmaj', 'Bbmaj', 'Bbmaj', 'Cmaj', 'Cmaj', 'Fmaj', 'Dmin', 'Fmaj', 'Dmin', 'Fmaj', 'Dmin', 'Fmaj', 'Dmin', 'Bbmaj', 'Bbmaj', 'Fmaj', 'Dmin', 'Fmaj', 'Dmin', 'Cmaj', 'Bbmaj', 'Fmaj', 'Dmin', 'Fmaj', 'Dmin', 'Bbmaj', 'Bbmaj', 'Fmaj', 'Fmaj', 'Bbmaj', 'Bbmaj', 'Cmaj', 'Cmaj', 'Bbmaj', 'Bbmaj', 'Fmaj', 'Fmaj', 'G7', 'G7', 'C7', 'C7', 'Bbmaj', 'Bbmaj', 'Fmaj', 'Fmaj', 'Bbmaj', 'Bbmaj', 'Cmaj', 'Cmaj', 'Bbmaj', 'Bbmaj', 'Fmaj', 'Fmaj', 'Bbmaj', 'Bbmaj', 'Cmaj', 'Cmaj', 'Bbmaj', 'Bbmaj', 'Fmaj', 'Fmaj', 'Bbmaj', 'Bbmaj', 'Cmaj', 'Cmaj']"
0312,"['Bbmaj', 'Fsus4', 'Bbmaj', 'Fsus4', 'Bbmaj', 'Cmin7', 'Bbmaj', 'Ebmaj', 'Bbmaj', 'Gmin7', 'C7', 'Fmaj', 'Bbmaj', 'Cmin7', 'Bbmaj', 'Ebmaj', 'Bbmaj', 'Gmin7', 'C7', 'Fmaj', 'Bbmaj', 'Fmaj', 'Bbmaj', 'Cmin', 'Bbmaj', 'Fmaj', 'Gmin7', 'Ebmaj', 'Fmaj', 'Dmin', 'Ebmaj', 'Fmaj', 'Gmin', 'Ebmaj', 'Bbmaj', 'Ebmaj', 'Bbmaj', 'C7', 'F7', 'Bbmaj', 'Cmin7', 'Bbmaj', 'Ebmaj', 'Bbmaj', 'Gmin7', 'C7', 'Fmaj', 'Bbmaj', 'Cmin7', 'Bbmaj', 'Ebmaj', 'Bbmaj', 'Gmin7', 'C7', 'Fmaj', 'Bbmaj', 'Fmaj', 'Bbmaj', 'Cmin', 'Bbmaj', 'Fmaj', 'Gmin7', 'Ebmaj', 'Fmaj', 'Dmin', 'Ebmaj', 'Fmaj', 'Gmin', 'Ebmaj', 'Bbmaj', 'Ebmaj', 'Bbmaj', 'C7', 'F7', 'Bbmaj', 'Fsus4', 'Bbmaj', 'Fsus4', 'Ebmaj', 'Fmaj', 'Dmin', 'Ebmaj', 'Fmaj', 'Gmin', 'Ebmaj', 'Bbmaj', 'Ebmaj', 'Bbmaj', 'C7', 'F7', 'Ebmaj', 'Fmaj', 'Dmin', 'Ebmaj', 'Fmaj', 'Gmin', 'Ebmaj', 'Bbmaj', 'Ebmaj', 'Bbmaj', 'C7', 'F7']"
0314,"['D7', 'D7', 'D7', 'D7', 'G7', 'G7', 'D7', 'D7', 'A7', 'G7', 'D7', 'D7', 'D7', 'D7', 'D7', 'D7', 'G7', 'G7', 'D7', 'D7', 'A7', 'G7', 'D7', 'D7', 'G7', 'G7', 'D7', 'D7', 'G7', 'G7', 'A7', 'D7', 'D7', 'D7', 'D7', 'G7', 'G7', 'D7', 'D7', 'A7', 'G7', 'D7', 'D7', 'G7', 'G7', 'D7', 'D7', 'G7', 'G7', 'A7', 'D7', 'D7', 'D7', 'D7', 'G7', 'G7', 'D7', 'D7', 'A7', 'G7', 'D7', 'D7', 'D7', 'D7', 'D7', 'D7', 'G7', 'G7', 'D7', 'D7', 'A7', 'G7', 'D7', 'D7', 'A7', 'G7', 'D7', 'D7', 'A7', 'G7', 'D7', 'D7', 'D7', 'D7', 'D']"
0315,"['D', 'D', 'Dmaj', 'Dmaj', 'Emin7', 'Amaj', 'Dmaj', 'Bmin', 'Emin7', 'Amaj', 'Dmaj', 'Bmin', 'Emin7', 'Amaj', 'Dmaj', 'Bmin', 'Emin7', 'Amaj', 'Dmaj', 'Bmin', 'Emin7', 'Amaj', 'Dmaj', 'Bmin', 'Emin7', 'Amaj', 'Dmaj', 'Bmin', 'Emin7', 'Amaj', 'Dmaj', 'Bmin', 'Emin7', 'Amaj', 'Dmaj', 'Bmin', 'Emin7', 'Amaj', 'Dmaj', 'Bmin', 'Emin7', 'Amaj', 'Dmaj', 'Bmin', 'Emin7', 'Amaj', 'Dmaj', 'Bmin', 'Emin7', 'Amaj', 'Dmaj', 'Bmin', 'Emin', 'Emin7', 'Amaj', 'Dmaj', 'Bmin', 'Emin7', 'Amaj', 'Dmaj', 'Bmin', 'Emin7', 'Amaj', 'Dmaj', 'Bmin', 'Emin7', 'Amaj', 'Dmaj', 'Bmin', 'Emin7', 'Amaj', 'Dmaj', 'Bmin', 'Emin7', 'Amaj', 'Dmaj', 'Bmin', 'Emin7', 'Amaj', 'Dmaj', 'Bmin', 'Emin7', 'Amaj', 'Dmaj', 'Bmin', 'Emin7', 'Amaj', 'Dmaj', 'Bmin', 'Emin7', 'Amaj', 'Dmaj', 'Bmin', 'Emin7', 'Amaj', 'Dmaj', 'Bmin', 'Emin7', 'Amaj', 'Dmaj', 'Bmin', 'Emin', 'Emin7', 'Amaj', 'Dmaj', 'Bmin', 'Emin7', 'Amaj', 'Dmaj', 'Bmin', 'Emin7', 'Amaj', 'Dmaj', 'Bmin', 'Emin7', 'Amaj', 'Dmaj', 'Bmin', 'Emin7', 'Amaj', 'Dmaj', 'Bmin', 'Emin7', 'Amaj', 'Dmaj', 'Bmin', 'Emin7', 'Amaj', 'Dmaj', 'Bmin', 'Emin7', 'Amaj', 'Dmaj', 'Bmin', 'Emin', 'Emin7', 'Amaj', 'Dmaj', 'Bmin', 'Emin7', 'Amaj', 'Dmaj', 'Bmin', 'Emin7', 'Amaj', 'Dmaj', 'Bmin', 'Emin7', 'Amaj', 'Dmaj', 'Bmin', 'Dmaj', 'Dmaj', 'Dmaj', 'Dmaj', 'Emin7', 'Amaj', 'Dmaj', 'Bmin', 'Emin7', 'Amaj', 'Dmaj', 'Bmin', 'Emin7', 'Amaj', 'Dmaj', 'Bmin', 'Emin7', 'Amaj', 'Dmaj', 'Bmin', 'Emin7', 'Amaj', 'Dmaj', 'Bmin', 'Emin7', 'Amaj', 'Dmaj', 'Bmin']"
0317,"['Emaj', 'Bmaj', 'Amaj', 'Emaj', 'Bmaj', 'Amaj', 'Emaj', 'Bmaj', 'Amaj', 'Emaj', 'Bmaj', 'Amaj', 'Emaj', 'Bmaj', 'Amaj', 'Emaj', 'Emaj', 'F#min', 'C#min', 'Dmaj', 'Amaj', 'C#min', 'G#maj', 'Emaj', 'Bmaj', 'F#min', 'C#min', 'Dmaj', 'Amaj', 'C#min', 'G#maj', 'Emaj', 'Bmaj', 'Emaj', 'Bmaj', 'Emaj', 'Emaj', 'Emaj', 'Emaj', 'Emaj', 'Dmaj', 'Cmaj', 'Gmaj', 'Amaj', 'Amaj', 'Emin', 'Dmaj', 'Cmaj', 'Gmaj', 'Bmaj', 'Bmaj', 'Emaj', 'Bmaj', 'Amaj', 'Emaj', 'Bmaj', 'Amaj', 'Emaj', 'Bmaj', 'Amaj', 'Emaj', 'Emaj', 'F#min', 'C#min', 'Dmaj', 'Amaj', 'C#min', 'G#maj', 'Emaj', 'Bmaj', 'F#min', 'C#min', 'Dmaj', 'Amaj', 'C#min', 'G#maj', 'Emaj', 'Bmaj', 'Emaj', 'Bmaj', 'Emaj', 'Emaj', 'Emaj', 'Emaj', 'Emaj', 'Dmaj', 'Cmaj', 'Gmaj', 'Amaj', 'Amaj', 'Emin', 'Dmaj', 'Cmaj', 'Gmaj', 'Bmaj', 'Bmaj', 'Emin', 'B', 'C', 'G', 'Amaj', 'E', 'F', 'C', 'Emin', 'B', 'C', 'G', 'Amaj', 'E', 'F', 'E', 'F#min', 'C#min', 'Dmaj', 'Amaj', 'C#min', 'G#maj', 'Emaj', 'Bmaj', 'F#min', 'C#min', 'Dmaj', 'Amaj', 'C#min', 'G#maj', 'Emaj', 'Bmaj', 'Emaj', 'Bmaj', 'Emaj', 'Bmaj', 'Emaj', 'Emaj', 'Emaj', 'Emaj', 'Emaj', 'Dmaj', 'Cmaj', 'Gmaj', 'Amaj', 'Amin', 'Emin', 'Dmaj', 'Cmaj', 'Gmaj', 'Bmaj', 'Emin', 'Fdim', 'B7', 'D#maj', 'B', 'Cdim', 'Bmaj', 'Bmaj', 'F#', 'Gmaj7', 'Abmin', 'Abmaj', 'C', 'Dbmaj', 'D7', 'Eb', 'G', 'Abmaj7', 'Amin', 'Bbmaj7', 'A', 'Bbmaj7', 'A', 'Bbmaj7', 'A', 'Bbmaj7', 'A', 'Emaj', 'Bmaj', 'Amaj', 'Emaj', 'Bmaj', 'Amaj', 'Emaj', 'Bmaj', 'Amaj', 'Emaj', 'Bmaj', 'Amaj', 'Emaj', 'Bmaj', 'Amaj', 'Emaj', 'Bmaj', 'Amaj', 'Emaj', 'Bmaj', 'Amaj', 'Emaj', 'Bmaj', 'Amaj', 'Emaj', 'Bmaj', 'Amaj']"
0318,"['Fmaj', 'Fmaj', 'Cmaj', 'Cmaj', 'Fmaj', 'Fmaj', 'Cmaj', 'Fmaj', 'Fmaj', 'Fmaj', 'Cmaj', 'Cmaj', 'Fmaj', 'Fmaj', 'Cmaj', 'Fmaj', 'Cmaj', 'Fmaj', 'Cmaj', 'Fmaj', 'Cmaj', 'Fmaj', 'Cmaj', 'Fmaj', 'Gmaj', 'Gmaj', 'Dmaj', 'Dmaj', 'Gmaj', 'Gmaj', 'Dmaj', 'Gmaj', 'Gmaj', 'Gmaj', 'Dmaj', 'Dmaj', 'Gmaj', 'Gmaj', 'Dmaj', 'Gmaj', 'Dmaj', 'Gmaj', 'Dmaj', 'Gmaj', 'Dmaj', 'Gmaj', 'Dmaj', 'Gmaj', 'Gmaj', 'Gmaj', 'Dmaj', 'Dmaj', 'Gmaj', 'Gmaj', 'Dmaj', 'Gmaj', 'Dmaj', 'Gmaj', 'Dmaj', 'Gmaj']"
0319,"['C#min9', 'C#min9', 'C#min9', 'C#min9', 'C#min9', 'C#min9', 'C#min9', 'C#min9', 'C#min9', 'C#min9', 'C#min9', 'C#min9', 'C#min9', 'C#min9', 'C#min9', 'C#min9', 'C#min9', 'C#min9', 'F#min7', 'G#min7', 'Amaj7', 'G#min7', 'C#min7', 'F#min7', 'Emaj', 'Emaj7', 'G#sus4', 'G#7', 'C#min9', 'C#min9', 'F#min7', 'F#min7', 'Emaj', 'Emaj', 'G#7', 'G#7', 'G#7', 'C#min9', 'C#min9', 'F#min7', 'F#min7', 'Emaj', 'Emaj', 'G#7', 'G#7', 'G#7', 'C#min9', 'C#min9', 'F#min7', 'G#min7', 'Amaj7', 'G#min7', 'C#min7', 'F#min7', 'Emaj', 'Emaj7', 'G#sus4', 'G#7', 'C#min9', 'C#min9', 'F#min7', 'F#min7', 'Emaj', 'Emaj', 'G#7', 'G#7', 'G#7', 'C#min9', 'C#min9', 'F#min7', 'F#min7', 'Emaj', 'Emaj', 'G#7', 'G#7', 'C#min9', 'C#min9', 'F#min7', 'G#min7', 'Amaj7', 'G#min7', 'C#min7', 'F#min7', 'Emaj', 'Emaj7', 'G#7', 'C#min9', 'C#min9', 'F#min7', 'G#min7', 'Amaj7', 'G#min7', 'C#min7', 'F#min7', 'Emaj', 'Emaj7', 'G#7', 'C#min9', 'C#min9', 'F#min7', 'G#min7', 'Amaj7', 'G#min7', 'C#min7', 'F#min7', 'Emaj', 'Emaj7', 'G#7']"
0320,"['Fmaj', 'Fmaj', 'Fmaj', 'Fmaj', 'Fmaj', 'Fmaj', 'Gmin', 'Gmin', 'Fmaj', 'Fmaj', 'Dmaj', 'Bbmaj', 'Gmin7', 'Gmin7', 'Fmaj', 'Fmaj', 'Dmaj', 'Bbmaj', 'Gmin7', 'Gmin7', 'Fmaj', 'Fmaj', 'Gmin', 'Gmin', 'Fmaj', 'Fmaj', 'Dmaj', 'Bbmaj', 'Gmin7', 'Gmin7', 'Fmaj', 'Fmaj', 'Dmaj', 'Bbmaj', 'Gmin7', 'Gmin7', 'Fmaj', 'Fmaj', 'Gmin', 'Gmin', 'Fmaj', 'Fmaj', 'Gmin', 'Gmin', 'Fmaj', 'Fmaj', 'Gmin', 'Gmin', 'Bbmaj', 'Amin', 'Abmaj', 'Ebmaj', 'Fmaj', 'Bbmaj', 'Amin', 'Gmin7', 'Cmaj', 'Fmaj', 'Fmaj', 'Gmin', 'Gmin', 'Fmaj', 'Fmaj', 'Dmaj', 'Bbmaj', 'Gmin7', 'Gmin7', 'Fmaj', 'Fmaj', 'Dmaj', 'Bbmaj', 'Gmin7', 'Gmin7', 'Fmaj', 'Fmaj', 'Gmin', 'Gmin', 'Fmaj', 'Fmaj', 'Gmin', 'Gmin', 'Fmaj', 'Fmaj', 'Gmin', 'Gmin', 'Fmaj', 'Fmaj', 'Gmin', 'Gmin', 'Fmaj']"
0322,"['Bmaj', 'Emaj', 'Amaj', 'F#7', 'Bmaj', 'Emaj', 'Amaj', 'F#7', 'Bmaj', 'Bmaj', 'Bmaj', 'Bmaj', 'Emaj', 'Emaj', 'Bmaj', 'Bmaj', 'F#maj', 'E7', 'Bmaj', 'Emaj', 'Amaj', 'F#7', 'Bmaj', 'Bmaj', 'Bmaj', 'Bmaj', 'Emaj', 'Emaj', 'Bmaj', 'Bmaj', 'F#maj', 'E7', 'Bmaj', 'Emaj', 'Amaj', 'F#7', 'E7', 'E7', 'Bmaj', 'Bmaj', 'F#maj', 'E7', 'Bmaj', 'B7', 'E7', 'E7', 'Bmaj', 'Bmaj', 'F#7', 'E7', 'Bmaj', 'Emaj', 'Amaj', 'F#7', 'Bmaj', 'Emaj', 'Amaj', 'F#7', 'Bmaj', 'Bmaj', 'Bmaj', 'Bmaj', 'Emaj', 'Emaj', 'Bmaj', 'Bmaj', 'F#7', 'E7', 'Bmaj', 'Emaj', 'Amaj', 'F#7', 'E7', 'E7', 'Bmaj', 'Bmaj', 'F#7', 'E7', 'Bmaj', 'B7', 'E7', 'E7', 'Bmaj', 'Bmaj', 'F#7', 'E7', 'Bmaj', 'Emaj', 'Amaj', 'F#7', 'Bmaj', 'Emaj', 'Amaj', 'F#7', 'Bmaj', 'Emaj', 'Amaj', 'F#7', 'Bmaj', 'Emaj', 'Amaj']"
0323,"['Emaj', 'Bmaj', 'Amaj', 'Emaj', 'Bmaj', 'Amaj', 'Emaj', 'Bmaj', 'Amaj', 'Emaj', 'Bmaj', 'Amaj', 'Emaj', 'Bmaj', 'Amaj', 'Emaj', 'Emaj', 'F#min', 'C#min', 'Dmaj', 'Amaj', 'C#min', 'G#maj', 'Emaj', 'Bmaj', 'F#min', 'C#min', 'Dmaj', 'Amaj', 'C#min', 'G#maj', 'Emaj', 'Bmaj', 'Emaj', 'Bmaj', 'Emaj', 'Emaj', 'Emaj', 'Emaj', 'Emaj', 'Dmaj', 'Cmaj', 'Gmaj', 'Amaj', 'Amaj', 'Emin', 'Dmaj', 'Cmaj', 'Gmaj', 'Bmaj', 'Bmaj', 'Emaj', 'Bmaj', 'Amaj', 'Emaj', 'Bmaj', 'Amaj', 'Emaj', 'Bmaj', 'Amaj', 'Emaj', 'Emaj', 'F#min', 'C#min', 'Dmaj', 'Amaj', 'C#min', 'G#maj', 'Emaj', 'Bmaj', 'F#min', 'C#min', 'Dmaj', 'Amaj', 'C#min', 'G#maj', 'Emaj', 'Bmaj', 'Emaj', 'Bmaj', 'Emaj', 'Emaj', 'Emaj', 'Emaj', 'Emaj', 'Dmaj', 'Cmaj', 'Gmaj', 'Amaj', 'Amaj', 'Emin', 'Dmaj', 'Cmaj', 'Gmaj', 'Bmaj', 'Bmaj', 'Emin', 'B', 'C', 'G', 'Amaj', 'E', 'F', 'C', 'Emin', 'B', 'C', 'G', 'Amaj', 'E', 'F', 'E', 'F#min', 'C#min', 'Dmaj', 'Amaj', 'C#min', 'G#maj', 'Emaj', 'Bmaj', 'F#min', 'C#min', 'Dmaj', 'Amaj', 'C#min', 'G#maj', 'Emaj', 'Bmaj', 'Emaj', 'Bmaj', 'Emaj', 'Bmaj', 'Emaj', 'Emaj', 'Emaj', 'Emaj', 'Emaj', 'Dmaj', 'Cmaj', 'Gmaj', 'Amaj', 'Amin', 'Emin', 'Dmaj', 'Cmaj', 'Gmaj', 'Bmaj', 'Emin', 'Fdim', 'B7', 'D#maj', 'B', 'Cdim', 'Bmaj', 'Bmaj', 'F#', 'Gmaj7', 'Abmin', 'Abmaj', 'C', 'Dbmaj', 'D7', 'Eb', 'G', 'Abmaj7', 'Amin', 'Bbmaj7', 'A', 'Bbmaj7', 'A', 'Bbmaj7', 'A', 'Bbmaj7', 'A', 'Emaj', 'Bmaj', 'Amaj', 'Emaj', 'Bmaj', 'Amaj', 'Emaj', 'Bmaj', 'Amaj', 'Emaj', 'Bmaj', 'Amaj', 'Emaj', 'Bmaj', 'Amaj', 'Emaj', 'Bmaj', 'Amaj', 'Emaj', 'Bmaj', 'Amaj', 'Emaj', 'Bmaj', 'Amaj', 'Emaj', 'Bmaj', 'Amaj']"
0324,"['Emaj', 'Emaj', 'Emaj', 'Emaj', 'Emaj', 'Amaj', 'Bmaj', 'Emaj', 'Amaj', 'Bmaj', 'Emaj', 'Amaj', 'Bmaj', 'Emaj', 'Amaj', 'Bmaj', 'Emaj', 'Amaj', 'Bmaj', 'Emaj', 'Emaj', 'Amaj', 'Bmaj', 'Amaj', 'Emaj', 'Amaj', 'Bmaj', 'Dbmin7', 'Bmaj', 'Bmaj', 'Emaj', 'Amaj', 'Bmaj', 'Emaj', 'Amaj', 'Bmaj', 'Emaj', 'Amaj', 'Bmaj', 'Emaj', 'Emaj', 'Emaj', 'Amaj', 'Bmaj', 'Emaj', 'Amaj', 'Bmaj', 'Emaj', 'Amaj', 'Bmaj', 'Emaj', 'Emaj', 'Amaj', 'Bmaj', 'Amaj', 'Emaj', 'Amaj', 'Bmaj', 'Dbmin7', 'Bmaj', 'Bmaj', 'Emaj', 'Amaj', 'Bmaj', 'Emaj', 'Amaj', 'Bmaj', 'Emaj', 'Amaj', 'Bmaj', 'Emaj', 'Amaj', 'Bmaj', 'Emaj', 'Amaj', 'Bmaj', 'Emaj', 'Amaj', 'Bmaj', 'Emaj', 'Amaj', 'Bmaj', 'Amaj', 'Emaj']"
0325,"['Emin', 'Amin7', 'Bsus4', 'Bmaj', 'Emin', 'Amin7', 'Bsus4', 'Bmaj', 'Emin', 'Emin', 'Amin7', 'Bsus4', 'Bmaj', 'Emin', 'Emin', 'Emin', 'Amin7', 'Bsus4', 'Bmaj', 'Emin', 'Emin', 'Amin7', 'Bsus4', 'Bmaj', 'Emin', 'Emin', 'Cmaj', 'Dmaj', 'Gmaj', 'Cmaj', 'Dmaj', 'Gmaj', 'G7', 'B7', 'Emin', 'Emin', 'Cmaj', 'Bsus4', 'Bmaj', 'Emin', 'Amin7', 'Bsus4', 'Bmaj', 'Emin', 'Emin', 'Amin7', 'Bsus4', 'Bmaj', 'Emin', 'Emin', 'Amin7', 'Bsus4', 'Bmaj', 'Emin', 'Emin', 'Amin7', 'Bsus4', 'Bmaj', 'Emin', 'Emin', 'Cmaj', 'Dmaj', 'Gmaj', 'Cmaj', 'Dmaj', 'G7', 'B7', 'Emin', 'Emin', 'Cmaj', 'Bsus4', 'Bmaj', 'Cmaj', 'Dmaj', 'Gmaj', 'Cmaj', 'Dmaj', 'G7', 'B7', 'Emin', 'Emin', 'Cmaj', 'Bsus4', 'Bmaj', 'Emin', 'Amin7', 'Bsus4', 'Bmaj', 'Emin', 'Emin', 'Amin7', 'Bsus4', 'Bmaj', 'Emin', 'Emin', 'Cmaj', 'Dmaj', 'Gmaj', 'Cmaj', 'Dmaj', 'G7', 'B7', 'Emin', 'Emin', 'Cmaj', 'Bsus4', 'Bmaj', 'Cmaj', 'Dmaj', 'Gmaj', 'Cmaj', 'Dmaj', 'G7', 'Bsus4']"
0326,"['Dmaj', 'Dmaj', 'Amaj', 'Bmin', 'F#min', 'Bmin', 'Bmin', 'Gmaj7', 'F#min7', 'Emin7', 'F#sus4', 'F#7', 'Bmin', 'Emin7', 'A7', 'Dmaj7', 'G#', 'C#7', 'F#sus4', 'F#7', 'Dmaj', 'Dmaj', 'Amaj', 'Bmin', 'F#min', 'Bmin', 'Bmin', 'Gmaj7', 'F#min7', 'Emin7', 'F#sus4', 'F#7', 'Bmin', 'Emin7', 'A7', 'Dmaj7', 'G#', 'C#7', 'F#sus4', 'F#7', 'Dmaj', 'Dmaj', 'Amaj', 'Bmin', 'F#min', 'Bmin', 'Bmin', 'Gmaj7', 'F#min7', 'Emin7', 'F#sus4', 'F#7', 'Bmin', 'Emin7', 'A7', 'Dmaj7', 'G#', 'C#7', 'F#sus4', 'F#7', 'Bmin', 'Emin7', 'A7', 'Dmaj7', 'G#', 'C#7', 'F#sus4', 'F#7', 'Bmin', 'Emin7', 'A7', 'Dmaj7', 'G#', 'C#7', 'F#sus4', 'F#7', 'Bmin']"
0329,"['Emin7', 'Emin9', 'Emin7', 'Emin7', 'Emin9', 'Emin7', 'Emin7', 'Emin9', 'Emin7', 'Emin7', 'Emin9', 'Emin7', 'Emin7', 'Emin9', 'Emin7', 'Emin7', 'Emin9', 'Emin7', 'Emin7', 'Emin9', 'Emin7', 'Emin7', 'Emin9', 'Emin7', 'Amin7', 'Amin7', 'Emin7', 'Emin7', 'Amin7', 'Amin7', 'Bb', 'A', 'Emin7', 'Emin9', 'Emin7', 'Emin7', 'Emin9', 'Emin7', 'Emin7', 'Emin9', 'Emin7', 'Emin7', 'Emin9', 'Emin7', 'Emin7', 'Emin9', 'Emin7', 'Emin7', 'Emin9', 'Emin7', 'Amin7', 'Amin7', 'Emin7', 'Emin7', 'Amin7', 'Amin7', 'Bb', 'A', 'Emin7', 'Emin9', 'Emin7', 'Emin7', 'Emin9', 'Emin7', 'Emin7', 'Emin9', 'Emin7', 'Emin7', 'Emin9', 'Emin7', 'Emin7', 'Emin9', 'Emin7', 'Emin7', 'Emin9', 'Emin7', 'Amin7', 'Amin7', 'Emin7', 'Emin7', 'Amin7', 'Amin7', 'Bb', 'A', 'Emin7', 'Emin9', 'Emin7', 'Emin7', 'Emin9', 'Emin7', 'Emin7', 'Emin9', 'Emin7', 'Emin7', 'Emin9', 'Emin7', 'Emin7', 'Emin9', 'Emin7', 'Emin7', 'Emin9', 'Emin7', 'Amin7', 'Amin7', 'Emin7', 'Emin7', 'Amin7', 'Amin7', 'Bb', 'A', 'Emin7', 'Emin9', 'Emin7', 'Emin7', 'Emin9', 'Emin7', 'Emin7', 'Emin9', 'Emin7', 'Emin7', 'Emin9', 'Emin7', 'Emin7', 'Emin9', 'Emin7', 'Emin7', 'Emin9', 'Emin7', 'Amin7', 'Amin7', 'Emin7', 'Emin7', 'Amin7', 'Amin7', 'Bb', 'A', 'Emin7', 'Emin7', 'Emin7', 'Emin7', 'Emin7', 'Emin7', 'Emin7', 'Emin7', 'Emin7', 'Emin7', 'Emin7', 'Emin7', 'Emin7', 'Emin7', 'Emin7', 'Emin7', 'Emin7', 'Emin7', 'Emin7', 'Emin7', 'Emin7', 'Emin7', 'Emin7', 'Emin7', 'Emin7']"
0330,"['Gmaj', 'Cmaj', 'Gmaj', 'Cmaj', 'Gmaj', 'Cmaj', 'Gmaj', 'Cmaj', 'Gmaj', 'Cmaj', 'Gmaj', 'Cmaj', 'Gmaj', 'Cmaj', 'Gmaj', 'Cmaj', 'Gmaj', 'Cmaj', 'Gmaj', 'Cmaj', 'Gmaj', 'Cmaj', 'Gmaj', 'Cmaj', 'Gmaj', 'B7', 'Emin', 'Emin', 'Cmaj', 'Cmaj', 'Dmaj', 'Dmaj', 'Gmaj', 'Fmaj', 'Emin', 'Dmaj', 'Emin', 'Amaj', 'Dmaj', 'Gmaj', 'Emin', 'Emin', 'Dmaj', 'Gmaj', 'Cmaj', 'Gmaj', 'Cmaj', 'Gmaj', 'Cmaj', 'Gmaj', 'Cmaj', 'Gmaj', 'Cmaj', 'Gmaj', 'Cmaj', 'Gmaj', 'Cmaj', 'Gmaj', 'Cmaj', 'Gmaj', 'B7', 'Emin', 'Emin', 'Cmaj', 'Cmaj', 'Dmaj', 'Dmaj', 'Gmaj', 'Fmaj', 'Emin', 'Dmaj', 'Emin', 'Amaj', 'Dmaj', 'Gmaj', 'Emin', 'Amin', 'Dmaj', 'Ebmaj', 'Ab', 'Abmaj', 'Dbmaj', 'Abmaj', 'Dbmaj', 'Abmaj', 'Dbmaj', 'Abmaj', 'Dbmaj', 'Abmaj', 'Dbmaj', 'Abmaj', 'Dbmaj', 'Abmaj', 'Dbmaj', 'Abmaj', 'Dbmaj', 'Abmaj', 'Dbmaj', 'Abmaj', 'Dbmaj', 'Abmaj', 'Dbmaj', 'Abmaj', 'Dbmaj', 'Abmaj', 'Dbmaj', 'Abmaj', 'Dbmaj', 'Abmaj', 'Dbmaj', 'Abmaj', 'Dbmaj']"
0331,"['Gmin7', 'Gmin7', 'Gmin7', 'Gmin7', 'Gmin7', 'Gmin7', 'Gmin7', 'Gmin7', 'Gmin7', 'Gmin7', 'Gmin7', 'Gmin7', 'Gmin7', 'Gmin7', 'Gmin7', 'Gmin7', 'Gmin7', 'Gmin7', 'Gmin7', 'Gmin7', 'Gmin7', 'Gmin7', 'Gmin7', 'Gmin7', 'Gmin7', 'Gmin7', 'Gmin7', 'Gmin7', 'Gmin7', 'Gmin7', 'Gmin7', 'Gmin7', 'Gmin7', 'Gmin7', 'Gmin7', 'Gmin7', 'Gmin7', 'Gmin7', 'Gmin7', 'Gmin7', 'Gmin7', 'Gmin7', 'Gmin7', 'Gmin7', 'Gmin7', 'Gmin7', 'Gmin7', 'Gmin7', 'Gmin7', 'Gmin7', 'Gmin7', 'Gmin7', 'Gmin7', 'Gmin7', 'Gmin7', 'Gmin7', 'Gmin7', 'Gmin7', 'Gmin7', 'Gmin7', 'Gmin7', 'Gmin7', 'Gmin7', 'Gmin7', 'Gmin7', 'Gmin7', 'Gmin7', 'Gmin7', 'Gmin7', 'Gmin7', 'Gmin7', 'Gmin7', 'Gmin7', 'Gmin7', 'Gmin7', 'Gmin7', 'Gmin7', 'Gmin7', 'Gmin7', 'Gmin7', 'Gmin7']"
0332,"['Cmaj', 'Dmin', 'Fmaj', 'Cmaj', 'Dmin', 'Fmaj', 'Cmaj', 'Dmin', 'Fmaj', 'Cmaj', 'Dmin', 'Fmaj', 'Cmaj', 'Dmin', 'Fmaj', 'Cmaj', 'Dmin', 'Fmaj', 'Cmaj', 'Dmin', 'Fmaj', 'Cmaj', 'Dmin', 'Fmaj', 'Amin', 'Fmaj', 'Gmaj', 'Cmaj', 'G7', 'G7', 'Cmaj', 'Cmaj', 'G7', 'G7', 'Cmaj', 'Cmaj', 'Amin', 'Fmaj', 'Gmaj', 'Cmaj', 'G7', 'G7', 'Cmaj', 'Cmaj', 'G7', 'G7', 'Cmaj', 'Cmaj', 'Amin', 'Fmaj', 'Gmaj', 'Cmaj', 'G7', 'G7', 'Cmaj', 'Cmaj', 'G7', 'G7', 'Cmaj', 'Dmin', 'Fmaj', 'Cmaj', 'Dmin', 'Fmaj', 'Cmaj', 'Dmin', 'Fmaj', 'Cmaj', 'Dmin', 'Fmaj', 'Cmaj', 'Dmin', 'Fmaj', 'Cmaj', 'Dmin', 'Fmaj', 'Cmaj', 'Dmin', 'Fmaj', 'Cmaj', 'Dmin', 'Fmaj', 'Cmaj', 'Dmin', 'Fmaj', 'Cmaj', 'Dmin', 'Fmaj', 'Cmaj', 'Dmin', 'Fmaj', 'Cmaj', 'Dmin', 'Fmaj', 'Amin', 'Fmaj', 'Gmaj', 'Cmaj', 'G7', 'G7', 'Cmaj', 'Cmaj', 'G7', 'G7', 'Cmaj', 'Cmaj', 'Amin', 'Fmaj', 'Gmaj', 'Cmaj', 'G7', 'G7', 'Cmaj', 'Cmaj', 'G7', 'G7', 'Cmaj', 'Dmin', 'Fmaj', 'Cmaj', 'Dmin', 'Fmaj', 'Cmaj', 'Dmin', 'Fmaj', 'Cmaj', 'Dmin', 'Fmaj', 'Cmaj', 'Dmin', 'Fmaj', 'Cmaj', 'Dmin', 'Fmaj', 'Cmaj', 'Dmin', 'Fmaj', 'Cmaj', 'Dmin', 'Fmaj', 'Cmaj', 'Dmin', 'Fmaj', 'Cmaj', 'Dmin', 'Fmaj', 'Cmaj', 'Dmin', 'Fmaj', 'Cmaj', 'Dmin', 'Fmaj', 'Cmaj', 'Dmin', 'Fmaj', 'Cmaj', 'Dmin', 'Fmaj', 'Cmaj', 'Dmin', 'Fmaj', 'Cmaj', 'Dmin', 'Fmaj', 'Cmaj', 'Dmin', 'Fmaj', 'Cmaj', 'Dmin', 'Fmaj', 'Cmaj']"
0334,"['C#5', 'C#5', 'C#5', 'C#5', 'C#5', 'C#5', 'C#5', 'C#5', 'C#min', 'Amaj7', 'B', 'C#min', 'Amaj', 'B7', 'C#min', 'Amaj7', 'B', 'C#min', 'Amaj', 'B7', 'C#min', 'Amaj', 'C#min', 'Amaj', 'Bmaj', 'C#min', 'Amaj', 'C#min', 'Amaj', 'Bmaj', 'C#min', 'Amaj', 'Bmaj', 'C#min', 'Amaj', 'Bmaj', 'C#min', 'Amaj', 'Bmaj', 'C#min', 'Amaj', 'Bmaj', 'C#min', 'Amaj', 'C#min', 'Amaj', 'Bmaj', 'C#min', 'Amaj', 'Bmaj', 'C#min', 'Amaj', 'Bmaj', 'C#min', 'Amaj', 'Bmaj', 'C#min', 'Amaj', 'Bmaj', 'C#min', 'Amaj', 'Bmaj', 'C#min', 'Amaj', 'Bmaj', 'C#min', 'Amaj', 'Bmaj', 'C#min', 'Amaj', 'Bmaj', 'C#min', 'Amaj', 'Bmaj', 'C#min', 'Amaj', 'Bmaj', 'C#min', 'Amaj', 'Bmaj', 'C#min', 'Amaj', 'Bmaj', 'C#min', 'Amaj', 'Bmaj', 'C#min', 'Amaj', 'Bmaj', 'C#min', 'C#min', 'C#min', 'C#min', 'C#min', 'C#min', 'C#min', 'Amaj', 'Bmaj', 'C#min', 'C#min', 'C#min', 'Amaj', 'C#min', 'Amaj7', 'C#min', 'Amaj', 'Bmaj', 'C#min', 'Amaj', 'Bmaj', 'C#min', 'Amaj', 'Bmaj', 'C#min', 'Amaj', 'Bmaj', 'C#min', 'Amaj', 'Bmaj', 'C#min', 'Amaj', 'Bmaj', 'C#min', 'Amaj', 'Bmaj', 'C#min', 'Amaj', 'Bmaj', 'C#min', 'Amaj', 'Bmaj', 'C#min', 'Amaj', 'Bmaj', 'C#min', 'Amaj', 'Bmaj', 'C#min', 'Amaj', 'Bmaj', 'C#min', 'Amaj', 'Bmaj', 'C#min', 'Amaj', 'Bmaj', 'C#min', 'Amaj', 'Bmaj', 'C#min', 'Amaj', 'Bmaj', 'C#min', 'Amaj', 'Bmaj', 'C#min', 'Amaj', 'Bmaj', 'C#min', 'Amaj', 'Bmaj', 'C#min', 'Amaj', 'Bmaj', 'C#min', 'Amaj', 'Bmaj']"
0335,"['Fmaj', 'Bbmaj', 'Cmaj', 'Dmin', 'Cmaj', 'Cmaj', 'Fmaj', 'Fmaj', 'Bbmaj', 'Cmaj', 'Fmaj', 'Fmaj', 'Bbmaj', 'Cmaj', 'Fmaj', 'Fmaj', 'Bbmaj', 'Cmaj', 'Bbmaj', 'Bbmin', 'Cmaj', 'C7', 'C7', 'C7', 'Fmaj', 'Fmaj', 'Bbmaj', 'Cmaj', 'Fmaj', 'Fmaj', 'Bbmaj', 'Cmaj', 'Fmaj', 'Fmaj', 'Bbmaj', 'Cmaj', 'Fmaj', 'Cmaj', 'Fmaj', 'Fmaj', 'Bbmaj', 'Cmaj', 'Fmaj', 'Fmaj', 'Bbmaj', 'Cmaj', 'Fmaj', 'Fmaj', 'Bbmaj', 'Cmaj', 'Fmaj', 'Fmaj', 'Bbmaj', 'Cmaj', 'Cmaj', 'C7', 'C7', 'C7', 'Fmaj', 'Fmaj', 'Bbmaj', 'Cmaj', 'Fmaj', 'Fmaj', 'Bbmaj', 'Cmaj', 'Fmaj', 'Fmaj', 'Bbmaj', 'Cmaj', 'Bbmaj', 'Bbmin', 'Cmaj', 'C7', 'C7', 'C7', 'Fmaj', 'Fmaj', 'Bbmaj', 'Cmaj', 'Fmaj', 'Fmaj', 'Bbmaj', 'Cmaj', 'Fmaj', 'Fmaj', 'Bbmaj', 'Cmaj', 'Fmaj', 'Cmaj', 'Fmaj', 'Fmaj', 'Bbmaj', 'Cmaj', 'Fmaj', 'Fmaj', 'Bbmaj', 'Cmaj', 'Fmaj', 'Fmaj', 'Bbmaj', 'Cmaj', 'Fmaj', 'Cmaj', 'Fmaj', 'Fmaj', 'Bbmaj', 'Cmaj', 'Fmaj', 'Fmaj', 'Bbmaj', 'Cmaj', 'Fmaj', 'Fmaj', 'Bbmaj', 'Cmaj', 'Fmaj', 'Fmaj', 'Bbmaj', 'Cmaj', 'Cmaj', 'C7', 'C7', 'C7', 'Fmaj', 'Fmaj', 'Bbmaj', 'Cmaj', 'Fmaj', 'Fmaj', 'Bbmaj', 'Cmaj', 'Fmaj', 'Fmaj', 'Bbmaj', 'Cmaj', 'Cmaj', 'C7', 'C7', 'C7', 'Fmaj', 'Fmaj', 'Bbmaj', 'Cmaj', 'Fmaj', 'Fmaj', 'Bbmaj', 'Cmaj', 'Fmaj', 'Fmaj', 'Bbmaj', 'Cmaj', 'Fmaj', 'Cmaj', 'Fmaj', 'Fmaj', 'Bbmaj', 'Cmaj', 'Fmaj', 'Fmaj', 'Bbmaj', 'Cmaj', 'Fmaj', 'Fmaj', 'Bbmaj', 'Cmaj', 'Fmaj', 'Cmaj']"
0336,"['Dbmaj', 'Db7', 'Ebmaj', 'Ebmaj', 'Ebmin', 'Eb', 'Dbmaj', 'Dbmaj', 'Dbmaj', 'Dbmaj', 'Dbmaj', 'Dbmaj', 'Dbmaj', 'Dbmaj', 'Ebmin', 'Ebmin', 'Ebmin', 'Eb', 'Dbmaj', 'Dbmaj', 'Dbmaj', 'Dbmaj', 'Ebmin', 'Ebmin', 'Ebmin', 'Eb', 'Dbmaj', 'Dbmaj', 'Dbmaj', 'Dbmaj', 'Ebmin', 'Ebmin', 'Ebmin', 'Eb', 'Dbmaj', 'Dbmaj', 'Dbmaj', 'Dbmaj', 'Ebmin', 'Ebmin', 'Ebmin', 'Eb', 'Dbmaj', 'Dbmaj', 'Dbmaj', 'Dbmaj', 'Ebmin', 'Ebmin', 'Ebmin', 'Eb', 'Dbmaj', 'Dbmaj', 'Dbmaj', 'Dbmaj', 'Ebmin', 'Ebmin', 'Ebmin', 'Ebmin', 'A7', 'A7', 'Dmaj', 'Dmaj', 'Emaj', 'Emaj', 'Emin', 'E', 'Dmaj', 'Dmaj', 'Dmaj', 'Dmaj', 'Emaj', 'Emaj', 'Emin', 'E', 'Dmaj', 'Dmaj', 'Dmaj', 'Dmaj', 'Emaj', 'Emaj', 'Emin', 'E', 'Dmaj', 'Dmaj', 'Dmaj', 'Dmaj', 'Emaj', 'Emaj', 'Emin', 'E', 'Dmaj', 'Dmaj', 'Ebmaj', 'Ebmaj', 'Fmin', 'Fmin', 'Fmin', 'F', 'Ebmaj', 'Ebmaj', 'Ebmaj', 'Ebmaj', 'Fmin', 'Fmin', 'Fmin', 'F', 'Ebmaj', 'Ebmaj', 'Ebmaj', 'Ebmaj', 'Fmin', 'Fmin', 'Fmin', 'F', 'Ebmaj', 'Ebmaj']"
0338,"['Gmaj', 'Esus4', 'Emin', 'Amin7', 'D', 'D7', 'Bmin7', 'Emin7', 'Amin7', 'Dsus4', 'Gmaj', 'F#sus4', 'B7', 'Emin', 'Dmin7', 'G7', 'Cmaj', 'D7', 'Bmin7', 'Dsus4', 'Gmaj', 'F#sus4', 'B7', 'Emin', 'Dmin7', 'G7', 'Cmaj', 'Gmaj', 'Amin7', 'Dsus4', 'Gmaj', 'Esus4', 'Emin', 'Amin7', 'D', 'Dmaj', 'Bmin7', 'Emin7', 'Amin7', 'Dsus4', 'D7', 'Bmin7', 'E7', 'Amin7', 'Dmaj', 'D7', 'Bmin7', 'E7', 'Cmaj9', 'Amin9', 'Dsus4', 'Gmaj', 'Esus4', 'Emin7', 'Csus4', 'Cmaj', 'Dsus4', 'Gmaj', 'F#sus4', 'B7', 'Emin', 'Dmin7', 'G7', 'Cmaj', 'D7', 'Bmin7', 'Dsus4', 'Gmaj', 'F#sus4', 'B7', 'Emin', 'Dmin7', 'G7', 'Cmaj', 'Gmaj', 'Amin7', 'Dsus4', 'Gmaj', 'Esus4', 'Emin', 'Amin7', 'D', 'Dmaj', 'Bmin7', 'Emin7', 'Amin7', 'Dsus4', 'D7', 'Bmin7', 'E7', 'Amin7', 'Dmaj', 'D7', 'Bmin7', 'E7', 'Cmaj9', 'Amin9', 'Dsus4', 'Gmaj', 'Eb', 'Ab', 'Abmaj', 'Fsus4', 'Fmin', 'Bbmin7', 'Eb', 'Ebmaj', 'Cmin7', 'Fmin7', 'Bbmin7', 'Ebsus4', 'Eb7', 'Cmin7', 'F7', 'Bbmin7', 'Ebmaj', 'Eb7', 'Cmin7', 'F7', 'Dbmaj9', 'Bbmin9', 'Ebsus4', 'Abmaj', 'Fsus4', 'Fmin', 'Bbmin7', 'Eb', 'Ebmaj', 'Cmin7', 'Fmin7', 'Bbmin7', 'Ebsus4', 'Eb7', 'Cmin7', 'F7', 'Bbmin7', 'Ebmaj', 'Eb7', 'Cmin7', 'F7', 'Dbmaj9', 'Bbmin9', 'Ebsus4', 'Abmaj', 'Fsus4', 'Fmin', 'Bbmin7', 'Eb', 'Ebmaj', 'Cmin7', 'Fmin7', 'Bbmin7', 'Ebsus4', 'Eb7', 'Cmin7', 'F7', 'Bbmin7', 'Ebmaj', 'Eb7', 'Cmin7', 'F7', 'Dbmaj9', 'Bbmin9', 'Ebsus4', 'Abmaj', 'Fsus4', 'Fmin', 'Bbmin7', 'Eb', 'Ebmaj', 'Cmin7', 'Fmin7', 'Bbmin7', 'Ebsus4', 'Eb7', 'Cmin7', 'F7', 'Bbmin7', 'Ebmaj', 'Eb7', 'Cmin7', 'F7', 'Dbmaj9', 'Bbmin9', 'Ebsus4']"
0339,"['A7', 'A7', 'A7', 'A7', 'A7', 'A7', 'A7', 'A7', 'A7', 'A7', 'A7', 'A7', 'A7', 'A7', 'A7', 'A7', 'Dmaj', 'Gmaj', 'Amaj', 'Gmaj', 'Dmaj', 'Gmaj', 'Amaj', 'Gmaj', 'Dmaj', 'Gmaj', 'Amaj', 'Gmaj', 'Dmaj', 'Gmaj', 'Amaj', 'Gmaj', 'A7', 'A7', 'A7', 'A7', 'A7', 'A7', 'A7', 'A7', 'A7', 'A7', 'A7', 'A7', 'A7', 'A7', 'A7', 'A7', 'Dmaj', 'Gmaj', 'Amaj', 'Gmaj', 'Dmaj', 'Gmaj', 'Amaj', 'Gmaj', 'Dmaj', 'Gmaj', 'Amaj', 'Gmaj', 'Dmaj', 'Gmaj', 'Amaj', 'Gmaj', 'Dmaj', 'Fmaj', 'Gmaj', 'Amaj', 'Cmaj', 'Amaj', 'Gmaj', 'Fmaj', 'Dmaj', 'Fmaj', 'Gmaj', 'Amaj', 'Cmaj', 'Amaj', 'Gmaj', 'Fmaj', 'A7', 'A7', 'A7', 'A7', 'A7', 'A7', 'A7', 'A7', 'A7', 'A7', 'A7', 'A7', 'A7', 'A7', 'A7', 'A7', 'Dmaj', 'Gmaj', 'Amaj', 'Gmaj', 'Dmaj', 'Gmaj', 'Amaj', 'Gmaj', 'Dmaj', 'Gmaj', 'Amaj', 'Gmaj', 'Dmaj', 'Gmaj', 'Amaj', 'Gmaj', 'Dmaj', 'Gmaj', 'Amaj', 'Gmaj', 'Dmaj', 'Gmaj', 'Amaj', 'Gmaj', 'Dmaj', 'Gmaj', 'Amaj', 'Gmaj', 'Dmaj', 'Gmaj', 'Amaj', 'Gmaj', 'Dmaj', 'Gmaj', 'A7', 'Gmaj', 'Dmaj', 'Gmaj', 'A7', 'Gmaj', 'Dmaj', 'Gmaj', 'A7', 'Gmaj', 'Dmaj', 'Gmaj', 'A7', 'Gmaj', 'Dmaj', 'Gmaj', 'A7', 'Gmaj', 'Dmaj', 'Gmaj', 'A7', 'Gmaj', 'Dmaj', 'Gmaj', 'A7', 'Gmaj', 'Dmaj', 'Gmaj', 'A7', 'Gmaj', 'Dmaj', 'Gmaj', 'A7', 'Gmaj', 'Dmaj', 'Gmaj', 'A7', 'A7', 'A7', 'A7', 'A7', 'A7', 'A7', 'Dmaj', 'Gmaj', 'A7', 'A7', 'A7', 'A7', 'A7', 'A7', 'A7', 'A7', 'A7', 'A7']"
0341,"['Abmaj', 'Cmin7', 'Bbmin7', 'Dbmaj', 'Abmaj', 'Cmin7', 'Bbmin7', 'Bbmin7', 'Abmaj', 'Cmin7', 'Bbmin7', 'Dbmaj', 'Abmaj', 'Cmin7', 'Bbmin7', 'Dbmaj', 'Abmaj', 'Abmaj', 'Cmin7', 'Bbmin7', 'Dbmaj', 'Abmaj', 'Cmin7', 'Bbmin7', 'Bbmin7', 'Dbmaj', 'Dbmaj', 'Abmaj', 'Cmin7', 'Bbmin7', 'Dbmaj', 'Abmaj', 'Cmin7', 'Bbmin7', 'Dbmaj', 'Abmaj', 'Cmin7', 'Bbmin7', 'Dbmaj', 'Gbmaj', 'Dbmaj', 'Dbmaj', 'Dbmaj', 'Abmaj', 'Abmaj', 'Abmaj', 'Cmin7', 'Bbmin7', 'Dbmaj', 'Abmaj', 'Cmin7', 'Bbmin7', 'Dbmaj', 'Abmaj', 'Abmaj', 'Cmin7', 'Bbmin7', 'Dbmaj', 'Abmaj', 'Cmin7', 'Bbmin7', 'Bbmin7', 'Dbmaj', 'Dbmaj', 'Abmaj', 'Cmin7', 'Bbmin7', 'Dbmaj', 'Abmaj', 'Cmin7', 'Bbmin7', 'Dbmaj', 'Abmaj', 'Cmin7', 'Bbmin7', 'Dbmaj', 'Gbmaj', 'Dbmaj', 'Dbmaj', 'Dbmaj', 'Abmaj', 'Abmaj', 'Gbmaj7', 'Gbmaj7', 'Fmin7', 'Ebmin7', 'Gbmaj', 'Fmin7', 'Gbmaj7', 'Gbmaj7', 'Fmin7', 'Ebmin7', 'Gbmaj', 'Fmin7', 'Gbmaj7', 'Gbmaj7', 'Fmin7', 'Ebmin7', 'Gbmaj', 'Bmaj', 'Gbmaj', 'Gbmaj', 'Ebmin7', 'Dbmaj', 'Dbmaj', 'Dbmaj', 'Abmaj', 'Cmin7', 'Bbmin7', 'Dbmaj', 'Abmaj', 'Cmin7', 'Bbmin7', 'Dbmaj', 'Abmaj', 'Abmaj', 'Cmin7', 'Bbmin7', 'Dbmaj', 'Abmaj', 'Cmin7', 'Bbmin7', 'Bbmin7', 'Dbmaj', 'Abmaj', 'Cmin7', 'Bbmin7', 'Dbmaj', 'Abmaj', 'Cmin7', 'Bbmin7', 'Dbmaj', 'Abmaj', 'Cmin7', 'Bbmin7', 'Dbmaj', 'Abmaj', 'Cmin7', 'Bbmin7', 'Bmin7', 'Bmin7', 'Dmaj', 'Amaj', 'C#min7', 'Bmin7', 'Dmaj', 'Amaj', 'C#min7', 'Bmin7', 'Dmaj', 'Amaj', 'Amaj', 'C#min7', 'Bmin7', 'Dmaj', 'Amaj', 'C#min7', 'Bmin7', 'Dmaj', 'Amaj']"
0343,"['F#maj', 'F#maj', 'Bmin', 'Bmin', 'F#maj', 'F#maj', 'Bmin', 'Bmin', 'D#min', 'D#min', 'Cdim', 'Cdim', 'F#maj', 'F#maj', 'D#7', 'D#7', 'G#min', 'G#min', 'D#min', 'D#min', 'G#min', 'G#min', 'D#min', 'D#min', 'Bmaj', 'Bmaj', 'D#min', 'D#min', 'F#maj', 'F#maj', 'Bmin', 'Bmin', 'D#min', 'D#min', 'Cdim', 'Cdim', 'F#maj', 'F#maj', 'D#7', 'D#7', 'G#min', 'G#min', 'D#min', 'D#min', 'G#min', 'G#min', 'Dmaj', 'Dmaj', 'F#maj', 'F#maj', 'Bmin', 'Bmin', 'F#maj', 'F#maj', 'D#7', 'D#7', 'Bmin', 'Bmin', 'F#maj', 'F#maj', 'Bmin', 'Bmin', 'F#maj', 'F#maj', 'Bmin', 'Bmin', 'D#min', 'D#min', 'Cdim', 'Cdim', 'F#maj', 'F#maj', 'D#sus4', 'D#7', 'G#min', 'G#min', 'D#min', 'D#min', 'G#min', 'G#min', 'D#min', 'D#min', 'F#maj', 'F#maj', 'Bmin', 'Bmin', 'F#maj', 'F#maj', 'D#7', 'D#7', 'Bmin', 'Bmin', 'F#maj', 'F#maj', 'Bmin', 'Bmin', 'F#maj', 'F#maj', 'D#7', 'D#7', 'Bmin', 'Bmin', 'F#maj', 'F#maj', 'Bmin', 'Bmin', 'F#maj', 'F#maj', 'Bmin', 'Bmin', 'F#maj', 'F#maj', 'Bmin', 'Bmin', 'F#maj', 'F#maj', 'Bmin', 'Bmin']"
0345,"['Emaj', 'Gmaj', 'Cmaj', 'Emaj', 'Emaj', 'Gmaj', 'Cmaj', 'Emaj', 'Emin7', 'Emin7', 'Amin', 'Emin7', 'Emin7', 'Emin7', 'Amin', 'Emin7', 'Emin', 'Gmaj', 'Cmaj', 'Emin', 'Emin', 'Gmaj', 'Cmaj', 'Emin', 'Emin7', 'Emin7', 'Amin', 'Emin7', 'Emin7', 'Emin7', 'Amin', 'Emin7', 'Emin', 'Gmaj', 'Cmaj', 'Emin', 'Emin', 'Gmaj', 'Cmaj', 'Emin', 'Emin', 'Gmaj', 'Cmaj', 'Emin', 'Emin', 'Gmaj', 'Cmaj', 'Emin', 'Emin7', 'Emin7', 'Amin', 'Emin7', 'Emin7', 'Emin7', 'Amin', 'Emin7', 'Emin', 'Gmaj', 'Cmaj', 'Emin', 'Emin', 'Gmaj', 'Cmaj', 'Emin', 'Emin', 'Gmaj', 'Cmaj', 'Emin', 'Emin', 'Gmaj', 'Cmaj', 'Emin', 'Emin', 'Gmaj', 'Cmaj', 'Emin', 'Emin', 'Gmaj', 'Cmaj', 'Emin', 'Emin', 'Gmaj', 'Cmaj', 'Emin', 'Emin', 'Gmaj', 'Cmaj', 'Emin', 'Emin', 'Gmaj', 'Cmaj', 'Emin', 'Emin', 'Gmaj', 'Cmaj', 'Emin']"
0346,"['Cmaj', 'Fmaj', 'Cmaj', 'G7', 'Cmaj', 'C7', 'Fmaj', 'Fmaj', 'Cmaj', 'D7', 'Dmin7', 'G7', 'Cmaj', 'C7', 'Fmaj', 'Fmaj', 'F#dim7', 'Cmaj', 'G7', 'Fmaj', 'Cmaj', 'G7', 'Cmaj', 'C7', 'Fmaj', 'Fmaj', 'Cmaj', 'D7', 'Dmin7', 'G7', 'Cmaj', 'C7', 'Fmaj', 'F#dim7', 'Cmaj', 'G7', 'Fmaj', 'Cmaj', 'Cmaj', 'C7', 'Fmaj', 'Fmaj', 'Cmaj', 'D7', 'Dmin7', 'G7', 'Cmaj', 'C7', 'Fmaj', 'Fmaj', 'F#dim7', 'Cmaj', 'G7', 'Fmaj', 'Cmaj']"
0347,"['Gmaj', 'Gmaj', 'Cmaj', 'Gmaj', 'Gmaj', 'Cmaj', 'Gmaj', 'Gmaj', 'Cmaj', 'Gmaj', 'Gmaj', 'Cmaj', 'Gmaj', 'Cmaj', 'Gmaj', 'Cmaj', 'Gmaj', 'Gmaj', 'Dmaj', 'Gmaj', 'Cmaj', 'Gmaj', 'Cmaj', 'Dmaj', 'Gmaj', 'Gmaj', 'Cmaj', 'Cmaj', 'Cmaj', 'Cmaj', 'Gmaj', 'Gmaj', 'Cmaj', 'Cmaj', 'Cmaj', 'Cmaj', 'Gmaj', 'Gmaj', 'Dmaj', 'Dmaj', 'Gmaj', 'Cmaj', 'Gmaj', 'Cmaj', 'Gmaj', 'Gmaj', 'Dmaj', 'Gmaj', 'Cmaj', 'Gmaj', 'Cmaj', 'Dmaj', 'Gmaj', 'Gmaj', 'Cmaj', 'Cmaj', 'Cmaj', 'Cmaj', 'Gmaj', 'Gmaj', 'Cmaj', 'Cmaj', 'Cmaj', 'Cmaj', 'Gmaj', 'Gmaj', 'Dmaj', 'Dmaj', 'Gmaj', 'Cmaj', 'Gmaj', 'Cmaj', 'Gmaj', 'Gmaj', 'Dmaj', 'Gmaj', 'Cmaj', 'Gmaj', 'Cmaj', 'Dmaj', 'Gmaj', 'Gmaj', 'Gmaj', 'Cmaj', 'Gmaj', 'Cmaj', 'Gmaj', 'Gmaj', 'Dmaj', 'Gmaj', 'Cmaj', 'Gmaj', 'Cmaj', 'Dmaj', 'Gmaj', 'Gmaj', 'Dmaj', 'Gmaj', 'Cmaj', 'Gmaj', 'Cmaj', 'Gmaj', 'Gmaj', 'Dmaj', 'Gmaj', 'Cmaj', 'Gmaj', 'Cmaj', 'Dmaj']"
0348,"['Fmaj', 'Fmaj', 'F', 'F', 'Fmaj', 'Fmaj', 'Fmaj', 'F', 'Fmaj7', 'Fmaj', 'Fmaj', 'Fmaj', 'Fmaj', 'F', 'Fmaj7', 'Fmaj', 'Dmin9', 'Dmin9', 'Bbmaj', 'Bbmaj', 'Fmaj', 'Fmaj', 'Fmaj', 'F', 'Fmaj7', 'Fmaj', 'Fmaj', 'Fmaj', 'Fmaj', 'F', 'Fmaj7', 'Fmaj', 'Dmin9', 'Dmin9', 'Bbmaj', 'C7', 'Fmaj', 'Fmaj', 'Fsus4', 'Fmaj', 'Fmaj', 'Fmaj', 'Fsus4', 'Fmaj', 'Dmin7', 'D', 'Bbmaj', 'Dmin7', 'Cmaj', 'Cmaj', 'Fmaj', 'Fmaj', 'Fsus4', 'Fmaj', 'Fmaj', 'Fmaj', 'Fsus4', 'Fmaj', 'Dmin7', 'D', 'Bbmaj', 'Dmin7', 'Cmaj', 'Cmaj', 'Fmaj', 'Fmaj', 'Fmaj', 'F', 'Fmaj7', 'Fmaj', 'Fmaj', 'Fmaj', 'Fmaj', 'F', 'Fmaj7', 'Fmaj', 'Dmin9', 'Dmin9', 'Bbmaj', 'C7', 'Fmaj', 'Fmaj', 'Fsus4', 'Fmaj', 'Fmaj', 'Fmaj', 'Fsus4', 'Fmaj', 'Dmin7', 'D', 'Bbmaj', 'Dmin7', 'Cmaj', 'Cmaj', 'Fmaj', 'Fmaj', 'Fsus4', 'Fmaj', 'Fmaj', 'Fmaj', 'Fsus4', 'Fmaj', 'Dmin7', 'D', 'Bbmaj', 'Dmin7', 'Cmaj', 'Cmaj', 'Bbmaj', 'Bbmaj', 'Dmin7', 'Dmin7', 'Bbmaj', 'Bbmaj', 'Cmaj', 'Cmaj', 'Dmaj', 'Gmaj', 'Gmaj', 'Gsus4', 'Gmaj', 'Gmaj', 'Gmaj', 'Gsus4', 'Gmaj', 'Emin7', 'E', 'Cmaj', 'Emin7', 'Dmaj', 'Dmaj', 'Gmaj', 'Gmaj', 'Gsus4', 'Gmaj', 'Gmaj', 'Gmaj', 'Gsus4', 'Gmaj', 'Emin7', 'E', 'Cmaj', 'Emin7', 'Dmaj', 'Dmaj', 'Gmaj', 'Gmaj', 'Gsus4', 'Gmaj', 'Gmaj', 'Gmaj', 'Gsus4', 'Gmaj', 'Emin7', 'E', 'Cmaj', 'Emin7', 'Dmaj', 'Dmaj', 'Gmaj', 'Gmaj', 'Gmaj', 'Gmaj', 'Gsus4', 'Gmaj', 'Gmaj', 'Gmaj', 'Gsus4', 'Gmaj', 'Gmaj', 'Gmaj', 'Gsus4', 'Gmaj', 'Dmaj', 'Dmaj', 'Gmaj', 'Gmaj', 'Gsus4', 'Gmaj', 'Gmaj', 'Gmaj', 'Gsus4', 'Gmaj', 'Emin7', 'E', 'Cmaj', 'Emin7', 'Dmaj', 'Dmaj', 'Gmaj', 'Gmaj', 'Gsus4', 'Gmaj', 'Gmaj', 'Gmaj', 'Gsus4', 'Gmaj', 'Emin7', 'E', 'Cmaj', 'Emin7', 'Dmaj', 'Dmaj', 'Gmaj', 'Gmaj', 'Gsus4', 'Gmaj', 'Gmaj', 'Gmaj', 'Gsus4', 'Gmaj', 'Emin7', 'E', 'Cmaj', 'Emin7', 'Dmaj', 'Dmaj', 'Gmaj', 'Gmaj']"
0349,"['Abmaj', 'Ebmaj', 'Dbmaj', 'Ebmaj', 'Abmaj', 'Ebmaj', 'Dbmaj', 'Ebmaj', 'Abmaj', 'Ebmaj', 'Dbmaj', 'Ebmaj', 'Fmin7', 'Cmin', 'Dbmaj', 'Ebmaj', 'Abmaj', 'Ebmaj', 'Dbmaj', 'Ebmaj', 'Fmin7', 'Cmin', 'Dbmaj', 'Ebmaj', 'Dbmaj', 'Ebmaj', 'Cmin', 'Fmin7', 'Ebmaj', 'Dbmaj', 'Ebmaj', 'Cmin', 'Fmin7', 'Ebmaj', 'Dbmaj', 'Ebmaj', 'Cmin', 'Fmin7', 'Ebmaj', 'Bbmin', 'Ebmaj', 'Ebmaj', 'Abmaj', 'Bbmin', 'Dbmaj', 'Ebmaj', 'Abmaj', 'Bbmin', 'Dbmaj', 'Ebmaj', 'Abmaj', 'Bbmin', 'Dbmaj', 'Ebmaj', 'Abmaj', 'Bbmin', 'Ebmaj', 'Abmaj', 'Dbmaj', 'Bbmin', 'Ebmaj', 'Abmaj', 'Dbmaj', 'Bbmin', 'Ebmaj', 'Abmaj', 'Ebmaj', 'Dbmaj', 'Ebmaj', 'Fmin7', 'Cmin', 'Dbmaj', 'Ebmaj', 'Abmaj', 'Ebmaj', 'Dbmaj', 'Ebmaj', 'Fmin7', 'Cmin', 'Dbmaj', 'Ebmaj', 'Dbmaj', 'Ebmaj', 'Cmin', 'Fmin7', 'Ebmaj', 'Dbmaj', 'Ebmaj', 'Cmin', 'Fmin7', 'Ebmaj', 'Dbmaj', 'Ebmaj', 'Cmin', 'Fmin7', 'Ebmaj', 'Bbmin', 'Ebmaj', 'Ebmaj', 'Abmaj', 'Bbmin', 'Dbmaj', 'Ebmaj', 'Abmaj', 'Bbmin', 'Dbmaj', 'Ebmaj', 'Abmaj', 'Bbmin', 'Dbmaj', 'Ebmaj', 'Abmaj', 'Bbmin', 'Ebmaj', 'Ebmaj', 'Abmaj', 'Dbmaj', 'Bbmin', 'Ebmaj', 'Abmaj', 'Dbmaj', 'Bbmin', 'Ebmaj', 'Abmaj', 'Ebmaj', 'Dbmaj', 'Ebmaj', 'Fmin7', 'Cmin', 'Dbmaj', 'Ebmaj', 'Fmin7', 'Cmin', 'Dbmaj', 'Ebmaj', 'Bbmin', 'Ebmaj', 'Ebmaj', 'Ebmaj', 'Ebmaj', 'Abmaj', 'Bbmin', 'Dbmaj', 'Ebmaj', 'Abmaj', 'Bbmin', 'Dbmaj', 'Ebmaj', 'Abmaj', 'Bbmin', 'Dbmaj', 'Ebmaj', 'Abmaj', 'Bbmin', 'Dbmaj', 'Ebmaj', 'Abmaj', 'Bbmin', 'Dbmaj', 'Ebmaj', 'Abmaj', 'Bbmin', 'Ebmaj', 'Abmaj', 'Bbmin', 'Dbmaj', 'Ebmaj', 'Abmaj', 'Bbmin', 'Dbmaj', 'Ebmaj', 'Abmaj', 'Bbmin', 'Dbmaj', 'Ebmaj', 'Abmaj', 'Bbmin', 'Ebmaj', 'Abmaj', 'Dbmaj', 'Bbmin', 'Ebmaj', 'Abmaj', 'Dbmaj', 'Bbmin', 'Ebmaj', 'Abmaj', 'Dbmaj', 'Bbmin', 'Ebmaj', 'Abmaj', 'Dbmaj', 'Bbmin', 'Ebmaj', 'Abmaj', 'Dbmaj', 'Bbmin', 'Ebmaj', 'Abmaj', 'Dbmaj', 'Bbmin', 'Ebmaj', 'Abmaj', 'Dbmaj', 'Ebmaj', 'Dbmaj', 'Ebmaj', 'Abmaj']"
0351,"['Dmaj', 'Bbmaj', 'Cmaj', 'Dmaj', 'Dmaj', 'Dmaj', 'Dmaj', 'Cmaj', 'Cmaj', 'Bbmaj', 'Bbmaj', 'Asus4', 'Amaj', 'Dmaj', 'Gmaj', 'Dmaj', 'Gmaj', 'Dmaj', 'Gmaj', 'Dmaj', 'Bbmaj', 'Cmaj', 'Dmaj', 'Dmaj', 'Dmaj', 'Dmaj', 'Dmaj', 'Dmaj', 'Cmaj', 'Cmaj', 'Bbmaj', 'Bbmaj', 'Asus4', 'Amaj', 'Dmaj', 'Gmaj', 'Dmaj', 'Gmaj', 'Dmaj', 'Gmaj', 'Dmaj', 'Bbmaj', 'Cmaj', 'Dmaj', 'Bbmaj', 'Cmaj', 'Dmaj', 'Dmaj', 'Cmaj', 'Cmaj', 'Bbmaj', 'Bbmaj', 'Asus4', 'Amaj', 'Dmaj', 'Dmaj', 'Cmaj', 'Cmaj', 'Bbmaj', 'Bbmaj', 'Asus4', 'Amaj', 'Dmaj', 'Dmaj', 'Cmaj', 'Cmaj', 'Bbmaj', 'Bbmaj', 'Asus4', 'Amaj', 'Dmaj', 'Gmaj', 'Dmaj', 'Gmaj', 'Dmaj', 'Gmaj', 'Dmaj', 'Bbmaj', 'Cmaj', 'Dmaj', 'Gmaj', 'Dmaj', 'Gmaj', 'Dmaj', 'Gmaj', 'Dmaj', 'Bbmaj', 'Cmaj', 'Dmaj', 'Gmaj', 'Dmaj', 'Gmaj', 'Dmaj', 'Gmaj', 'Dmaj', 'Bbmaj', 'Cmaj', 'Dmaj']"
0352,"['Ab', 'Bb', 'Gb', 'Ab', 'Ab', 'Bb', 'Gb', 'Ab', 'Ab', 'Bb', 'Gb', 'Ab', 'Ab', 'Bb', 'Gb', 'Ab', 'Abmaj', 'Bbmin7', 'Gbmaj', 'Abmaj', 'Abmaj', 'Bbmin7', 'Gbmaj', 'Abmaj', 'Abmaj', 'Bbmin7', 'Gbmaj', 'Abmaj', 'Abmaj', 'Bbmin7', 'Gbmaj', 'Abmaj', 'Abmaj', 'Bbmin7', 'Gbmaj', 'Abmaj', 'Abmaj', 'Bbmin7', 'Gbmaj', 'Abmaj', 'Abmaj', 'Bbmin7', 'Gbmaj', 'Abmaj', 'Abmaj', 'Bbmin7', 'Gbmaj', 'Abmaj', 'Ab', 'Bb', 'Gb', 'Ab', 'Ab', 'Bb', 'Gb', 'Ab', 'Ab', 'Bb', 'Gb', 'Ab', 'Ab', 'Bb', 'Gb', 'Ab', 'Abmaj', 'Bbmin', 'Gbmaj', 'Abmaj', 'Abmaj', 'Bbmin', 'Gbmaj', 'Abmaj', 'Abmaj', 'Bbmin7', 'Gbmaj', 'Abmaj', 'Abmaj', 'Bbmin7', 'Gbmaj', 'Abmaj', 'Abmaj', 'Bbmin7', 'Gbmaj', 'Abmaj', 'Abmaj', 'Bbmin7', 'Gbmaj', 'Abmaj', 'Ab', 'Bb', 'Gb', 'Ab', 'Ab', 'Bb', 'Gb', 'Ab', 'Ab', 'Bb', 'Gb', 'Ab', 'Ab', 'Bb', 'Gb', 'Ab', 'Abmaj', 'Bbmin', 'Gbmaj', 'Abmaj', 'Abmaj', 'Bbmin', 'Gbmaj', 'Abmaj', 'Abmaj', 'Bbmin7', 'Gbmaj', 'Abmaj', 'Abmaj', 'Bbmin7', 'Gbmaj', 'Abmaj', 'Abmaj', 'Bbmin7', 'Gbmaj', 'Abmaj', 'Abmaj', 'Bbmin7', 'Gbmaj', 'Abmaj', 'Ab', 'Bb', 'Gb', 'Ab', 'Ab', 'Bb', 'Gb', 'Ab', 'Ab', 'Bb', 'Gb', 'Ab', 'Ab', 'Bb', 'Gb', 'Ab', 'Abmaj', 'Bbmin', 'Gbmaj', 'Abmaj', 'Abmaj', 'Bbmin', 'Gbmaj', 'Abmaj', 'Abmaj', 'Bbmin7', 'Gbmaj', 'Abmaj', 'Abmaj', 'Bbmin7', 'Gbmaj', 'Abmaj', 'Abmaj', 'Bbmin7', 'Gbmaj', 'Abmaj', 'Abmaj', 'Bbmin7', 'Gbmaj', 'Abmaj', 'Abmaj', 'Bbmin', 'Gbmaj', 'Abmaj', 'Abmaj', 'Bbmin', 'Gbmaj', 'Abmaj', 'Abmaj', 'Bbmin7', 'Gbmaj', 'Abmaj', 'Abmaj', 'Bbmin7', 'Gbmaj', 'Abmaj', 'Abmaj', 'Bbmin7', 'Gbmaj', 'Abmaj', 'Abmaj', 'Bbmin7', 'Gbmaj', 'Abmaj', 'Abmaj', 'Bbmin7', 'Gbmaj', 'Abmaj', 'Abmaj', 'Bbmin7', 'Gbmaj', 'Abmaj', 'Abmaj', 'Bbmin', 'Gbmaj', 'Abmaj', 'Abmaj', 'Bbmin', 'Gbmaj', 'Abmaj', 'Abmaj', 'Bbmin', 'Gbmaj', 'Abmaj', 'Abmaj', 'Bbmin', 'Gbmaj', 'Abmaj', 'Abmaj', 'Bbmin7', 'Gbmaj', 'Abmaj', 'Abmaj', 'Bbmin7', 'Gbmaj', 'Abmaj', 'Abmaj', 'Bbmin7', 'Gbmaj', 'Abmaj', 'Abmaj', 'Bbmin7', 'Gbmaj', 'Abmaj', 'Abmaj', 'Bbmin7', 'Gbmaj', 'Abmaj', 'Abmaj', 'Bbmin7', 'Gbmaj', 'Abmaj', 'Abmaj', 'Bbmin7', 'Gbmaj', 'Abmaj', 'Abmaj', 'Bbmin7', 'Gbmaj', 'Abmaj']"
0353,"['E5', 'A5', 'E5', 'E5', 'E5', 'G5', 'A5', 'E5', 'A5', 'E5', 'E5', 'E5', 'G5', 'A5', 'A5', 'E5', 'E5', 'E5', 'E5', 'E5', 'E5', 'E5', 'E5', 'E5', 'G5', 'A5', 'G5', 'A5', 'A5', 'E5', 'E5', 'E5', 'E5', 'E5', 'G5', 'A5', 'G5', 'A5', 'E5', 'E5', 'G5', 'A5', 'B5', 'B5', 'A5', 'A5', 'E5', 'E5', 'A5', 'A5', 'B5', 'B5', 'E5', 'A5', 'E5', 'E5', 'E5', 'G5', 'A5', 'E5', 'A5', 'E5', 'E5', 'E5', 'G5', 'A5', 'A5', 'E5', 'E5', 'E5', 'E5', 'E5', 'E5', 'E5', 'G5', 'A5', 'G5', 'A5', 'A5', 'E5', 'E5', 'E5', 'E5', 'E5', 'G5', 'A5', 'G5', 'A5', 'E5', 'E5', 'G5', 'A5', 'B5', 'B5', 'A5', 'A5', 'E5', 'E5', 'A5', 'A5', 'B5', 'B5', 'E5', 'A5', 'E5', 'D5', 'D5', 'E5', 'E5', 'D5', 'D5', 'E5', 'E5', 'D5', 'D5', 'E5', 'E5', 'D5', 'D5', 'E5', 'G5', 'E5', 'E5', 'G5', 'E5', 'D5', 'E5', 'E5', 'E5', 'E5', 'E5', 'E5', 'E5', 'G5', 'A5', 'G5', 'A5', 'E5', 'E5', 'E5', 'G5', 'A5', 'G5', 'A5', 'E5', 'E5', 'G5', 'A5', 'B5', 'B5', 'A5', 'A5', 'E5', 'E5', 'A5', 'A5', 'B5', 'B5', 'E5', 'A5', 'E5', 'E5', 'E5', 'G5', 'A5', 'E5', 'A5', 'E5', 'E5', 'E5', 'G5', 'A5', 'E5', 'A5', 'E5', 'E5', 'E5', 'G5', 'A5', 'E5', 'A5', 'E5', 'E5', 'E5', 'G5', 'A5', 'E5', 'A5', 'E5', 'E5', 'E5', 'G5', 'A5']"
0354,"['Bbmaj', 'Bbmaj', 'Ebmaj', 'Dbmaj', 'Abmaj', 'Bbmaj', 'Bbmaj', 'Bbmaj', 'Ebmaj', 'Dbmaj', 'Abmaj', 'Bbmaj', 'Bbmaj', 'Bbmaj', 'Bbmaj', 'Bbmaj', 'C7', 'Dbmaj', 'Abmaj', 'Bbmaj', 'Fmaj', 'Bbmaj', 'Bbmaj', 'Bbmaj', 'Bbmaj', 'C7', 'Dbmaj', 'Abmaj', 'Bbmaj', 'Bbmaj', 'Ebmaj', 'Ebsus4', 'Ebmaj', 'Bbmaj', 'Bbmaj', 'Ebmaj', 'Ebsus4', 'Ebmaj', 'Bbmaj', 'Bbmaj', 'Ab7', 'G7', 'Cmin9', 'Ab7', 'G7', 'Gb7', 'Ebmaj', 'Ebmaj', 'Bbmaj', 'Bbmaj', 'Ebmaj', 'Bbmaj', 'Cmin7', 'Bbmaj', 'Ebmaj', 'Fmaj', 'Dsus4', 'D7', 'Gmin', 'Cmin7', 'Bbmaj', 'Ebsus4', 'Ebmaj', 'Cmin7', 'Bbmaj', 'Ebmaj', 'Cmaj', 'F7', 'Ebmaj', 'Dmin', 'Cmin7', 'Cmin7', 'Cmin7', 'Bbmaj', 'Bbmaj', 'Ebmaj', 'Dbmaj', 'Abmaj', 'Bbmaj', 'Bbmaj', 'Bbmaj', 'Ebmaj', 'Dbmaj', 'Abmaj', 'Bbmaj', 'Bbmaj', 'Bbmaj', 'Bbmaj', 'Bbmaj', 'C7', 'Dbmaj', 'Abmaj', 'Bbmaj', 'Bbmaj', 'Bbmaj', 'Bbmaj', 'Bbmaj', 'Bbmaj', 'C7', 'Dbmaj', 'Abmaj', 'Bbmaj', 'Bbmaj', 'Ebmaj', 'Ebsus4', 'Ebmaj', 'Bbmaj', 'Bbmaj', 'Ebmaj', 'Ebsus4', 'Ebmaj', 'Bbmaj', 'Bbmaj', 'Ab7', 'G7', 'Cmin9', 'Ab7', 'G7', 'Gb7', 'Ebmaj', 'Ebmaj', 'Bbmaj', 'Bbmaj', 'Ebmaj', 'Bbmaj', 'Cmin7', 'Bbmaj', 'Ebmaj', 'Fmaj', 'Dsus4', 'D7', 'Gmin', 'Cmin7', 'Bbmaj', 'Ebsus4', 'Ebmaj', 'Cmin7', 'Bbmaj', 'Ebmaj', 'Cmaj', 'F7', 'Ebmaj', 'Dmin', 'Cmin7', 'Cmin7', 'Cmin7', 'Bbmaj', 'Bbmaj', 'Ebmaj', 'Dbmaj', 'Abmaj', 'Bbmaj', 'Bbmaj', 'Bbmaj', 'Ebmaj', 'Dbmaj', 'Abmaj', 'Bbmaj', 'Bbmaj', 'Bbmaj', 'Ebmaj', 'Bbmaj', 'Cmin7', 'Bbmaj', 'Ebmaj', 'Fmaj', 'Dsus4', 'D7', 'Gmin', 'Cmin7', 'Bbmaj', 'Ebsus4', 'Ebmaj', 'Cmin7', 'Bbmaj', 'Ebmaj', 'Cmaj', 'F7', 'Ebmaj', 'Dmin', 'Cmin7', 'Cmin7', 'Cmin7', 'Ebmaj', 'Dmin', 'Cmin7', 'Cmin7', 'Cmin7', 'Ebmaj', 'Dmin', 'Cmin7', 'Cmin7', 'Cmin7', 'Bbmaj', 'Bbmaj', 'Ebmaj', 'Dbmaj', 'Abmaj', 'Bbmaj', 'Bbmaj', 'Bbmaj', 'Ebmaj', 'Dbmaj', 'Abmaj', 'Bbmaj', 'Bbmaj', 'Bbmaj', 'Ebmaj', 'Dbmaj', 'Abmaj', 'Bbmaj', 'Bbmaj', 'Bbmaj', 'Ebmaj', 'Dbmaj', 'Abmaj', 'Bbmaj', 'Bbmaj', 'Bbmaj', 'Ebmaj', 'Dbmaj', 'Abmaj', 'Bbmaj']"
0355,"['Emaj', 'C#min', 'Amaj', 'Bmaj', 'Emaj', 'Emaj', 'C#min', 'Amaj', 'Bmaj', 'Emaj', 'Amaj', 'Bmaj', 'G#maj', 'C#min', 'Amaj', 'Bmaj', 'Emaj', 'Bmaj', 'Emaj', 'C#min', 'Amaj', 'Bmaj', 'Emaj', 'Emaj', 'C#min', 'Amaj', 'Bmaj', 'Emaj', 'Amaj', 'Bmaj', 'G#maj', 'C#min', 'Amaj', 'Bmaj', 'Emaj', 'E7', 'Amaj', 'G#min7', 'Amaj', 'Emaj', 'E7', 'Amaj', 'G#min7', 'F#7', 'Bmaj', 'Bmaj', 'Amaj', 'G#min', 'F#min', 'Emaj', 'C#min', 'Amaj', 'Bmaj', 'Emaj', 'Emaj', 'C#min', 'Amaj', 'Bmaj', 'Emaj', 'Amaj', 'Bmaj', 'G#maj', 'C#min', 'Amaj', 'Bmaj', 'Emaj', 'E7', 'Amaj', 'Bmaj', 'Emaj', 'C#min', 'Emaj', 'Emaj']"
0356,"['Db7', 'Gb7', 'Db7', 'Ab7', 'Db7', 'Gb7', 'Db7', 'Db7', 'Gb7', 'Db7', 'Db7', 'Gb7', 'Db7', 'Ab7', 'Db7', 'Gb7', 'Db7', 'Db7', 'Gb7', 'Db7', 'Db7', 'Gbmaj', 'Ab7', 'Db7', 'Gb7', 'Db7', 'Db7', 'Gb7', 'Db7', 'Db7', 'Gb7', 'Db7', 'Ab7', 'Db7', 'Gb7', 'Db7', 'Db7', 'Gb7', 'Db7', 'Db7', 'Gbmaj', 'Ab7', 'Db7', 'Gb7', 'Db7', 'Db7', 'Gb7', 'Db7', 'Db7', 'Gb7', 'Db7', 'Ab7', 'Db7', 'Gb7', 'Db7', 'Db7', 'Gb7', 'Db7', 'Db7', 'Gb7', 'Db7', 'Ab7', 'Db7', 'Gb7', 'Db7', 'Db7', 'Gb7', 'Db7', 'Db7', 'Gbmaj', 'Ab7', 'Db7', 'Gb7', 'Db7', 'Db7', 'Gb7', 'Db7', 'Db7', 'Gb7', 'Db7', 'Ab7', 'Db7', 'Gb7', 'Db7', 'Db7', 'Gb7', 'Db7', 'Db7', 'Gb7', 'Db7', 'Ab7']"
0358,"['F#7', 'E7', 'Bmaj', 'Bmaj', 'Bmaj', 'Emaj', 'Bmaj', 'F#7', 'Bmaj', 'Emaj', 'F#7', 'Emaj', 'Bmaj', 'F#7', 'E7', 'Bmaj', 'Emaj', 'Bmaj', 'F#7', 'Emaj', 'Bmaj', 'Emaj', 'Bmaj', 'F#7', 'Emaj', 'Bmaj', 'F#7', 'E7', 'Bmaj', 'F#7', 'E7', 'Bmaj', 'Bmaj', 'Bmaj', 'Emaj', 'Bmaj', 'F#7', 'Bmaj', 'Emaj', 'F#7', 'Emaj', 'Bmaj', 'F#7', 'E7', 'Bmaj', 'Emaj', 'Bmaj', 'F#7', 'Emaj', 'Bmaj', 'Emaj', 'Bmaj', 'F#7', 'Emaj', 'Bmaj', 'F#7', 'E7', 'Bmaj', 'Emaj', 'Bmaj', 'F#7', 'Emaj', 'Bmaj', 'Emaj', 'Bmaj', 'F#7', 'Emaj', 'Bmaj']"
0359,"['A', 'E', 'B', 'D', 'A', 'E', 'B', 'D', 'Amaj', 'Emaj', 'Bmin', 'Dmaj', 'Amaj', 'Emaj', 'Bmin', 'Dmaj', 'Amaj', 'Emaj', 'Bmin', 'Dmaj', 'Amaj', 'Emaj', 'Bmin', 'Dmaj', 'Amaj', 'Emaj', 'Bmin', 'Dmaj', 'Amaj', 'Emaj', 'Bmin', 'Dmaj', 'Amaj', 'Emaj', 'Bmin', 'Dmaj', 'Amaj', 'Emaj', 'Bmin', 'Dmaj', 'Amaj', 'Emaj', 'Bmin', 'Dmaj', 'Amaj', 'Emaj', 'Bmin', 'Dmaj', 'Amaj', 'Emaj', 'Bmin', 'Dmaj', 'Amaj', 'Emaj', 'Bmin', 'Dmaj', 'Amaj', 'Emaj', 'Bmin', 'Dmaj', 'Amaj', 'Emaj', 'Bmin', 'Dmaj', 'Amaj', 'Emaj', 'Bmin', 'Dmaj', 'Amaj', 'Emaj', 'Bmin', 'Dmaj', 'Amaj', 'Emaj', 'Bmin', 'Dmaj', 'Amaj', 'Emaj', 'Bmin', 'Dmaj', 'Amaj', 'Emaj', 'Bmin', 'Dmaj', 'Amaj', 'Emaj', 'Bmin', 'Dmaj', 'Amaj', 'Emaj', 'Bmin', 'Dmaj', 'Amaj', 'Emaj', 'Bmin', 'Dmaj', 'Amaj', 'Emaj', 'Bmin', 'Dmaj', 'Amaj', 'Emaj', 'Bmin', 'Dmaj', 'Amaj', 'Emaj', 'Bmin', 'Dmaj', 'Amaj', 'Emaj', 'Bmin', 'Dmaj', 'Amaj', 'Emaj', 'Bmin', 'Dmaj', 'Amaj', 'Emaj', 'Bmin', 'Dmaj', 'Amaj', 'Emaj', 'Bmin', 'Dmaj', 'Amaj', 'Emaj', 'Bmin', 'Dmaj', 'Amaj', 'Emaj', 'Bmin', 'Dmaj', 'Amaj', 'Emaj', 'Bmin', 'Dmaj', 'Amaj', 'Emaj', 'Bmin', 'Dmaj', 'Amaj', 'Emaj', 'Bmin', 'Dmaj', 'Amaj', 'Emaj', 'Bmin', 'Dmaj', 'Amaj', 'Emaj', 'Bmin', 'Dmaj', 'Amaj', 'Emaj', 'Bmin', 'Dmaj', 'Amaj', 'Emaj', 'Bmin', 'Dmaj', 'F#min', 'Gmaj', 'F#min', 'Gmaj', 'F#min', 'Gmaj', 'Dmaj', 'Dmaj', 'Dmaj', 'Dmaj', 'Amaj', 'Emaj', 'Bmin', 'Dmaj', 'Amaj', 'Emaj', 'Bmin', 'Dmaj', 'Amaj', 'Emaj', 'Bmin', 'Dmaj', 'Amaj', 'Emaj', 'Bmin', 'Dmaj', 'Amaj', 'Emaj', 'Bmin', 'Dmaj', 'Amaj', 'Emaj', 'Bmin', 'Dmaj', 'Amaj', 'Emaj', 'Bmin', 'Dmaj', 'Amaj', 'Emaj', 'Bmin', 'Dmaj', 'Amaj', 'Emaj', 'Bmin', 'Dmaj', 'Amaj', 'Emaj', 'Bmin', 'Dmaj', 'Amaj', 'Emaj', 'Bmin', 'Dmaj', 'Amaj', 'Emaj', 'Bmin', 'Dmaj', 'Amaj', 'Emaj', 'Bmin', 'Dmaj', 'Amaj', 'Emaj', 'Bmin', 'Dmaj', 'Amaj', 'Emaj', 'Bmin', 'Dmaj', 'Amaj', 'Emaj', 'Bmin', 'Dmaj', 'F#min', 'Gmaj', 'F#min', 'Gmaj', 'F#min', 'Gmaj', 'Dmaj']"
0360,"['Ab7', 'Ab7', 'Ab7', 'Ab7', 'Ab7', 'Ab7', 'Ab7', 'Ab7', 'Ab7', 'Ab7', 'Ab7', 'Ab7', 'Ab7', 'Ab7', 'Ab7', 'Ab7', 'Ab7', 'Ab7', 'Ab7', 'Ab7', 'Ab7', 'Ab7', 'Ab7', 'Ab7', 'Ab7', 'Ab7', 'Ab7', 'Ab7', 'Ab7', 'Ab7', 'Ab7', 'Ab7', 'Ab7', 'Ab7', 'Ab7', 'Ab7', 'Ab7', 'Ab7', 'Ab7', 'Ab7', 'Ab7', 'Ab7', 'Ab7', 'Ab7', 'Ab7', 'Ab7', 'Ab7', 'Ab7', 'Ab7', 'Ab7', 'Ab7', 'Ab7', 'Ab7', 'Ab7', 'Ab7', 'Ab7', 'Ab7', 'Ab7', 'Ab7', 'Ab7', 'Ab7', 'Ab7', 'Ab7', 'Ab7', 'Ab7', 'Ab7', 'Ab7', 'Ab7', 'Ab7', 'Ab7', 'Ab7', 'Ab7', 'Ab7', 'Ab7', 'Ab7', 'Ab7', 'Ab7', 'Ab7', 'Ab7', 'Ab7']"
0361,"['Emaj', 'Emaj', 'Amaj', 'Amaj', 'Bsus4', 'Emaj', 'Dmaj', 'Amaj', 'B7', 'B7', 'F#min7', 'Amaj', 'Dmaj', 'F#min7', 'C#min7', 'F#7', 'F#7', 'F#7', 'Bsus4', 'Emaj', 'Dmaj', 'G#min7', 'C#7', 'F#min7', 'F#min7', 'Emaj', 'Emaj', 'Emaj', 'Amaj', 'Amaj', 'Bsus4', 'Emaj', 'Dmaj', 'Amaj', 'B7', 'B7', 'F#min7', 'Amaj', 'Dmaj', 'F#min7', 'C#min7', 'F#7', 'F#7', 'F#7', 'Bsus4', 'Emaj', 'Dmaj', 'G#min7', 'C#7', 'F#min7', 'F#min7', 'Emaj', 'Emaj', 'Emaj', 'Amaj', 'Amaj', 'Bsus4', 'Emaj', 'Dmaj', 'Amaj', 'B7', 'B7', 'F#min7', 'Amaj', 'Dmaj', 'F#min7', 'C#min7', 'F#7', 'F#7', 'F#7', 'Bsus4', 'Emaj', 'Dmaj', 'G#min7', 'C#7', 'F#min7', 'F#min7', 'Emaj', 'Emaj', 'Amaj', 'Amaj', 'Bsus4', 'Emaj', 'Dmaj', 'Amaj', 'B7', 'B7', 'F#min7', 'Amaj', 'Dmaj', 'F#min7', 'C#min7', 'F#7', 'F#7', 'F#7', 'Bsus4', 'Emaj', 'Dmaj', 'G#min7', 'C#7', 'F#min7', 'F#min7', 'Emaj', 'Emaj', 'Amaj', 'Amaj', 'Bsus4', 'Emaj', 'Dmaj', 'Amaj', 'B7', 'B7', 'F#min7', 'Amaj', 'Dmaj', 'F#min7', 'C#min7', 'F#7', 'F#7', 'F#7', 'Bsus4', 'Emaj', 'Dmaj', 'G#min7', 'C#7', 'F#min7', 'F#min7', 'Emaj']"
0362,"['Emaj', 'C#min', 'Amaj', 'Bmaj', 'Emaj', 'C#min', 'Amaj', 'Bmaj', 'Emaj', 'C#min', 'Amaj', 'Bmaj', 'Emaj', 'Emaj', 'C#min', 'Amaj', 'Bmaj', 'Emaj', 'C#min', 'Amaj', 'Bmaj', 'Emaj', 'C#min', 'Amaj', 'Bmaj', 'Emaj', 'C#min', 'Amaj', 'Bmaj', 'Emaj', 'Emaj', 'C#min', 'Amaj', 'Bmaj', 'Emaj', 'C#min', 'Amaj', 'Bmaj', 'Emaj', 'Emaj', 'C#min', 'Amaj', 'Bmaj', 'Emaj', 'C#min', 'Amaj', 'Bmaj', 'Emaj', 'C#min', 'Amaj', 'Bmaj', 'Emaj', 'C#min', 'Amaj', 'Bmaj', 'Emaj', 'C#min', 'Amaj', 'Bmaj', 'Emaj', 'Emaj', 'C#min', 'Amaj', 'Bmaj', 'Emaj', 'C#min', 'Amaj', 'Bmaj', 'Emaj', 'Emaj', 'C#min', 'Amaj', 'Bmaj', 'Emaj', 'C#min', 'Amaj', 'Bmaj']"
0364,"['Gmin', 'C7', 'D7', 'D7', 'Gmin', 'C7', 'D7', 'D7', 'Gmin', 'C7', 'Gmin', 'C7', 'Gmin', 'C7', 'C7', 'Gmin', 'C7', 'D7', 'D7', 'Gmin', 'C7']"
0366,"['Dmin7', 'Fmaj7', 'G7', 'Gmaj', 'Cmaj', 'Fmaj', 'Dmin7', 'Fmaj7', 'G7', 'Gmaj', 'Cmaj', 'Fmaj', 'C7', 'C7', 'Cmaj', 'Ebmaj', 'Bbmaj', 'Ebmaj', 'Bbmaj', 'Fmaj', 'Ebmaj', 'Bbmaj', 'Fmaj', 'Cmaj', 'Ebmaj', 'Bbmaj', 'Ebmaj', 'Bbmaj', 'Fmaj', 'Ebmaj', 'Bbmaj', 'Fmaj', 'Amin7', 'Dmin7', 'Amin7', 'Dmin7', 'Fmaj7', 'G7', 'Cmaj', 'Ebmaj', 'Bbmaj', 'Ebmaj', 'Bbmaj', 'Fmaj', 'Ebmaj', 'Bbmaj', 'Fmaj', 'Cmaj', 'Ebmaj', 'Bbmaj', 'Ebmaj', 'Bbmaj', 'Fmaj', 'Ebmaj', 'Bbmaj', 'Fmaj', 'Amin7', 'Dmin7', 'Amin7', 'Dmin7', 'Fmaj', 'Gmaj', 'Gmaj', 'Cmaj', 'Fmaj', 'Dmin7', 'Fmaj', 'Gmaj', 'Gmaj', 'Cmaj', 'Fmaj', 'C7', 'C7', 'Gmaj', 'Cmaj', 'Dmaj', 'Cmaj', 'Gmaj', 'Cmaj', 'A7', 'A7', 'A7', 'E7', 'Bmaj', 'F#maj', 'C#maj', 'Bmaj', 'A7', 'E7', 'Bmaj', 'F#maj', 'C#maj', 'Bmaj', 'Amaj', 'Emaj', 'B7', 'Amaj', 'Emaj', 'B7', 'Amaj', 'Emaj', 'B7', 'Amaj', 'Emaj', 'B7', 'Amaj', 'Emaj', 'B7', 'Amaj', 'Emaj', 'B7', 'Amaj', 'Emaj', 'B7', 'Amaj', 'Emaj', 'B7']"
0367,"['Bb', 'Bb', 'Ebmaj', 'Bbmaj', 'Fmaj', 'Bbmaj', 'Ebmaj', 'Bbmaj7', 'Ebmin', 'Bbmaj', 'Ebmaj', 'Bbmaj', 'Fmaj', 'Bbmaj', 'Ebmaj', 'Bbmaj7', 'Ebmin', 'Bbmaj', 'Ebmaj', 'Bbmaj', 'Fmaj', 'Bbmaj', 'Ebmaj', 'Bbmaj7', 'Ebmin', 'Bbmaj', 'Bb7', 'Absus2', 'Gmin7', 'Gbmaj', 'Absus2', 'Bbmaj', 'Gmin7', 'Fmaj', 'Bbmaj', 'Fmaj', 'Gmin', 'Ab', 'Ebmaj', 'Bbmaj', 'C7', 'Fmaj', 'Faug', 'Bbmaj', 'Fmaj', 'Gmin', 'Ab', 'Ebmaj', 'Bbmaj', 'Dbdim', 'Cmin7', 'Bb7', 'Absus2', 'Gmin7', 'Gbmaj', 'Absus2', 'Bbmaj', 'Fmaj7', 'Fmaj', 'Ebmaj', 'Bbmaj', 'Fmaj', 'Bbmaj', 'Ebmaj', 'Bbmaj7', 'Ebmin', 'Bbmaj', 'Ebmaj', 'Bbmaj', 'Fmaj', 'Bbmaj', 'Ebmaj', 'Bbmaj7', 'Ebmin', 'Bbmaj', 'Bb7', 'Absus2', 'Gmin7', 'Gbmaj', 'Absus2', 'Bbmaj', 'Gmin7', 'Fmaj', 'Bbmaj', 'Fmaj', 'Gmin', 'Ab', 'Ebmaj', 'Bbmaj', 'C7', 'Fmaj', 'Faug', 'Bbmaj', 'Fmaj', 'Gmin', 'Ab', 'Ebmaj', 'Bbmaj', 'Dbdim', 'Cmin7', 'Bb7', 'Absus2', 'Gmin7', 'Gbmaj', 'Absus2', 'Bbmaj', 'Fmaj7', 'Fmaj', 'Ebmaj', 'Bbmaj', 'Fmaj', 'Bbmaj', 'Ebmaj', 'Bbmaj7', 'Ebmin', 'Bbmaj', 'Ebmaj', 'Bbmaj', 'Fmaj', 'Bbmaj', 'Ebmaj', 'Bbmaj7', 'Bbmaj', 'Bb7', 'Absus2', 'Gmin7', 'Bb7', 'Absus2', 'Gmin7', 'Bb7', 'Absus2', 'Gmin7', 'Gbmaj', 'Absus2', 'Bbmaj', 'G7', 'Cmaj', 'Gmaj', 'Amin', 'Bb', 'Fmaj', 'Cmaj', 'D7', 'Gmaj', 'Gaug', 'Cmaj', 'Gmaj', 'Amin', 'Bb', 'Fmaj', 'Cmaj', 'Ebdim', 'Dmin7', 'Cmaj', 'G7', 'Gaug', 'Cmaj', 'Amin', 'Gmaj', 'Cmaj', 'Gmaj', 'Amin', 'Bb', 'Fmaj', 'Cmaj', 'D7', 'Gmaj', 'Gaug', 'Cmaj', 'Gmaj', 'Amin', 'Bb']"
0369,"['Gmaj', 'Gaug', 'G', 'D7', 'Amin', 'Dmaj', 'Amin', 'Dmaj', 'Gmaj', 'Gmaj', 'Amin', 'Dmaj', 'Amin', 'Dmaj', 'Gmaj', 'Gmaj', 'Cmaj', 'Caug', 'C', 'C7', 'Fmaj', 'Fmaj', 'Fmin', 'Fmin', 'Cmaj', 'Bbmaj', 'Cmaj', 'Bbmaj', 'Cmaj', 'Cmaj', 'Gmaj', 'Amin', 'Dmaj', 'Amin', 'Dmaj', 'Gmaj', 'Gmaj', 'Amin', 'Dmaj', 'Amin', 'Dmaj', 'Gmaj', 'Gmaj', 'Cmaj', 'Caug', 'C', 'C7', 'Fmaj', 'Fmaj', 'Fmin', 'Fmin', 'Cmaj', 'Bbmaj', 'Cmaj', 'Bbmaj', 'Cmaj', 'Cmaj', 'Gmaj', 'Amin', 'Dmaj', 'Amin', 'Dmaj', 'Gmaj', 'Gmaj', 'Amin', 'Dmaj', 'Amin', 'Dmaj', 'Gmaj', 'Gmaj', 'Cmaj', 'Caug', 'C', 'C7', 'Fmaj', 'Fmaj', 'Fmin', 'Fmin', 'Cmaj', 'Bbmaj', 'Cmaj', 'Bbmaj', 'Cmaj', 'Bbmaj', 'Cmaj', 'Bbmaj']"
0370,"['D', 'C', 'D', 'Bb', 'D', 'C', 'D', 'Bb', 'D', 'C', 'D', 'Bb', 'D', 'C', 'D', 'Bb', 'Gmin7', 'Ebmaj7', 'Gmin9', 'Amin', 'Amin', 'Dmaj', 'Fmaj', 'Cmaj', 'Dmaj', 'Fmaj', 'Cmaj', 'Dmaj', 'F5', 'Cmaj', 'Fmaj', 'Cmaj', 'Gmaj', 'Bmin7', 'C', 'Bmin7', 'Bbmaj7', 'Bmin7', 'C', 'Bmin7', 'Bb', 'Gmin9', 'Ebmaj9', 'Gmin9', 'Amin7', 'A', 'Dmaj', 'Csus4', 'Cmaj', 'Dmaj', 'Csus4', 'Cmaj', 'Dmaj', 'Fmaj', 'Cmaj', 'Fmaj', 'Cmaj', 'Gmaj', 'Emin', 'Emin', 'Emin9', 'Emin9', 'Dmin', 'Dmin', 'Dmin7', 'Dmin7', 'Emin', 'Emin', 'Emin9', 'Emin9', 'Dmin7', 'Dmin7', 'Gmin7', 'Ebmaj7', 'Gmin9', 'Amin', 'Amin', 'Dmaj', 'Fmaj', 'Cmaj', 'Dmaj', 'Fmaj', 'Cmaj', 'Dmaj', 'Fmaj', 'Cmaj', 'Fmaj', 'Cmaj', 'Gmaj', 'Dmaj', 'Fmaj', 'Cmaj', 'Dmaj', 'Fmaj', 'Cmaj', 'Dmaj', 'Fmaj', 'Cmaj', 'Fmaj', 'Cmaj', 'Gmaj', 'Dmaj', 'Fmaj', 'Cmaj', 'Dmaj', 'Fmaj', 'Cmaj', 'Dmaj', 'Fmaj', 'Cmaj', 'Fmaj', 'Cmaj', 'Gmaj', 'Dmaj', 'Fmaj', 'Cmaj', 'Dmaj', 'Fmaj', 'Cmaj', 'Dmaj', 'Fmaj', 'Cmaj', 'Fmaj', 'Cmaj', 'Gmaj', 'Dmaj']"
0371,"['Emaj', 'C#min', 'Amaj', 'Bmaj', 'Emaj', 'C#min', 'F#min', 'B7', 'Amaj', 'Emaj', 'Emaj', 'C#min', 'Amaj7', 'F#min7', 'Bmaj', 'A#dim', 'Bmaj', 'Emaj', 'C#min', 'F#min', 'B7', 'Amaj', 'Emaj', 'Emaj', 'C#min', 'Amaj7', 'Bmaj', 'Emaj', 'Cmaj', 'Gmaj', 'Amin', 'Emin', 'Fmaj', 'F#min', 'Bmaj', 'Emaj', 'Emaj', 'C#min', 'C#min', 'Amaj7', 'Amaj', 'F#min', 'Bmaj', 'Emaj', 'C#min', 'F#min', 'B7', 'Amaj', 'Emaj', 'Emaj', 'C#min', 'Amaj7', 'Bmaj', 'Emaj', 'C#min', 'F#min', 'B7', 'Amaj', 'Emaj', 'Emaj', 'C#min', 'Amaj7', 'Bmaj', 'Emaj', 'C#min', 'Amaj', 'Emaj']"
0372,"['Dmaj', 'Dmaj', 'Dmaj', 'Gmaj', 'Dmaj', 'Gmaj', 'Amaj', 'Dmaj', 'Gmaj', 'Gmaj', 'Amaj', 'Dmaj', 'Dmaj', 'Gmaj', 'Dmaj', 'Gmaj', 'Amaj', 'Dmaj', 'Gmaj', 'Gmaj', 'Amaj', 'Dmaj', 'Dmaj', 'Dmaj', 'Amaj', 'Gmaj', 'Dmaj', 'Gmaj', 'Amaj', 'Dmaj', 'Gmaj', 'Gmaj', 'Amaj', 'Dmaj', 'Dmaj', 'Gmaj', 'Asus4', 'Amaj', 'Dsus4', 'Dmaj', 'Gmaj', 'E', 'Emin7', 'Asus4', 'Amaj', 'Dmaj', 'Dmaj', 'Gmaj', 'Asus4', 'Amaj', 'Dsus4', 'Dmaj', 'Gmaj', 'E', 'Emin7', 'Asus4', 'Amaj', 'Dmaj', 'Dmaj', 'Dmaj', 'Dmaj', 'Gmaj', 'Dmaj', 'Gmaj', 'Amaj', 'Dmaj', 'Gmaj', 'Gmaj', 'Amaj', 'Dmaj', 'Dmaj', 'Dmaj', 'Gmaj', 'Dmaj', 'Gmaj', 'Amaj', 'Dmaj', 'Gmaj', 'Gmaj', 'Amaj', 'Dmaj', 'Dmaj', 'Gmaj', 'Asus4', 'Amaj', 'Dsus4', 'Dmaj', 'Gmaj', 'E', 'Emin7', 'Asus4', 'Amaj', 'Dmaj', 'Dmaj', 'Gmaj', 'Asus4', 'Amaj', 'Dsus4', 'Dmaj', 'Gmaj', 'E', 'Emin7', 'Asus4', 'Dmaj']"
0377,"['Ab7', 'Ab7', 'Db7', 'Ab7', 'Gbmaj', 'Gbmaj', 'Abmaj', 'Abmaj', 'Cb7', 'Cb7', 'Bbmin', 'Eb7', 'Ab7', 'Ab7', 'Db7', 'Ab7', 'Ab7', 'Ab7', 'Db7', 'Ab7', 'Gbmaj', 'Gbmaj', 'Abmaj', 'Abmaj', 'Cb7', 'Cb7', 'Bbmin', 'Eb7', 'Abmaj', 'Gbmaj', 'Abmaj', 'Cbmaj', 'Ab7', 'Ab7', 'Db7', 'Ab7', 'Ab7', 'Ab7', 'Db7', 'Ab7', 'Ab7', 'Ab7', 'Db7', 'Ab7']"
0378,"['Ebmaj', 'Ebmaj', 'Ebmaj', 'Ebmaj', 'Ebmaj', 'Ebmaj', 'Ebmaj', 'Ebmaj', 'Ebmaj', 'Ebmaj', 'Ebmaj', 'Ebmaj', 'Ebmaj', 'Ebmaj', 'Ebmaj', 'Ebmaj', 'Ebmaj', 'Ebmaj', 'Ebmaj', 'Ebmaj', 'Ebmaj', 'Ebmaj', 'Ebmaj', 'Ebmaj', 'Ebmaj', 'Ebmaj', 'Ebmaj', 'Ebmaj', 'Ebmaj', 'Ebmaj', 'Ebmaj', 'Ebmaj', 'Ebmaj', 'Ebmaj', 'Ebmaj', 'Ebmaj', 'Ebmaj', 'Ebmaj', 'Ebmaj', 'Ebmaj', 'Ebmaj', 'Ebmaj', 'Ebmaj', 'Ebmaj', 'Ebmaj', 'Ebmaj', 'Ebmaj', 'Ebmaj', 'Ebmaj', 'Ebmaj', 'Ebmaj', 'Ebmaj', 'Ebmaj', 'Ebmaj', 'Ebmaj', 'Ebmaj', 'Ebmaj', 'Ebmaj', 'Ebmaj', 'Ebmaj', 'Ebmaj', 'Ebmaj', 'Ebmaj', 'Ebmaj', 'Ebmaj', 'Ebmaj', 'Ebmaj', 'Ebmaj', 'Ebmaj', 'Ebmaj', 'Ebmaj', 'Ebmaj', 'Ebmaj', 'Ebmaj', 'Ebmaj', 'Ebmaj', 'Ebmaj', 'Ebmaj', 'Ebmaj', 'Ebmaj', 'Ebmaj']"
0380,"['Amaj', 'Amaj', 'Amaj', 'Amaj', 'Dmaj7', 'D', 'Amaj7', 'Amaj7', 'Amaj7', 'Bmin7', 'Bmin7', 'Esus4', 'E7', 'Amaj7', 'A7', 'Dmaj7', 'Esus4', 'E7', 'Amaj7', 'Amaj7', 'F#min', 'F#min', 'F#min', 'B', 'Esus4', 'E7', 'Amaj7', 'A7', 'Dmaj7', 'Dmaj7', 'Bmin7', 'E7', 'Amaj7', 'A7', 'Dmaj7', 'E7', 'Amaj7', 'Dmaj7', 'Bmin7', 'E7', 'Amaj7', 'Dmaj7', 'Bmin7', 'E7', 'Amaj7', 'Bmin', 'Amaj7', 'F#sus4', 'F#7', 'Bmaj7', 'Bmaj7', 'C#min7', 'C#min7', 'F#sus4', 'F#7', 'Bmaj7', 'B7', 'Emaj7', 'F#sus4', 'F#7', 'Bmaj7', 'Bmaj7', 'G#min', 'G#min', 'G#min', 'C#', 'F#sus4', 'F#7', 'Bmaj7', 'B7', 'Emaj7', 'Emaj7', 'C#min7', 'F#7', 'Bmaj7', 'B7', 'Emaj7', 'F#7', 'Bmaj7', 'Emaj7', 'C#min7', 'F#7', 'Bmaj7', 'Emaj7', 'C#min7', 'F#7', 'Bmaj7', 'Emaj7', 'C#min7', 'F#7', 'Bmaj', 'Bmaj', 'Bmaj', 'Bmaj', 'Emaj7', 'E', 'Bmaj7']"
0381,"['A5', 'A5', 'Emaj', 'Fmaj7', 'Cmaj', 'Cmaj', 'Bbmaj', 'Amin7', 'A5', 'A5', 'Emaj', 'Fmaj', 'Dmaj', 'Dmaj', 'Bmaj', 'Emaj', 'A5', 'A5', 'Emaj', 'Fmaj7', 'Cmaj', 'Cmaj', 'Bbmaj', 'Amin7', 'A5', 'A5', 'Emaj', 'Fmaj', 'Dmaj', 'Dmaj', 'Bmaj', 'Emaj', 'A5', 'A5', 'Emaj', 'Fmaj7', 'Cmaj', 'Cmaj', 'Bbmaj', 'Amin7', 'A5', 'A5', 'Emaj', 'Fmaj', 'Dmaj', 'Dmaj', 'Bmaj', 'Emaj', 'A5', 'A5', 'Emaj', 'Fmaj7', 'Cmaj', 'Cmaj', 'Bbmaj', 'Amin7', 'A5', 'A5', 'Emaj', 'Fmaj', 'Dmaj', 'Dmaj', 'Bmaj', 'Emaj', 'Amin', 'Cmaj', 'Dmaj', 'Dmaj', 'Dmin', 'Fmaj', 'Gmaj', 'Gmaj', 'Emin7', 'Amin7', 'Emin7', 'Fmaj', 'Cmaj', 'Dmin', 'Amin7', 'Bmaj', 'Emaj', 'Amin7', 'Emin7', 'Fmaj', 'Cmaj', 'Dmin', 'Amin7', 'Bmaj', 'Emaj', 'Amaj', 'Bbmaj', 'Cmaj', 'Dmin', 'Emin', 'Fmaj', 'Gmaj', 'Amaj', 'Amaj', 'A5', 'A5', 'Emaj', 'Fmaj7', 'Cmaj', 'Cmaj', 'Bbmaj', 'Amin7', 'A5', 'A5', 'Emaj', 'Fmaj', 'Dmaj', 'Dmaj', 'Bmaj', 'Emaj', 'A5', 'A5', 'Emaj', 'Fmaj7', 'Cmaj', 'Cmaj', 'Bbmaj', 'Amin7', 'A5', 'A5', 'Emaj', 'Fmaj', 'Dmaj', 'Dmaj', 'Bmaj', 'Emaj', 'Amin', 'Cmaj', 'Dmaj', 'Dmaj', 'Dmin', 'Fmaj', 'Gmaj', 'Gmaj', 'Emin7', 'Amin', 'A5', 'A5', 'Emaj', 'Fmaj7', 'Cmaj', 'Cmaj', 'Bbmaj', 'Amin7', 'A5', 'A5', 'Emaj', 'Fmaj', 'Dmaj', 'Dmaj', 'Bmaj', 'Emaj', 'A5', 'A5', 'Emaj', 'Fmaj7', 'Cmaj', 'Cmaj', 'Bbmaj', 'Amin7', 'A5', 'A5', 'Emaj', 'Fmaj', 'Dmaj', 'Dmaj', 'Bmaj', 'Emaj', 'Amin', 'Cmaj', 'Dmaj', 'Dmaj', 'Dmin', 'Fmaj', 'Gmaj', 'Gmaj', 'Emin7', 'Amin7', 'Emin7', 'Fmaj', 'Cmaj', 'Dmin', 'Amin7', 'Bmaj', 'Emaj', 'Amin7', 'Emin7', 'Fmaj', 'Cmaj', 'Dmin', 'Amin7', 'Bmaj', 'Emaj', 'Amaj', 'Bbmaj', 'Cmaj', 'Dmin', 'Emin', 'Fmaj', 'Gmaj', 'Amaj', 'Amaj', 'A5', 'A5', 'Emaj', 'Fmaj7', 'Cmaj', 'Cmaj', 'Bbmaj', 'Amin7', 'A5', 'A5', 'Emaj', 'Fmaj', 'Dmaj', 'Dmaj', 'Bmaj', 'Emaj', 'A5', 'A5', 'Emaj', 'Fmaj7', 'Cmaj', 'Cmaj', 'Bbmaj', 'Amin7', 'A5', 'A5', 'Emaj', 'Fmaj', 'Dmaj', 'Dmaj', 'Bmaj', 'Emaj', 'Amin', 'Cmaj', 'Dmaj', 'Dmaj', 'Dmin', 'Fmaj', 'Gmaj', 'Gmaj', 'Emin7', 'Amin']"
0382,"['Cmin7', 'Bbmaj', 'Cmin7', 'Bbmaj', 'Bbmaj', 'Bb7', 'Bbmaj', 'Bb7', 'Bbmaj', 'Bb7', 'Ebmaj', 'Ebmaj', 'Gmin', 'Gmin', 'Fmaj', 'Fmaj', 'Abmaj', 'Abmaj', 'Abmaj', 'Abmaj', 'Bbmaj', 'Bb7', 'Bbmaj', 'Bb7', 'Bbmaj', 'Bb7', 'Ebmaj', 'Ebmaj', 'Gmin', 'Gmin', 'Fmaj', 'Fmaj', 'Abmaj', 'Abmaj', 'Abmaj', 'Abmaj', 'Bbmaj', 'Bbmaj', 'Bbmaj', 'Bbmaj', 'Ebmaj', 'Ebmaj', 'Ebmaj', 'Ebmaj', 'Gmin', 'Gmin', 'Fmaj', 'Fmaj', 'Abmaj', 'Abmaj', 'Abmaj', 'Abmaj', 'Gbmaj', 'Gbmaj', 'Db', 'Db', 'Gbmaj', 'Gbmaj', 'Db', 'Bb7', 'Bb7', 'Ebmin7', 'Ab7', 'Fmin7', 'Bbmin7', 'Ebmin7', 'Ebmin7', 'Absus4', 'Absus4', 'Bbmaj', 'Bb7', 'Bbmaj', 'Bb7', 'Bbmaj', 'Bb7', 'Ebmaj', 'Ebmaj', 'Gmin', 'Gmin', 'Fmaj', 'Fmaj', 'Abmaj', 'Abmaj', 'Abmaj', 'Abmaj', 'Bbmaj', 'Bbmaj', 'Bbmaj', 'Bbmaj', 'Ebmaj', 'Ebmaj', 'Ebmaj', 'Ebmaj', 'Gmin', 'Gmin', 'Fmaj', 'Fmaj', 'Abmaj', 'Abmaj', 'Abmaj', 'Abmaj', 'Gbmaj', 'Gbmaj', 'Db', 'Bb7', 'Bb7', 'Ebmin7', 'Ab7', 'Fmin7', 'Bbmin7', 'Ebmin7', 'Ebmin7', 'Absus4', 'Absus4', 'Cb', 'Cbmaj', 'Cbmaj', 'Cbmaj', 'Cbmaj', 'Cbmaj', 'Cbmaj', 'Cbmaj', 'Cbmaj', 'Cbmaj', 'Cbmaj', 'Cbmaj', 'Cbmaj', 'Cbmaj', 'Cbmaj', 'Cbmaj', 'Cbmaj', 'Cbmaj', 'Cbmaj', 'Cbmaj', 'Cbmaj']"
0383,"['Db', 'Db', 'Db', 'Db', 'Db7', 'Db7', 'Db7', 'Db7', 'Gb7', 'Gb7', 'Gb7', 'Gb7', 'Db7', 'Db7', 'Db7', 'Db7', 'Ab7', 'Ab7', 'Gb7', 'Gb7', 'Db7', 'Db7', 'Db7', 'Db7', 'Db7', 'Db7', 'Db7', 'Db7', 'Gb7', 'Gb7', 'Gb7', 'Gb7', 'Db7', 'Db7', 'Db7', 'Db7', 'Ab7', 'Ab7', 'Gb7', 'Gb7', 'Db7', 'Db7', 'Db7', 'Db7', 'Db7', 'Db7', 'Db7', 'Db7', 'Gb7', 'Gb7', 'Gb7', 'Gb7', 'Db7', 'Db7', 'Db7', 'Db7', 'Ab7', 'Ab7', 'Gb7', 'Gb7', 'Db7', 'Db7', 'Db7', 'Db7', 'Ab7', 'Ab7', 'Gb7', 'Gb7', 'Db7', 'Db7', 'Db7', 'Db7', 'Db7', 'Db7', 'Db7', 'Db7', 'Gb7', 'Gb7', 'Gb7', 'Gb7', 'Db7', 'Db7', 'Db7', 'Db7', 'Ab7', 'Ab7', 'Gb7', 'Gb7', 'Db7', 'Db7', 'Db7', 'Db7', 'Db7', 'Db7', 'Db7', 'Db7', 'Gb7', 'Gb7', 'Gb7', 'Gb7', 'Db7', 'Db7', 'Db7', 'Db7', 'Ab7', 'Ab7', 'Gb7', 'Gb7', 'Db7', 'Db7', 'Db7', 'Db7', 'Ab7', 'Ab7', 'Gb7', 'Gb7', 'Db7', 'Db7', 'Db7', 'Db7', 'Db7', 'Db7', 'Db7', 'Db7', 'Db7', 'Db7', 'Db7', 'Db7']"
0384,"['Dmin', 'Dmin', 'Dmin', 'Dmin', 'Dmin', 'Dmin', 'Dmin', 'Dmin', 'Dmin7', 'Dmin7', 'Gmaj', 'Gmaj', 'Dmin', 'Dmin7', 'Gmaj', 'Gmaj', 'Dmin7', 'Dmin7', 'Gmaj', 'Gmaj', 'Dmin', 'Dmin7', 'Gmaj', 'Gmaj', 'Dmin7', 'Dmin7', 'Gmaj', 'Gmaj', 'Dmin', 'Dmin7', 'Gmaj', 'Gmaj', 'Dmin7', 'Dmin7', 'Gmaj', 'Gmaj', 'Dmin', 'Dmin7', 'Gmaj', 'Gmaj', 'Bmin', 'Bmin', 'G', 'G', 'Bmin', 'Bmin', 'G', 'Dmin7', 'Dmin7', 'Dmin7', 'Gmaj', 'Gmaj', 'Dmin', 'Dmin7', 'Gmaj', 'Gmaj', 'Dmin7', 'Dmin7', 'Gmaj', 'Gmaj', 'Dmin', 'Dmin7', 'Gmaj', 'Gmaj', 'Dmin7', 'Dmin7', 'Gmaj', 'Gmaj', 'Dmin', 'Dmin7', 'Gmaj', 'Gmaj', 'Dmin7', 'Dmin7', 'Gmaj', 'Gmaj', 'Dmin', 'Dmin7', 'Gmaj', 'Gmaj', 'Dmin7', 'Dmin7', 'Gmaj', 'Gmaj', 'Dmin', 'Dmin7', 'Gmaj', 'Gmaj', 'Dmin7', 'Dmin7', 'Gmaj', 'Gmaj', 'Dmin', 'Dmin7', 'Gmaj', 'Gmaj', 'Bmin', 'Bmin', 'G', 'G', 'Bmin', 'Bmin', 'G', 'Dmin7', 'Dmin7', 'Dmin7', 'Gmaj', 'Gmaj', 'Dmin', 'Dmin7', 'Gmaj', 'Gmaj', 'Dmin7', 'Dmin7', 'Gmaj', 'Gmaj', 'Dmin', 'Dmin7', 'Gmaj', 'Gmaj', 'G', 'Fmaj', 'Cmaj', 'Cmaj', 'G', 'Fmaj', 'Cmaj', 'Cmaj', 'G', 'Fmaj', 'Cmaj', 'Cmaj', 'G', 'Fmaj', 'Cmaj', 'Cmaj', 'Dmin7', 'Dmin7', 'Gmaj', 'Gmaj', 'Dmin', 'Dmin7', 'Gmaj', 'Gmaj', 'Dmin7', 'Dmin7', 'Gmaj', 'Gmaj', 'Dmin', 'Dmin7', 'Gmaj', 'Gmaj', 'Dmin7', 'Dmin7', 'Gmaj', 'Gmaj', 'Dmin', 'Dmin7', 'Gmaj', 'Gmaj', 'Dmin7', 'Dmin7', 'Gmaj', 'Gmaj', 'Dmin', 'Dmin7', 'Gmaj', 'Gmaj', 'Bmin', 'Bmin', 'G', 'G', 'Bmin', 'Bmin', 'G', 'Dmin7', 'Dmin7', 'Dmin7', 'Gmaj', 'Gmaj', 'Dmin', 'Dmin7', 'Gmaj', 'Gmaj', 'Dmin7', 'Dmin7', 'Gmaj', 'Gmaj', 'Dmin', 'Dmin7', 'Gmaj', 'Gmaj', 'Dmin7', 'Dmin7', 'Gmaj', 'Gmaj', 'Dmin', 'Dmin7', 'Gmaj', 'Gmaj', 'Dmin7', 'Dmin7', 'Gmaj', 'Gmaj', 'Dmin', 'Dmin7', 'Gmaj', 'Gmaj', 'Dmin7', 'Dmin7', 'Gmaj', 'Gmaj', 'Dmin', 'Dmin7', 'Gmaj', 'Gmaj']"
0385,"['Fmaj', 'Fmaj', 'Cmaj', 'Bbmaj', 'Cmaj', 'Fmaj', 'Cmaj', 'Bbmaj', 'Bbmaj', 'Bbmaj', 'Dmin', 'Amin7', 'Bbmaj', 'Csus4', 'Fmaj', 'Cmaj', 'Bbmaj', 'Cmaj', 'Fmaj', 'Cmaj', 'Bbmaj', 'Cmaj', 'Fmaj', 'Cmaj', 'Bbmaj', 'Cmaj', 'Dmin', 'Amin7', 'Bbmaj', 'Cmaj', 'Fmaj', 'Bbmaj', 'Cmaj', 'Fmaj', 'Fmaj', 'Bbmaj', 'Cmaj', 'Fmaj', 'Fmaj', 'Bbmaj', 'Cmaj', 'Fmaj', 'Bbmaj', 'Fmaj', 'Gmin7', 'Csus4', 'Bbmaj', 'Fmaj', 'Gmin7', 'Csus4', 'Fmaj', 'Cmaj', 'Bbmaj', 'Cmaj', 'Fmaj', 'Cmaj', 'Bbmaj', 'Cmaj', 'Fmaj', 'Cmaj', 'Bbmaj', 'Amin', 'Dmin', 'Bbmaj', 'Csus4', 'Fmaj', 'Cmaj', 'Bbmaj', 'Cmaj', 'Fmaj', 'Cmaj', 'Bbmaj', 'Cmaj', 'Fmaj', 'Cmaj', 'Bbmaj', 'Amin', 'Dmin', 'Amin7', 'Bbmaj', 'Csus4', 'Fmaj', 'Bbmaj', 'Cmaj', 'Fmaj', 'Fmaj', 'Bbmaj', 'Cmaj', 'Fmaj', 'Fmaj', 'Bbmaj', 'Cmaj', 'Fmaj', 'Bbmaj', 'Fmaj', 'Gmin7', 'Csus4', 'Bbmaj', 'Fmaj', 'Gmin7', 'Csus4', 'Fmaj', 'Cmaj', 'Bbmaj', 'Cmaj', 'Fmaj', 'Cmaj', 'Bbmaj', 'Fmaj', 'Cmaj', 'Bbmaj', 'Cmaj', 'Fmaj', 'Cmaj', 'Bbmaj', 'F', 'F', 'Bbmaj', 'Fmaj', 'Gmin7', 'Csus4', 'Fmaj', 'Bbmaj', 'Cmaj', 'Fmaj', 'Fmaj', 'Bbmaj', 'Cmaj', 'Fmaj', 'Fmaj', 'Bbmaj', 'Cmaj', 'Fmaj', 'Bbmaj', 'Fmaj', 'Gmin7', 'Csus4', 'Fmaj', 'Bbmaj', 'Csus4', 'Fmaj', 'Fmaj', 'Bbmaj', 'Csus4', 'Fmaj']"
0386,"['Cmaj', 'G7', 'Cmaj', 'Fmaj7', 'Cmaj', 'Cmaj', 'Fmaj', 'Cmaj', 'Cmaj', 'Cmaj', 'E7', 'Fmaj', 'Fmaj', 'Fmaj', 'F#dim', 'Cmaj', 'Amin', 'Fmin', 'Gmaj', 'G7', 'Cmaj', 'Fmaj', 'Cmaj', 'Cmaj', 'Fmaj', 'Cmaj', 'Cmaj', 'Cmaj', 'E7', 'Fmaj', 'Fmaj', 'Fmaj', 'F#dim', 'Cmaj', 'Amin', 'Fmin', 'Gmaj', 'G7', 'Cmaj', 'Cmaj', 'C7', 'C7', 'Fmaj', 'Fmaj', 'C7', 'C7', 'Fmaj', 'Fmaj', 'D7', 'D7', 'Gmaj', 'Gmaj', 'D7', 'D7', 'G7', 'G7', 'Cmaj', 'Fmaj', 'Cmaj', 'Cmaj', 'Cmaj', 'E7', 'Fmaj', 'Fmaj', 'Fmaj', 'F#dim', 'Cmaj', 'Amin', 'Fmin', 'Gmaj', 'G7', 'Fmaj', 'Cmaj']"
0387,"['Bbmaj7', 'Dmin', 'G7', 'C7', 'Fmaj', 'Bbmaj', 'Cmaj', 'Fmaj', 'Bbmaj', 'Cmaj', 'Dmin', 'Cmaj', 'Dmin', 'G7', 'Cmaj', 'Bbmaj', 'Cmaj', 'Bbmaj', 'Cmaj', 'Bbmaj', 'Cmaj', 'C7', 'Fmaj', 'Bbmaj', 'Cmaj', 'Fmaj', 'Bbmaj', 'Cmaj', 'Dmin', 'Cmaj', 'Dmin', 'G7', 'Cmaj', 'Bbmaj', 'Cmaj', 'Bbmaj', 'Cmaj', 'Bbmaj', 'Cmaj', 'C7', 'Bbmaj', 'Fmaj', 'Bbmaj', 'Fmaj', 'Bbmaj', 'Dmin', 'G7', 'C7', 'Fmaj', 'Bbmaj', 'Cmaj', 'Fmaj', 'Bbmaj', 'Cmaj', 'Dmin', 'Cmaj', 'Dmin', 'G7', 'Cmaj', 'Bbmaj', 'Cmaj', 'Bbmaj', 'Cmaj', 'Bbmaj', 'Cmaj', 'C7', 'Fmaj', 'Bbmaj', 'Cmaj', 'Fmaj', 'Bbmaj', 'Cmaj', 'Fmaj', 'Bbmaj', 'Cmaj', 'Fmaj']"
0389,"['Fmaj', 'Fmaj', 'Cmaj', 'Gmaj', 'Fmaj', 'Fmaj', 'Cmaj', 'Gmaj', 'Fmaj', 'Fmaj', 'Cmaj', 'Gmaj', 'Fmaj', 'Fmaj', 'Cmaj', 'Gmaj', 'Fmaj', 'Fmaj', 'Cmaj', 'Gmaj', 'Fmaj', 'Fmaj', 'Cmaj', 'Gmaj', 'Fmaj', 'Fmaj', 'Cmaj', 'Gmaj', 'Fmaj', 'Fmaj', 'Cmaj', 'Gmaj', 'F', 'Fmaj', 'Cmaj', 'Gmaj', 'Fmaj', 'Fmaj', 'Cmaj', 'Gmaj', 'Fmaj', 'Fmaj', 'Cmaj', 'Gmaj', 'Fmaj', 'Fmaj', 'Cmaj', 'Gmaj', 'Fmaj', 'Fmaj', 'Cmaj', 'Gmaj', 'Emin', 'Emin', 'Fmaj', 'Gmaj', 'Emin', 'Emin', 'Amin', 'Gmaj', 'Emin', 'Emin', 'Fmaj', 'Gmaj', 'Emin', 'Emin', 'Amin', 'Gmaj', 'F', 'Fmaj', 'Cmaj', 'Gmaj', 'F', 'Fmaj', 'Cmaj', 'Gmaj', 'Emin', 'Emin', 'Fmaj', 'Fmaj', 'Gmaj', 'Gmaj', 'Fmaj', 'Fmaj', 'Emin', 'Emin', 'Fmaj', 'Fmaj', 'Gmaj', 'Gmaj', 'Gmaj', 'Gmaj', 'Bbmaj7', 'Bbmaj7', 'Fmaj', 'Fmaj', 'Cmaj', 'Gmaj', 'F', 'Fmaj', 'Cmaj', 'Gmaj', 'Emin', 'Emin', 'Fmaj', 'Gmaj', 'Emin', 'Emin', 'Amin', 'Gmaj', 'Emin', 'Emin', 'Fmaj', 'Gmaj', 'Emin', 'Emin', 'Amin', 'Gmaj', 'F', 'Fmaj', 'Cmaj', 'Gmaj', 'F', 'Fmaj', 'Cmaj', 'Gmaj', 'F', 'Fmaj', 'Cmaj', 'Gmaj', 'F', 'Fmaj', 'Cmaj', 'Gmaj', 'F', 'Fmaj', 'Cmaj', 'Gmaj', 'F', 'Fmaj', 'Cmaj', 'Gmaj', 'F', 'Fmaj', 'Cmaj', 'Gmaj', 'F', 'Fmaj', 'Cmaj', 'Gmaj', 'F', 'Fmaj', 'Cmaj', 'Gmaj']"
0390,"['Bbsus4', 'Bbsus4', 'Bbsus4', 'Bbsus4', 'Ebmaj', 'Abmaj', 'Ebmaj7', 'Abmaj', 'Ebmaj', 'Abmaj', 'Ebmaj7', 'Abmaj', 'Abmaj', 'Ab', 'Abmaj7', 'Ab', 'Ebmaj', 'Cmin7', 'Ebmaj', 'Cmin7', 'Ebmaj', 'Abmaj', 'Ebmaj7', 'Abmaj', 'Ebmaj', 'Abmaj', 'Ebmaj7', 'Abmaj', 'Abmaj', 'Ab', 'Abmaj7', 'Ab', 'Ebmaj', 'Cmin7', 'Ebmaj', 'Cmin7', 'Bbsus4', 'Bbsus4', 'Bbsus4', 'Bbsus4', 'Bbsus4', 'Abmaj', 'Fmin7', 'Abmaj', 'Fmin7', 'Abmaj', 'Fmin7', 'Abmaj', 'Fmin7', 'Abmaj7', 'Ebmaj', 'Ebmaj', 'Cmin7', 'Abmaj7', 'Ebmaj', 'Ebmaj', 'Abmaj', 'Fmin7', 'Abmaj', 'Fmin7', 'Abmaj', 'Fmin7', 'Abmaj', 'Fmin7', 'Abmaj7', 'Ebmaj', 'Ebmaj', 'Cmin7', 'Abmaj7', 'Ebmaj', 'Ebmaj', 'Cmin7', 'Ebmaj', 'Abmaj', 'Ebmaj7', 'Abmaj', 'Ebmaj', 'Abmaj', 'Ebmaj7', 'Abmaj', 'Abmaj', 'Ab', 'Abmaj7', 'Ab', 'Ebmaj', 'Cmin7', 'Ebmaj', 'Cmin7', 'Ebmaj', 'Abmaj', 'Ebmaj7', 'Abmaj', 'Ebmaj', 'Abmaj', 'Ebmaj7', 'Abmaj', 'Abmaj', 'Ab', 'Abmaj7', 'Ab', 'Ebmaj', 'Cmin7', 'Ebmaj', 'Cmin7', 'Bbsus4', 'Bbsus4', 'Bbsus4', 'Bbsus4', 'Bbsus4', 'Abmaj', 'Fmin7', 'Abmaj', 'Fmin7', 'Abmaj', 'Fmin7', 'Abmaj', 'Abmaj7', 'Ebmaj', 'Ebmaj', 'Cmin7', 'Abmaj7', 'Ebmaj', 'Ebmaj', 'Abmaj', 'Fmin7', 'Abmaj', 'Fmin7', 'Abmaj', 'Fmin7', 'Abmaj', 'Abmaj7', 'Ebmaj', 'Ebmaj', 'Cmin7', 'Abmaj7', 'Ebmaj', 'Ebmaj', 'Cmin7', 'Bbsus4', 'Bbsus4', 'Bbsus4', 'Bbsus4', 'Abmaj', 'Fmin7', 'Abmaj', 'Fmin7', 'Abmaj', 'Fmin7', 'Abmaj', 'Abmaj7', 'Ebmaj', 'Ebmaj', 'Cmin7', 'Abmaj7', 'Ebmaj', 'Ebmaj', 'Abmaj', 'Fmin7', 'Abmaj', 'Fmin7', 'Abmaj', 'Fmin7', 'Abmaj', 'Abmaj7', 'Ebmaj', 'Ebmaj', 'Cmin7', 'Abmaj7', 'Ebmaj', 'Ebmaj', 'Cmin7', 'Abmaj', 'Fmin7', 'Abmaj', 'Fmin7', 'Abmaj', 'Fmin7', 'Abmaj', 'Abmaj7', 'Ebmaj', 'Ebmaj', 'Cmin7', 'Abmaj7', 'Ebmaj', 'Ebmaj']"
0391,"['F7', 'Bb7', 'F7', 'Bb7', 'F7', 'Bb7', 'F7', 'Bb7', 'F7', 'Bb7', 'F7', 'Bb7', 'F7', 'Bb7', 'F7', 'Bb7', 'F7', 'Bb7', 'F7', 'Bb7', 'F7', 'Bb7', 'F7', 'Bb7', 'F7', 'F7', 'F7', 'F7', 'F7', 'F7', 'F7', 'F7', 'F7', 'F7', 'F7', 'F7', 'F7', 'F7', 'F7', 'F7', 'F7', 'Bb7', 'F7', 'Bb7', 'F7', 'Bb7', 'F7', 'Bb7', 'F7', 'Bb7', 'F7', 'Bb7', 'F7', 'Bb7', 'F7', 'Bb7', 'F7', 'F7', 'F7', 'F7', 'F7', 'F7', 'F7', 'F7', 'F7', 'F7', 'F7', 'F7', 'F7', 'F7', 'F7', 'F7', 'F7', 'Bb7', 'F7', 'Bb7', 'F7', 'Bb7', 'F7', 'Bb7', 'F7', 'Bb7', 'F7', 'Bb7', 'F7', 'Bb7', 'F7', 'Bb7', 'F7', 'F7', 'F7', 'F7', 'F7', 'F7', 'F7', 'F7', 'F7', 'F7', 'F7', 'F7', 'F7', 'F7', 'F7', 'F7', 'F7', 'Bb7', 'F7', 'Bb7', 'F7', 'Bb7', 'F7', 'Bb7', 'F7', 'Bb7', 'F7', 'Bb7', 'F7', 'Bb7', 'F7', 'Bb7', 'F7', 'Bb7', 'F7', 'Bb7']"
0393,"['Dmin', 'Emin7', 'Dmin7', 'Amin', 'Gmaj', 'Dmin', 'Emin7', 'Dmin7', 'Amin', 'Gmaj', 'Dmin', 'Emin7', 'Dmin7', 'Amin', 'Gmaj', 'Cmaj', 'Cmaj', 'Cmaj', 'Dmin', 'Emin7', 'Dmin7', 'Amin', 'Gmaj', 'Dmin', 'Emin7', 'Dmin7', 'Amin', 'Gmaj', 'Dmin', 'Emin7', 'Dmin7', 'Amin', 'Gmaj', 'Cmaj', 'Cmaj', 'Cmaj', 'Dmin', 'Emin7', 'Dmin7', 'Amin', 'Gmaj', 'Dmin', 'Emin7', 'Dmin7', 'Amin', 'Gmaj', 'Dmin', 'Emin7', 'Dmin7', 'Amin', 'Gmaj', 'Cmaj', 'Cmaj', 'Cmaj', 'Abmaj', 'Bbmaj', 'Abmaj', 'Bbmaj', 'Abmaj', 'Bbmaj', 'Abmaj', 'Bbmaj', 'Gmin7', 'Fmin7', 'Gmin7', 'Fmin7', 'Gmin7', 'Amaj', 'Dmin', 'Emin7', 'Dmin7', 'Amin', 'Gmaj', 'Dmin', 'Emin7', 'Dmin7', 'Amin', 'Gmaj', 'Dmin', 'Emin7', 'Dmin7', 'Amin', 'Gmaj', 'Cmaj', 'Cmaj', 'Cmaj', 'Abmaj', 'Bbmaj', 'Abmaj', 'Bbmaj', 'Abmaj', 'Bbmaj', 'Abmaj', 'Bbmaj', 'Gmin7', 'Fmin7', 'Gmin7', 'Fmin7', 'Gmin7', 'Amaj', 'Dmin', 'Emin7', 'Dmin7', 'Amin', 'Gmaj', 'Dmin', 'Emin7', 'Dmin7', 'Amin', 'Gmaj', 'Dmin', 'Emin7', 'Dmin7', 'Amin', 'Gmaj', 'Dmin', 'Emin7', 'Dmin7', 'Amin', 'Gmaj', 'Dmin', 'Emin7', 'Dmin7', 'Amin', 'Gmaj', 'Dmin', 'Emin7', 'Dmin7', 'Amin', 'Gmaj', 'Dmin', 'Emin7', 'Dmin7', 'Amin', 'Gmaj', 'Dmin', 'Emin7', 'Dmin7', 'Amin', 'Gmaj']"
0395,"['Bbmaj', 'Bbmaj', 'Gmin7', 'Ebsus4', 'Ebmaj', 'Bbmaj', 'Fsus4', 'Bbmaj', 'Fsus4', 'Gmin7', 'Gmin7', 'Ebsus4', 'Ebmaj', 'Ebmaj', 'Fsus4', 'Fsus4', 'Fsus4', 'Fsus4', 'Bbmaj', 'Bbmaj', 'Gmin', 'Ebmaj', 'Fsus4', 'Fsus4', 'Fsus4', 'D7', 'Gmin', 'Fsus4', 'Gmin', 'Ebmaj', 'Cmin', 'Bbmaj', 'Ebmaj', 'Fsus4', 'Fsus4', 'Fsus4', 'Fsus4', 'Bbmaj', 'Bbmaj', 'Gmin', 'Ebmaj', 'Fsus4', 'Fsus4', 'Fsus4', 'Fsus4', 'Bbmaj', 'Bbmaj', 'Gmin', 'Ebmaj', 'Fsus4', 'Fsus4', 'D7', 'Gmin', 'F7', 'Bbmaj', 'Bbmaj', 'Gmin', 'Ebmaj', 'Fsus4', 'Fsus4', 'D7', 'Gmin', 'Gmin', 'Fsus4', 'Gmin7', 'Fmaj', 'Ebmaj', 'Ebmaj', 'Fsus4', 'Fsus4', 'Bbmaj', 'Bbmaj', 'Gmin', 'Ebmaj', 'Fsus4', 'Fsus4', 'Fsus4', 'D7', 'Gmin', 'Fsus4', 'Gmin', 'Ebmaj', 'Cmin', 'Bbmaj', 'Ebmaj', 'Fsus4', 'Fsus4', 'Fsus4', 'Fsus4', 'Bbmaj', 'Bbmaj', 'Gmin', 'Ebmaj', 'Fsus4', 'Fsus4', 'Fsus4', 'Fsus4', 'Bbmaj', 'Bbmaj', 'Gmin', 'Ebmaj', 'Fsus4', 'Fsus4', 'Fsus4', 'Fsus4', 'Bbmaj', 'Bbmaj', 'Gmin', 'Ebmaj', 'Fsus4', 'Fsus4', 'Fsus4', 'Fsus4', 'Bbmaj', 'Bbmaj']"
0396,"['Amin', 'Amin', 'E7', 'Amin', 'Amin', 'Amin', 'E7', 'Amin', 'Amin', 'Amin', 'Amin', 'Amin', 'Amin', 'Amin', 'E7', 'Amin', 'Amin', 'Amin', 'Amin', 'Amin', 'Amin', 'Amin', 'E7', 'Amin', 'Amin', 'Amin', 'Amin', 'Amin', 'Amin', 'Amin', 'E7', 'Amin', 'Amin', 'Amin', 'Amin', 'Amin', 'Amin', 'Amin', 'E7', 'Amin', 'Amin', 'Amin', 'Amin', 'Amin', 'Amin', 'Amin', 'E7', 'Amin', 'Bb', 'Bbmin', 'Bbmin', 'F7', 'Bbmin', 'Bbmin', 'Bbmin', 'Bbmin', 'Bbmin', 'Bbmin', 'Bbmin', 'F7', 'Bbmin', 'Bbmin', 'Bbmin', 'Bbmin', 'Bbmin', 'Bbmin', 'Bbmin', 'F7', 'Bbmin', 'Bmin', 'Bmin', 'Bmin', 'F#7', 'Bmin', 'Bmin', 'Bmin', 'Bmin', 'Bmin', 'Bmin', 'Bmin', 'F#7', 'Bmin', 'Bmin', 'Bmin', 'Bmin', 'Bmin', 'Bmin', 'Bmin', 'F#7', 'Bmin', 'Bmin', 'Bmin', 'Bmin', 'Bmin', 'Bmin', 'Bmin', 'F#7', 'Bmin', 'Bmin', 'Bmin', 'Bmin', 'Bmin', 'Bmin', 'Bmin', 'F#7', 'Bmin', 'F#7', 'Bmin', 'F#7', 'Bmin', 'F#7', 'Bmin', 'F#7', 'Bmin']"
0397,"['Amin', 'Amin', 'Amin', 'Amin', 'Amin', 'Amin', 'Amin', 'Amin', 'Amin', 'Amin', 'Dmin', 'Dmin', 'Amin', 'Amin', 'Amin', 'Amin', 'Fmaj', 'Gmaj', 'Fmaj', 'Gmaj', 'Amin', 'Amin', 'E7', 'E7', 'Amin', 'Amin', 'Amin', 'Amin', 'Amin', 'Amin', 'Dmin', 'Dmin', 'Amin', 'Amin', 'Amin', 'Amin', 'Fmaj', 'Gmaj', 'Fmaj', 'Gmaj', 'Amin', 'Amin', 'E7', 'E7', 'Amaj', 'Bmin', 'Dmaj', 'Amaj', 'Amaj', 'Bmin', 'Dmaj', 'Dmaj', 'Dmaj', 'Dmaj', 'Amin', 'Amin', 'Amin', 'Amin', 'Amin', 'Amin', 'Dmin', 'Dmin', 'Amin', 'Amin', 'Amin', 'Amin', 'Fmaj', 'Gmaj', 'Fmaj', 'Gmaj', 'Amin', 'Amin', 'Amaj', 'Bmin', 'Dmaj', 'Amaj', 'Amaj', 'Bmin', 'Dmaj', 'Dmaj', 'Dmaj', 'Dmaj', 'Amaj', 'Bmin', 'Dmaj', 'Amaj', 'Amaj', 'Bmin', 'Dmaj', 'Dmaj', 'Dmaj', 'Dmaj', 'Amaj', 'Bmin', 'Dmaj', 'Amaj', 'Amaj', 'Bmin', 'Dmaj', 'Amaj', 'Amaj', 'Bmin', 'Dmaj', 'Amaj', 'Amaj', 'Bmin', 'Dmaj', 'Amaj', 'Amaj', 'Bmin', 'Dmaj', 'Amaj', 'Amaj', 'Bmin', 'Dmaj', 'Amaj', 'Amaj', 'Bmin', 'Dmaj', 'Amaj', 'Amaj', 'Bmin', 'Dmaj', 'Amaj', 'Amaj', 'Bmin', 'Dmaj', 'Amaj']"
0399,"['E', 'A', 'E', 'E7', 'E7', 'B7', 'B7', 'B7', 'B7', 'E7', 'E7', 'E7', 'E7', 'B7', 'B7', 'B7', 'B7', 'Emaj', 'E7', 'Amaj', 'Amaj', 'Emaj', 'Emaj', 'F#7', 'F#7', 'B7', 'Emaj', 'Emaj', 'B7', 'B7', 'B7', 'B7', 'Emaj', 'E7', 'Amaj', 'Amaj', 'Emaj', 'Emaj', 'F#7', 'F#7', 'B7', 'Emaj', 'Emaj', 'B7', 'B7', 'B7', 'B7', 'Emaj', 'Amaj', 'Emaj', 'B7', 'Emaj']"
0400,"['Ebmaj7', 'Cmin', 'Ebmaj7', 'Cmin', 'Ebmaj7', 'Cmin', 'Ebmaj7', 'Cmin', 'Ebmaj7', 'Cmin', 'Ebmaj7', 'Cmin', 'Ebmaj7', 'Cmin', 'Ebmaj7', 'Cmin', 'Ebmaj7', 'Cmin', 'Ebmaj7', 'Cmin', 'Ebmaj7', 'Cmin', 'Bbsus4', 'Bbsus4', 'Ebmaj7', 'Abmaj7', 'Ebmaj7', 'Cmin', 'Bbmin', 'Abmaj', 'Ebmaj7', 'Abmaj7', 'Ebmaj7', 'Bbsus4', 'Bbsus4', 'Ebmaj7', 'Abmaj7', 'Ebmaj7', 'Abmaj7', 'Ebmaj7', 'Abmaj7', 'Ebmaj7', 'Bbsus4', 'Bbsus4', 'Ebmaj7', 'Abmaj7', 'Ebmaj7', 'Cmin', 'Bbmin', 'Abmaj', 'Ebmaj7', 'Abmaj7', 'Ebmaj7', 'Bbsus4', 'Bbsus4', 'Ebmaj7', 'Abmaj7', 'Ebmaj7', 'Cmin', 'Bbmin', 'Abmaj', 'Ebmaj7', 'Abmaj7', 'Ebmaj7', 'Cmin', 'Bbmin', 'Abmaj', 'Ebmaj7', 'Abmaj7']"
0401,"['C#5', 'C#min7', 'C#7', 'C#min7', 'C#7', 'C#7', 'C#min7', 'C#min7', 'Emaj', 'Emaj', 'C#min', 'C#min', 'Emaj', 'Emaj', 'C#min', 'C#min', 'Amaj', 'Bmaj', 'Emaj', 'F#', 'G#maj', 'Amaj', 'Bmaj', 'Emaj', 'Emaj', 'C#min', 'Amaj', 'Bmaj', 'Bmaj', 'Emaj', 'Amaj', 'Bmaj', 'C#min7', 'Emaj', 'Emaj', 'C#min', 'C#min', 'Emaj', 'Emaj', 'C#min', 'C#min', 'Amaj', 'Bmaj', 'Emaj', 'F#', 'G#maj', 'Amaj', 'Bmaj', 'Emaj', 'Emaj', 'C#min', 'Amaj', 'Bmaj', 'Bmaj', 'Emaj', 'Amaj', 'Bmaj', 'Emaj', 'Emaj', 'C#min', 'Amaj', 'Bmaj', 'Bmaj', 'Emaj', 'Amaj', 'Bmaj', 'C#min7', 'C#min7', 'C#7', 'C#7', 'C#7', 'C#7', 'C#7', 'C#7', 'C#7', 'Amaj', 'Bmaj', 'Emaj', 'F#', 'G#maj', 'Amaj', 'Bmaj', 'Emaj', 'Emaj', 'C#min', 'Amaj', 'Bmaj', 'Bmaj', 'Emaj', 'Amaj', 'Bmaj', 'Emaj', 'Emaj', 'C#min', 'Amaj', 'Bmaj', 'Bmaj', 'Emaj', 'Amaj', 'Bmaj', 'Emaj', 'Emaj', 'C#min', 'Amaj', 'Bmaj', 'Bmaj', 'Emaj', 'Amaj', 'Bmaj', 'C#5']"
0402,"['Emaj', 'C#min', 'Amaj', 'Bmaj', 'Emaj', 'C#min', 'Amaj', 'Bmaj', 'Emaj', 'C#min', 'Amaj', 'Bmaj', 'Emaj', 'Emaj', 'Emaj', 'C#min', 'Amaj', 'Bmaj', 'Emaj', 'C#min', 'Amaj', 'Bmaj', 'Emaj', 'C#min', 'Amaj', 'Bmaj', 'Emaj', 'C#min', 'Amaj', 'Bmaj', 'Emaj', 'Emaj', 'Emaj', 'C#min', 'Amaj', 'Bmaj', 'Emaj', 'C#min', 'Amaj', 'Bmaj', 'Emaj', 'Emaj', 'Emaj', 'C#min', 'Amaj', 'Bmaj', 'Emaj', 'C#min', 'Amaj', 'Bmaj', 'Emaj', 'C#min', 'Amaj', 'Bmaj', 'Emaj', 'C#min', 'Amaj', 'Bmaj', 'Emaj', 'C#min', 'Amaj', 'Bmaj', 'Emaj', 'Emaj', 'Emaj', 'C#min', 'Amaj', 'Bmaj', 'Emaj', 'C#min', 'Amaj', 'Bmaj', 'Emaj', 'Emaj', 'Emaj', 'C#min', 'Amaj', 'Bmaj', 'Emaj', 'C#min', 'Amaj', 'Bmaj']"
0403,"['F7', 'Bbmaj', 'F7', 'Bbmaj', 'F7', 'Bbmaj', 'F7', 'Bbmaj', 'F7', 'Bbmaj', 'F7', 'Bbmaj', 'F7', 'Bbmaj', 'F7', 'Bbmaj', 'F7', 'Bbmaj', 'F7', 'Bbmaj', 'C7', 'C7', 'F7', 'Bbmaj', 'F7', 'Bbmaj', 'F7', 'Bbmaj', 'F7', 'Bbmaj', 'F7', 'Bbmaj', 'F7', 'Bbmaj', 'C7', 'C7', 'C7', 'C7', 'C7', 'C7', 'F7', 'Bbmaj', 'F7', 'Bbmaj', 'F7', 'Bbmaj', 'C7', 'F7', 'Bbmaj', 'F7', 'Bbmaj', 'F7', 'Bbmaj', 'F7', 'Bbmaj', 'F7', 'Bbmaj', 'F7', 'Bbmaj', 'F7', 'Bbmaj', 'F7', 'Bbmaj', 'C7', 'C7', 'F7', 'Bbmaj', 'F7', 'Bbmaj', 'F7', 'Bbmaj', 'F7', 'Bbmaj', 'F7', 'Bbmaj', 'F7', 'Bbmaj', 'C7', 'C7', 'C7', 'C7', 'C7', 'C7', 'F7', 'Bbmaj', 'F7', 'Bbmaj', 'F7', 'Bbmaj', 'C7', 'F7', 'Bbmaj', 'F7', 'Bbmaj', 'Bbmaj', 'Bbmaj', 'Bbmaj', 'Bbmaj', 'F7', 'F7', 'C7', 'C7', 'C7', 'C7', 'Bbmaj', 'Abmaj', 'F7', 'Bbmaj', 'F7', 'Bbmaj', 'F7', 'Bbmaj', 'F7', 'Bbmaj', 'F7', 'Bbmaj', 'F7', 'Bbmaj', 'F7', 'Bbmaj', 'F7', 'Bbmaj', 'F7', 'Bbmaj', 'F7', 'Bbmaj']"
0404,"['Fmaj', 'Fmaj', 'Fmaj', 'Fmaj', 'Fmaj', 'Fmaj', 'Fmaj', 'Fmaj', 'Dmin', 'Bbmaj', 'Cmaj', 'Cmaj', 'Fmaj', 'Fmaj', 'Fmaj', 'Fmaj', 'Dmin', 'Bbmaj', 'Gmaj', 'Cmaj', 'Dbmaj', 'Gb', 'Gbmaj', 'Ebmin', 'Gbmaj', 'Db7', 'Bmaj', 'Bbmaj', 'Ebmin', 'Bmaj', 'Abmaj', 'Gbmaj', 'Ebmin', 'Bmaj', 'Db7', 'Gbmaj', 'Dbmaj', 'Gbmaj', 'Ebmin', 'Gbmaj', 'Ebmin', 'Bmaj', 'Dbmaj', 'Bmaj', 'Dbmaj', 'Ebmin', 'Bmaj', 'Abmaj', 'Db7', 'Gbmaj', 'Ebmin', 'Gbmaj', 'Db7', 'Bmaj', 'Bbmaj', 'Ebmin', 'Bmaj', 'Abmaj', 'Gbmaj', 'Ebmin', 'Bmaj', 'Db7', 'Gbmaj', 'Ebmin', 'Gbmaj', 'Ebmin', 'Gbmaj', 'Ebmin', 'Gbmaj', 'Ebmin', 'Gbmaj', 'Ebmin', 'Gbmaj', 'Ebmin', 'Gbmaj', 'Ebmin', 'Gbmaj', 'Ebmin', 'Gbmaj', 'Ebmin', 'Gbmaj', 'Ebmin']"
0406,"['Amaj', 'Amaj', 'Amaj', 'Amaj', 'Amaj', 'Amaj', 'Amaj', 'Amaj', 'Amaj', 'Amaj', 'Amaj', 'Amaj', 'Amaj', 'Gmaj', 'Dmaj', 'Amaj', 'Gmaj', 'Dmaj', 'Amaj', 'Gmaj', 'Dmaj', 'Amaj', 'Gmaj', 'Dmaj', 'Amaj', 'Gmaj', 'Dmaj', 'Amaj', 'Amaj', 'Dmaj', 'Dmaj', 'Cmaj', 'Cmaj', 'Dmaj', 'Dmaj', 'Cmaj', 'Cmaj', 'Emaj', 'Emaj', 'Emaj', 'Emaj', 'Amaj', 'Amaj', 'Gmaj', 'Dmaj', 'Amaj', 'Amaj', 'Gmaj', 'Dmaj', 'Bmin', 'Bmin7', 'Emaj', 'Emaj', 'Amaj', 'Gmaj', 'Dmaj', 'Amaj', 'Gmaj', 'Dmaj', 'Amaj', 'Gmaj', 'Dmaj', 'Amaj', 'Gmaj', 'Dmaj', 'Amaj', 'Gmaj', 'Dmaj', 'Amaj', 'Amaj', 'Dmaj', 'Dmaj', 'Cmaj', 'Cmaj', 'Dmaj', 'Dmaj', 'Cmaj', 'Cmaj', 'Emaj', 'Emaj', 'Emaj', 'Emaj', 'Amaj', 'Amaj', 'Gmaj', 'Dmaj', 'Amaj', 'Amaj', 'Gmaj', 'Dmaj', 'Bmin', 'Bmin7', 'Emaj', 'Emaj', 'Amaj', 'Gmaj', 'Dmaj', 'Amaj', 'Gmaj', 'Dmaj', 'Amaj', 'Gmaj', 'Dmaj', 'Amaj', 'Gmaj', 'Dmaj', 'Amaj', 'Gmaj', 'Dmaj', 'Amaj', 'Amaj', 'Dmaj', 'Dmaj', 'Cmaj', 'Cmaj', 'Dmaj', 'Dmaj', 'Cmaj', 'Cmaj', 'Emaj', 'Emaj', 'Emaj', 'Emaj', 'Amaj', 'Amaj', 'Gmaj', 'Dmaj', 'Amaj', 'Amaj', 'Gmaj', 'Dmaj', 'Bmin', 'Bmin7', 'Emaj', 'Emaj', 'Amaj', 'Gmaj', 'Dmaj', 'Amaj', 'Gmaj', 'Dmaj', 'Amaj', 'Gmaj', 'Dmaj', 'Amaj', 'Gmaj', 'Dmaj', 'Amaj', 'Amaj', 'Dmaj', 'Dmaj', 'Cmaj', 'Cmaj', 'Dmaj', 'Dmaj', 'Cmaj', 'Cmaj', 'Emaj', 'Emaj', 'Emaj', 'Emaj', 'Amaj', 'Amaj', 'Gmaj', 'Dmaj', 'Amaj', 'Amaj', 'Gmaj', 'Dmaj', 'Bmin', 'Bmin7', 'Emaj', 'Emaj', 'Amaj', 'Amaj', 'Gmaj', 'Dmaj', 'Amaj', 'Amaj', 'Gmaj', 'Dmaj', 'Bmin', 'Bmin7', 'Emaj', 'Emaj', 'Amaj', 'Amaj', 'Asus2', 'Dmaj', 'Amaj', 'Amaj', 'Asus2', 'Dmaj', 'Amaj', 'Amaj', 'Asus2', 'Dmaj', 'Amaj', 'Amaj', 'Dmaj', 'Dmaj', 'Fmaj7', 'Fmaj7', 'E7', 'E7', 'Amaj']"
0407,"['Fmaj', 'Fmaj', 'Eb', 'Eb', 'Bbmaj', 'Bbmaj', 'Bbmaj', 'Bbmaj', 'Fmaj', 'Fmaj', 'Ebmaj9', 'Ebmaj9', 'Bbmaj', 'Bbmaj', 'Bbmaj', 'Bbmaj', 'Bbmaj', 'Bbmaj', 'Ebsus4', 'Ebsus4', 'Bbmaj', 'Bbmaj', 'Gmin7', 'Abmaj', 'Bbmaj', 'Bbmaj', 'Ebsus4', 'Ebsus4', 'Bbmaj', 'Bbmaj', 'Gmin7', 'Abmaj', 'Csus4', 'C7', 'Eb', 'Eb', 'Bbmaj', 'Abmaj', 'Bb', 'Bbmaj', 'Bbmaj', 'Abmaj', 'Bb', 'Bbmaj', 'Gmin7', 'Gmin7', 'Csus4', 'C7', 'Eb', 'Eb', 'Fsus4', 'Fsus4', 'Fmaj', 'Fmaj', 'Ebmaj9', 'Ebmaj9', 'Bbmaj', 'Bbmaj', 'Bbmaj', 'Bbmaj', 'Fmaj', 'Fmaj', 'Ebmaj9', 'Ebmaj9', 'Bbmaj', 'Bbmaj', 'Bbmaj', 'Bbmaj', 'Bbmaj', 'Bbmaj', 'Ebsus4', 'Ebsus4', 'Bbmaj', 'Bbmaj', 'Gmin7', 'Abmaj', 'Bbmaj', 'Bbmaj', 'Ebsus4', 'Ebsus4', 'Bbmaj', 'Bbmaj', 'Gmin7', 'Abmaj', 'Csus4', 'C7', 'Eb', 'Eb', 'Bbmaj', 'Abmaj', 'Bb', 'Bbmaj', 'Bbmaj', 'Abmaj', 'Bb', 'Bbmaj', 'Gmin7', 'Gmin7', 'Csus4', 'C7', 'Eb', 'Eb', 'Fsus4', 'Fsus4', 'Fmaj', 'Fmaj', 'Ebmaj9', 'Ebmaj9', 'Bbmaj', 'Bbmaj', 'Bbmaj', 'Bbmaj', 'Fmaj', 'Fmaj', 'Ebmaj9', 'Ebmaj9', 'Bbmaj', 'Bbmaj', 'Bbmaj', 'Bbmaj', 'Gmin7', 'Ab', 'Bbmaj', 'Gmin7', 'Ab', 'Bbmaj', 'Gmin7', 'Ab', 'Bbmaj', 'Bbmaj', 'Ebsus4', 'Ebsus4', 'Bbmaj', 'Bbmaj', 'Gmin7', 'Abmaj', 'Abmaj', 'Abmaj', 'Abmaj', 'Fmaj', 'Fmaj', 'Ebmaj9', 'Ebmaj9', 'Bbmaj', 'Bbmaj', 'Bbmaj', 'Bbmaj', 'Fmaj', 'Fmaj', 'Ebmaj9', 'Ebmaj9', 'Gmin7', 'Gmin7', 'Csus4', 'C7', 'Ebmaj9', 'Ebmaj9', 'Fsus4', 'Fsus4', 'Abmaj', 'Abmaj', 'Abmaj', 'Abmaj', 'Fmaj', 'Fmaj', 'Ebmaj9', 'Ebmaj9', 'Bbmaj', 'Bbmaj', 'Bbmaj', 'Bbmaj', 'Fmaj', 'Fmaj', 'Ebmaj9', 'Ebmaj9', 'Bbmaj', 'Bbmaj', 'Bbmaj', 'Bbmaj', 'Fmaj', 'Fmaj', 'Ebmaj9', 'Ebmaj9', 'Bbmaj', 'Bbmaj', 'Bbmaj', 'Bbmaj', 'Fmaj', 'Fmaj', 'Ebmaj9', 'Ebmaj9', 'Bbmaj', 'Bbmaj', 'Bbmaj', 'Bbmaj', 'Fmaj']"
0410,"['Dbmaj7', 'Ebmin7', 'Ab7', 'Dbmaj7', 'Ebmin7', 'Ab7', 'Dbmaj7', 'Ebmin7', 'Ab7', 'Dbmaj7', 'Ebmin7', 'Ab7', 'Dbmaj7', 'Dbmaj7', 'Dbmaj7', 'Ebmin7', 'Ab', 'Dbmaj7', 'Ebmin7', 'Ab', 'Dbmaj7', 'Ebmin7', 'Ab', 'Dbmaj7', 'Dbmaj7', 'Dbmaj7', 'Ebmin7', 'Ab', 'Dbmaj7', 'Ebmin7', 'Ab', 'Dbmaj', 'Db7', 'Gbmaj7', 'Ab7', 'Dbmaj7', 'Bbmin', 'Ebmin7', 'Ab', 'Dbmaj', 'Db7', 'Gbmaj7', 'Ab7', 'Dbmaj7', 'Bbmin', 'Eb', 'Eb', 'Ab7', 'Ab7', 'Dbmaj7', 'Dbmaj7', 'Dbmaj7', 'Ebmin7', 'Ab', 'Dbmaj7', 'Ebmin7', 'Ab', 'Dbmaj', 'Db7', 'Gbmaj7', 'Ab7', 'Dbmaj7', 'Bbmin', 'Eb', 'Eb', 'Ab7', 'Ab7', 'Dbmaj7', 'Dbmaj7', 'Dbmaj7', 'Ebmin7', 'Ab', 'Dbmaj7', 'Ebmin7', 'Ab', 'Dbmaj7', 'Ebmin7', 'Ab', 'Dbmaj7', 'Ebmin7', 'Ab7', 'Dbmaj7', 'Ab7', 'Dbmaj7', 'Dbmaj7', 'Db']"
0412,"['Emaj', 'Emaj', 'E', 'G#min7', 'F#min7', 'B7', 'C#min', 'Emaj', 'Amaj', 'G#min7', 'F#min7', 'B7', 'E', 'G#min7', 'F#min7', 'B7', 'C#min', 'Emaj', 'Amaj', 'G#min7', 'F#min7', 'B7', 'Amaj', 'Bmaj', 'G#min', 'C#min', 'F#min', 'Bmaj', 'Amaj', 'Emaj', 'Emaj', 'F#', 'F#', 'Dmaj', 'Amaj', 'Emaj', 'Emaj', 'Emaj', 'Emaj', 'F#', 'F#', 'Dmaj', 'Amaj', 'Emaj', 'Emaj', 'E', 'G#min7', 'F#min7', 'B7', 'C#min', 'Emaj', 'Amaj', 'G#min7', 'F#min7', 'B7', 'E', 'G#min7', 'F#min7', 'B7', 'C#min', 'Emaj', 'Amaj', 'G#min7', 'F#min7', 'B7', 'Amaj', 'Bmaj', 'G#min', 'C#min', 'F#min', 'Bmaj', 'F#min', 'Bmaj', 'Emaj', 'Emaj', 'F#', 'F#', 'Dmaj', 'Amaj', 'Emaj', 'Emaj', 'Emaj', 'Emaj', 'F#', 'F#', 'Dmaj', 'Amaj', 'Emaj', 'Emaj', 'Emaj', 'Emaj', 'F#', 'F#', 'Dmaj', 'Amaj', 'Emaj', 'Emaj', 'Bmaj', 'Emaj', 'Emaj', 'F#', 'F#', 'Dmaj', 'Amaj', 'Emaj', 'Emaj', 'Bmaj', 'Emaj', 'Emaj', 'F#', 'F#', 'Dmaj', 'Amaj', 'Emaj', 'Emaj', 'Bmaj', 'Emaj', 'Emaj', 'F#', 'F#', 'Dmaj', 'Amaj', 'Emaj', 'Emaj']"
0414,"['B5', 'F#sus4', 'Esus2', 'B5', 'F#sus4', 'Esus2', 'A', 'Emaj', 'A', 'Emaj', 'B5', 'E5', 'F#maj', 'Bmaj', 'F#sus4', 'E', 'Bmaj', 'F#sus4', 'E', 'A', 'Emaj', 'A', 'Emaj', 'Bmaj', 'E', 'F#maj', 'Emaj', 'F#maj', 'C#maj', 'Emaj', 'F#maj', 'C#maj', 'Emaj', 'F#maj', 'Emaj', 'Bsus4', 'Bsus4', 'B5', 'B5', 'Bmaj', 'F#sus4', 'E', 'Bmaj', 'F#sus4', 'E', 'A', 'Emaj', 'A', 'Emaj', 'Bmaj', 'E', 'F#maj', 'Emaj', 'F#maj', 'C#maj', 'Emaj', 'F#maj', 'C#maj', 'Emaj', 'F#maj', 'Emaj', 'Bsus4', 'Bsus4', 'C#min', 'G#7', 'Amaj', 'Amaj', 'C#min', 'F#min', 'C#7', 'Dmaj', 'F#min', 'Emaj', 'F#maj', 'C#maj', 'Emaj', 'F#maj', 'C#maj', 'Emaj', 'F#maj', 'Emaj', 'Bsus4', 'Bsus4', 'Emaj', 'F#maj', 'C#maj', 'Emaj', 'F#maj', 'C#maj', 'Emaj', 'F#maj', 'Emaj', 'Bsus4', 'Bsus4', 'Bmaj', 'Emaj7', 'C#min7', 'A', 'Emaj', 'Emaj', 'Emaj', 'Emaj', 'Emaj']"
0415,"['Gbmaj', 'Fb5', 'Gbmaj', 'Gbmaj', 'Fb5', 'Gbmaj', 'Gbmaj', 'Fbmaj', 'Gbmaj', 'Fbmaj', 'Gbmaj', 'Fbmaj', 'Gbmaj', 'Fbmaj', 'Gbmaj', 'Fbmaj', 'Gbmaj', 'Fbmaj', 'Gbmaj', 'Fbmaj', 'Gbmaj', 'Fbmaj', 'Gbmaj', 'Fbmaj', 'Gbmaj', 'Fbmaj', 'Gbmaj', 'Fbmaj', 'Gbmaj', 'Fbmaj', 'Gbmaj', 'Fbmaj', 'Gbmaj', 'Fbmaj', 'Gbmaj', 'Fbmaj', 'Gbmaj', 'Fbmaj', 'Dmaj', 'Bmin', 'Dmaj', 'Bmin', 'Gbmaj', 'Fbmaj', 'Gbmaj', 'Fbmaj', 'Gbmaj', 'Fbmaj', 'Gbmaj', 'Fbmaj', 'Gbmaj', 'Fbmaj', 'Gbmaj', 'Fbmaj', 'Gbmaj', 'Fbmaj', 'Gbmaj', 'Fbmaj', 'Gbmaj', 'Fbmaj', 'Gbmaj', 'Fbmaj', 'Gbmaj', 'Fbmaj', 'Gbmaj', 'Fbmaj', 'Dmaj', 'Bmin', 'Dmaj', 'Bmin', 'Gmaj', 'Cmaj', 'Amaj', 'C#dim', 'Bmin', 'Emin7', 'Gbmaj', 'Fbmaj', 'Gbmaj', 'Fbmaj', 'Gbmaj', 'Fbmaj', 'Gbmaj', 'Fbmaj', 'Gbmaj', 'Fbmaj', 'Gbmaj', 'Fbmaj', 'Gbmaj', 'Fbmaj', 'Gbmaj', 'Fbmaj', 'Gbmaj', 'Fbmaj', 'Gbmaj', 'Fbmaj', 'Gbmaj', 'Fbmaj', 'Gbmaj', 'Fbmaj', 'Gbmaj', 'Fbmaj', 'Gbmaj', 'Fbmaj', 'Gbmaj', 'Fbmaj', 'Gbmaj', 'Fbmaj', 'Dmaj', 'Bmin', 'Dmaj', 'Bmin', 'Gbmaj', 'Fbmaj', 'Gbmaj', 'Fbmaj', 'Gbmaj', 'Fbmaj', 'Gbmaj', 'Fbmaj', 'Gbmaj', 'Fbmaj', 'Gbmaj', 'Fbmaj', 'Gbmaj', 'Fbmaj', 'Gbmaj', 'Fbmaj', 'Gbmaj', 'Fbmaj', 'Gbmaj', 'Fbmaj', 'Gbmaj', 'Fbmaj', 'Gbmaj', 'Fbmaj', 'Dmaj', 'Bmin', 'Dmaj', 'Bmin', 'Gmaj', 'Cmaj', 'Amaj', 'C#dim', 'Bmin', 'Emin7', 'Gbmaj', 'Fbmaj', 'Gbmaj', 'Fbmaj', 'Gbmaj', 'Fbmaj', 'Gbmaj', 'Fbmaj', 'Gbmaj', 'Fbmaj', 'Gbmaj', 'Fbmaj', 'Gbmaj', 'Fbmaj', 'Gbmaj', 'Fbmaj', 'Gbmaj', 'Fbmaj', 'Gbmaj', 'Fbmaj', 'Gbmaj', 'Fbmaj', 'Gbmaj', 'Fbmaj', 'Gbmaj', 'Fbmaj', 'Gbmaj', 'Fbmaj', 'Gbmaj', 'Fbmaj', 'Gbmaj', 'Fbmaj', 'Gbmaj', 'Fbmaj', 'Gbmaj', 'Fbmaj', 'Gbmaj', 'Fbmaj', 'Gbmaj', 'Fbmaj', 'Gbmaj', 'Fbmaj']"
0417,"['G5', 'G5', 'G5', 'G5', 'Gsus4', 'Gsus4', 'Gsus4', 'Gsus4', 'Dmaj', 'Dmaj', 'Gmaj', 'Gmaj', 'Cmaj', 'Cmaj', 'Cmaj', 'Cmaj', 'Gmaj', 'Cmaj', 'Gmaj', 'Gmaj', 'Cmaj', 'Gmaj', 'Gmaj', 'Cmaj', 'Gmaj', 'Cmaj', 'Gmaj', 'Cmaj', 'Gmaj', 'C7', 'D7', 'G5', 'G5', 'G5', 'G5', 'Gmaj', 'Cmaj', 'Gmaj', 'Gmaj', 'Cmaj', 'Gmaj', 'Gmaj', 'Cmaj', 'Gmaj', 'Cmaj', 'Gmaj', 'Cmaj', 'Gmaj', 'C7', 'D7', 'Gmaj', 'Gmaj', 'C7', 'C7', 'Gmaj', 'G7', 'C7', 'C#dim', 'Dmaj', 'Gmaj', 'Cmaj', 'Gmaj', 'Gmaj', 'Cmaj', 'Gmaj', 'Gmaj', 'Cmaj', 'Gmaj', 'Cmaj', 'Gmaj', 'Cmaj', 'Gmaj', 'C7', 'D7', 'G5', 'G5', 'C7', 'C7', 'Gmaj', 'G7', 'C7', 'C#dim', 'D', 'Gmaj', 'Cmaj', 'Gmaj', 'Gmaj', 'Cmaj', 'Gmaj', 'Gmaj', 'Cmaj', 'Gmaj', 'Cmaj', 'Gmaj', 'Cmaj', 'Gmaj', 'C7', 'D7', 'Dmaj', 'Dmaj', 'Dmaj', 'Dmaj', 'Cmaj', 'Cmaj', 'Cmaj', 'Cmaj', 'Dmaj', 'Dmaj', 'Dmaj', 'Dmaj', 'Cmaj', 'Cmaj', 'Cmaj', 'Cmaj', 'Dmaj', 'Dmaj', 'Dmaj', 'Dmaj', 'Cmaj', 'Cmaj', 'Cmaj', 'Cmaj', 'Dmaj', 'Dmaj', 'Dmaj', 'Dmaj', 'Cmaj', 'Cmaj', 'Cmaj', 'Cmaj']"
0418,"['Cmaj', 'Cmaj', 'C7', 'C7', 'C7', 'C7', 'C7', 'C7', 'C7', 'C7', 'C7', 'C7', 'C7', 'C7', 'C7', 'C7', 'C7', 'C7', 'C7', 'C7', 'C7', 'C7', 'C7', 'C7', 'C7', 'C7', 'C7', 'C7', 'C7', 'C7', 'C7', 'C7', 'C7', 'C7', 'C7', 'C7', 'C7', 'C7', 'Cmaj', 'Cmaj', 'Cmaj', 'Cmaj', 'Cmaj', 'Cmaj', 'Cmaj', 'Cmaj', 'Cmaj', 'C7', 'C7', 'C7', 'C7', 'C7', 'C7', 'C7', 'C7', 'C7', 'C7', 'C7', 'C7', 'C7', 'C7', 'C7', 'C7', 'C7', 'C7', 'C7', 'C7', 'C7', 'C7', 'C7', 'C7', 'C7', 'C7', 'C7', 'C7', 'C7', 'C7', 'C7', 'C7']"
0419,"['Dmaj', 'Bmin7', 'F#min7', 'Asus4', 'Amaj', 'Dmaj', 'Bmin7', 'F#min7', 'Asus4', 'Amaj', 'Asus4', 'Dmaj', 'Bmin7', 'F#min7', 'Asus4', 'Amaj', 'Dmaj', 'Bmin7', 'F#min7', 'Asus4', 'Amaj', 'Asus4', 'Dmaj', 'Bmin', 'F#min', 'Asus4', 'A7', 'Dmaj', 'Bmin', 'Cmaj', 'Gmaj', 'F#min7', 'Bmin', 'F#min', 'A7', 'Fmaj', 'Cmaj', 'Asus4', 'Amaj', 'Dmaj', 'Bmin', 'F#min', 'Asus4', 'A7', 'Dmaj', 'Bmin', 'Cmaj', 'Gmaj', 'F#min7', 'Bmin', 'F#min', 'A7', 'Fmaj', 'Cmaj', 'Gmaj', 'Cmaj', 'Fmaj', 'Cmaj', 'Asus4', 'Asus4', 'Dmaj', 'Bmin7', 'F#min7', 'Asus4', 'Amaj', 'Dmaj', 'Bmin7', 'F#min7', 'Asus4', 'Amaj', 'Asus4', 'Dmaj', 'Bmin', 'F#min', 'Asus4', 'A7', 'Dmaj', 'Bmin', 'Cmaj', 'Gmaj', 'F#min7', 'Bmin', 'F#min', 'A7', 'Fmaj', 'Cmaj', 'Asus4', 'Amaj', 'Dmaj', 'Bmin', 'F#min', 'Asus4', 'A7', 'Dmaj', 'Bmin', 'Cmaj', 'Gmaj', 'F#min7', 'Bmin', 'F#min', 'A7', 'Fmaj', 'Cmaj', 'Gmaj', 'Cmaj', 'Fmaj', 'Cmaj', 'Asus4', 'Asus4', 'Dmaj', 'Bmin7', 'F#min7', 'Asus4', 'Amaj', 'Dmaj', 'Bmin7', 'F#min7', 'Asus4', 'Amaj', 'Asus4', 'Dmaj', 'Bmin', 'F#min', 'Asus4', 'A7', 'Dmaj', 'Bmin', 'Cmaj', 'Gmaj', 'F#min7', 'Bmin', 'F#min', 'A7', 'Fmaj', 'Cmaj', 'Asus4', 'Amaj', 'Dmaj', 'Bmin', 'F#min', 'Asus4', 'A7', 'Dmaj', 'Bmin', 'Cmaj', 'Gmaj', 'F#min7', 'Bmin', 'F#min', 'A7', 'Fmaj', 'Cmaj', 'Gmaj', 'Cmaj', 'Fmaj', 'Cmaj', 'Asus4', 'Asus4', 'Dmaj', 'Bmin', 'F#min', 'Asus4', 'A7', 'Dmaj', 'Bmin', 'Cmaj', 'Gmaj', 'F#min7', 'Bmin', 'F#min', 'A7', 'Fmaj', 'Cmaj', 'Asus4', 'Amaj', 'Dmaj', 'Bmin', 'F#min', 'Asus4', 'A7', 'Dmaj', 'Bmin', 'Cmaj', 'Gmaj', 'F#min7', 'Bmin', 'F#min', 'A7', 'Fmaj', 'Cmaj', 'Gmaj', 'Cmaj', 'Fmaj', 'Cmaj', 'Asus4', 'Asus4']"
0421,"['Bmin7', 'B', 'C#min7', 'F#7', 'F#min7', 'C#', 'Emin', 'F#7', 'F#7', 'Bsus4', 'Bmaj', 'Bsus4', 'Bmaj', 'Bsus4', 'Bmaj', 'Bsus4', 'Bmaj', 'Bsus4', 'Bmaj', 'Asus4', 'Amaj', 'Gsus4', 'Gmaj', 'F#sus4', 'F#sus4', 'Bmaj', 'Amaj', 'Dmaj', 'Emaj', 'Bmaj', 'Amaj', 'Dmaj', 'Emaj', 'Bsus4', 'Bmaj', 'Asus4', 'Amaj', 'Gsus4', 'Gmaj', 'F#sus4', 'F#sus4', 'Bmaj', 'Amaj', 'Dmaj', 'Emaj', 'Bmaj', 'Amaj', 'Dmaj', 'Emaj', 'Emaj', 'F#maj', 'Bmaj', 'Emaj', 'F#maj', 'Bmaj', 'Emaj', 'F#maj', 'Bmaj', 'Gmaj', 'Dmaj', 'Dmaj', 'Dsus4', 'D7', 'Dsus4', 'D7', 'Bsus4', 'Bmaj', 'Asus4', 'Amaj', 'Gsus4', 'Gmaj', 'F#sus4', 'F#sus4', 'Bmaj', 'Amaj', 'Dmaj', 'Emaj', 'Bmaj', 'Amaj', 'Dmaj', 'Emaj', 'Emaj', 'F#maj', 'Bmaj', 'Emaj', 'F#maj', 'Bmaj', 'Emaj', 'F#maj', 'Bmaj', 'Gmaj', 'Dmaj', 'Dmaj', 'Dsus4', 'D7', 'Dsus4', 'D7', 'Dsus4', 'D7', 'Dsus4', 'D7', 'Dsus4', 'D7', 'Csus4', 'C7', 'Bbsus4', 'Bb7', 'Asus4', 'A7', 'Dmaj', 'Cmaj', 'Fmaj', 'Bbsus4', 'Bb7', 'Bbsus4', 'Bb7', 'Bb7', 'Bb7']"
0425,"['Db7', 'Db7', 'Gb7', 'Gb7', 'Db7', 'Ab7', 'Db7', 'Db7', 'Db7', 'Db7', 'Db7', 'Db7', 'Db7', 'Db7', 'Gb7', 'Gb7', 'Gb7', 'Gb7', 'Db7', 'Db7', 'Db7', 'Db7', 'Ab7', 'Ab7', 'Gb7', 'Db7', 'Gb7', 'Db7', 'Ab7', 'Db7', 'Db7', 'Db7', 'Db7', 'Db7', 'Db7', 'Db7', 'Db7', 'Gb7', 'Gb7', 'Gb7', 'Gb7', 'Db7', 'Db7', 'Db7', 'Db7', 'Ab7', 'Ab7', 'Gb7', 'Db7', 'Gb7', 'Db7', 'Ab7', 'Dbmaj', 'Gbmaj', 'Dbmaj', 'Dbmaj', 'Gbmaj', 'Dbmaj', 'Dbmaj', 'Gbmaj', 'Dbmaj', 'Dbmaj', 'Gbmaj', 'Dbmaj', 'Gb7', 'Gb', 'Gb7', 'Gb7', 'Gb', 'Gb7', 'Dbmaj', 'Gbmaj', 'Dbmaj', 'Dbmaj', 'Gbmaj', 'Dbmaj', 'Ab7', 'Ab7', 'Gb7', 'Gb7', 'Dbmaj', 'Gbmaj', 'Dbmaj', 'Dbmaj', 'Gbmaj', 'Dbmaj', 'Db7', 'Db7', 'Db7', 'Db7', 'Db7', 'Db7', 'Db7', 'Db7', 'Gb7', 'Gb7', 'Gb7', 'Gb7', 'Db7', 'Db7', 'Db7', 'Db7', 'Ab7', 'Ab7', 'Gb7', 'Db7', 'Gb7', 'Db7', 'Ab7', 'Db7', 'Db7', 'Db7', 'Db7', 'Db7', 'Db7', 'Db7', 'Db7', 'Gb7']"
0426,"['Amaj', 'Emaj', 'F#min', 'Dmaj', 'Amaj', 'Emaj', 'F#min', 'Dmaj', 'Amaj', 'Emaj', 'F#min', 'Dmaj', 'Amaj', 'Emaj', 'F#min', 'Dmaj', 'Amaj', 'Emaj', 'F#min', 'Dmaj', 'Amaj', 'Emaj', 'F#min', 'Dmaj', 'Amaj', 'Emaj', 'F#min', 'Dmaj', 'Amaj', 'Emaj', 'F#min', 'Dmaj', 'Amaj', 'Emaj', 'F#min', 'Dmaj', 'Amaj', 'Emaj', 'F#min', 'Dmaj', 'Amaj', 'Emaj', 'F#min', 'Dmaj', 'Amaj', 'Emaj', 'F#min', 'Dmaj', 'Amaj', 'Emaj', 'F#min', 'Dmaj', 'Amaj', 'Emaj', 'F#min', 'Dmaj', 'A5', 'E5', 'F#5', 'D5', 'A5', 'E5', 'F#5', 'D5', 'A5', 'E5', 'F#5', 'D5', 'A5', 'E5', 'F#5', 'D5', 'Amaj', 'Emaj', 'F#min', 'Dmaj', 'Amaj', 'Emaj', 'F#min', 'Dmaj', 'A5', 'E5', 'F#5', 'D5', 'A5', 'E5', 'F#5', 'D5', 'Amaj', 'Emaj', 'F#min', 'Dmaj', 'Amaj', 'Emaj', 'F#min', 'Dmaj', 'Amaj', 'Emaj', 'F#min', 'Dmaj', 'Amaj', 'Emaj', 'F#min', 'Dmaj', 'Amaj', 'Emaj', 'F#min', 'Dmaj', 'Amaj', 'Emaj', 'F#min', 'Dmaj', 'Amaj', 'Emaj', 'F#min', 'Dmaj']"
0427,"['Amaj', 'Emaj', 'Amaj', 'Amaj', 'Dmaj', 'Emaj', 'Amaj', 'Amaj', 'Dmaj', 'Emaj', 'Amaj', 'Emaj', 'Dmaj', 'G7', 'A7', 'Dmaj', 'G7', 'A7', 'Dmaj', 'G7', 'A7', 'Bsus4', 'Bmin7', 'B7', 'Emin', 'Amaj', 'Amaj', 'Dmaj', 'Emaj', 'Amaj', 'Amaj', 'Dmaj', 'Emaj', 'Amaj', 'Emaj', 'Dmaj', 'G7', 'A7', 'Dmaj', 'G7', 'A7', 'Dmaj', 'G7', 'A7', 'Bsus4', 'Bmin7', 'B7', 'Emin', 'Amaj', 'Amaj', 'Dmaj', 'Emaj', 'Amaj', 'Amaj', 'Dmaj', 'Emaj', 'A7', 'A7', 'A7', 'A7', 'A7', 'A7', 'A7', 'A7', 'A7', 'A7', 'Bb', 'F7', 'F7', 'F7', 'F7', 'F7', 'F7', 'F7', 'A', 'C', 'G', 'Ebmaj', 'Ab7', 'Bb7', 'Ebmaj', 'Bb7', 'Ab7', 'Ebmaj', 'Ab7', 'Ebmaj', 'D7', 'Gsus4', 'Gmaj7', 'Asus4', 'Amin7', 'A7', 'Fmin7', 'Bbmaj', 'Bbmaj', 'Ebmaj', 'Fmaj', 'Bbmaj', 'Bbmaj', 'Ebmaj', 'Fmaj', 'Bbmaj', 'Ebmaj', 'Fmaj', 'Ebsus4', 'Ebsus4', 'Bb', 'Bb', 'Eb', 'Ebmin', 'Bbmaj', 'Bbmaj']"
0429,"['Emaj', 'Emaj', 'Emaj', 'Bmaj', 'F#min7', 'Bmaj', 'Emaj', 'E7', 'Amaj', 'A#dim', 'Emaj', 'C#min', 'F#min7', 'Amaj', 'Emaj', 'Amaj', 'Emaj', 'Bmaj', 'Emaj', 'Bmaj', 'F#min7', 'Bmaj', 'Emaj', 'E7', 'Amaj', 'A#dim', 'Emaj', 'C#min', 'F#min7', 'Amaj', 'Emaj', 'Amaj', 'Emaj', 'Amaj', 'Emaj', 'Bmin7', 'Emaj', 'Amaj', 'A7', 'Dmaj', 'D#dim', 'Amaj', 'F#min', 'Bmin7', 'Dmaj', 'Amaj', 'Dmaj', 'Amaj', 'Emaj', 'Amaj', 'Emaj', 'E7', 'Amaj', 'A7', 'Dmaj', 'D#dim', 'Amaj', 'F#min', 'Bmin7', 'Dmaj', 'Amaj', 'Dmaj', 'Amaj', 'Emaj', 'Amaj', 'Emaj', 'Bmin7', 'Emaj', 'Amaj', 'A7', 'Dmaj', 'D#dim', 'Amaj', 'F#min', 'Bmin7', 'Dmaj', 'Amaj', 'Dmaj', 'Amaj', 'Emaj', 'Amaj', 'Emaj', 'Bmin7', 'Emaj', 'Amaj', 'A7', 'Dmaj', 'D#dim', 'Amaj', 'F#min', 'Bmin7', 'Dmaj', 'Amaj', 'Dmaj', 'Amaj', 'Emaj']"
0430,"['A7', 'Gmaj', 'Dmaj', 'A7', 'Gmaj', 'Dmaj', 'A7', 'Gmaj', 'Dmaj', 'A7', 'Gmaj', 'Dmaj', 'A7', 'Gmaj', 'Dmaj', 'A7', 'Gmaj', 'Dmaj', 'A7', 'Gmaj', 'Dmaj', 'A7', 'Gmaj', 'Dmaj', 'D7', 'Cmaj', 'Gmaj', 'D7', 'Cmaj', 'Gmaj', 'D7', 'Cmaj', 'Gmaj', 'D7', 'Cmaj', 'Gmaj', 'A7', 'Gmaj', 'Dmaj', 'A7', 'Gmaj', 'Dmaj', 'Emin', 'Emin', 'Cmaj', 'Fmaj', 'Cmaj', 'Dmaj', 'Dmaj', 'A7', 'Gmaj', 'Dmaj', 'A7', 'Gmaj', 'Dmaj', 'A7', 'Gmaj', 'Dmaj', 'A7', 'Gmaj', 'Dmaj', 'A7', 'Gmaj', 'Dmaj', 'A7', 'Gmaj', 'Dmaj', 'A7', 'Gmaj', 'Dmaj', 'A7', 'Gmaj', 'Dmaj', 'D7', 'Cmaj', 'Gmaj', 'D7', 'Cmaj', 'Gmaj', 'D7', 'Cmaj', 'Gmaj', 'D7', 'Cmaj', 'Gmaj', 'A7', 'Gmaj', 'Dmaj', 'A7', 'Gmaj', 'Dmaj', 'Emin', 'Emin', 'Cmaj', 'Fmaj', 'Cmaj', 'Dmaj', 'Dmaj', 'A7', 'Gmaj', 'Dmaj', 'A7', 'Gmaj', 'Dmaj', 'A7', 'Gmaj', 'Dmaj', 'A7', 'Gmaj', 'Dmaj', 'A7', 'Gmaj', 'Dmaj', 'A7', 'Gmaj', 'Dmaj', 'A7', 'Gmaj', 'Dmaj', 'A7', 'Gmaj', 'Dmaj', 'A7', 'Gmaj', 'Dmaj', 'A7', 'Gmaj', 'Dmaj', 'A7', 'Gmaj', 'Dmaj', 'A7', 'Gmaj', 'Dmaj', 'A7', 'Gmaj', 'Dmaj', 'A7', 'Gmaj', 'Dmaj', 'A7', 'Gmaj', 'Dmaj', 'A7', 'Gmaj', 'Dmaj', 'D7', 'Cmaj', 'Gmaj', 'D7', 'Cmaj', 'Gmaj', 'D7', 'Cmaj', 'Gmaj', 'D7', 'Cmaj', 'Gmaj', 'A7', 'Gmaj', 'Dmaj', 'A7', 'Gmaj', 'Dmaj', 'Emin', 'Emin', 'Cmaj', 'Fmaj', 'Cmaj', 'Dmaj', 'Dmaj', 'A7', 'Gmaj', 'Dmaj', 'A7', 'Gmaj', 'Dmaj', 'A7', 'Gmaj', 'Dmaj', 'A7', 'Gmaj', 'Dmaj', 'A7', 'Gmaj', 'Dmaj', 'A7', 'Gmaj', 'Dmaj', 'A7', 'Gmaj', 'Dmaj', 'A7', 'Gmaj', 'Dmaj', 'A7', 'Gmaj', 'Dmaj', 'A7', 'Gmaj', 'Dmaj', 'A7', 'Gmaj', 'Dmaj', 'A7', 'Gmaj', 'Dmaj', 'A7', 'Gmaj', 'Dmaj', 'A7', 'Gmaj', 'Dmaj', 'A7', 'Gmaj', 'Dmaj', 'A7', 'Gmaj', 'Dmaj', 'A7', 'Gmaj', 'Dmaj', 'A7', 'Gmaj', 'Dmaj', 'A7', 'Gmaj', 'Dmaj', 'A7', 'Gmaj', 'Dmaj']"
0432,"['Cmaj', 'Fmaj', 'Gmaj', 'Cmaj', 'Fmaj', 'Cmaj', 'Cmaj', 'Cmaj', 'Fmaj', 'Fmaj', 'Dmin7', 'Gsus4', 'Cmaj', 'Cmaj', 'Cmaj', 'Cmaj', 'Fmaj', 'Fmaj', 'Dmin7', 'Gsus4', 'Cmaj', 'Cmaj', 'Cmaj', 'G7', 'Amin7', 'G7', 'Fmaj', 'Cmaj', 'Dmin', 'Emin7', 'Fmaj7', 'Fmaj', 'G7', 'Cmaj', 'Cmaj', 'Cmaj', 'G7', 'Amin7', 'G7', 'Fmaj', 'Cmaj', 'Dmin', 'Emin7', 'Fmaj7', 'Fmaj', 'G7', 'Cmaj', 'Cmaj', 'Cmaj', 'Fmaj', 'Gmaj', 'Cmaj', 'Fmaj', 'Cmaj', 'Cmaj', 'Cmaj', 'Fmaj', 'Fmaj', 'Dmin7', 'Gsus4', 'Cmaj', 'Cmaj', 'Cmaj', 'Cmaj', 'Fmaj', 'Fmaj', 'Dmin7', 'Gsus4', 'Cmaj', 'Cmaj', 'Cmaj', 'G7', 'Amin7', 'G7', 'Fmaj', 'Cmaj', 'Dmin', 'Emin7', 'Fmaj7', 'Fmaj', 'G7', 'Cmaj', 'Cmaj', 'Cmaj', 'G7', 'Amin7', 'G7', 'Fmaj', 'Cmaj', 'Dmin', 'Emin7', 'Fmaj7', 'Fmaj', 'G7', 'Cmaj', 'Cmaj', 'Cmaj', 'Fmaj', 'Gmaj', 'Cmaj', 'Fmaj', 'Cmaj', 'Cmaj', 'Cmaj', 'Fmaj', 'Fmaj', 'Dmin7', 'Gsus4', 'Cmaj', 'Cmaj', 'Cmaj', 'Cmaj', 'Fmaj', 'Fmaj', 'Dmin7', 'Gsus4', 'Cmaj', 'Cmaj', 'Cmaj', 'G7', 'Amin7', 'G7', 'Fmaj', 'Cmaj', 'Dmin', 'Emin7', 'Fmaj7', 'Fmaj', 'G7', 'Cmaj', 'Cmaj', 'Cmaj', 'G7', 'Amin7', 'G7', 'Fmaj', 'Cmaj', 'Dmin', 'Emin7', 'Fmaj7', 'Fmaj', 'G7', 'Cmaj', 'Cmaj', 'Cmaj', 'G7', 'Amin7', 'G7', 'Fmaj', 'Cmaj', 'Dmin', 'Emin7', 'Fmaj7', 'Fmaj', 'G7', 'Cmaj', 'Cmaj', 'Cmaj', 'G7', 'Amin7', 'G7', 'Fmaj', 'Cmaj', 'Dmin', 'Emin7', 'Fmaj7', 'Fmaj', 'G7', 'Cmaj', 'Cmaj']"
0433,"['Bbmaj', 'Bbmaj7', 'Ab', 'Bbmaj7', 'Bbmaj', 'Bbmaj7', 'Ab', 'Bbmaj7', 'Gmin', 'Gmin', 'Dmin', 'Dmin', 'Ebmaj', 'Ebmaj', 'Bbmaj', 'Bbmaj', 'Ebmaj', 'Ebmaj', 'Bbmaj', 'Bbmaj', 'Bbmaj', 'Cmin', 'Cmin', 'Ebmaj', 'Fmaj', 'Gmin', 'Gmin', 'Dmin', 'Dmin', 'Ebmaj', 'Ebmaj', 'Bbmaj', 'Bbmaj', 'Ebmaj', 'Ebmaj', 'Bbmaj', 'Bbmaj', 'Cmin', 'Cmin', 'Ebmaj', 'Fmaj', 'Bbmaj7', 'Bbmaj7', 'Ebmaj7', 'Ebmaj7', 'Bbmaj7', 'Bbmaj7', 'Ebmaj7', 'Ebmaj7', 'Dmin', 'Dmin', 'Gmin', 'Gmin', 'Dmin', 'Dmin', 'Gmin', 'Gmin', 'Cmin', 'Cmin', 'Ebmaj', 'Fmaj', 'Bbmaj', 'Bbmaj7', 'Ab', 'Bbmaj7', 'Bbmaj', 'Bbmaj7', 'Ab', 'Bbmaj7', 'Gmin', 'Gmin', 'Dmin', 'Dmin', 'Ebmaj', 'Ebmaj', 'Bbmaj', 'Bbmaj', 'Ebmaj', 'Ebmaj', 'Bbmaj', 'Bbmaj', 'Cmin', 'Cmin', 'Ebmaj', 'Fmaj', 'Bbmaj7', 'Bbmaj7', 'Ebmaj7', 'Ebmaj7', 'Bbmaj7', 'Bbmaj7', 'Ebmaj7', 'Ebmaj7', 'Dmin', 'Dmin', 'Gmin', 'Gmin', 'Dmin', 'Dmin', 'Gmin', 'Gmin', 'Cmin', 'C', 'Ebmaj', 'Fmaj', 'Bbmaj7', 'Bbmaj7', 'Ebmaj7', 'Ebmaj7', 'Bbmaj7', 'Bbmaj7', 'Ebmaj7', 'Ebmaj7', 'Bbmaj']"
0434,"['Abmaj', 'Fmin', 'Dbmaj', 'Ebmaj', 'Dbmaj', 'Abmaj', 'Ab', 'Abmaj7', 'Abmaj7', 'Dbmaj', 'Dbmaj', 'Dbmaj', 'Dbmaj', 'Abmaj', 'Fmin', 'Dbmaj', 'Ebmaj', 'Abmaj', 'Ab', 'Abmaj7', 'Abmaj7', 'Dbmaj', 'Dbmaj', 'Dbmaj', 'Dbmaj', 'Abmaj7', 'Fmin', 'Dbmaj', 'C7', 'Fmin', 'Bbmin', 'G', 'C7', 'Fmin', 'Bbmin', 'Bbmin7', 'Eb7', 'Abmaj7', 'Ab', 'Abmaj7', 'Ab7', 'Bbmin', 'F7', 'Bbmin7', 'Cmin7', 'Dbmaj7', 'Eb7', 'Abmaj7', 'Fmin', 'Bbmin', 'Ebmaj', 'Dbmaj', 'Abmaj']"
0439,"['Emaj', 'Emaj', 'Emaj', 'Emaj', 'Emaj', 'Emaj', 'Emaj', 'Emaj', 'Emaj', 'Emaj', 'A7', 'A7', 'Emaj', 'Emaj', 'B7', 'A7', 'Emaj', 'Emaj', 'Emaj', 'Emaj', 'Emaj', 'Emaj', 'Emaj', 'Emaj', 'Emaj', 'Emaj', 'A7', 'A7', 'Emaj', 'Emaj', 'B7', 'A7', 'Emaj', 'Emaj', 'Emaj', 'Emaj', 'Emaj', 'Emaj', 'A7', 'A7', 'Emaj', 'Emaj', 'B7', 'A7', 'Emaj', 'Emaj', 'Emaj', 'Emaj', 'Emaj', 'Emaj', 'Emaj', 'Emaj', 'Emaj', 'Emaj', 'A7', 'A7', 'Emaj', 'Emaj', 'B7', 'A7', 'Emaj', 'Emaj', 'Emaj', 'Emaj', 'Emaj', 'Emaj', 'A7', 'A7', 'Emaj', 'Emaj', 'B7', 'A7', 'Emaj', 'Emaj', 'Emaj', 'Emaj', 'Emaj', 'Emaj']"
0442,"['Ebmin7', 'Ebmin7', 'Ebmin7', 'Ebmin7', 'Ebmin7', 'Ebmin7', 'Ebmin7', 'Ebmin7', 'Ebmin7', 'Ebmin7', 'Ebmin7', 'Ebmin7', 'Ebmin7', 'Ebmin7', 'Ebmin7', 'Ebmin7', 'Ebmin7', 'Ebmin7', 'Abmin7', 'Abmin7', 'Ebmin7', 'Ebmin7', 'Ebmin7', 'Ebmin7', 'Ebmin7', 'Ebmin7', 'Ebmin7', 'Ebmin7', 'Ebmin7', 'Ebmin7', 'Ebmin7', 'Ebmin7', 'Ebmin7', 'Ebmin7', 'Ebmin7', 'Ebmin7', 'Ebmin7', 'Ebmin7', 'Ebmin7', 'Ebmin7', 'Ebmin7', 'Ebmin7', 'Abmin7', 'Abmin7', 'Ebmin7', 'Ebmin7', 'Ebmin7', 'Ebmin7', 'Cmin', 'Cbmaj', 'Abmin', 'Bbmaj', 'Ebmin', 'Abmin', 'Bbmaj', 'Ebmin7', 'Ebmin7', 'Ebmin7', 'Ebmin7', 'Ebmin7', 'Ebmin7', 'Ebmin7', 'Ebmin7', 'Ebmin7', 'Ebmin7', 'Ebmin7', 'Ebmin7', 'Ebmin7', 'Ebmin7', 'Ebmin7', 'Ebmin7', 'Ebmin7', 'Ebmin7', 'Ab7', 'Ab7', 'Ebmin7', 'Ebmin7', 'Ebmin7', 'Ebmin7', 'Cmin', 'Cbmaj', 'Abmin', 'Bbmaj', 'Ebmin', 'Abmin', 'Bbmaj', 'Ebmin7', 'Ebmin7', 'Abmaj', 'Abmin', 'Ebmin7', 'Ebmin7', 'Abmaj', 'Abmin', 'Ebmin7', 'Ebmin7', 'Abmaj', 'Abmin', 'Ebmin7', 'Ebmin7', 'Abmaj', 'Abmin', 'Ebmin7', 'Ebmin7', 'Abmaj', 'Abmin', 'Ebmin7', 'Ebmin7', 'Abmaj', 'Abmin', 'Ebmin7', 'Ebmin7', 'Abmaj', 'Abmin', 'Ebmin7', 'Ebmin7', 'Abmaj', 'Abmin', 'Ebmin7', 'Ebmin7', 'Abmaj', 'Abmin']"
0443,"['Dmaj', 'D7', 'Gmaj', 'Amaj', 'Dmaj', 'D7', 'Gmaj', 'Amaj', 'Dmaj', 'Dmaj', 'Gmaj', 'Amaj', 'Dmaj', 'Dmaj', 'Gmaj', 'Amaj', 'Dmaj', 'F#7', 'Gmaj', 'Amaj', 'Dmaj', 'F#7', 'Gmaj', 'Amaj', 'Bmin', 'Bmin', 'Bmin', 'E7', 'Amaj', 'Gmaj', 'Dmaj', 'F#7', 'Gmaj', 'Amaj', 'Dmaj', 'F#7', 'Gmaj', 'Amaj', 'Bmin', 'Bmin', 'Bmin', 'E7', 'Amaj', 'Gmaj', 'Dmaj', 'Gmaj', 'Amaj', 'Dmaj', 'Gmaj', 'Amaj', 'Dmaj', 'Gmaj', 'Amaj', 'Dmaj', 'Gmaj', 'Amaj', 'Dmaj', 'Dmaj', 'Gmaj', 'Amaj', 'Dmaj', 'Dmaj', 'Gmaj', 'Amaj', 'Dmaj', 'F#7', 'Gmaj', 'Amaj', 'Dmaj', 'F#7', 'Gmaj', 'Amaj', 'Bmin', 'Bmin', 'Bmin', 'E7', 'Amaj', 'Gmaj', 'Dmaj', 'Gmaj', 'Amaj', 'Dmaj', 'Gmaj', 'Amaj', 'Dmaj', 'Gmaj', 'Amaj', 'Dmaj', 'Gmaj', 'Amaj', 'Dmaj', 'Dmaj', 'Gmaj', 'Amaj', 'Dmaj', 'Dmaj', 'Gmaj', 'Amaj', 'Dmaj', 'Dmaj', 'Gmaj', 'Amaj', 'Amaj', 'Amaj']"
0444,"['Cmaj', 'G7', 'Cmaj', 'Fmaj7', 'Cmaj', 'Cmaj', 'Fmaj', 'Cmaj', 'Cmaj', 'Cmaj', 'E7', 'Fmaj', 'Fmaj', 'Fmaj', 'F#dim', 'Cmaj', 'Amin', 'Fmin', 'Gmaj', 'G7', 'Cmaj', 'Fmaj', 'Cmaj', 'Cmaj', 'Fmaj', 'Cmaj', 'Cmaj', 'Cmaj', 'E7', 'Fmaj', 'Fmaj', 'Fmaj', 'F#dim', 'Cmaj', 'Amin', 'Fmin', 'Gmaj', 'G7', 'Cmaj', 'Cmaj', 'C7', 'C7', 'Fmaj', 'Fmaj', 'C7', 'C7', 'Fmaj', 'Fmaj', 'D7', 'D7', 'Gmaj', 'Gmaj', 'D7', 'D7', 'G7', 'G7', 'Cmaj', 'Fmaj', 'Cmaj', 'Cmaj', 'Cmaj', 'E7', 'Fmaj', 'Fmaj', 'Fmaj', 'F#dim', 'Cmaj', 'Amin', 'Fmin', 'Gmaj', 'G7', 'Fmaj', 'Cmaj']"
0445,"['Emin', 'Dmin', 'Fmaj', 'Emin', 'Gmaj', 'Gmaj', 'Emin', 'Dmin', 'Fmaj', 'Emin', 'Gmaj', 'Gmaj', 'Cmaj', 'Emin7', 'F', 'Cmaj', 'Dmin7', 'Fmaj', 'G7', 'Cmaj', 'Emin7', 'F', 'Cmaj', 'Dmin7', 'Fmaj', 'G7', 'Dmin7', 'G7', 'Dmin7', 'G7', 'Dmin7', 'G7', 'Dmin7', 'Esus4', 'E7', 'Amin', 'E7', 'G', 'D7', 'Amin', 'E7', 'G', 'D7', 'Fmaj', 'Fmaj', 'Amin7', 'Amin7', 'Fmaj', 'Fmaj', 'Amin7', 'Amin7', 'Dmin7', 'Emin7', 'Fmaj', 'Gsus4', 'G', 'Emin', 'Dmin', 'Fmaj', 'Emin', 'Gmaj', 'Gmaj', 'Emin', 'Dmin', 'Fmaj', 'Emin', 'Gmaj', 'Gmaj', 'Cmaj', 'Emin7', 'F', 'Cmaj', 'Dmin7', 'Fmaj', 'G7', 'Cmaj', 'Emin7', 'F', 'Cmaj', 'Dmin7', 'Fmaj', 'G7', 'Dmin7', 'G7', 'Dmin7', 'G7', 'Dmin7', 'G7', 'Dmin7', 'Esus4', 'E7', 'Amin', 'E7', 'G', 'D7', 'Amin', 'E7', 'G', 'D7', 'Fmaj', 'Emin', 'Gmaj', 'Fmaj', 'Emin', 'Gmaj', 'Fmaj', 'Emin', 'Gmaj', 'Fmaj', 'Emin', 'Gmaj', 'Fmaj', 'Emin', 'Gmaj', 'Fmaj', 'Emin', 'Gmaj', 'Fmaj', 'Emin', 'Gmaj', 'Fmaj', 'Emin', 'Gmaj', 'Fmaj', 'Emin', 'Gmaj', 'Fmaj', 'Emin', 'Gmaj', 'Fmaj', 'Emin', 'Gmaj', 'Fmaj', 'Emin', 'Gmaj', 'Fmaj', 'Emin', 'Gmaj', 'Fmaj', 'Emin', 'Gmaj', 'Fmaj', 'Emin', 'Gmaj', 'Fmaj', 'Emin', 'Gmaj']"
0446,"['Emaj', 'Emaj', 'Emaj', 'Emaj', 'Emaj', 'Emaj', 'Amaj', 'Amaj', 'Bmaj', 'B7', 'Emaj', 'Emaj', 'Emaj', 'E7', 'Amaj', 'Amaj', 'Bmaj', 'B7', 'Emaj', 'Emaj', 'Emaj', 'E7', 'Amaj', 'Amaj', 'Bmaj', 'B7', 'Emaj', 'Emaj', 'Emaj', 'E7', 'Amaj', 'Amaj', 'Bmaj', 'B7', 'Emaj', 'Emaj', 'Amaj', 'Bmaj', 'Emaj', 'Emaj', 'Amaj', 'Bmaj', 'Emaj', 'Amaj', 'Bmaj', 'B7', 'Emaj', 'Emaj', 'Emaj', 'E7', 'Amaj', 'Amaj', 'Bmaj', 'B7', 'Emaj', 'Emaj', 'Emaj', 'E7', 'Amaj', 'Amaj', 'Bmaj', 'B7', 'Emaj', 'Emaj', 'Amaj', 'Bmaj', 'Emaj', 'Emaj', 'Amaj', 'Bmaj', 'Emaj', 'Amaj', 'Bmaj', 'B7', 'Emaj', 'E7', 'Amaj', 'Bmaj', 'Emaj', 'Amaj', 'F#min', 'Bmaj', 'Emaj', 'E7', 'Amaj', 'Bmaj', 'Emaj', 'Amaj', 'F#min', 'Amaj', 'Bmaj', 'Bmaj', 'Emaj', 'E7', 'Amaj', 'Amaj', 'Bmaj', 'B7', 'Emaj', 'Emaj', 'Emaj', 'Emaj', 'Amaj', 'Amaj', 'Bmaj', 'B7', 'Emaj', 'E7', 'Amaj', 'Bmaj', 'Emaj', 'Emaj', 'Amaj', 'Bmaj', 'Emaj', 'Amaj', 'Bmaj', 'B7', 'Emaj', 'Emaj', 'Amaj', 'B7', 'Emaj', 'E7', 'Amaj', 'B7', 'Emaj', 'Amaj', 'Bmaj', 'B7', 'Emaj', 'Emaj', 'Bmaj', 'B7', 'Amaj', 'Amaj', 'Emaj']"
0448,"['Amaj', 'A', 'A', 'A', 'Amaj', 'Dmaj', 'Emaj', 'Amaj', 'Gmaj', 'Gmaj', 'Gmaj', 'Gmaj', 'Gmaj', 'Gmaj', 'Fmaj', 'Gmaj', 'Gmaj', 'Fmaj', 'Gmaj', 'Gmaj', 'Fmaj', 'Gmaj', 'Gmaj', 'Fmaj', 'Gmaj', 'Gmaj', 'Fmaj', 'Gmaj', 'Gmaj', 'Fmaj', 'Gmaj', 'Gmaj', 'Fmaj', 'Gmaj', 'Gmaj', 'Fmaj', 'Fmaj', 'Gmaj', 'Cmaj', 'Fmaj', 'Dmin7', 'Gmaj', 'Emaj', 'Emaj', 'Amaj', 'Amaj', 'Dmaj', 'Emaj', 'Amaj', 'Amaj', 'Amaj', 'Dmaj', 'Emaj', 'Amaj', 'Amaj', 'Amaj', 'Dmaj', 'Emaj', 'Amaj', 'Amaj', 'Amaj', 'Dmaj', 'Emaj', 'Amaj', 'Amaj', 'Amaj', 'Dmaj', 'Emaj', 'Amaj', 'Amaj', 'Amaj', 'Dmaj', 'Emaj', 'Amaj', 'Amaj', 'Amaj', 'Dmaj', 'Emaj', 'Amaj', 'Amaj', 'Amaj', 'Dmaj', 'Emaj', 'Amaj', 'Gmaj', 'Gmaj', 'Gmaj', 'Gmaj', 'Gmaj', 'Gmaj', 'Fmaj', 'Gmaj', 'Gmaj', 'Fmaj', 'Gmaj', 'Gmaj', 'Fmaj', 'Gmaj', 'Gmaj', 'Fmaj', 'Fmaj', 'Gmaj', 'Cmaj', 'Fmaj', 'Dmin7', 'Gmaj', 'Emaj', 'Emaj', 'Amaj', 'Amaj', 'Dmaj', 'Emaj', 'Amaj', 'Amaj', 'Amaj', 'Dmaj', 'Emaj', 'Amaj', 'Amaj', 'Amaj', 'Dmaj', 'Emaj', 'Amaj', 'Amaj', 'Amaj', 'Dmaj', 'Emaj', 'Amaj', 'Amaj', 'Amaj', 'Dmaj', 'Emaj', 'Amaj', 'Amaj', 'Amaj', 'Dmaj', 'Emaj', 'Amaj', 'Amaj', 'Amaj', 'Dmaj', 'Emaj', 'Amaj', 'Amaj', 'Amaj', 'Dmaj', 'Emaj', 'Amaj', 'Amaj', 'Emaj', 'Amaj', 'Emaj', 'Cmaj', 'Cmaj', 'C', 'Cmaj', 'Gmaj', 'Fmaj7', 'Gmaj', 'Fmaj7', 'Emin7', 'Emin7', 'Amaj', 'Emaj', 'Amaj', 'Emaj', 'Cmaj', 'Cmaj', 'C', 'Cmaj', 'Gmaj', 'Fmaj7', 'Gmaj', 'Fmaj7', 'Emin7', 'Emin7', 'Amaj', 'Amaj', 'Dmaj', 'Emaj', 'Amaj', 'Amaj', 'Amaj', 'Dmaj', 'Emaj', 'Amaj', 'Amaj', 'Amaj', 'Dmaj', 'Emaj', 'Amaj', 'Amaj', 'Amaj', 'Dmaj', 'Emaj', 'Amaj', 'Fmaj', 'Fmaj', 'Bbmaj', 'Cmaj', 'Fmaj', 'Fmaj', 'Fmaj', 'Bbmaj', 'Cmaj', 'Fmaj', 'Fmaj', 'Fmaj', 'Bbmaj', 'Cmaj', 'Fmaj', 'Fmaj', 'Fmaj', 'Bbmaj', 'Cmaj', 'Fmaj', 'Fmaj', 'Fmaj', 'Bbmaj', 'Cmaj', 'Fmaj', 'Fmaj', 'Fmaj', 'Bbmaj', 'Cmaj', 'Fmaj', 'Fmaj', 'Fmaj', 'Bbmaj', 'Cmaj', 'Fmaj', 'Fmaj', 'Fmaj', 'Bbmaj', 'Cmaj', 'Fmaj', 'Fmaj', 'Fmaj', 'Bbmaj', 'Cmaj', 'Fmaj', 'Fmaj', 'Fmaj', 'Bbmaj', 'Cmaj', 'Fmaj', 'Fmaj', 'Fmaj', 'Bbmaj', 'Cmaj', 'Fmaj', 'Fmaj', 'Fmaj', 'Bbmaj', 'Cmaj', 'Fmaj']"
0450,"['D5', 'A5', 'B5', 'G5', 'A5', 'D5', 'D5', 'A5', 'B5', 'G5', 'A5', 'D5', 'D5', 'A5', 'B5', 'G5', 'A5', 'D5', 'D5', 'A5', 'B5', 'G5', 'A5', 'D5', 'D5', 'A5', 'B5', 'G5', 'A5', 'D5', 'D5', 'A5', 'B5', 'G5', 'A5', 'D5', 'Amaj', 'Dmaj', 'Dmaj', 'Bmin', 'Dmaj', 'Dmaj', 'Bmin', 'Gmaj', 'Amaj', 'Dmaj', 'Bmin', 'Amaj', 'D5', 'A5', 'B5', 'G5', 'A5', 'D5', 'D5', 'A5', 'B5', 'G5', 'A5', 'D5', 'D5', 'A5', 'B5', 'G5', 'A5', 'D5', 'D5', 'A5', 'B5', 'G5', 'A5', 'D5', 'Amaj', 'Dmaj', 'Dmaj', 'Bmin', 'Dmaj', 'Dmaj', 'Bmin', 'Gmaj', 'Amaj', 'Dmaj', 'Bmin', 'Amaj', 'Dmaj', 'Dmaj', 'Bmin', 'Dmaj', 'Dmaj', 'Bmin', 'Amaj', 'Bmin', 'Amaj', 'Gmaj', 'Amaj', 'Dmaj', 'Gmaj', 'Amaj', 'Dmaj', 'Gmaj', 'Amaj', 'Dmaj', 'Bmin', 'Amaj', 'G5', 'G5', 'Amaj', 'Bmaj', 'Bmaj', 'G#min', 'F#maj', 'G#min', 'F#maj', 'Gmaj', 'Amaj', 'Dmaj', 'Bmin', 'Amaj', 'D5', 'A5', 'B5', 'G5', 'A5', 'D5', 'D5', 'A5', 'B5', 'G5', 'A5', 'D5', 'D5', 'A5', 'B5', 'G5', 'A5', 'D5', 'D5', 'A5', 'B5', 'G5', 'A5', 'D5', 'Amaj', 'Dmaj', 'Dmaj', 'Bmin', 'Gmaj', 'Amaj', 'Dmaj', 'Bmin', 'Amaj', 'Dmaj', 'Dmaj', 'Bmin', 'Amaj', 'Bmin', 'Amaj', 'Dmaj', 'Dmaj', 'Dmaj', 'Dmaj', 'Gmaj', 'Dmaj', 'Dmaj']"
0451,"['Fmaj', 'Amin7', 'Gmaj', 'Fmaj', 'Amin7', 'Gmaj', 'Fmaj', 'Amin7', 'Gmaj', 'Fmaj', 'Amin7', 'Gmaj', 'Cmaj', 'Fmaj', 'Cmaj', 'Gmaj', 'Cmaj', 'Gmaj', 'Fmaj', 'Bbmaj', 'Fmaj', 'Gmaj', 'Cmaj', 'Gmaj', 'Cmaj', 'Fmaj', 'Cmaj', 'Gmaj', 'Cmaj', 'Gmaj', 'Fmaj', 'Gmaj', 'Fmaj', 'Amin7', 'Gmaj', 'Cmaj', 'Fmaj', 'Amin7', 'Gmaj', 'Cmaj', 'Fmaj', 'Amin7', 'Gmaj', 'Cmaj', 'Bbmaj', 'Fmaj', 'Cmaj', 'Gmaj', 'Bbmaj', 'Fmaj', 'Cmaj', 'Gmaj', 'Bbmaj', 'Fmaj', 'Gmaj', 'Fmaj', 'Amin7', 'Gmaj', 'Fmaj', 'Amin7', 'Gmaj', 'Fmaj', 'Amin7', 'Gmaj', 'Fmaj', 'Amin7', 'Gmaj', 'Fmaj', 'Amin7', 'Gmaj', 'Fmaj', 'Amin7', 'Gmaj', 'Cmaj', 'Fmaj', 'Cmaj', 'Gmaj', 'Cmaj', 'Gmaj', 'Fmaj', 'Bbmaj', 'Fmaj', 'Gmaj', 'Cmaj', 'Fmaj', 'Cmaj', 'Gmaj', 'Cmaj', 'Gmaj', 'Fmaj', 'Gmaj', 'Fmaj', 'Amin7', 'Gmaj', 'Cmaj', 'Fmaj', 'Amin7', 'Gmaj', 'Cmaj', 'Fmaj', 'Amin7', 'Gmaj', 'Cmaj', 'Bbmaj', 'Fmaj', 'Cmaj', 'Gmaj', 'Bbmaj', 'Fmaj', 'Cmaj', 'Gmaj', 'Bbmaj', 'Fmaj', 'Gmaj', 'Fmaj', 'Amin7', 'Gmaj', 'Fmaj', 'Amin7', 'Gmaj', 'Fmaj', 'Amin7', 'Gmaj', 'Fmaj', 'Amin7', 'Gmaj', 'Fmaj', 'Amin7', 'Gmaj', 'Fmaj', 'Amin7', 'Gmaj', 'Fmaj', 'Amin7', 'Gmaj', 'Fmaj', 'Amin7', 'Gmaj', 'Fmaj', 'Amin7', 'Gmaj', 'Fmaj', 'Amin7', 'Gmaj', 'Fmaj', 'Amin7', 'Gmaj', 'Fmaj', 'Amin7', 'Gmaj', 'Fmaj', 'Amin7', 'Gmaj', 'Fmaj', 'Amin7', 'Gmaj', 'Fmaj', 'Amin7', 'Gmaj', 'Fmaj', 'Amin7', 'Gmaj', 'Fmaj', 'Amin7', 'Gmaj', 'Fmaj', 'Amin7', 'Gmaj', 'Cmaj', 'Fmaj', 'Cmaj', 'Gmaj', 'Cmaj', 'Gmaj', 'Fmaj', 'Bbmaj', 'Fmaj', 'Gmaj', 'Cmaj', 'Fmaj', 'Cmaj', 'Gmaj', 'Cmaj', 'Gmaj', 'Fmaj', 'Gmaj', 'Fmaj', 'Amin7', 'Gmaj', 'Cmaj', 'Fmaj', 'Amin7', 'Gmaj', 'Cmaj', 'Fmaj', 'Amin7', 'Gmaj', 'Cmaj', 'Bbmaj', 'Fmaj', 'Cmaj', 'Gmaj', 'Bbmaj', 'Fmaj', 'Cmaj', 'Gmaj', 'Bbmaj', 'Fmaj', 'Gmaj', 'Fmaj', 'Amin7', 'Gmaj', 'Fmaj', 'Amin7', 'Gmaj', 'Fmaj', 'Amin7', 'Gmaj', 'Fmaj', 'Amin7', 'Gmaj', 'Fmaj', 'Amin7', 'Gmaj', 'Fmaj', 'Amin7', 'Gmaj', 'Fmaj', 'Amin7', 'Gmaj', 'Fmaj', 'Amin7', 'Gmaj', 'Fmaj', 'Amin7', 'Gmaj', 'Fmaj', 'Amin7', 'Gmaj', 'Fmaj', 'Amin7', 'Cmaj']"
0452,"['F#maj', 'Bmaj', 'F#maj', 'Bmaj', 'F#maj', 'Bmaj', 'F#maj', 'Bmaj', 'F#maj', 'Bmaj', 'F#maj', 'Bmaj', 'F#maj', 'Bmaj', 'F#maj', 'Bmaj', 'Emaj', 'Bmaj', 'F#maj', 'Bmaj', 'F#maj', 'Bmaj', 'F#maj', 'Bmaj', 'F#maj', 'Bmaj', 'F#maj', 'Bmaj', 'F#maj', 'Bmaj', 'Emaj', 'Bmaj', 'F#maj', 'Bmaj', 'F#maj', 'Bmaj', 'Bmaj', 'Emaj', 'Bmaj', 'F#maj', 'Bmaj', 'F#maj', 'F#maj', 'Bmaj', 'F#maj', 'Bmaj', 'F#maj', 'Bmaj', 'F#maj', 'Bmaj', 'F#maj', 'Bmaj', 'F#maj', 'Bmaj', 'Emaj', 'Bmaj', 'F#maj', 'Bmaj', 'F#maj', 'F#maj', 'Bmaj', 'F#maj', 'Bmaj', 'F#maj', 'Bmaj', 'F#maj', 'Bmaj', 'Emaj', 'Bmaj', 'F#maj', 'Bmaj', 'F#maj', 'Bmaj', 'Emaj', 'Bmaj', 'F#maj', 'Bmaj', 'F#maj', 'F#maj', 'Bmaj', 'F#maj', 'Bmaj', 'F#maj', 'Bmaj', 'F#maj', 'Bmaj', 'F#maj', 'Bmaj', 'F#maj', 'Bmaj', 'F#maj', 'Bmaj', 'F#maj', 'Bmaj', 'Emaj', 'Bmaj', 'F#maj', 'Bmaj', 'F#maj', 'Bmaj', 'Emaj', 'Bmaj', 'F#maj', 'Bmaj', 'F#maj', 'Bmaj', 'F#maj', 'Bmaj', 'F#maj', 'Bmaj', 'G#min', 'Bmaj', 'Emaj', 'D#maj', 'Emaj', 'Bmaj', 'G#min', 'Bmaj', 'Emaj', 'D#maj', 'Emaj', 'Bmaj', 'F#maj', 'Bmaj', 'F#maj', 'Bmaj', 'F#maj', 'Bmaj', 'F#maj', 'Bmaj', 'F#maj', 'Bmaj', 'F#maj', 'Bmaj', 'F#maj', 'Bmaj', 'F#maj', 'Bmaj', 'F#maj', 'Bmaj', 'F#maj', 'Bmaj', 'F#maj', 'Bmaj', 'F#maj', 'Bmaj', 'F#maj', 'Bmaj', 'F#maj', 'Bmaj', 'F#maj', 'Bmaj', 'F#maj', 'Bmaj', 'F#maj', 'Bmaj', 'F#maj', 'Bmaj', 'F#maj', 'Bmaj', 'F#maj', 'Bmaj', 'Emaj', 'Bmaj']"
0454,"['Fmin9', 'Bbsus4', 'Ebmaj7', 'Db7', 'C7', 'Fmin9', 'Bbsus4', 'Ebmaj7', 'A7', 'Abmaj7', 'Gmin7', 'Fmin7', 'Cmin', 'Abmaj7', 'Gmin7', 'Db7', 'Cmin', 'F7', 'Fmin9', 'Bbsus4', 'Ebmaj7', 'Db7', 'C7', 'Fmin9', 'Bbsus4', 'Ebmaj7', 'A7', 'Abmaj7', 'Gmin7', 'Fmin7', 'Cmin', 'Abmaj7', 'Gmin7', 'Db7', 'Cmin', 'F7', 'Fmin9', 'Bbsus4', 'Ebmaj7', 'Db7', 'C7', 'Fmin9', 'Bbsus4', 'Ebmaj7', 'A7', 'Abmaj7', 'Gmin7', 'Fmin7', 'Cmin', 'Abmaj7', 'Gmin7', 'Db7', 'Cmin', 'F7', 'Fmin9', 'Bbsus4', 'Ebmaj7', 'Db7', 'C7', 'Fmin9', 'Bbsus4', 'Ebmaj7', 'A7', 'Abmaj7', 'Gmin7', 'Fmin7', 'Cmin', 'Abmaj7', 'Gmin7', 'Db7', 'Cmin', 'F7']"
0455,"['F', 'F', 'F', 'F', 'F7', 'F7', 'F7', 'F7', 'F7', 'F7', 'F7', 'F7', 'C7', 'F7', 'C7', 'F7', 'F7', 'Fmaj', 'Bbmaj9', 'Bb', 'F7', 'Fmaj', 'Bbmaj9', 'Bb', 'C7', 'F7', 'C7', 'F7', 'Bb7', 'F7', 'Bb7', 'F7', 'Bb7', 'F7', 'Bb7', 'F7', 'C7', 'F7', 'F7', 'Fmaj', 'Bbmaj9', 'Bb', 'F7', 'Fmaj', 'Bbmaj9', 'Bb', 'C7', 'F7', 'C7', 'F7', 'F7', 'F7', 'Bb7', 'F7', 'C7', 'Bb7', 'F7', 'F7', 'F7', 'Bb7', 'F7', 'C7', 'Bb7', 'F7', 'F7', 'F7', 'Bb7', 'F7', 'C7', 'Bb7', 'F7', 'F7', 'F7', 'Bb7', 'F7', 'C7', 'Bb7', 'F7', 'F7', 'F7', 'Bb7', 'F7', 'C7', 'Bb7', 'F7', 'F7', 'C7', 'Bb7', 'F7', 'C7', 'Bb7', 'F7', 'F7', 'F7', 'Bb7', 'F7', 'C7', 'Bb7', 'F7', 'F7', 'F7', 'Bb7', 'F7', 'C7', 'Bb7', 'F7', 'F7', 'Fmaj', 'Bbmaj9', 'Bb', 'F7', 'Fmaj', 'Bbmaj9', 'Bb', 'C7', 'F7', 'C7', 'F7', 'F7', 'F7', 'F7', 'F7', 'F7', 'F7']"
0456,"['Amaj', 'Amaj', 'Emaj', 'Emaj', 'Amaj', 'Amaj', 'Dmaj9', 'C#min7', 'Amaj', 'Emaj', 'Emaj', 'Amaj', 'Amaj', 'Emaj', 'Emaj', 'Amaj', 'Amaj', 'C#min7', 'C#min7', 'F#min', 'C#7', 'F#min', 'C#7', 'F#min', 'C#7', 'F#min', 'C#7', 'F#min', 'C#7', 'Dmaj7', 'Dmaj7', 'Amaj', 'Amaj', 'Amaj', 'Amaj', 'Emaj', 'Emaj', 'Amaj', 'Amaj', 'Emaj', 'Emaj', 'Amaj', 'Amaj', 'C#min7', 'C#min7', 'F#min', 'C#7', 'F#min', 'C#7', 'F#min', 'C#7', 'F#min', 'C#7', 'F#min', 'C#7', 'Dmaj7', 'Dmaj7', 'Amaj', 'Amaj', 'Emaj', 'Emaj', 'Amaj', 'Amaj', 'Emaj', 'Emaj', 'Amaj', 'Amaj', 'C#min7', 'C#min7', 'Emaj', 'Emaj', 'Amaj', 'Amaj', 'Emaj', 'Emaj', 'Amaj', 'Amaj', 'Emaj', 'Emaj', 'Amaj', 'Amaj', 'Emaj', 'Emaj', 'Amaj', 'Amaj', 'Emaj', 'Emaj', 'Amaj', 'Amaj', 'Amaj', 'Emaj', 'Emaj', 'Amaj', 'Amaj', 'Dmaj7', 'C#min7', 'Amaj', 'Emaj', 'Dmaj7', 'C#min7', 'Amaj', 'Emaj', 'Dmaj7', 'C#min7', 'Amaj', 'Emaj', 'Dmaj7', 'C#min7', 'Amaj', 'Amaj', 'Emaj', 'Emaj', 'Emaj', 'Emaj', 'Emaj', 'Emaj', 'Emaj', 'Emaj', 'Emaj', 'Emaj', 'Amaj', 'Amaj', 'Emaj', 'Emaj', 'Amaj', 'Amaj', 'Emaj', 'Emaj', 'Amaj', 'Amaj', 'C#min7', 'C#min7', 'F#min', 'C#7', 'F#min', 'C#7', 'F#min', 'C#7', 'F#min', 'C#7', 'F#min', 'C#7', 'Dmaj7', 'Dmaj7', 'Amaj', 'Amaj', 'Emaj', 'Emaj', 'Amaj', 'Amaj', 'Emaj', 'Emaj', 'Amaj', 'Amaj', 'Emaj', 'Emaj', 'Amaj', 'Amaj', 'Emaj', 'Emaj', 'Amaj', 'Dmaj7', 'C#min7', 'Amaj', 'Emaj', 'Dmaj7', 'C#min7', 'C#min7', 'Amaj', 'Amaj', 'Amaj', 'Emaj']"
0457,"['E', 'E', 'E', 'E', 'E', 'E', 'E', 'E', 'E', 'E', 'E', 'E', 'E', 'E', 'E', 'E', 'E', 'E', 'E', 'E', 'E', 'E', 'E', 'E', 'Emaj', 'Emaj', 'Amaj', 'Amaj', 'Dmaj', 'Amaj', 'Emaj', 'Emaj', 'Emaj', 'Emaj', 'Amaj', 'Emaj', 'Emaj', 'Emaj', 'Amaj', 'Amaj', 'Dmaj', 'Amaj', 'Emaj', 'Emaj', 'Emaj', 'Emaj', 'Emaj', 'Emaj', 'Emaj', 'Emaj', 'Emaj', 'Emaj', 'Amaj', 'Amaj', 'Dmaj', 'Amaj', 'Emaj', 'Emaj', 'Emaj', 'Emaj', 'Amaj', 'Emaj', 'Emaj', 'Emaj', 'Amaj', 'Amaj', 'Dmaj', 'Amaj', 'Emaj', 'Emaj', 'Emaj', 'Emaj', 'Emaj', 'Emaj', 'Emaj', 'Emaj', 'Emaj', 'Emaj', 'Emaj', 'Emaj', 'Amaj', 'Amaj', 'Dmaj', 'Amaj', 'Amaj', 'Amaj', 'Dmaj', 'Amaj', 'Emaj', 'Emaj', 'Amaj', 'Emaj', 'Emaj', 'Emaj', 'Amaj', 'Emaj', 'Amaj', 'Amaj', 'Dmaj', 'Amaj', 'Amaj', 'Amaj', 'Dmaj', 'Amaj', 'Emaj', 'Emaj', 'Amaj', 'Emaj', 'Emaj', 'Emaj', 'Amaj', 'Emaj', 'Emaj', 'Emaj', 'Emaj', 'Emaj', 'Amaj', 'Amaj', 'Dmaj', 'Amaj', 'Emaj', 'Emaj', 'Emaj', 'Emaj', 'Amaj', 'Emaj', 'Emaj', 'Emaj', 'Amaj', 'Amaj', 'Dmaj', 'Amaj', 'Emaj', 'Emaj', 'Emaj', 'Emaj', 'Emaj', 'Emaj', 'Emaj', 'Emaj', 'Emaj', 'Emaj', 'Emaj', 'Emaj', 'Emaj', 'Emaj', 'Emaj', 'Emaj', 'E', 'E', 'D', 'E', 'E', 'E', 'D', 'E', 'E', 'E', 'D', 'E', 'E', 'E', 'D', 'E', 'E', 'E', 'D', 'E', 'E', 'E', 'D', 'E', 'E', 'E', 'D', 'E', 'E', 'E', 'D', 'E', 'E', 'E', 'D', 'E', 'E', 'E', 'D', 'E', 'E', 'E', 'D', 'E', 'E', 'E', 'D', 'E', 'Emaj', 'Emaj', 'Emaj', 'Amaj', 'Emaj', 'Emaj', 'Amaj', 'Emaj']"
0458,"['Amaj', 'Amaj', 'Gmaj', 'Gmaj', 'Dmaj', 'Dmaj', 'Amaj', 'Amaj', 'Amaj', 'Amaj', 'Gmaj', 'Gmaj', 'Dmaj', 'Dmaj', 'Amaj', 'Amaj', 'Amaj', 'Amaj', 'Gmaj', 'Gmaj', 'Dmaj', 'Dmaj', 'Amaj', 'Amaj', 'Amaj', 'Amaj', 'Gmaj', 'Gmaj', 'Dmaj', 'Dmaj', 'Amaj', 'Amaj', 'F#', 'Dmaj', 'Amaj', 'Amaj', 'F#', 'Dmaj', 'Dmaj', 'Dmaj', 'Dsus4', 'Amaj', 'Amaj', 'Gmaj', 'Gmaj', 'Dmaj', 'Dmaj', 'Amaj', 'Amaj', 'Amaj', 'Amaj', 'Gmaj', 'Gmaj', 'Dmaj', 'Dmaj', 'Amaj', 'Amaj', 'F#', 'Dmaj', 'Amaj', 'Amaj', 'F#', 'Dmaj', 'Dmaj', 'Dmaj', 'Dsus4', 'Amaj', 'Amaj', 'Gmaj', 'Gmaj', 'Dmaj', 'Dmaj', 'Amaj', 'Amaj', 'Amaj', 'Amaj', 'Gmaj', 'Gmaj', 'Dmaj', 'Dmaj', 'Amaj', 'Amaj', 'Amaj', 'Amaj', 'Gmaj', 'Gmaj', 'Dmaj', 'Dmaj', 'Amaj', 'Amaj', 'F#', 'Dmaj', 'Amaj', 'Amaj', 'F#', 'Dmaj', 'Dmaj', 'Dmaj', 'Dsus4', 'Amaj', 'Amaj', 'Gmaj', 'Gmaj', 'Dmaj', 'Dmaj', 'Amaj', 'Amaj', 'Amaj', 'Amaj', 'Gmaj', 'Gmaj', 'Dmaj', 'Dmaj', 'Amaj', 'Amaj']"
0461,"['F#maj', 'F#sus4', 'F#maj', 'F#sus4', 'F#maj', 'F#sus4', 'F#maj', 'F#sus4', 'F#maj', 'F#sus4', 'F#maj', 'F#sus4', 'F#maj', 'F#sus4', 'F#maj', 'F#sus4', 'F#maj', 'F#sus4', 'F#maj', 'F#sus4', 'F#maj', 'F#sus4', 'F#maj', 'F#sus4', 'Bmaj', 'Bsus4', 'Bmaj', 'Bsus4', 'Bmaj', 'Bsus4', 'Bmaj', 'C#maj', 'F#maj', 'F#7', 'F#maj', 'F#7', 'F#maj', 'F#7', 'F#maj', 'F#7', 'Gmaj', 'Gsus4', 'Gmaj', 'Gsus4', 'Gmaj', 'Gsus4', 'Gmaj', 'Gsus4', 'Gmaj', 'Gsus4', 'Gmaj', 'Gsus4', 'Gmaj', 'Gsus4', 'Gmaj', 'Gsus4', 'Cmaj', 'Csus4', 'Cmaj', 'Csus4', 'Cmaj', 'Csus4', 'Cmaj', 'Dmaj', 'Gmaj', 'Gsus4', 'Gmaj', 'Gsus4', 'Gmaj', 'Gsus4', 'Gmaj', 'Gsus4', 'Ab', 'Abmaj', 'Absus4', 'Abmaj', 'Absus4', 'Abmaj', 'Absus4', 'Abmaj', 'Absus4', 'Abmaj', 'Absus4', 'Abmaj', 'Absus4', 'Abmaj', 'Absus4', 'Abmaj', 'Absus4', 'Dbmaj', 'Dbsus4', 'Dbmaj', 'Dbsus4', 'Dbmaj', 'Dbsus4', 'Dbmaj', 'Ebmaj', 'Abmaj', 'Absus4', 'Abmaj', 'Absus4', 'Abmaj', 'Absus4', 'Abmaj', 'Absus4', 'Abmaj', 'Absus4', 'Abmaj', 'Absus4', 'Abmaj', 'Absus4', 'Abmaj', 'Absus4', 'Abmaj', 'Absus4', 'Abmaj', 'Absus4', 'Abmaj', 'Absus4', 'Abmaj', 'Absus4', 'Dbmaj', 'Dbsus4', 'Dbmaj', 'Dbsus4', 'Dbmaj', 'Dbsus4', 'Dbmaj', 'Ebmaj', 'Abmaj', 'Absus4', 'Abmaj', 'Absus4', 'Abmaj', 'Absus4', 'Abmaj', 'Absus4', 'Abmaj', 'Absus4', 'Abmaj', 'Absus4', 'Abmaj', 'Absus4', 'Abmaj', 'Absus4', 'Abmaj', 'Absus4', 'Abmaj', 'Absus4', 'Abmaj', 'Absus4', 'Abmaj', 'Absus4', 'Abmaj', 'Absus4', 'Abmaj', 'Absus4', 'Abmaj', 'Absus4', 'Abmaj', 'Absus4', 'Abmaj', 'Absus4']"
0463,"['Cmaj', 'Fmaj', 'Cmaj', 'Fmaj', 'Cmaj', 'Fmaj', 'Gmaj', 'Cmaj', 'Cmaj', 'Fmaj', 'G7', 'Cmaj', 'Cmaj', 'Fmaj', 'G7', 'Cmaj', 'Cmaj', 'Fmaj', 'G7', 'Cmaj', 'C7', 'Fmaj', 'G7', 'Cmaj', 'Fmaj', 'G7', 'Cmaj', 'Fmaj', 'G7', 'Cmaj', 'Fmaj', 'G7', 'Cmaj', 'Fmaj', 'Cmaj', 'Gmaj', 'Cmaj', 'Fmaj', 'G7', 'Cmaj', 'Cmaj', 'Fmaj', 'G7', 'Cmaj', 'Cmaj', 'Fmaj', 'G7', 'Cmaj', 'Cmaj', 'Fmaj', 'G7', 'Cmaj', 'C7', 'Fmaj', 'G7', 'Cmaj', 'Fmaj', 'G7', 'Cmaj', 'Fmaj', 'G7', 'Cmaj', 'Fmaj', 'G7', 'Cmaj', 'Fmaj', 'G7', 'Cmaj', 'Fmaj', 'Cmaj', 'Cmaj']"
0464,"['B', 'A', 'B', 'A', 'B', 'A', 'B', 'A', 'Esus4', 'Esus4', 'B', 'A', 'B', 'A', 'Esus4', 'Esus4', 'B', 'A', 'B', 'A', 'Esus4', 'Esus4', 'C#min7', 'Esus4', 'B', 'A', 'B', 'A', 'Esus4', 'Esus4', 'C#min7', 'Esus4', 'B', 'A', 'B', 'A', 'Bmin', 'Amaj', 'Dmaj', 'Amaj', 'Bmin', 'Amaj', 'Dmaj', 'Amaj', 'Gmaj7', 'A', 'Bmin7', 'Bmin7', 'Gmaj7', 'A', 'Esus4', 'Esus4', 'B', 'A', 'B', 'A', 'Esus4', 'Esus4', 'B', 'A', 'B', 'A', 'Esus4', 'Esus4', 'B', 'A', 'B', 'A', 'Esus4', 'C#min7', 'Esus4', 'C#min7', 'B', 'A', 'B', 'A', 'Bmin', 'Amaj', 'Dmaj', 'Amaj', 'Bmin', 'Amaj', 'Dmaj', 'Amaj', 'Gmaj7', 'A', 'Bmin7', 'Bmin7', 'Gmaj7', 'A', 'Esus4', 'Esus4', 'B5', 'B5', 'B5', 'Emin7', 'Dmaj', 'Emin', 'Amaj', 'Emin7', 'Dmaj', 'Emin', 'Amaj', 'Emin7', 'F#min7', 'Bmin7', 'Bmin7', 'Gmaj7', 'A', 'Bmin7', 'Bmin7', 'Gmaj7', 'A', 'Bmin7', 'Bmin7', 'Gmaj7', 'A', 'Esus4', 'E', 'Esus4', 'E', 'B', 'A', 'B', 'A', 'Esus4', 'Esus4', 'B', 'A', 'B', 'A', 'Esus4', 'Esus4', 'B', 'A', 'B', 'A', 'Esus4', 'Esus4', 'C#min7', 'Esus4', 'C#min7', 'B', 'A', 'B', 'A', 'Esus4', 'Esus4', 'C#min7', 'Esus4', 'C#min7', 'B', 'A', 'B', 'A', 'Esus4', 'Esus4', 'B', 'A', 'B', 'A']"
0465,"['Emin', 'Amaj', 'Dmaj', 'Gmaj', 'Gmaj', 'Amaj', 'Dmaj', 'Emin', 'Amaj', 'Dmaj', 'Bmin', 'Gmaj', 'Amaj', 'Amaj', 'Amaj', 'Amaj', 'Dmaj', 'Gmaj', 'Amaj', 'Dmaj', 'Gmaj', 'Amaj', 'Dmaj', 'Emin', 'F#min', 'Amaj', 'Bmin', 'Gmaj', 'Amaj', 'F#min', 'Bmin', 'Emin', 'Amaj', 'Dmaj', 'Gmaj', 'Gmaj', 'Amaj', 'Dmaj', 'Emin', 'Amaj', 'Dmaj', 'Bmin', 'Gmaj', 'Amaj', 'Amaj', 'Amaj', 'Amaj', 'Dmaj', 'Gmaj', 'Amaj', 'Dmaj', 'Gmaj', 'Amaj', 'Dmaj', 'Emin', 'F#min', 'Amaj', 'Bmin', 'Gmaj', 'Amaj', 'F#min', 'Bmin', 'Bmin', 'Cmaj', 'Gmaj', 'Dmaj', 'Amaj', 'Cmaj', 'Gmaj', 'Amaj', 'Amaj', 'Amaj', 'Amaj', 'Dmaj', 'Emin', 'Amaj', 'Dmaj', 'Gmaj', 'Gmaj', 'Amaj', 'Dmaj', 'Emin', 'Amaj', 'Dmaj', 'Bmin', 'Gmaj', 'Gmaj', 'Amaj', 'Amaj', 'Amaj', 'Amaj', 'Dmaj', 'Gmaj', 'Amaj', 'Dmaj', 'Gmaj', 'Amaj', 'Dmaj', 'Emin', 'F#min', 'Amaj', 'Dmaj', 'Gmaj', 'Amaj', 'Dmaj', 'Gmaj', 'Amaj', 'Dmaj', 'Gmaj', 'Amaj', 'Dmaj', 'Gmaj', 'Amaj', 'Dmaj', 'Gmaj', 'Amaj', 'Dmaj', 'Gmaj', 'Amaj', 'Dmaj', 'Gmaj', 'Amaj', 'Dmaj', 'Gmaj', 'Amaj', 'Dmaj', 'Gmaj', 'Amaj', 'Dmaj', 'Gmaj', 'Amaj', 'Dmaj', 'Gmaj', 'Amaj', 'Dmaj']"
0467,"['F#', 'B', 'C#', 'F#', 'F#', 'B', 'C#', 'F#', 'F#maj', 'Bmaj', 'C#maj', 'F#maj', 'F#maj', 'Bmaj', 'C#maj', 'F#maj', 'F#maj', 'Bmaj', 'C#maj', 'F#maj', 'F#maj', 'Bmaj', 'C#maj', 'F#maj', 'F#maj', 'Bmaj', 'C#maj', 'F#maj', 'F#maj', 'Bmaj', 'C#maj', 'F#maj', 'F#maj', 'Bmaj', 'C#maj', 'F#maj', 'F#', 'B', 'C#', 'F#', 'F#', 'B', 'C#', 'F#', 'F#maj', 'Bmaj', 'C#maj', 'F#maj', 'F#maj', 'Bmaj', 'C#maj', 'F#maj', 'F#maj', 'Bmaj', 'C#maj', 'F#maj', 'F#maj', 'Bmaj', 'C#maj', 'F#maj', 'F#maj', 'Bmaj', 'C#maj', 'F#maj', 'F#maj', 'Bmaj', 'C#maj', 'F#maj', 'F#maj', 'Bmaj', 'C#maj', 'F#maj', 'F#maj', 'Bmaj', 'C#maj', 'F#maj', 'C#maj', 'F#maj', 'G#maj', 'C#maj', 'C#maj', 'F#maj', 'G#maj', 'C#maj', 'C#maj', 'F#maj', 'G#maj', 'C#maj', 'C#maj', 'C#maj', 'F#', 'B', 'C#', 'F#', 'F#', 'B', 'C#', 'F#', 'F#maj', 'Bmaj', 'C#maj', 'F#maj', 'F#maj', 'Bmaj', 'C#maj', 'F#maj', 'F#maj', 'Bmaj', 'C#maj', 'F#maj', 'F#maj', 'Bmaj', 'C#maj', 'F#maj', 'F#maj', 'Bmaj', 'C#maj', 'F#maj', 'F#maj', 'Bmaj', 'C#maj', 'F#maj', 'F#maj', 'Bmaj', 'C#maj', 'F#maj', 'F#maj', 'Bmaj', 'C#maj', 'F#maj', 'F#maj', 'Bmaj', 'C#maj', 'F#maj', 'F#maj', 'Bmaj', 'C#maj', 'F#maj', 'F#maj', 'Bmaj', 'C#maj', 'F#maj', 'F#maj', 'Bmaj', 'C#maj', 'F#maj', 'F#maj', 'Bmaj', 'C#maj', 'F#maj', 'F#maj', 'Bmaj', 'C#maj', 'F#maj']"
0468,"['Fmaj', 'Cmaj', 'Cmaj', 'Fmaj', 'Cmaj', 'Cmaj', 'Fmaj', 'Cmaj', 'Cmaj', 'Fmaj', 'Cmaj', 'Fmaj', 'Cmaj', 'Fmaj', 'Cmaj', 'Fmaj', 'Cmaj', 'Fmaj', 'Cmaj', 'Fmaj', 'Cmaj', 'Fmaj', 'Cmaj', 'Fmaj', 'Cmaj', 'Fmaj', 'Cmaj', 'Cmaj', 'Cmaj', 'Cmaj', 'Gmaj', 'Cmaj', 'Fmaj', 'Cmaj', 'Fmaj', 'Cmaj', 'Fmaj', 'Cmaj', 'Fmaj', 'Cmaj', 'Fmaj', 'Cmaj', 'Fmaj', 'Cmaj', 'Fmaj', 'Cmaj', 'Fmaj', 'Cmaj', 'Cmaj', 'Cmaj', 'Cmaj', 'Gmaj', 'Cmaj', 'Fmaj', 'Cmaj', 'Fmaj', 'Cmaj', 'Fmaj', 'Cmaj', 'Fmaj', 'Cmaj', 'Fmaj', 'Cmaj', 'Fmaj', 'Cmaj', 'Fmaj', 'Gmaj', 'Cmaj', 'Fmaj', 'Cmaj', 'Fmaj', 'Cmaj', 'Fmaj', 'Cmaj', 'Fmaj', 'Cmaj', 'Fmaj', 'Cmaj', 'Fmaj', 'Cmaj', 'Fmaj', 'Gmaj', 'Cmaj', 'Cmaj', 'Cmaj', 'Cmaj', 'Gmaj', 'Cmaj', 'Fmaj', 'Cmaj', 'Fmaj', 'Cmaj', 'Fmaj', 'Cmaj', 'Fmaj', 'Cmaj', 'Fmaj', 'Cmaj', 'Fmaj', 'Cmaj', 'Fmaj', 'Cmaj', 'Fmaj', 'Cmaj', 'Fmaj', 'Cmaj', 'Fmaj', 'Cmaj', 'Fmaj', 'Cmaj', 'Fmaj']"
0469,"['Asus2', 'Amaj', 'Asus2', 'Amaj', 'Asus2', 'Amaj', 'Asus2', 'Amaj', 'Dsus2', 'Dmaj', 'Asus2', 'Amaj', 'Asus2', 'Amaj', 'Dsus2', 'Dmaj', 'Dsus2', 'Dmaj', 'Emaj', 'Emaj', 'Dmaj', 'Dmaj', 'Bmin7', 'Bmin7', 'Asus2', 'Amaj', 'Asus2', 'Amaj', 'Asus2', 'Amaj', 'Dsus2', 'Dmaj', 'Asus2', 'Amaj', 'Asus2', 'Amaj', 'Dsus2', 'Dmaj', 'Dsus2', 'Dmaj', 'Emaj', 'Emaj', 'Dmaj', 'Dmaj', 'Bmin7', 'Bmin7', 'Asus2', 'Amaj', 'Dmaj', 'Amaj', 'Emaj', 'Bmin', 'Dmaj', 'F#min', 'Emaj', 'Dmaj', 'Amaj', 'Emaj', 'Bmin', 'F#min', 'Bmaj', 'Emaj', 'Emaj', 'Asus2', 'Amaj', 'Asus2', 'Amaj', 'Dsus2', 'Dmaj', 'Bmin', 'Bmin', 'Dmaj', 'Dmaj', 'Emaj', 'Emaj', 'Amaj', 'Amaj', 'Asus4', 'Asus4', 'Dsus4', 'Dsus4', 'F#min', 'F#min', 'F#min', 'F#min7', 'Dmaj', 'Dmaj', 'Bmin7', 'Bmin7', 'Emaj', 'Emaj', 'Dmaj', 'Dmaj', 'Bmin7', 'Bmin7', 'Asus2', 'Amaj', 'Emaj', 'Emaj', 'Dmaj', 'Dmaj', 'Bmin7', 'Bmin7', 'Asus2', 'Amaj', 'Asus2', 'Amaj', 'Asus2', 'Amaj', 'Asus2', 'Amaj', 'Asus2', 'Amaj', 'Asus2', 'Amaj', 'Asus2', 'Amaj', 'Asus2', 'Amaj', 'Asus2', 'Amaj', 'Asus2', 'Amaj']"
0471,"['Dbmaj', 'Ab7', 'Dbmaj', 'Ab7', 'Dbmaj', 'Dbmaj', 'Ab7', 'Ab7', 'Ab7', 'Ab7', 'Dbmaj', 'Dbmaj', 'Dbmaj', 'Dbmaj', 'Db7', 'Gbmaj', 'Ebmin7', 'Ab7', 'Ebmin7', 'Ab7', 'Cdim', 'Dbmaj', 'A7', 'Dmaj', 'Dmaj', 'A7', 'A7', 'A7', 'A7', 'Dmaj', 'Dmaj', 'Dmaj', 'Dmaj', 'D7', 'Gmaj', 'Emin7', 'A7', 'Emin7', 'A7', 'C#dim', 'Dmaj', 'Bb7', 'Eb', 'Ebmaj', 'Ebmaj', 'Bb7', 'Bb7', 'Bb7', 'Bb7', 'Ebmaj', 'Ebmaj', 'Ebmaj', 'Ebmaj', 'Eb7', 'Abmaj', 'Bb7', 'Bb7', 'Ddim', 'Ebmaj', 'Ebmaj', 'Ebmaj', 'Ebmaj']"
0472,"['Dmaj', 'Dmaj', 'Emin', 'Asus4', 'Amaj', 'Dmaj', 'Dmaj', 'Dmaj', 'Gmaj', 'Asus4', 'A7', 'Dmaj', 'Dmaj', 'Dmaj', 'Dmaj', 'Dmaj', 'Dmaj', 'D7', 'Gmaj', 'Dmaj', 'Dmaj', 'A7', 'A7', 'Dmaj', 'Dmaj', 'Dmaj', 'Dmaj', 'Dmaj', 'Dmaj', 'Gmaj', 'Dmaj', 'Dmaj', 'A7', 'A7', 'Dmaj', 'Dmaj', 'Gmaj', 'A7', 'Dmaj', 'Gmaj', 'A7', 'Dmaj', 'Gmaj', 'A7', 'Dmaj', 'Amaj', 'Bmin', 'Gmin', 'Dmaj', 'A7', 'Dmaj', 'Dmaj', 'Dmaj', 'Dmaj', 'Dmaj', 'Dmaj', 'D7', 'Gmaj', 'Dmaj', 'Dmaj', 'A7', 'A7', 'Dmaj', 'Dmaj', 'Dmaj', 'Dmaj', 'Dmaj', 'Dmaj', 'D7', 'Gmaj', 'Dmaj', 'Dmaj', 'A7', 'A7', 'Dmaj', 'Dmaj', 'Gmaj', 'A7', 'Dmaj', 'Gmaj', 'A7', 'Dmaj', 'Gmaj', 'A7', 'Dmaj', 'Amaj', 'Bmin', 'Gmin', 'Dmaj', 'A7', 'Dmaj', 'Dmaj', 'Dmaj', 'Dmaj', 'Dmaj', 'A7', 'A7', 'Dmaj', 'C', 'Gmaj', 'A7', 'Dmaj']"
0473,"['Dmin', 'Dmin', 'Dmin', 'Dmin', 'Dmin', 'Dmin', 'Dmin', 'Dmin', 'Amin', 'Amin', 'G', 'G', 'Dmin', 'Dmin', 'Dmin', 'Dmin', 'Dmin', 'Dmin', 'Dmin', 'Dmin', 'Amin', 'Amin', 'G', 'B5', 'A5', 'G5', 'A5', 'Dmin', 'Dmin', 'Dmin', 'Dmin', 'Dmin', 'Dmin', 'Dmin', 'Dmin', 'Amin', 'Amin', 'G', 'G', 'B5', 'A5', 'G5', 'A5', 'Dmin7', 'Dmin7', 'Dmin', 'Dmin', 'Dmin', 'Dmin', 'Amin', 'Amin', 'Amin', 'Amin', 'Dmin7', 'Dmin7', 'Dmin', 'Dmin', 'Dmin', 'Dmin', 'Amin', 'Amin', 'G', 'G', 'B5', 'A5', 'G5', 'A5', 'Dmin', 'Dmin', 'Dmin', 'Dmin', 'D', 'D', 'D', 'D', 'D', 'D', 'D', 'D', 'D', 'D', 'D', 'D', 'D', 'D', 'D', 'D', 'D', 'D', 'D', 'D', 'D', 'D', 'D', 'D', 'D']"
0474,"['Fmaj', 'Cmaj', 'Bbmaj', 'Cmaj', 'Bbmaj', 'Cmaj', 'Fmaj', 'Fmaj', 'Fmaj', 'Fmaj', 'Bbmaj', 'Bbmaj', 'Bbmaj', 'Fmaj', 'Fmaj', 'Ebmaj', 'Cmaj', 'Fmaj', 'Fmaj', 'Bbmaj', 'Bbmaj', 'Bbmaj', 'Fmaj', 'Cmaj', 'Ebmaj', 'Fmaj', 'Bbmaj', 'Bbmaj', 'Fmaj', 'Fmaj', 'Fmaj', 'Cmaj', 'Dmin', 'Fmaj', 'Bbmaj', 'Fmaj', 'Ebmaj', 'Ebmaj', 'C7', 'Fmaj', 'Fmaj', 'Bbmaj', 'Bb7', 'Bbmaj', 'Fmaj', 'Cmaj', 'Fmaj', 'Fmaj', 'Fmaj', 'Bbmaj', 'Ebmaj', 'Bbmaj', 'C7', 'Fmaj', 'Fmaj', 'Bbmaj', 'Bb7', 'Bbmaj', 'Fmaj', 'Fmaj', 'Eb', 'Fmaj', 'Cmaj', 'Bbmaj', 'Cmaj', 'Bbmaj', 'Cmaj', 'Fmaj', 'Fmaj', 'Bbmaj', 'Bbmaj', 'Bbmaj', 'Cmaj', 'F', 'F', 'F', 'F', 'Dmin', 'Dmin', 'Dmin', 'Dmin', 'Dmin', 'Dmin', 'Amaj', 'A7', 'Dmin', 'Dmin', 'Dmin', 'Dmin', 'Abmaj', 'Abmaj', 'Abmaj', 'Abmaj', 'Dmin', 'Dmin', 'Dmin', 'Dmin', 'Dmin', 'Dmin', 'Dmin', 'Dmin', 'Dmin', 'Dmin', 'Bbmaj7', 'Bbmaj7', 'Ebmaj', 'Ebsus4', 'C7', 'Fmaj', 'Fmaj', 'Bbmaj', 'Bbmaj', 'Bbmaj', 'Fmaj', 'Cmaj', 'Fmaj', 'F7', 'Bbmaj', 'Fmaj', 'Cmaj', 'Fmaj', 'Fmaj', 'Bbmaj', 'Bbmaj', 'Fmaj', 'Fmaj', 'Bbmaj', 'Bbmaj', 'Fmaj', 'Cmaj', 'Bbmaj', 'Cmaj', 'Bbmaj', 'Cmaj', 'Cmaj', 'Fmaj']"
0475,"['Bbmaj', 'Fsus4', 'Bbmaj', 'Fsus4', 'Bbmaj', 'Cmin7', 'Bbmaj', 'Ebmaj', 'Bbmaj', 'Gmin7', 'C7', 'Fmaj', 'Bbmaj', 'Cmin7', 'Bbmaj', 'Ebmaj', 'Bbmaj', 'Gmin7', 'C7', 'Fmaj', 'Bbmaj', 'Fmaj', 'Bbmaj', 'Cmin', 'Bbmaj', 'Fmaj', 'Gmin7', 'Ebmaj', 'Fmaj', 'Dmin', 'Ebmaj', 'Fmaj', 'Gmin', 'Ebmaj', 'Bbmaj', 'Ebmaj', 'Bbmaj', 'C7', 'F7', 'Bbmaj', 'Cmin7', 'Bbmaj', 'Ebmaj', 'Bbmaj', 'Gmin7', 'C7', 'Fmaj', 'Bbmaj', 'Cmin7', 'Bbmaj', 'Ebmaj', 'Bbmaj', 'Gmin7', 'C7', 'Fmaj', 'Bbmaj', 'Fmaj', 'Bbmaj', 'Cmin', 'Bbmaj', 'Fmaj', 'Gmin7', 'Ebmaj', 'Fmaj', 'Dmin', 'Ebmaj', 'Fmaj', 'Gmin', 'Ebmaj', 'Bbmaj', 'Ebmaj', 'Bbmaj', 'C7', 'F7', 'Bbmaj', 'Fsus4', 'Bbmaj', 'Fsus4', 'Ebmaj', 'Fmaj', 'Dmin', 'Ebmaj', 'Fmaj', 'Gmin', 'Ebmaj', 'Bbmaj', 'Ebmaj', 'Bbmaj', 'C7', 'F7', 'Ebmaj', 'Fmaj', 'Dmin', 'Ebmaj', 'Fmaj', 'Gmin', 'Ebmaj', 'Bbmaj', 'Ebmaj', 'Bbmaj', 'C7', 'F7']"
0476,"['Ebmaj', 'Bmaj', 'Ddim', 'Ebmaj', 'Bmaj', 'Dbmaj', 'Gb', 'Ab', 'Ebmaj', 'Gb', 'Ab', 'Ebmaj', 'Gb', 'Ab', 'Ebmaj', 'Gb', 'Ab', 'Ebmaj', 'Ebmaj', 'Eb', 'Ab', 'Bbmin', 'Eb', 'Ab', 'Bbmin', 'Ab', 'Abmin9', 'Eb', 'Abmin9', 'Bbsus4', 'Bbmaj', 'Bbmaj', 'Eb', 'Ab', 'Bbmin', 'Eb', 'Ab', 'Bbmin', 'Ab', 'Abmin9', 'Eb', 'Abmin9', 'Bbsus4', 'Bbmaj', 'Ebmaj', 'Bmaj', 'Bb7', 'Ebmaj', 'Abmin7', 'Bb', 'Ebmaj9', 'Gbmaj', 'Ab', 'Ebmaj9', 'Gbmaj', 'Ab', 'Ebmaj9', 'Gbmaj', 'Ab', 'Ebmaj9', 'Gbmaj', 'Ab', 'Ebmaj9', 'Ebmaj9', 'Eb', 'Ab', 'Bbmin', 'Eb', 'Ab', 'Bbmin', 'Ab', 'Abmin9', 'Eb', 'Abmin9', 'Bbsus4', 'Bbmaj', 'Eb', 'Abmin', 'Eb', 'Ab', 'Bbmin', 'Ab', 'Abmin9', 'Eb', 'Abmin9', 'Adim', 'Bbsus4', 'Bbmaj', 'Ebmaj', 'Bmaj', 'Bb7', 'Ebmaj', 'Abmin7', 'Bb', 'Ebmaj9', 'Gbmaj', 'Ab', 'Ebmaj9', 'Gbmaj', 'Ab', 'Ebmaj9', 'Gbmaj', 'Ab', 'Ebmaj9', 'Gbmaj', 'Ab', 'Ebmaj9', 'Ebmaj9', 'Eb', 'Ab', 'Bbmin', 'Eb', 'Ab', 'Bbmin', 'Eb', 'Ab', 'Bbmin', 'Eb', 'Ab', 'Bbmin', 'Ab', 'Abmin9', 'Eb', 'Abmin9', 'Bbsus4', 'Bbmaj', 'Bb', 'Ebmaj9', 'Gbmaj', 'Ab', 'Ebmaj9', 'Gbmaj', 'Ab', 'Ebmaj9', 'Gbmaj', 'Ab', 'Ebmaj9', 'Gbmaj', 'Ab', 'Ebmaj9', 'Gbmaj', 'Ab', 'Ebmaj9', 'Gbmaj', 'Ab', 'Ebmaj9', 'Gbmaj', 'Ab', 'Ebmaj9', 'Gbmaj', 'Ab']"
0477,"['Cmaj', 'G7', 'Cmaj', 'G7', 'Cmaj', 'G7', 'Cmaj', 'G7', 'Cmaj', 'Fmaj', 'Cmaj', 'Fmaj', 'Cmaj', 'Fmaj', 'Cmaj', 'Fmaj', 'Cmaj', 'Fmaj', 'Cmaj', 'Fmaj', 'Cmaj', 'Fmaj', 'Gmaj', 'Cmaj', 'Fmaj', 'G7', 'Cmaj', 'Fmaj', 'G7', 'Cmaj', 'Fmaj', 'G7', 'Cmaj', 'Fmaj', 'G7', 'Cmaj', 'Fmaj', 'Cmaj', 'Fmaj', 'Cmaj', 'Fmaj', 'Cmaj', 'Fmaj', 'Cmaj', 'Fmaj', 'Cmaj', 'Fmaj', 'Cmaj', 'Fmaj', 'Gmaj', 'Cmaj', 'Fmaj', 'G7', 'Cmaj', 'Fmaj', 'G7', 'Cmaj', 'Fmaj', 'G7', 'Cmaj', 'Fmaj', 'G7', 'Fmaj', 'Fmaj', 'Bbmaj', 'Fmaj', 'Fmaj', 'Fmaj', 'Bbmaj', 'Gmaj', 'Gmaj', 'Cmaj', 'Fmaj', 'Cmaj', 'Fmaj', 'Cmaj', 'Fmaj', 'Cmaj', 'Fmaj', 'Cmaj', 'Fmaj', 'Cmaj', 'Fmaj', 'Cmaj', 'Fmaj', 'Gmaj', 'Cmaj', 'Fmaj', 'G7', 'Cmaj', 'Fmaj', 'G7', 'Cmaj', 'Fmaj', 'G7', 'Cmaj', 'Fmaj', 'G7', 'Cmaj', 'Fmaj', 'Cmaj', 'Fmaj', 'Cmaj', 'Fmaj', 'Cmaj', 'Fmaj', 'Cmaj', 'Fmaj', 'Cmaj', 'Fmaj', 'Cmaj', 'Fmaj', 'Gmaj', 'Cmaj', 'Fmaj', 'G7', 'Cmaj', 'Fmaj', 'G7', 'Cmaj', 'Fmaj', 'G7', 'Cmaj', 'Fmaj', 'G7', 'Fmaj', 'Cmaj', 'G7', 'Cmaj']"
0478,"['Dmin', 'Dmin', 'Cmaj', 'Bbmaj', 'Bbmaj', 'Cmaj', 'Dmin', 'Dmin', 'Cmaj', 'Bbmaj', 'Cmaj', 'Dmin', 'Bbmaj', 'Fmaj', 'Gmaj', 'Dmin', 'Bbmaj', 'Fmaj', 'Gmaj', 'Dmin', 'Dmin', 'Gmin', 'Gmin', 'Dmin', 'Dmin', 'Gmin', 'Bbmaj', 'Cmaj', 'Dmin', 'Cmaj', 'Dmin', 'Cmaj', 'Dmin', 'Bbmaj', 'Cmaj', 'Cmaj', 'Cmaj', 'Dmin', 'Bbmaj', 'Fmaj', 'Gmaj', 'Dmin', 'Bbmaj', 'Fmaj', 'Gmaj', 'Dmin', 'Dmin', 'Gmin', 'Gmin', 'Dmin', 'Dmin', 'Gmin', 'Bbmaj', 'Cmaj', 'Dmin', 'Cmaj', 'Dmin', 'Cmaj', 'Dmin', 'Bbmaj', 'Cmaj', 'Cmaj', 'Cmaj', 'Dmin', 'Dmin', 'Cmaj', 'Bbmaj', 'Bbmaj', 'Cmaj', 'Dmin', 'Dmin', 'Cmaj', 'Bbmaj', 'Cmaj', 'Dmin', 'Dmin', 'Gmin', 'Gmin', 'Dmin', 'Dmin', 'Gmin', 'Gmin', 'Dmin', 'Dmin', 'Gmin', 'Gmin', 'Dmin', 'Dmin', 'Bbmaj', 'Bbmaj', 'Cmaj', 'Dmin', 'Cmaj', 'Dmin', 'Cmaj', 'Dmin', 'Bbmaj', 'Cmaj', 'Cmaj', 'Cmaj', 'Dmin', 'Dmin', 'Cmaj', 'Bbmaj', 'Bbmaj', 'Cmaj', 'Dmin', 'Dmin', 'Cmaj', 'Bbmaj', 'Bbmaj', 'Cmaj', 'Dmin', 'Dmin', 'Bbmaj', 'Bbmaj', 'Dmin', 'Dmin', 'Bbmaj', 'Bbmaj', 'Dmin', 'Dmin', 'Bbmaj', 'Bbmaj', 'Dmin', 'Dmin', 'Bbmaj', 'Bbmaj', 'Dmin', 'Dmin', 'Bbmaj', 'Bbmaj', 'Dmin', 'Dmin', 'Bbmaj', 'Bbmaj', 'Dmin', 'Dmin', 'Bbmaj', 'Bbmaj', 'Dmin', 'Dmin', 'Bbmaj', 'Bbmaj', 'Dmin', 'Dmin', 'Bbmaj', 'Bbmaj', 'Dmin', 'Dmin']"
0479,"['D', 'G', 'D', 'Bb', 'Fmaj', 'Gmin', 'Fmaj', 'Gmin', 'Fmaj', 'Bbmaj', 'Fmaj', 'Bbmaj', 'Ebmaj', 'Amaj', 'Dmin', 'Gmin', 'Dmin', 'Bbmaj', 'Fmaj', 'Gmin', 'Cmaj', 'Fmaj', 'Gmin', 'Fmaj', 'Gmin', 'Fmaj', 'Bbmaj', 'Fmaj', 'Bbmaj', 'Ebmaj', 'Amaj', 'Dmin', 'Gmin', 'Dmin', 'Bbmaj', 'Fmaj', 'Gmin', 'Cmaj', 'Fmaj', 'Ebmaj', 'Dmin', 'Gmin', 'Dmin', 'Bbmaj', 'Fmaj', 'Dmin', 'Gmin', 'Cmaj', 'Fmaj', 'Gmin', 'Fmaj', 'Bbmaj', 'Fmaj', 'Bbmaj', 'Ebmaj', 'Amaj', 'Dmin', 'Gmin', 'Dmin', 'Bbmaj', 'Fmaj', 'Gmin', 'Cmaj', 'Fmaj', 'Fmaj', 'Fmaj', 'Gmin', 'Fmaj', 'Gmin', 'Fmaj', 'Bbmaj', 'Fmaj', 'Gmin', 'Fmaj', 'Bbmaj']"
0480,"['Fmaj', 'Fmaj', 'Gmaj', 'Gmaj', 'Fmaj', 'Fmaj', 'Gmaj', 'Gmaj', 'Fmaj', 'Fmaj', 'Gmaj', 'Gmaj', 'Fmaj', 'Fmaj', 'Gmaj', 'Gmaj', 'Fmaj', 'Fmaj', 'Gmaj', 'Gmaj', 'Fmaj', 'Fmaj', 'Gmaj', 'Gmaj', 'Fmaj', 'Fmaj', 'Gmaj', 'Gmaj', 'Fmaj', 'Fmaj', 'Gmaj', 'Gmaj', 'Fmaj', 'Fmaj', 'Gmaj', 'Gmaj', 'Fmaj', 'Fmaj', 'Gmaj', 'Gmaj', 'Gmaj', 'Fmaj', 'Gmaj', 'A', 'Gmaj', 'Fmaj', 'Gmaj', 'Fmaj', 'Gmaj', 'Fmaj', 'Gmaj', 'Fmaj', 'Gmaj', 'Fmaj', 'Gmaj', 'Fmaj', 'Gmaj', 'Fmaj', 'Fmaj', 'Gmaj', 'Gmaj', 'Fmaj', 'Fmaj', 'Gmaj', 'Gmaj', 'Fmaj', 'Fmaj', 'Gmaj', 'Gmaj', 'Fmaj', 'Fmaj', 'Gmaj', 'Gmaj', 'Fmaj', 'Fmaj', 'Gmaj', 'Gmaj', 'Fmaj', 'Fmaj', 'Gmaj', 'Gmaj', 'Fmaj', 'Fmaj', 'Gmaj', 'Gmaj', 'Fmaj', 'Fmaj', 'Gmaj', 'Gmaj', 'Fmaj', 'Fmaj', 'Gmaj', 'Gmaj', 'Fmaj', 'Fmaj', 'Gmaj', 'Gmaj', 'Gmaj', 'Fmaj', 'Gmaj', 'A', 'Gmaj', 'Fmaj', 'Gmaj', 'Fmaj', 'Gmaj', 'Fmaj', 'Gmaj', 'Fmaj', 'Gmaj', 'Fmaj', 'Gmaj', 'Fmaj', 'Gmaj', 'Fmaj', 'Fmaj', 'Gmaj', 'Gmaj', 'Fmaj', 'Fmaj', 'Gmaj', 'Gmaj', 'Fmaj', 'Fmaj', 'Gmaj', 'Gmaj', 'Fmaj', 'Fmaj', 'Gmaj', 'Gmaj', 'Fmaj']"
0481,"['F', 'F', 'Fmaj', 'Gmin7', 'Fmaj', 'Gmin7', 'Fmaj', 'Gmin7', 'Fmaj', 'Gmin', 'Fmaj', 'Gmin', 'Fmaj', 'Gmin', 'Fmaj', 'Gmin', 'Fmaj', 'Gmin', 'Fmaj', 'Gmin', 'Bbmaj', 'Fmaj', 'Ebmaj', 'Bbmaj', 'Bb', 'Bb7', 'Bb', 'Fmaj', 'Ebmaj', 'Bbmaj', 'Bb', 'Bb7', 'Cmaj', 'Fmaj', 'Gmin7', 'Fmaj', 'Amin7', 'Bbmaj7', 'Bbmaj', 'Dmin7', 'Amin7', 'Bbmaj7', 'Bbmaj', 'Dmin7', 'Amin7', 'Bbmaj7', 'Bbmaj7', 'Fmaj7', 'Gmin', 'Fmaj7', 'Gmin', 'Fmaj7', 'Gmin', 'Fmaj7', 'Gmin', 'Csus4', 'Fmaj7', 'Gmin', 'Bbmaj', 'Fmaj', 'Ebmaj', 'Bbmaj', 'Bb', 'Bb7', 'Bb', 'Fmaj', 'Ebmaj', 'Bbmaj', 'Bb', 'Bb7', 'Cmaj', 'Fmaj', 'Gmin7', 'Fmaj', 'Amin7', 'Bbmaj7', 'Bbmaj', 'Dmin7', 'Amin7', 'Bbmaj7', 'Bbmaj', 'Dmin7', 'Amin7', 'Bbmaj7', 'Bbmaj7', 'D', 'Dmin7', 'D', 'Dmin', 'D', 'Dmin7', 'D', 'Dmin', 'D', 'Dmin7', 'D', 'Gmin', 'Abmin', 'Gb', 'Gbmaj7', 'Abmin7', 'Gbmaj7', 'Abmin7', 'Gbmaj', 'Bbmin7', 'Cbmaj7', 'Cbmaj', 'Ebmin7', 'Bbmin7', 'Cbmaj7', 'Cbmaj', 'Ebmin7', 'Bbmin7', 'Cbmaj7', 'Cbmaj', 'Abmin', 'Gbmaj7', 'Abmin7', 'Gbmaj7', 'Abmin7', 'Gbmaj', 'Bbmin7', 'Cbmaj7']"
0482,"['Fmin', 'Cmin', 'Fmin', 'Gmin', 'Gmin', 'Cmin', 'Fmin', 'Cmin', 'Fmin', 'Gmin', 'Gmin', 'Cmin', 'Fmin', 'Cmin', 'Fmin', 'Gmin', 'Gmin', 'Cmin', 'Fmin', 'Cmin', 'Fmin', 'Gmin', 'Gmin', 'Cmin', 'Fmin', 'Cmin', 'Fmin', 'Gmin', 'Gmin', 'Cmin', 'Fmin', 'Cmin', 'Fmin', 'Gmin', 'Gmin', 'Cmin', 'Fmin', 'Cmin', 'Fmin', 'Gmin', 'Gmin', 'Cmin', 'Fmin', 'Cmin', 'Fmin', 'Gmin', 'Gmin', 'Cmin', 'Abmaj', 'Bbmaj', 'Gmin', 'Cmaj', 'Abmaj', 'Bbmaj', 'Gmin', 'Bbsus4', 'Fmin', 'Cmin', 'Fmin', 'Gmin', 'Gmin', 'Cmin', 'Fmin', 'Cmin', 'Fmin', 'Gmin', 'Gmin', 'Cmin', 'Fmin', 'Cmin', 'Fmin', 'Gmin', 'Gmin', 'Cmin', 'Fmin', 'Cmin', 'Fmin', 'Gmin', 'Gmin', 'Cmin', 'Fmin', 'Cmin', 'Fmin', 'Gmin', 'Gmin', 'Cmin', 'Fmin', 'Cmin', 'Fmin', 'Gmin', 'Gmin', 'Cmin', 'Fmin', 'Cmin', 'Fmin', 'Gmin', 'Gmin', 'Cmin', 'Abmaj', 'Bbmaj', 'Gmin', 'Cmaj', 'Abmaj', 'Bbmaj', 'Gmin', 'Bbsus4', 'Fmin', 'Cmin', 'Fmin', 'Gmin', 'Gmin', 'Cmin', 'Fmin', 'Cmin', 'Fmin', 'Gmin', 'Gmin', 'Cmin', 'Fmin', 'Cmin', 'Fmin', 'Gmin', 'Gmin', 'Cmin', 'Fmin', 'Cmin', 'Fmin', 'Gmin', 'Gmin', 'Cmin', 'Fmin', 'Cmin', 'Fmin', 'Gmin', 'Gmin', 'Cmin', 'Fmin', 'Cmin', 'Fmin', 'Gmin', 'Gmin', 'Cmin', 'Fmin', 'Cmin', 'Fmin', 'Gmin', 'Gmin', 'Cmin', 'Fmin', 'Cmin', 'Fmin', 'Gmin', 'Gmin', 'Cmin', 'Fmin', 'Cmin', 'Fmin', 'Gmin', 'Gmin', 'Cmin', 'Fmin', 'Cmin', 'Fmin', 'Gmin', 'Gmin', 'Cmin', 'Fmin', 'Cmin', 'Fmin', 'Gmin', 'Gmin', 'Cmin', 'Fmin', 'Cmin', 'Fmin', 'Gmin', 'Gmin', 'Cmin', 'Fmin', 'Cmin', 'Fmin', 'Gmin', 'Gmin', 'Cmin', 'Fmin', 'Cmin', 'Fmin', 'Gmin', 'Gmin', 'Cmin', 'Fmin', 'Cmin', 'Fmin', 'Gmin', 'Gmin', 'Cmin', 'Fmin', 'Cmin', 'Fmin', 'Gmin', 'Gmin', 'Cmin', 'Fmin', 'Cmin', 'Fmin', 'Gmin']"
0483,"['Ebmin7', 'Ebmin7', 'Ebmin7', 'Ebmin7', 'Ebmin7', 'Ebmin7', 'Ebmin7', 'Ab7', 'Ebmin7', 'Ab7', 'Ebmin7', 'Ab7', 'Ebmin7', 'Ab7', 'Ebmin7', 'Ab7', 'Ebmin7', 'Ab7', 'Ebmin7', 'Ab7', 'Ebmin7', 'Ab7', 'Ebmin7', 'Ab7', 'Ebmin7', 'Ab7', 'Gb7', 'F7', 'E7', 'Ebmin7', 'Ebmin7', 'Ab7', 'Ebmin7', 'Ebmin7', 'Ebmin7', 'Ebmin7', 'Ab7', 'Ebmin7', 'Ebmin7', 'Ebmin7', 'Ab7', 'Ebmin7', 'Ab7', 'Ebmin7', 'Ab7', 'Ebmin7', 'Ab7', 'Gb7', 'F7', 'E7', 'Ebmin7', 'Ebmin7', 'Ebmin7', 'Ebmin7', 'F7', 'Bbmaj', 'Ebmin7', 'Ab7', 'Ebmin7', 'Ab7', 'Ebmin7', 'Ab7', 'Ebmin7', 'Ab7', 'Ebmin7', 'Ab7', 'Ebmin7', 'Ab7', 'Ebmin7', 'Ab7', 'Ebmin7', 'Ab7', 'Ebmin7', 'Ab7', 'Ebmin7', 'Ab7', 'Ebmin7', 'Ab7', 'Ebmin7', 'Ab7', 'Ebmin7', 'Ab7', 'Ebmin7', 'Ab7', 'Gb7', 'F7', 'E7', 'Ebmin7', 'Ebmin7', 'Ab7', 'Ebmin7', 'Ebmin7', 'Ebmin7', 'Ebmin7', 'Ab7', 'Ebmin7', 'Ebmin7', 'Ebmin7', 'Ab7', 'Ebmin7', 'Ab7', 'Ebmin7', 'Ab7', 'Ebmin7', 'Ab7', 'Ebmin7', 'Ab7', 'Ebmin7', 'Ab7', 'Ebmin7', 'Ab7', 'Ebmin7', 'Ab7', 'Ebmin7', 'Ab7', 'Ebmin7', 'Ab7', 'Ebmin7', 'Ab7', 'Ebmin7', 'Ab7', 'Ebmin7', 'Ab7', 'Ebmin7', 'Ab7', 'Ebmin7', 'Ab7', 'Ebmin7', 'Ab7', 'Gb7', 'F7', 'E7', 'Ebmin7', 'Ebmin7', 'Ab7', 'Ebmin7', 'Ebmin7', 'Ebmin7', 'Ebmin7', 'Ab7']"
0484,"['Gmaj', 'Fmaj', 'Cmaj', 'Amin', 'Dmin', 'Gmaj', 'Fmaj', 'Cmaj', 'Amin', 'Dmin', 'Gmaj', 'Cmaj', 'Amin', 'Dmin', 'Gmaj', 'Cmaj', 'Amin', 'Dmin', 'Gmaj', 'Cmaj', 'Fmaj', 'Cmaj', 'Gmaj', 'Fmaj', 'Cmaj', 'Amin', 'Dmin', 'Gmaj', 'Cmaj', 'Amin', 'Dmin', 'Gmaj', 'Cmaj', 'Amin', 'Fmaj', 'Gmaj', 'Cmaj', 'Cmaj', 'Fmaj', 'Fmin', 'Cmaj', 'Emaj', 'Amin', 'Fmaj', 'Fmaj', 'Gmaj', 'Dmaj', 'Gmaj', 'Gmaj', 'Fmaj', 'Cmaj', 'Amin', 'Dmin', 'Gmaj', 'Cmaj', 'Amin', 'Dmin', 'Gmaj', 'Cmaj', 'Amin', 'Fmaj', 'Gmaj', 'Cmaj', 'Fmaj', 'Cmaj', 'Gmaj', 'Fmaj', 'Cmaj', 'Amin', 'Dmin', 'Gmaj', 'Cmaj', 'Amin', 'Dmin', 'Gmaj', 'Cmaj', 'Amin', 'Fmaj', 'Gmaj', 'Gmaj', 'Fmaj', 'Cmaj']"
0485,"['Fmaj', 'Amin7', 'Dmin', 'Fmaj', 'Bbmaj', 'Fmaj', 'Gmin7', 'C', 'Fmaj', 'Amin7', 'Dmin', 'Fmaj', 'Bbmaj', 'Fmaj', 'Gmin7', 'Fmaj', 'Fmaj', 'Bbmaj7', 'Gmin7', 'Fmaj', 'Gmin7', 'Amin7', 'Dmin', 'Bbmaj7', 'Gmin7', 'Gmin7', 'C', 'Fmaj', 'Amin7', 'Dmin', 'Fmaj', 'Bbmaj', 'Fmaj', 'Gmin7', 'C', 'Fmaj', 'Amin7', 'Dmin', 'Fmaj', 'Bbmaj', 'Fmaj', 'Gmin7', 'Fmaj', 'Bbmaj7', 'Gmin7', 'Fmaj', 'Gmin7', 'Amin7', 'Dmin', 'Bbmaj7', 'Gmin7', 'Gmin7', 'C', 'Fmaj', 'Amin7', 'Dmin', 'Fmaj', 'Bbmaj', 'Fmaj', 'Gmin7', 'C', 'Fmaj', 'Amin7', 'Dmin', 'Fmaj', 'Bbmaj', 'Fmaj', 'Gmin7', 'Dmin', 'Fmaj', 'Bbmaj7', 'Fmaj', 'Gmin7', 'Fmaj', 'Bbmaj7', 'Fmaj', 'Gmin7', 'C', 'Fmaj', 'Amin7', 'Dmin', 'Fmaj', 'Bbmaj', 'Fmaj', 'Gmin7', 'C']"
0490,"['Bbmaj', 'Abmaj', 'Abmaj', 'Abmaj', 'Abmaj', 'Bbmaj', 'C7', 'Fmin', 'Fmin7', 'Bbmaj', 'Fmin', 'Fmin7', 'Bbmaj', 'Fmin', 'Fmin7', 'Bbmaj', 'Fmin', 'Fmin7', 'Bbmaj', 'Fmin7', 'Fmin7', 'Fmin7', 'Fmin7', 'Fmin7', 'Bb7', 'Fmin7', 'Bb7', 'Fmin7', 'Bb7', 'Fmin7', 'Bb7', 'Fmin7', 'Fmin7', 'Fmin7', 'Fmin7', 'Fmin7', 'Bb7', 'Fmin7', 'Bb7', 'Fmin7', 'Bb7', 'Fmin7', 'Bb7', 'Fmin7', 'Fmin7', 'Fmin7', 'Fmin7', 'Fmin7', 'Fmin7', 'Fmin7', 'Bb7', 'Fmin7', 'Bb7', 'Fmin7', 'Bb7', 'Fmin7', 'Bb7', 'Fmin7', 'Bb7', 'Fmin7', 'Bb7', 'Fmin7', 'Bb7', 'Fmin7', 'Bb7']"
0492,"['Ebmaj', 'Ebmaj', 'Ebmaj', 'Ebmaj', 'Ebmaj', 'Ebmaj', 'Ebmaj', 'Ebmaj', 'Ebmaj', 'Ebmaj', 'Ebmaj', 'Ebmaj', 'Ebmaj', 'Ebmaj', 'Ebmaj', 'Ebmaj', 'Gmin', 'Gmin', 'Ebmaj', 'Ebmaj', 'Gmin', 'Gmin', 'Ebmaj', 'Ebmaj', 'Gmin', 'Gmin', 'Ebmaj', 'Ebmaj', 'Gmin', 'Gmin', 'Ebmaj', 'Ebmaj', 'Gmin', 'Gmin', 'Ebmaj', 'Ebmaj', 'Gmin', 'Gmin', 'Dmaj', 'Amaj', 'Dmaj', 'Amaj', 'Bmin7', 'Bmin7', 'Dmaj', 'Amaj', 'Dmaj', 'Amaj', 'Dmaj', 'Amaj', 'Bmin7', 'Bmin7', 'Dmaj', 'Amaj', 'Dmaj', 'Amaj', 'Ebmaj', 'Ebmaj', 'Gmin', 'Gmin', 'Ebmaj', 'Ebmaj', 'Gmin', 'Gmin', 'Ebmaj', 'Ebmaj', 'Gmin', 'Gmin', 'Ebmaj', 'Ebmaj', 'Gmin', 'Gmin', 'Dmaj', 'Amaj', 'Dmaj', 'Amaj', 'Bmin7', 'Bmin7', 'Dmaj', 'Amaj', 'Dmaj', 'Amaj', 'Dmaj', 'Amaj', 'Bmin7', 'Bmin7', 'Dmaj', 'Amaj', 'Dmaj', 'Amaj', 'Ebmaj', 'Ebmaj', 'Gmin', 'Gmin', 'Ebmaj', 'Ebmaj', 'Gmin', 'Gmin', 'Ebmaj', 'Ebmaj', 'Gmin', 'Gmin', 'Ebmaj', 'Ebmaj', 'Gmin', 'Gmin', 'Dmaj', 'Amaj', 'Dmaj', 'Amaj', 'Bmin7', 'Bmin7', 'Dmaj', 'Amaj', 'Dmaj', 'Amaj', 'Dmaj', 'Amaj', 'Bmin7', 'Bmin7', 'Dmaj', 'Amaj', 'Dmaj', 'Amaj', 'Dmaj', 'Amaj', 'Dmaj', 'Amaj', 'Ebmaj', 'Ebmaj', 'Gmin', 'Gmin', 'Ebmaj', 'Ebmaj', 'Gmin', 'Gmin', 'Ebmaj', 'Ebmaj', 'Gmin', 'Gmin', 'Ebmaj', 'Ebmaj', 'Gmin', 'Gmin', 'Dmaj', 'Amaj', 'Dmaj', 'Amaj', 'Bmin7', 'Bmin7', 'Dmaj', 'Amaj', 'Dmaj', 'Amaj', 'Dmaj', 'Amaj', 'Bmin7', 'Bmin7', 'Dmaj', 'Amaj', 'Dmaj', 'Amaj', 'Dmaj', 'Amaj', 'Bmin7', 'Bmin7', 'Dmaj', 'Amaj', 'Dmaj', 'Amaj', 'Dmaj', 'Amaj', 'Bmin7', 'Bmin7', 'Dmaj', 'Amaj', 'Dmaj', 'Amaj', 'Dmaj', 'Amaj', 'Bmin7', 'Bmin7', 'Dmaj', 'Amaj', 'Dmaj', 'Amaj', 'Dmaj', 'Amaj', 'Bmin7', 'Bmin7', 'Dmaj', 'Amaj', 'Dmaj', 'Amaj']"
0494,"['Dbmaj', 'Ab7', 'Dbmaj', 'Dbmaj', 'Abmaj', 'Ab', 'Gb', 'Dbmaj', 'Gb', 'Abmaj', 'Gbmaj', 'Ab', 'Ab', 'Dbmaj', 'Abmaj', 'Dbmaj', 'Abmaj', 'Gbmaj', 'Dbmaj', 'Ebmin7', 'Abmaj', 'Gbmaj', 'Ab', 'Gbmaj', 'Dbsus4', 'Dbmaj', 'Abmaj', 'Dbmaj', 'Abmaj', 'Dbmaj', 'Gbmaj', 'Dbmaj', 'Gbmaj', 'Abmaj', 'Absus4', 'Ab', 'Dbmaj', 'Ab7', 'Dbmaj', 'Dbmaj', 'Abmaj', 'Ab', 'Gb', 'Dbmaj', 'Gb', 'Abmaj', 'Gbmaj', 'Ab', 'Ab', 'Dbmaj', 'Abmaj', 'Dbmaj', 'Abmaj', 'Gbmaj', 'Dbmaj', 'Ebmin7', 'Abmaj', 'Gbmaj', 'Ab', 'Gbmaj', 'Dbsus4', 'Dbmaj', 'Abmaj', 'Dbmaj', 'Abmaj', 'Dbmaj', 'Gbmaj', 'Dbmaj', 'Gbmaj', 'Abmaj', 'Absus4', 'Ab', 'Dbmaj', 'Ab7', 'Dbmaj', 'Gbmaj', 'Dbmaj', 'Gb', 'Abmaj', 'Ab', 'Ab', 'Abmaj', 'Ab', 'Dbmaj', 'Dbmaj', 'Dbmaj']"
0497,"['D7', 'D7', 'D7', 'Dmin7', 'D7', 'Csus4', 'D7', 'Csus4', 'D7', 'Csus4', 'D7', 'Csus4', 'D7', 'Csus4', 'G7', 'G7', 'D7', 'Csus4', 'G7', 'G7', 'D7', 'Csus4', 'A7', 'G7', 'G7', 'G7', 'D7', 'D7', 'D7', 'D7', 'D7', 'Csus4', 'D7', 'Csus4', 'D7', 'Csus4', 'G7', 'G7', 'D7', 'Csus4', 'G7', 'G7', 'D7', 'Csus4', 'A7', 'G7', 'G7', 'G7', 'D7', 'D7', 'D7', 'D7', 'D7', 'Csus4', 'D7', 'Csus4', 'D7', 'Csus4', 'G7', 'G7', 'D7', 'Csus4', 'G7', 'G7', 'D7', 'Csus4', 'A7', 'G7', 'G7', 'G7', 'D7', 'D7', 'D7', 'D7', 'D7', 'D7', 'D7', 'D7', 'D7', 'D7', 'D7', 'D7', 'D7', 'D7', 'D7', 'D7', 'D7', 'D7', 'D7', 'D7', 'D7', 'D7', 'D7', 'D7', 'D7', 'D7', 'D7', 'D7', 'D7']"
0500,"['Amaj', 'Dmaj', 'E7', 'Amaj', 'Amaj', 'Amaj', 'Dmaj', 'E7', 'Amaj', 'Amaj', 'Dmaj', 'E7', 'Amaj', 'Amaj', 'Amaj', 'Amaj', 'Emaj', 'Amaj', 'Amaj', 'Amaj', 'Amaj', 'Emaj', 'Amaj', 'Amaj', 'Amaj', 'Amaj', 'Dmaj', 'E7', 'Amaj', 'Amaj', 'Dmaj', 'E7', 'Amaj', 'Amaj', 'Amaj', 'Amaj', 'Emaj', 'Amaj', 'Amaj', 'Amaj', 'Amaj', 'Emaj', 'Amaj', 'Amaj', 'Amaj', 'Amaj', 'Dmaj', 'E7', 'Amaj', 'Amaj', 'Dmaj', 'E7', 'Amaj', 'Amaj', 'Amaj', 'Amaj', 'Emaj', 'Amaj', 'Amaj', 'Amaj', 'Amaj', 'Emaj', 'Amaj', 'Amaj', 'Amaj', 'Amaj', 'Amaj', 'Amaj', 'Emaj', 'Amaj', 'Amaj', 'Amaj', 'Amaj', 'Emaj', 'Amaj', 'Amaj', 'Amaj', 'Amaj', 'Amaj', 'Amaj', 'Dmaj', 'E7', 'Amaj', 'Amaj', 'Dmaj', 'E7', 'Amaj', 'Amaj', 'Amaj', 'Amaj', 'Emaj', 'Amaj', 'Amaj', 'Amaj', 'Amaj', 'Emaj', 'Amaj', 'Amaj', 'Amaj', 'Amaj', 'Amaj', 'Amaj', 'Emaj', 'Amaj', 'Amaj', 'Amaj', 'Amaj', 'Emaj', 'Amaj', 'Amaj', 'Amaj', 'Amaj', 'Amaj', 'Amaj', 'Amaj', 'Amaj', 'Amaj', 'Amaj', 'Amaj', 'Amaj', 'Amaj']"
0501,"['Ebmaj', 'Abmaj', 'Ebmaj', 'Abmaj', 'Ebmaj7', 'Abmaj', 'Ebmaj7', 'Bbaug', 'Ebmaj7', 'Abmaj', 'Eb7', 'Eb7', 'Abmaj7', 'Bbmaj', 'Gmin7', 'Cmin', 'Abmaj7', 'Bbmaj', 'Gmin7', 'G7', 'Cmin', 'F', 'F', 'Ebmaj', 'Abmaj', 'Ebmaj', 'Abmaj', 'Ebmaj', 'Abmaj', 'F', 'Bbmaj', 'Ebmaj7', 'Abmaj', 'Ebmaj7', 'Bbaug', 'Ebmaj7', 'Abmaj', 'Eb7', 'Eb7', 'Abmaj7', 'Bbmaj', 'Gmin7', 'Cmin', 'Abmaj7', 'Bbmaj', 'Gmin7', 'G7', 'Cmin', 'F', 'Ebmaj', 'Abmaj', 'Ebmaj', 'Abmaj', 'Fmaj', 'Bbmaj', 'G', 'Bbmaj7', 'Fmaj', 'Gmin7', 'Csus4', 'Fmaj', 'Bbmaj', 'Fmaj', 'Caug', 'Fmaj', 'Bbmaj', 'F7', 'F7', 'Bbmaj7', 'Cmaj', 'Amin7', 'Dmin', 'Bbmaj7', 'Cmaj', 'Amin7', 'A7', 'Dmin', 'G', 'Fmaj', 'Bbmaj', 'Fmaj', 'Bbmaj', 'Fmaj', 'Bbmaj', 'G', 'Bbmaj7', 'Fmaj', 'Gmin7', 'Csus4', 'Csus4', 'Fmaj']"
0502,"['Amaj', 'Amaj', 'Emaj', 'Emaj', 'Amaj', 'Amaj', 'Emaj', 'Emaj', 'Amaj', 'Amaj', 'C#maj', 'C#maj', 'Dmaj', 'Dmaj', 'Fmaj', 'Fmaj', 'Amaj', 'Amaj', 'Emaj', 'Emaj', 'Amaj', 'Amaj', 'Emaj', 'Emaj', 'Amaj', 'Amaj', 'Emaj', 'Emaj', 'Amaj', 'Amaj', 'Emaj', 'Emaj', 'Amaj', 'Amaj', 'C#maj', 'C#maj', 'Dmaj', 'Dmaj', 'Fmaj', 'Fmaj', 'Amaj', 'Amaj', 'Emaj', 'Emaj', 'Amaj', 'Amaj', 'Fmaj', 'Fmaj', 'Bb', 'Bbmaj', 'Bbmaj', 'Fmaj', 'Fmaj', 'Bbmaj', 'Bbmaj', 'Gbmaj', 'Gbmaj', 'Bbmaj', 'Bbmaj', 'Gbmaj', 'Gbmaj', 'Bbmaj', 'Bbmaj', 'Gbmaj', 'Gbmaj', 'Bbmaj', 'Bbmaj', 'Gbmaj', 'Gbmaj', 'Bbmaj', 'Bbmaj', 'Gbmaj', 'Gbmaj', 'Bbmaj', 'Bbmaj', 'Gbmaj', 'Gbmaj']"
0503,"['Ab', 'Bb', 'Gb', 'Ab', 'Ab', 'Bb', 'Gb', 'Ab', 'Ab', 'Bb', 'Gb', 'Ab', 'Ab', 'Bb', 'Gb', 'Ab', 'Abmaj', 'Bbmin7', 'Gbmaj', 'Abmaj', 'Abmaj', 'Bbmin7', 'Gbmaj', 'Abmaj', 'Abmaj', 'Bbmin7', 'Gbmaj', 'Abmaj', 'Abmaj', 'Bbmin7', 'Gbmaj', 'Abmaj', 'Abmaj', 'Bbmin7', 'Gbmaj', 'Abmaj', 'Abmaj', 'Bbmin7', 'Gbmaj', 'Abmaj', 'Abmaj', 'Bbmin7', 'Gbmaj', 'Abmaj', 'Abmaj', 'Bbmin7', 'Gbmaj', 'Abmaj', 'Ab', 'Bb', 'Gb', 'Ab', 'Ab', 'Bb', 'Gb', 'Ab', 'Ab', 'Bb', 'Gb', 'Ab', 'Ab', 'Bb', 'Gb', 'Ab', 'Abmaj', 'Bbmin', 'Gbmaj', 'Abmaj', 'Abmaj', 'Bbmin', 'Gbmaj', 'Abmaj', 'Abmaj', 'Bbmin7', 'Gbmaj', 'Abmaj', 'Abmaj', 'Bbmin7', 'Gbmaj', 'Abmaj', 'Abmaj', 'Bbmin7', 'Gbmaj', 'Abmaj', 'Abmaj', 'Bbmin7', 'Gbmaj', 'Abmaj', 'Ab', 'Bb', 'Gb', 'Ab', 'Ab', 'Bb', 'Gb', 'Ab', 'Ab', 'Bb', 'Gb', 'Ab', 'Ab', 'Bb', 'Gb', 'Ab', 'Abmaj', 'Bbmin', 'Gbmaj', 'Abmaj', 'Abmaj', 'Bbmin', 'Gbmaj', 'Abmaj', 'Abmaj', 'Bbmin7', 'Gbmaj', 'Abmaj', 'Abmaj', 'Bbmin7', 'Gbmaj', 'Abmaj', 'Abmaj', 'Bbmin7', 'Gbmaj', 'Abmaj', 'Abmaj', 'Bbmin7', 'Gbmaj', 'Abmaj', 'Ab', 'Bb', 'Gb', 'Ab', 'Ab', 'Bb', 'Gb', 'Ab', 'Ab', 'Bb', 'Gb', 'Ab', 'Ab', 'Bb', 'Gb', 'Ab', 'Abmaj', 'Bbmin', 'Gbmaj', 'Abmaj', 'Abmaj', 'Bbmin', 'Gbmaj', 'Abmaj', 'Abmaj', 'Bbmin7', 'Gbmaj', 'Abmaj', 'Abmaj', 'Bbmin7', 'Gbmaj', 'Abmaj', 'Abmaj', 'Bbmin7', 'Gbmaj', 'Abmaj', 'Abmaj', 'Bbmin7', 'Gbmaj', 'Abmaj', 'Abmaj', 'Bbmin', 'Gbmaj', 'Abmaj', 'Abmaj', 'Bbmin', 'Gbmaj', 'Abmaj', 'Abmaj', 'Bbmin7', 'Gbmaj', 'Abmaj', 'Abmaj', 'Bbmin7', 'Gbmaj', 'Abmaj', 'Abmaj', 'Bbmin7', 'Gbmaj', 'Abmaj', 'Abmaj', 'Bbmin7', 'Gbmaj', 'Abmaj', 'Abmaj', 'Bbmin7', 'Gbmaj', 'Abmaj', 'Abmaj', 'Bbmin7', 'Gbmaj', 'Abmaj', 'Abmaj', 'Bbmin', 'Gbmaj', 'Abmaj', 'Abmaj', 'Bbmin', 'Gbmaj', 'Abmaj', 'Abmaj', 'Bbmin', 'Gbmaj', 'Abmaj', 'Abmaj', 'Bbmin', 'Gbmaj', 'Abmaj', 'Abmaj', 'Bbmin7', 'Gbmaj', 'Abmaj', 'Abmaj', 'Bbmin7', 'Gbmaj', 'Abmaj', 'Abmaj', 'Bbmin7', 'Gbmaj', 'Abmaj', 'Abmaj', 'Bbmin7', 'Gbmaj', 'Abmaj', 'Abmaj', 'Bbmin7', 'Gbmaj', 'Abmaj', 'Abmaj', 'Bbmin7', 'Gbmaj', 'Abmaj', 'Abmaj', 'Bbmin7', 'Gbmaj', 'Abmaj', 'Abmaj', 'Bbmin7', 'Gbmaj', 'Abmaj']"
0504,"['Fmaj', 'Bbmaj', 'Cmaj', 'Bbmaj', 'Fmaj', 'Bbmaj', 'Cmaj', 'Bbmaj', 'Fmaj', 'Bbmaj', 'Cmaj', 'Bbmaj', 'Fmaj', 'Bbmaj', 'Cmaj', 'Bbmaj', 'Fmaj', 'Bbmaj', 'Cmaj', 'Bbmaj', 'Fmaj', 'Bbmaj', 'Cmaj', 'Bbmaj', 'Fmaj', 'Bbmaj', 'Cmaj', 'Bbmaj', 'Fmaj', 'Bbmaj', 'Cmaj', 'Bbmaj', 'Fmaj', 'Bbmaj', 'Fmaj', 'Bbmaj', 'Fmaj', 'Bbmaj', 'Cmaj', 'Bbmaj', 'Fmaj', 'Bbmaj', 'Fmaj', 'Bbmaj', 'Fmaj', 'Bbmaj', 'Cmaj', 'Csus4', 'Csus4', 'Csus4', 'Fmaj', 'Bbmaj', 'Cmaj', 'Bbmaj', 'Fmaj', 'Bbmaj', 'Cmaj', 'Bbmaj', 'Fmaj', 'Bbmaj', 'Cmaj', 'Bbmaj', 'Fmaj', 'Bbmaj', 'Cmaj', 'Bbmaj', 'Fmaj', 'Bbmaj', 'Cmaj', 'Bbmaj', 'Fmaj', 'Bbmaj', 'Cmaj', 'Bbmaj', 'Fmaj', 'Bbmaj', 'Cmaj', 'Bbmaj', 'Fmaj', 'Bbmaj', 'Cmaj', 'Bbmaj', 'Fmaj', 'Bbmaj', 'Fmaj', 'Bbmaj', 'Fmaj', 'Bbmaj', 'Cmaj', 'Bbmaj', 'Fmaj', 'Bbmaj', 'Fmaj', 'Bbmaj', 'Fmaj', 'Bbmaj', 'Cmaj', 'Bbmaj', 'Fmaj', 'Bbmaj', 'Fmaj', 'Bbmaj', 'Fmaj', 'Bbmaj', 'Cmaj', 'Bbmaj', 'Fmaj', 'Bbmaj', 'Fmaj', 'Bbmaj', 'Fmaj', 'Bbmaj', 'Cmaj', 'Csus4', 'Csus4', 'Csus4', 'Fmaj', 'Bbmaj', 'Cmaj', 'Bbmaj', 'Fmaj', 'Bbmaj', 'Cmaj', 'Bbmaj', 'Fmaj', 'Bbmaj', 'Cmaj', 'Bbmaj', 'Fmaj', 'Bbmaj', 'Cmaj', 'Bbmaj', 'Fmaj', 'Bbmaj', 'Cmaj', 'Bbmaj', 'Fmaj', 'Bbmaj', 'Cmaj', 'Bbmaj', 'Fmaj', 'Bbmaj', 'Cmaj', 'Bbmaj', 'Fmaj', 'Bbmaj', 'Cmaj', 'Bbmaj']"
0506,"['Amin', 'Eaug', 'Amin', 'D7', 'Dmin7', 'Emin7', 'Fmaj', 'Amin7', 'Dmaj9', 'Dmaj9', 'G', 'G', 'Cmaj', 'Cmaj7', 'C', 'Cmaj7', 'Dmin', 'D', 'Dmin7', 'Gmaj', 'Dmin7', 'Bbmaj', 'Gmaj', 'Gmaj', 'Cmaj', 'Cmaj', 'G', 'Gmaj', 'Cmaj', 'Cmaj7', 'C', 'Cmaj7', 'Dmin', 'D', 'Dmin7', 'Gmaj', 'Dmin7', 'Bbmaj', 'Gmaj', 'Gmaj', 'Cmaj', 'Cmaj', 'C', 'C7', 'Fmaj7', 'Fmaj7', 'Cmaj7', 'Cmaj7', 'G', 'G', 'Cmaj', 'Cmaj7', 'Amin', 'Eaug', 'Amin', 'F#', 'Dmin7', 'G7', 'Dmin7', 'G7', 'Cmaj', 'Cmaj7', 'C', 'Cmaj7', 'Dmin', 'D', 'Dmin7', 'Gmaj', 'Dmin7', 'Bbmaj', 'Gmaj', 'Gmaj', 'A7', 'A7', 'A7', 'A7', 'Fmaj', 'Fmaj', 'E7', 'E7', 'Amin', 'A', 'D7', 'D7', 'Dmin7', 'Emin7', 'Dmin7', 'G', 'Cmaj', 'Cmaj', 'Ab7', 'Ab7', 'Dbmaj', 'Dbmaj7', 'Db', 'Dbmaj7', 'Ebmin', 'Eb', 'Ebmin7', 'Abmaj', 'Ebmin7', 'Bmaj', 'Abmaj', 'Abmaj', 'Bb', 'Bb', 'Abdim7', 'Abdim7', 'Gbmaj7', 'Gbmaj7', 'F7', 'F7', 'Bbmin', 'Bb', 'Eb', 'Eb', 'Ebmin7', 'Fmin7', 'Ebmin7', 'Ab', 'Dbmaj', 'Dbmaj', 'Bbsus4', 'Bb7', 'Ebmin7', 'Fmin7', 'Ebmin7', 'Ab', 'Dbmaj', 'Dbmaj', 'Bbmin7', 'Bb7', 'Ebmin7', 'Fmin7', 'Ebmin7', 'Ab', 'Dbmaj', 'Faug', 'Bbmin7', 'Eb7', 'Ebmin7', 'Fmin7', 'Dbmaj', 'Abmaj', 'Ebmin7', 'Ab', 'Dbmaj7']"
0507,"['Dbmaj', 'Ebmin', 'Dbmaj', 'Ebmin', 'Dbsus4', 'Dbmaj', 'Dbmaj', 'Dbsus4', 'Dbmaj', 'Gbmaj7', 'Gb', 'Absus4', 'Abmaj', 'Absus4', 'Abmaj', 'Dbsus4', 'Dbmaj', 'Dbmaj', 'Dbsus4', 'Dbmaj', 'Dbmaj', 'Dbsus4', 'Dbmaj', 'Gbmaj7', 'Gb', 'Absus4', 'Abmaj', 'Absus4', 'Abmaj', 'Dbsus4', 'Dbmaj', 'Dbmaj', 'Dbmaj', 'Ebmin', 'Abmaj', 'Gbmaj7', 'Ebmin7', 'Abmaj', 'Dbmaj7', 'Db7', 'Dbmaj', 'Ebmin', 'Abmaj', 'Gbmaj7', 'Ebmin7', 'Abmaj', 'Dbmaj7', 'Cbmaj', 'Db7', 'Gbmaj', 'Abmaj', 'Gbmaj7', 'Ebmin7', 'Abmaj', 'Dbmaj7', 'Cbmaj', 'Db7', 'Gbmaj', 'Abmaj', 'Gbmaj7', 'Gbmaj7', 'Dbmaj', 'Ebmin7', 'Ebmin7', 'Abmaj', 'Absus4', 'Abmaj', 'Dbsus4', 'Dbmaj', 'Dbmaj', 'Dbsus4', 'Dbmaj', 'Gbmaj7', 'Gb', 'Absus4', 'Abmaj', 'Absus4', 'Abmaj', 'Dbsus4', 'Dbmaj', 'Dbmaj', 'Dbmaj', 'Ebmin', 'Abmaj', 'Gbmaj7', 'Ebmin7', 'Abmaj', 'Dbmaj7', 'Cbmaj', 'Db7', 'Gbmaj', 'Abmaj', 'Gbmaj7', 'Ebmin7', 'Abmaj', 'Dbmaj7', 'Cbmaj', 'Db7', 'Gbmaj', 'Abmaj', 'Gbmaj7', 'Ebmin7', 'Abmaj', 'Dbmaj7', 'Cbmaj', 'Db7', 'Gbmaj', 'Abmaj', 'Gbmaj7', 'Gbmaj7', 'Dbmaj', 'Ebmin7', 'Ebmin7', 'Abmaj', 'Absus4', 'Abmaj', 'Dbsus4', 'Dbmaj']"
0508,"['Bbmaj', 'Bbmaj', 'Bbmaj', 'Bbmaj7', 'Fsus4', 'Bb7', 'Ebmaj', 'Bbmaj', 'Bbmaj7', 'Fsus4', 'Bb7', 'Ebmaj', 'Ebmaj', 'Fsus4', 'Bbmaj', 'Cmin7', 'F7', 'Bbmaj', 'Bbmaj', 'Bbmaj7', 'Fsus4', 'Bb7', 'Ebmaj', 'Bbmaj', 'Bbmaj7', 'Fsus4', 'Bb7', 'Ebmaj', 'Ebmaj', 'Fsus4', 'Bbmaj', 'Cmin7', 'F7', 'Bbmaj', 'Ebmaj', 'F7', 'Bbmaj', 'Ebmaj', 'F7', 'Bbmaj', 'Ebmaj', 'Fmaj', 'Bbmaj', 'Fmaj', 'Gmin7', 'Ebmaj', 'Fsus4', 'Fmaj', 'F7', 'Bbmaj', 'Bbmaj7', 'Fsus4', 'Bb7', 'Ebmaj', 'Bbmaj', 'Bbmaj7', 'Fsus4', 'Bb7', 'Ebmaj', 'Bbmaj', 'Bbmaj7', 'Fsus4', 'Bb7', 'Ebmaj', 'Ebmaj', 'Fsus4', 'Bbmaj', 'Fmaj', 'Cmin7', 'F7', 'Bbmaj', 'Bbmaj7', 'Fsus4', 'Bb7', 'Ebmaj', 'Ebmaj', 'Fsus4', 'Bbmaj', 'Fmaj', 'Cmin7', 'F7', 'Bbmaj', 'Bbmaj7', 'Bbmaj', 'Bbmaj']"
0510,"['D7', 'G7', 'D7', 'A7', 'D7', 'G7', 'D7', 'D7', 'G7', 'G7', 'D7', 'D7', 'A7', 'G7', 'D7', 'A7', 'D7', 'G7', 'D7', 'D7', 'G7', 'G7', 'D7', 'D7', 'A7', 'G7', 'D7', 'A7', 'D7', 'D7', 'D7', 'D7', 'D7', 'D7', 'D7', 'D7', 'A7', 'G7', 'D7', 'D7', 'A7', 'G7', 'D7', 'A7', 'D']"
0511,"['Fmaj7', 'Emin7', 'Dmin7', 'Cmaj7', 'Dmin7', 'Emin7', 'Dmin7', 'Cmaj7', 'Dmin7', 'Emin7', 'Dmin7', 'Cmaj7', 'Dmin7', 'Emin7', 'Dmin7', 'Cmaj7', 'Dmin7', 'Emin7', 'Dmin7', 'Cmaj7', 'Dmin7', 'Emin7', 'Dmin7', 'Cmaj7', 'Dmin7', 'Emin7', 'Dmin7', 'Cmaj7', 'Dmin7', 'Emin7', 'Dmin7', 'Cmaj7', 'Dmin7', 'Emin7', 'Dmin7', 'Cmaj7', 'Fmaj', 'Cmaj7', 'C7', 'Fmaj', 'Gmaj', 'Cmaj', 'Amin', 'Fmaj', 'Gmaj', 'Cmaj', 'C7', 'Fmaj', 'Gmaj', 'Cmaj', 'Amin', 'Fmaj', 'Fmaj', 'G7', 'Ab7', 'Db', 'Dbmaj7', 'Ebmin7', 'Fmin7', 'Ebmin7', 'Dbmaj7', 'Ebmin7', 'Fmin7', 'Ebmin7', 'Dbmaj7', 'Ebmin7', 'Fmin7', 'Ebmin7', 'Dbmaj7', 'Gbmaj', 'Dbmaj', 'Dbmaj']"
0512,"['Emaj', 'Esus4', 'Esus4', 'Emaj', 'Esus4', 'Esus4', 'Emaj', 'Esus4', 'Esus4', 'Emaj', 'Esus4', 'Esus4', 'Emaj', 'Esus4', 'Esus4', 'Emaj', 'Esus4', 'Esus4', 'Emaj', 'Esus4', 'Esus4', 'Emaj', 'Esus4', 'Esus4', 'Emaj', 'Esus4', 'Esus4', 'Emaj', 'Esus4', 'Esus4', 'Emaj', 'Esus4', 'Esus4', 'Emaj', 'Esus4', 'Esus4', 'Emaj', 'Dmaj', 'Amaj', 'Emaj', 'Emaj', 'Dmaj', 'Emaj', 'Emaj', 'Esus4', 'Esus4', 'Emaj', 'Esus4', 'Esus4', 'Emaj', 'Esus4', 'Esus4', 'Emaj', 'Esus4', 'Esus4', 'Emaj', 'Esus4', 'Esus4', 'Emaj', 'Esus4', 'Esus4', 'Emaj', 'Esus4', 'Esus4', 'Emaj', 'Esus4', 'Esus4', 'Emaj', 'Dmaj', 'Amaj', 'Emaj', 'Emaj', 'Dmaj', 'Emaj', 'Emaj', 'Esus4', 'Esus4', 'Emaj', 'Esus4', 'Esus4', 'Emaj', 'Esus4', 'Esus4', 'Emaj', 'Esus4', 'Esus4', 'Emaj', 'Esus4', 'Esus4', 'Emaj', 'Esus4', 'Esus4', 'Emaj', 'Esus4', 'Esus4', 'Emaj', 'Esus4', 'Esus4', 'Emaj', 'Dmaj', 'Amaj', 'Emaj', 'Emaj', 'Dmaj', 'Emaj', 'Emaj', 'Esus4', 'Esus4', 'Emaj', 'Esus4', 'Esus4', 'Emaj', 'Esus4', 'Esus4', 'Emaj', 'Esus4', 'Esus4', 'Emaj', 'Esus4', 'Esus4', 'Emaj', 'Esus4', 'Esus4', 'Emaj', 'Esus4', 'Esus4', 'Emaj', 'Esus4', 'Esus4', 'Emaj', 'Dmaj', 'Amaj', 'Emaj', 'Emaj', 'Dmaj', 'Emaj', 'Emaj', 'Dmaj', 'Amaj', 'Emaj', 'Emaj', 'Dmaj', 'Emaj']"
0515,"['Ab7', 'Dbmaj', 'Gb7', 'Dbmaj', 'Ab7', 'Dbmaj7', 'Bbdim', 'Dbdim', 'Ebmin7', 'Abmaj', 'Ab7', 'Dbmaj7', 'Bbdim', 'Dbdim', 'Ebmin7', 'Abmaj', 'Ab7', 'Dbmaj7', 'A7', 'Ebmin7', 'F7', 'Bbmin7', 'Eb7', 'Ebmin7', 'Ab7', 'Dbmaj7', 'Bbdim', 'Dbdim', 'Ebmin7', 'Abmaj', 'Ab7', 'Dbmaj', 'Dbaug', 'Gbmaj7', 'Gb', 'Gb', 'Cb', 'Dbmaj9', 'Fmin7', 'Bb7', 'Ebmin7', 'Ab7', 'Dbmaj7', 'Gb7', 'Dbmaj', 'Ab7', 'Dbmaj9']"
0516,"['Bbmaj', 'Dbdim', 'F7', 'Bbmaj', 'Bbmaj', 'C7', 'C7', 'F7', 'F', 'F7', 'Bbmaj', 'Bbmaj', 'Dbdim', 'F7', 'Bbmaj', 'Bbmaj', 'C7', 'C7', 'F7', 'F7', 'Bbmaj', 'Bbmaj', 'D7', 'D7', 'D7', 'D7', 'D7', 'D7', 'Gmaj', 'Gmaj', 'C7', 'Csus4', 'B7', 'C7', 'C7', 'C7', 'C7', 'F7', 'Bbmaj', 'Dbdim', 'F7', 'Bbmaj', 'Bbmaj', 'C7', 'C7', 'F7', 'F', 'F7', 'Bbmaj', 'Bbmaj', 'Dbdim', 'F7', 'Bbmaj', 'Bbmaj', 'C7', 'C7', 'F7', 'F7', 'Bbmaj', 'F#7', 'C#7', 'F#7', 'Bmaj', 'Bmaj', 'C#7', 'C#7', 'F#7', 'F#7', 'Bmaj', 'F#7', 'Ddim', 'F#7', 'Bmaj', 'Bmaj', 'C#7', 'C#7', 'F#7', 'F#7', 'Bmaj', 'Bmaj', 'D#7', 'D#7', 'D#7', 'D#7', 'D#7', 'D#7', 'G#min', 'G#min', 'C#7', 'C#sus4', 'C7', 'C#7', 'C#7', 'C#7', 'C#7', 'F#maj', 'Ddim', 'F#7', 'Bmaj', 'Bmaj', 'C#7', 'C#7', 'F#7', 'F#7', 'Bmaj', 'F#maj', 'Ddim', 'F#7', 'Bmaj', 'Bmaj', 'C#7', 'C#7', 'C#7', 'F#7', 'Bmaj', 'Bmaj', 'C#7', 'F#7', 'Bmaj', 'Bmaj', 'C#7', 'F#7', 'Bmaj', 'Bmaj']"
0517,"['Dmaj', 'Dmaj', 'Dmaj', 'Dmaj', 'Dmaj', 'Dmaj', 'Emin', 'Edim7', 'Gdim7', 'Dmaj', 'F#min', 'Emin', 'Gmin', 'Dmaj', 'Bmaj', 'Emin', 'Dmaj', 'Dmaj', 'Emin', 'Edim7', 'Gdim7', 'Dmaj', 'F#min', 'Emin', 'Gmin', 'Dmaj', 'Bmaj', 'Emin', 'Amaj', 'Dmaj', 'Emin', 'A7', 'Dmaj', 'Amaj', 'Dmaj', 'Emin', 'Amaj', 'Aaug', 'Dmaj', 'Dmaj', 'Emin', 'Edim7', 'Gdim7', 'Dmaj', 'F#min', 'Emin', 'Gmin', 'Dmaj', 'Bmaj', 'Emin', 'Dmaj', 'F#min', 'Emin', 'Gmin', 'Dmaj', 'Bmaj', 'Emin', 'Dmaj', 'Dmaj', 'Dmaj', 'Dmaj', 'Dmaj', 'Dmaj', 'Emin', 'Edim7', 'Gdim7', 'Dmaj', 'F#min', 'Emin', 'Gmin', 'Dmaj', 'Bmaj', 'Emin', 'Dmaj', 'Dmaj', 'Emin', 'Edim7', 'Gdim7', 'Dmaj', 'F#min', 'Emin', 'Gmin', 'Dmaj', 'Bmaj', 'Emin', 'Amaj', 'Dmaj', 'Emin', 'Amaj', 'Dmaj', 'Amaj', 'Dmaj', 'Emin', 'Amaj', 'Aaug', 'Dmaj', 'Dmaj', 'Emin', 'Edim', 'Gdim', 'Dmaj', 'F#min', 'Emin', 'Gmin', 'Dmaj', 'Bmaj', 'Emin', 'Dmaj', 'F#min', 'Emin', 'Gmin', 'Dmaj', 'Bmaj', 'Emin', 'Dmaj', 'F#min', 'Emin', 'Gmin', 'Dmaj', 'Bmaj', 'Emin', 'Amaj', 'Dmaj', 'Dmaj', 'Emin', 'Edim7', 'Gdim7', 'Dmaj', 'F#min', 'Emin', 'Gmin', 'Dmaj', 'Bmaj', 'Emin', 'Dmaj', 'Dmaj', 'Emin', 'Edim7', 'Gdim7', 'Dmaj', 'F#min', 'Emin', 'Gmin', 'Dmaj', 'Bmaj', 'Emin', 'Dmaj', 'Dmaj', 'Emin', 'Edim7', 'Gdim7', 'Dmaj', 'F#min', 'Emin', 'Gmin', 'Dmaj', 'Bmaj', 'Emin', 'Dmaj', 'Dmaj', 'Emin', 'Edim7', 'Gdim7', 'Dmaj', 'F#min', 'Emin', 'Gmin', 'Dmaj', 'Bmaj', 'Emin']"
0518,"['Emaj', 'Emaj', 'Emaj', 'Emaj', 'Emaj', 'Emaj', 'Emaj', 'Emaj', 'Asus4', 'Amaj', 'Asus4', 'Amaj', 'Emaj', 'Bmaj', 'Bmaj', 'A', 'A', 'Emaj', 'Asus4', 'Amaj', 'Asus4', 'Amaj', 'Emaj', 'Bmaj', 'Bmaj', 'A', 'A', 'Emaj', 'Bmaj', 'A', 'A', 'Emaj', 'A', 'Emaj', 'Asus4', 'Amaj', 'Asus4', 'Amaj', 'Emaj', 'Bmaj', 'Bmaj', 'A', 'A', 'Emaj', 'Asus4', 'Amaj', 'Asus4', 'Amaj', 'Emaj', 'Bmaj', 'Bmaj', 'A', 'A', 'Emaj', 'Bmaj', 'A', 'A', 'Emaj', 'Emaj', 'Emaj', 'Emaj', 'Emaj', 'Emaj', 'Emaj', 'Emaj', 'Asus4', 'Amaj', 'Asus4', 'Amaj', 'Emaj', 'Bmaj', 'Bmaj', 'A', 'A', 'Emaj', 'Asus4', 'Amaj', 'Asus4', 'Amaj', 'Emaj', 'Bmaj', 'Bmaj', 'A', 'A', 'Emaj', 'Bmaj', 'A', 'A', 'Emaj', 'A', 'Emaj', 'Asus4', 'Amaj', 'Asus4', 'Amaj', 'Emaj', 'Bmaj', 'Bmaj', 'A', 'A', 'Emaj', 'Asus4', 'Amaj', 'Asus4', 'Amaj', 'Emaj', 'Bmaj', 'Bmaj', 'A', 'A', 'Emaj', 'Bmaj', 'A', 'A', 'Emaj', 'A', 'Emaj', 'A', 'Emaj', 'A', 'Emaj', 'Emaj', 'Emaj', 'Emaj', 'Emaj', 'Emaj', 'Emaj', 'Emaj', 'Emaj', 'Emaj', 'Emaj', 'Emaj', 'Amaj', 'A', 'A', 'A', 'Emaj', 'Emaj', 'Emaj', 'Emaj', 'Emaj', 'Emaj', 'Emaj', 'Emaj', 'Emaj', 'Emaj', 'Amaj', 'A', 'A', 'A', 'Emaj', 'Emaj', 'Emaj', 'Emaj', 'Dmaj', 'Dmaj', 'Amaj', 'Amaj', 'Dmaj', 'Dmaj', 'Amaj', 'Amaj', 'Emaj', 'Emaj', 'Emaj', 'Emaj', 'Emaj', 'Emaj', 'Emaj', 'Emaj', 'Emaj', 'Emaj', 'Amaj', 'A', 'A', 'A', 'Emaj', 'Emaj', 'Emaj', 'Emaj', 'Emaj', 'Emaj', 'Emaj', 'Emaj', 'Emaj', 'Emaj', 'Amaj', 'A', 'A', 'A', 'Emaj', 'Emaj', 'Emaj', 'Emaj', 'Emaj', 'Emaj', 'Emaj', 'Emaj', 'Emaj', 'Emaj', 'Emaj', 'Emaj', 'Emaj', 'Emaj', 'Emaj', 'Emaj', 'Emaj', 'Emaj', 'Emaj', 'Emaj', 'Emaj', 'Emaj', 'Bmin', 'Bmin', 'Emaj', 'Bmin', 'Esus4', 'E7', 'E5', 'E5', 'E5', 'Dmaj7', 'C#min7', 'C#min7', 'Emaj', 'Emaj', 'Emaj', 'Emaj', 'Emaj', 'Emaj', 'Emaj', 'Emaj', 'Emaj', 'Bmin', 'Bmin', 'Emaj', 'Bmin', 'Esus4', 'E7', 'E5', 'E5', 'E5', 'Dmaj7', 'C#min7', 'C#min7', 'Emaj', 'Emaj', 'Emaj', 'Emaj', 'Emaj', 'Emaj', 'Emaj', 'Emaj', 'Emaj', 'Bmin', 'Bmin', 'Emaj', 'Bmin', 'Esus4', 'E7', 'E5', 'E5', 'E5', 'Dmaj7', 'C#min7', 'C#min7', 'Emaj', 'Emaj', 'Emaj', 'Emaj', 'Emaj', 'Emaj', 'Emaj', 'Emaj', 'Emaj', 'Amaj', 'Bmin7', 'F#min', 'Dmaj', 'Emaj', 'Amaj', 'Bmin7', 'F#min', 'Dmaj', 'Emaj', 'Amaj', 'Bmin7', 'F#min', 'Dmaj', 'Emaj', 'Amaj', 'Bmin7', 'F#min', 'Dmaj', 'Emaj', 'Amaj', 'Bmin7', 'F#min', 'Dmaj', 'Emaj', 'Amaj', 'Bmin7', 'F#min', 'Dmaj', 'Emaj', 'Amaj', 'Bmin7', 'F#min', 'Dmaj', 'Emaj', 'Amaj', 'Bmin7', 'F#min', 'Dmaj', 'Emaj', 'Amaj', 'Bmin7', 'F#min', 'Dmaj', 'Emaj', 'Amaj', 'Bmin7', 'F#min', 'Dmaj', 'Emaj', 'Amaj', 'Bmin7', 'F#min', 'Dmaj', 'Emaj', 'Amaj', 'Bmin7', 'F#min', 'Dmaj', 'Emaj', 'Amaj', 'Bmin7', 'F#min', 'Dmaj', 'Emaj', 'Amaj', 'Bmin7', 'F#min', 'Dmaj', 'Emaj', 'Amaj', 'Bmin7', 'F#min', 'Dmaj', 'Emaj', 'Amaj', 'Bmin7', 'F#min', 'Dmaj', 'Emaj']"
0521,"['Ebmaj', 'Ebmaj', 'Ebmaj', 'Ebmaj', 'Ebmaj', 'Ebmaj', 'Ebmaj', 'Ebmaj', 'Ebmaj', 'Ebmaj', 'Ebmaj', 'Ebmaj', 'Ebmaj', 'Ebmaj', 'Ebmaj', 'Ebmaj', 'Ebmaj', 'Ebmaj', 'Ebmaj', 'Ebmaj', 'Ebmaj', 'Ebmaj', 'Ebmaj', 'Ebmaj', 'Ebmaj', 'Ebmaj', 'Ebmaj', 'Ebmaj', 'Ebmaj', 'Ebmaj', 'Ebmaj', 'Ebmaj', 'Ebmaj', 'Ebmaj', 'Ebmaj', 'Ebmaj', 'Ebmaj', 'Ebmaj', 'Ebmaj', 'Ebmaj', 'Ebmaj', 'Ebmaj', 'Ebmaj', 'Ebmaj', 'Ebmaj', 'Ebmaj', 'Ebmaj', 'Ebmaj', 'Ebmaj', 'Ebmaj', 'Ebmaj', 'Ebmaj', 'Ebmaj', 'Ebmaj', 'Ebmaj', 'Ebmaj', 'Ebmaj', 'Ebmaj', 'Ebmaj', 'Ebmaj', 'Ebmaj', 'Ebmaj', 'Ebmaj', 'Ebmaj', 'Ebmaj', 'Ebmaj', 'Ebmaj', 'Ebmaj', 'Ebmaj', 'Ebmaj', 'Ebmaj', 'Ebmaj', 'Ebmaj', 'Ebmaj', 'Ebmaj', 'Ebmaj', 'Ebmaj', 'Ebmaj', 'Ebmaj', 'Ebmaj', 'Ebmaj']"
0522,"['Bbsus4', 'Bbsus4', 'Bbsus4', 'Bbsus4', 'Ebmaj', 'Abmaj', 'Ebmaj7', 'Abmaj', 'Ebmaj', 'Abmaj', 'Ebmaj7', 'Abmaj', 'Abmaj', 'Ab', 'Abmaj7', 'Ab', 'Ebmaj', 'Cmin7', 'Ebmaj', 'Cmin7', 'Ebmaj', 'Abmaj', 'Ebmaj7', 'Abmaj', 'Ebmaj', 'Abmaj', 'Ebmaj7', 'Abmaj', 'Abmaj', 'Ab', 'Abmaj7', 'Ab', 'Ebmaj', 'Cmin7', 'Ebmaj', 'Cmin7', 'Bbsus4', 'Bbsus4', 'Bbsus4', 'Bbsus4', 'Bbsus4', 'Abmaj', 'Fmin7', 'Abmaj', 'Fmin7', 'Abmaj', 'Fmin7', 'Abmaj', 'Fmin7', 'Abmaj7', 'Ebmaj', 'Ebmaj', 'Cmin7', 'Abmaj7', 'Ebmaj', 'Ebmaj', 'Abmaj', 'Fmin7', 'Abmaj', 'Fmin7', 'Abmaj', 'Fmin7', 'Abmaj', 'Fmin7', 'Abmaj7', 'Ebmaj', 'Ebmaj', 'Cmin7', 'Abmaj7', 'Ebmaj', 'Ebmaj', 'Cmin7', 'Ebmaj', 'Abmaj', 'Ebmaj7', 'Abmaj', 'Ebmaj', 'Abmaj', 'Ebmaj7', 'Abmaj', 'Abmaj', 'Ab', 'Abmaj7', 'Ab', 'Ebmaj', 'Cmin7', 'Ebmaj', 'Cmin7', 'Ebmaj', 'Abmaj', 'Ebmaj7', 'Abmaj', 'Ebmaj', 'Abmaj', 'Ebmaj7', 'Abmaj', 'Abmaj', 'Ab', 'Abmaj7', 'Ab', 'Ebmaj', 'Cmin7', 'Ebmaj', 'Cmin7', 'Bbsus4', 'Bbsus4', 'Bbsus4', 'Bbsus4', 'Bbsus4', 'Abmaj', 'Fmin7', 'Abmaj', 'Fmin7', 'Abmaj', 'Fmin7', 'Abmaj', 'Abmaj7', 'Ebmaj', 'Ebmaj', 'Cmin7', 'Abmaj7', 'Ebmaj', 'Ebmaj', 'Abmaj', 'Fmin7', 'Abmaj', 'Fmin7', 'Abmaj', 'Fmin7', 'Abmaj', 'Abmaj7', 'Ebmaj', 'Ebmaj', 'Cmin7', 'Abmaj7', 'Ebmaj', 'Ebmaj', 'Cmin7', 'Bbsus4', 'Bbsus4', 'Bbsus4', 'Bbsus4', 'Abmaj', 'Fmin7', 'Abmaj', 'Fmin7', 'Abmaj', 'Fmin7', 'Abmaj', 'Abmaj7', 'Ebmaj', 'Ebmaj', 'Cmin7', 'Abmaj7', 'Ebmaj', 'Ebmaj', 'Abmaj', 'Fmin7', 'Abmaj', 'Fmin7', 'Abmaj', 'Fmin7', 'Abmaj', 'Abmaj7', 'Ebmaj', 'Ebmaj', 'Cmin7', 'Abmaj7', 'Ebmaj', 'Ebmaj', 'Cmin7', 'Abmaj', 'Fmin7', 'Abmaj', 'Fmin7', 'Abmaj', 'Fmin7', 'Abmaj', 'Abmaj7', 'Ebmaj', 'Ebmaj', 'Cmin7', 'Abmaj7', 'Ebmaj', 'Ebmaj']"
0524,"['Emin9', 'Dmaj7', 'Cmaj9', 'Dmaj7', 'Emin9', 'Dmaj7', 'Cmaj9', 'Dmaj7', 'Emin9', 'Dmaj7', 'Cmaj9', 'Dmaj7', 'Emin9', 'Dmaj7', 'Cmaj9', 'Dmaj7', 'Emin9', 'Dmaj7', 'Cmaj9', 'Dmaj7', 'Emin9', 'Dmaj7', 'Cmaj9', 'Dmaj7', 'Emin7', 'Bmin', 'Cmaj7', 'Emin7', 'Bmin7', 'Amin7', 'Dsus4', 'Emin7', 'Bmin', 'Cmaj7', 'Emin7', 'Bmin7', 'Amin7', 'Dsus4', 'Emin7', 'Bmin', 'Cmaj7', 'Emin7', 'Bmin7', 'Amin7', 'Dsus4', 'Emin7', 'Bmin', 'Cmaj7', 'Emin7', 'Bmin7', 'Amin7', 'Dsus4', 'Gsus4', 'Gmaj', 'Gmaj', 'Gmaj', 'Emin7', 'Dsus4', 'Dmaj', 'Dmaj', 'Fmaj9', 'F#', 'A7', 'C', 'Emin7', 'Emin7', 'Bmin', 'Cmaj7', 'Emin7', 'Bmin7', 'Amin7', 'Dsus4', 'Emin7', 'Bmin', 'Cmaj7', 'Emin7', 'Bmin7', 'Amin7', 'Dsus4', 'Emin7', 'Bmin', 'Cmaj7', 'Emin7', 'Bmin7', 'Amin7', 'Dsus4', 'Emin7', 'Bmin', 'Cmaj7', 'Emin7', 'Bmin7', 'Amin7', 'Dsus4', 'Gsus4', 'Gmaj', 'Gmaj', 'Gmaj', 'Emin7', 'Dsus4', 'Dmaj', 'Dmaj', 'Fmaj9', 'F#', 'B7', 'Emin7', 'Dsus4', 'Gsus4', 'Gmaj', 'Gmaj', 'Gmaj', 'Emin7', 'Dsus4', 'Dmaj', 'Dmaj', 'Fmaj9', 'F#', 'A7', 'C', 'Emin7', 'A', 'A', 'A', 'A', 'A', 'A', 'C#dim', 'C7', 'B7', 'Emin9', 'Dmaj7', 'Cmaj9', 'Dmaj7', 'Emin9', 'Dmaj7', 'Cmaj9', 'Dmaj7', 'Emin9', 'Dmaj7', 'Cmaj9', 'Dmaj7', 'Emin9', 'Dmaj7', 'Cmaj9', 'Dmaj7', 'Emin9', 'Dmaj7', 'Cmaj9', 'Dmaj7', 'Emin9', 'Dmaj7', 'Cmaj9', 'Dmaj7', 'Emin9', 'Dmaj7', 'Cmaj9', 'Dmaj7', 'Emin9', 'Dmaj7', 'Cmaj9', 'Dmaj7', 'Emin9', 'Dmaj7', 'Cmaj9', 'Dmaj7', 'Emin9', 'Dmaj7', 'Cmaj9', 'Dmaj7', 'Emin9', 'Dmaj7', 'Cmaj9', 'Dmaj7', 'Emin9', 'Dmaj7', 'Cmaj9', 'Dsus4', 'Dmaj', 'Gsus4', 'Gmaj', 'Gmaj', 'Gmaj', 'Emin7', 'Dsus4', 'Dmaj', 'Dmaj', 'Fmaj9', 'F#', 'A7', 'C', 'Emin7', 'Emin7', 'Bmin', 'Cmaj7', 'Emin7', 'Bmin7', 'Amin7', 'Dsus4', 'Emin7', 'Bmin', 'Cmaj7', 'Emin7', 'Bmin7', 'Amin7', 'Dsus4', 'Emin7', 'Bmin', 'Cmaj7', 'Emin7', 'Bmin7', 'Amin7', 'Dsus4', 'Emin7', 'Bmin', 'Cmaj7', 'Emin7', 'Bmin7', 'Amin7', 'Dsus4', 'Gsus4', 'Gmaj', 'Gmaj', 'Gmaj', 'Emin7', 'Dsus4', 'Dmaj', 'Dmaj', 'Fmaj9', 'F#', 'B7', 'Emin7', 'Dsus4', 'Gsus4', 'Gmaj', 'Gmaj', 'Gmaj', 'Emin7', 'Dsus4', 'Dmaj', 'Dmaj', 'Fmaj9', 'F#', 'B7', 'Emin7', 'Dsus4', 'Gsus4', 'Gmaj', 'Gmaj', 'Gmaj', 'Emin7', 'Dsus4', 'Dmaj', 'Dmaj', 'Fmaj9', 'F#', 'B7', 'Emin7', 'Dsus4', 'Gsus4', 'Gmaj', 'Gmaj', 'Gmaj', 'Emin7', 'Dsus4', 'Dmaj', 'Dmaj', 'Fmaj9', 'F#', 'B7', 'Emin7', 'Dsus4', 'Gsus4', 'Gmaj', 'Gmaj', 'Gmaj', 'Emin7', 'Dsus4', 'Dmaj', 'Dmaj', 'Fmaj9', 'F#', 'B7', 'Emin7', 'Dsus4', 'Gsus4', 'Gmaj', 'Gmaj', 'Gmaj', 'Emin7']"
0525,"['Gmin', 'Gmin', 'Gmin', 'Gmin', 'Gmin', 'Gmin', 'Gmin', 'Gmin', 'Bb7', 'C7', 'Gmin', 'Gmin', 'Gmin', 'Gmin', 'Gmin', 'Gmin', 'Gmin', 'Gmin', 'Bb7', 'C7', 'Gmin', 'Gmin', 'Gmin', 'Gmin', 'Gmin', 'Gmin', 'Gmin', 'Gmin', 'Bb7', 'C7', 'Eb7', 'F7', 'Gmin', 'Gmin', 'Gmin', 'Gmin', 'Gmin', 'Gmin', 'Gmin', 'Gmin', 'Bb7', 'C7', 'Gmin', 'Gmin', 'Gmin', 'Gmin', 'Gmin', 'Gmin', 'Gmin', 'Gmin', 'Bb7', 'C7', 'Gmin', 'Gmin', 'Gmin', 'Gmin', 'Gmin', 'Gmin', 'Gmin', 'Gmin', 'Bb7', 'C7', 'Eb7', 'F7', 'Gmin', 'Gmin', 'Gmin', 'Cmaj', 'Gmin', 'Cmaj', 'Gmin', 'Cmaj', 'Gmin', 'Cmaj', 'Gmin', 'Gmin', 'Gmin', 'Gmin', 'Gmin', 'Gmin', 'Gmin', 'Gmin', 'Gmin', 'Gmin', 'Gmin', 'Gmin', 'Gmin', 'Gmin', 'Gmin', 'Gmin', 'Gmin', 'Gmin', 'Gmin', 'Gmin', 'Gmin', 'Gmin', 'Gmin', 'Cmaj', 'Gmin', 'Cmaj', 'Gmin', 'Cmaj', 'Gmin', 'Cmaj', 'Gmin', 'Gmin', 'Gmin', 'Gmin', 'Gmin', 'Gmin', 'Gmin', 'Gmin', 'Bb7', 'C7', 'Gmin', 'Gmin', 'Gmin', 'Gmin', 'Gmin', 'Gmin', 'Gmin', 'Gmin', 'Bb7', 'C7', 'Gmin', 'Gmin', 'Gmin', 'Gmin', 'Gmin', 'Gmin', 'Gmin', 'Gmin', 'Bb7', 'C7', 'Eb7', 'F7', 'Gmin', 'Gmin', 'Gmin', 'Gmin', 'Gmin', 'Gmin', 'Gmin', 'Gmin', 'Gmin', 'Gmin', 'Gmin', 'Gmin', 'Gmin', 'Gmin', 'Gmin', 'Gmin', 'Gmin', 'Gmin', 'Gmin', 'Gmin', 'Gmin', 'Gmin', 'Gmin', 'Gmin', 'Gmin', 'Gmin', 'Gmin', 'Gmin', 'Gmin', 'Gmin', 'Gmin', 'Gmin', 'Gmin', 'Gmin', 'Gmin', 'Gmin', 'Gmin', 'Gmin']"
0526,"['B5', 'B5', 'B5', 'B5', 'Gmaj', 'Gmaj', 'F#min', 'Bmin', 'Gmaj', 'Gmaj', 'F#min', 'Bmin', 'Gmaj', 'Gmaj', 'F#min', 'Bmin', 'Gmaj', 'Gmaj', 'F#min', 'Bmin', 'Gmaj', 'Gmaj', 'F#min', 'Bmin', 'Gmaj', 'Gmaj', 'F#min', 'Bmin', 'Gmaj', 'Gmaj', 'F#min', 'Bmin', 'Bmin7', 'Gmaj', 'Gmaj', 'F#min', 'F#min', 'Gmaj7', 'Gmaj7', 'F#min', 'Bmin', 'Bmin7', 'Gmaj7', 'Gmaj7', 'F#min', 'Bmin', 'Bmin7', 'Gmaj', 'Gmaj', 'F#min', 'Bmin', 'Bmin7', 'Gmaj7', 'Gmaj7', 'F#min', 'Bmin', 'Bmin7', 'Gmaj', 'Emin7', 'F#min', 'Bmin', 'Bmin7', 'Gmaj', 'Gmaj', 'F#min', 'Bmin', 'Gmaj7', 'Gmaj7', 'F#min', 'Bmin', 'Bmin7', 'Gmaj7', 'Gmaj7', 'F#min', 'Bmin', 'Bmin7', 'Gmaj', 'Gmaj', 'Bmin7', 'Emin7', 'F#sus4', 'Bmin', 'Bmin7', 'Emin7', 'F#sus4', 'Bmin', 'Bmin7', 'Gmaj7', 'Emin7', 'F#min7', 'Bmin', 'Bmin7', 'Gmaj7', 'Emin7', 'F#min7', 'Bmin', 'Bmin7', 'Gmaj', 'Gmaj', 'F#min', 'Bmin', 'Bmin7', 'Gmaj7', 'Gmaj7', 'F#min', 'Bmin', 'Bmin7', 'Gmaj7', 'Gmaj7', 'F#min7', 'Bmin', 'Bmin7', 'Gmaj7', 'Gmaj7', 'F#min', 'Bmin', 'Bmin7', 'Gmaj7', 'Gmaj7', 'F#min7', 'Bmin', 'Bmin7', 'Gmaj', 'Emin7', 'F#min', 'Bmin', 'Bmin7', 'Gmaj', 'Emin7', 'F#min', 'Bmin', 'Bmin7', 'Gmaj']"
0528,"['Amaj9', 'Bmin7', 'Amaj9', 'Bmin7', 'Amaj9', 'Bmin7', 'Dmaj', 'Amaj', 'Amaj9', 'Bmin7', 'Amaj9', 'Bmin7', 'Amaj9', 'Bmin7', 'Amaj9', 'Bmin7', 'Amaj9', 'Bmin7', 'Amaj9', 'Bmin7', 'Amaj9', 'Bmin7', 'Amaj9', 'Bmin7', 'Dmaj', 'Amaj', 'Amaj', 'Amaj9', 'Bmin7', 'Amaj9', 'Bmin7', 'Amaj9', 'Bmin7', 'Amaj9', 'Bmin7', 'Amaj9', 'Bmin7', 'Amaj9', 'Bmin7', 'Amaj9', 'Bmin7', 'Amaj9', 'Bmin7', 'Dmaj', 'Amaj', 'Gmaj', 'Dmaj', 'Amaj', 'Amaj', 'Gmaj', 'Bmin7', 'Bmin7', 'Amaj9', 'Bmin7', 'Amaj9', 'Bmin7', 'Amaj9', 'Bmin7', 'Dmaj', 'Amaj', 'Bb', 'Bb', 'Bb', 'Bbmaj9', 'Cmin7', 'Bbmaj9', 'Cmin7', 'Bbmaj9', 'Cmin7', 'Bbmaj9', 'Cmin7', 'Bbmaj9', 'Cmin7', 'Bbmaj9', 'Cmin7', 'Bbmaj9', 'Ebmaj', 'Cmin', 'Cmin', 'Bbmaj9', 'Cmin7', 'Bbmaj9', 'Cmin7', 'Bbmaj9', 'Cmin7', 'Bbmaj9', 'Cmin7', 'Bbmaj9', 'Cmin7', 'Bbmaj9', 'Cmin7', 'Bbmaj9', 'Cmin7', 'Bbmaj9', 'Cmin7', 'Bbmaj9', 'Cmin7', 'Bbmaj9', 'Cmin7', 'Bbmaj9', 'Cmin7', 'Bbmaj9', 'Cmin7']"
0530,"['F#min', 'Emaj', 'Dmaj', 'Dmaj', 'F#min', 'Emaj', 'Dmaj', 'Dmaj', 'F#min', 'Emaj', 'Dmaj', 'Dmaj', 'F#min', 'Emaj', 'Dmaj', 'Dmaj', 'F#min', 'Emaj', 'Dmaj', 'Dmaj', 'F#min', 'Emaj', 'Dmaj', 'Dmaj', 'F#min', 'Emaj', 'Dmaj', 'Dmaj', 'F#min', 'Emaj', 'Dmaj', 'Dmaj', 'F#min', 'Emaj', 'Dmaj', 'Dmaj', 'F#min', 'Emaj', 'Dmaj', 'Dmaj', 'F#min', 'Emaj', 'Dmaj', 'Dmaj', 'F#min', 'Emaj', 'Dmaj', 'Dmaj', 'F#min', 'Emaj', 'Dmaj', 'Dmaj', 'F#min', 'Emaj', 'Dmaj', 'Dmaj', 'F#min', 'Emaj', 'Dmaj', 'Dmaj', 'F#min', 'Emaj', 'Dmaj', 'Dmaj', 'F#min', 'Emaj', 'Dmaj', 'Dmaj', 'F#min', 'Emaj', 'Dmaj', 'Dmaj', 'F#min', 'Emaj', 'Dmaj', 'Dmaj', 'F#min', 'Emaj', 'Dmaj', 'Dmaj', 'F#min', 'Emaj', 'Dmaj', 'Dmaj', 'F#min', 'Emaj', 'Dmaj', 'Dmaj', 'F#min', 'Emaj', 'Dmaj', 'Dmaj', 'F#min', 'Emaj', 'Dmaj', 'Dmaj', 'Dmaj', 'Emaj', 'F#min', 'F#min', 'F#min', 'F#min', 'Emaj', 'Dmaj', 'Dmaj', 'F#min', 'Emaj', 'Dmaj', 'Dmaj', 'F#min', 'Emaj', 'Dmaj', 'Dmaj', 'F#min', 'Emaj', 'Dmaj', 'Dmaj', 'F#min', 'Emaj', 'Dmaj', 'Dmaj', 'F#min', 'Emaj', 'Dmaj', 'Dmaj', 'F#min', 'Emaj', 'Dmaj', 'Dmaj', 'F#min', 'Emaj', 'Dmaj', 'Dmaj', 'F#min', 'Emaj', 'Dmaj', 'Dmaj', 'F#min', 'Emaj', 'Dmaj', 'Dmaj', 'F#min', 'Emaj', 'Dmaj', 'Dmaj', 'F#min', 'Emaj', 'Dmaj', 'Dmaj', 'F#min', 'Emaj', 'Dmaj', 'Dmaj', 'F#min', 'Emaj', 'Dmaj', 'Dmaj', 'F#min', 'Emaj', 'Dmaj', 'Dmaj', 'F#min', 'Emaj', 'Dmaj', 'Dmaj', 'F#min', 'Emaj', 'Dmaj', 'Dmaj', 'F#min', 'Emaj', 'Dmaj', 'Dmaj', 'F#min', 'Emaj', 'Dmaj', 'Dmaj', 'F#min', 'Emaj', 'Dmaj', 'Dmaj', 'F#min', 'Emaj', 'Dmaj', 'Dmaj', 'F#min', 'Emaj', 'Dmaj', 'Dmaj']"
0531,"['Cmin', 'Cmin', 'Cmin', 'Abmaj', 'Bbmaj', 'Cmin', 'Cmin', 'Abmaj', 'Bbmaj', 'Cmin', 'Abmaj', 'Bbmaj', 'Cmin', 'Cmin9', 'Abmaj', 'Bbmaj', 'Cmin', 'Cmin9', 'Abmaj', 'Bbmaj', 'Cmin', 'Cmin9', 'Abmaj', 'Bbmaj', 'Fmin7', 'Cmin9', 'Fmin7', 'Fmin7', 'Cmin9', 'Fmin7', 'Abmaj', 'Bbmaj', 'Cmin', 'Cmin', 'Abmaj', 'Bbmaj', 'Cmin', 'Cmin', 'Abmaj', 'Bbmaj', 'Cmin', 'Abmaj', 'Abmaj', 'Bbmaj', 'Cmin', 'Abmaj', 'Bbmaj', 'Cmin', 'Cmin9', 'Abmaj', 'Bbmaj', 'Cmin', 'Cmin9', 'Abmaj', 'Bbmaj', 'Cmin', 'Cmin9', 'Abmaj', 'Bbmaj', 'Cmin', 'Cmin9', 'Abmaj', 'Bbmaj', 'Cmin', 'Cmin9', 'Abmaj', 'Bbmaj', 'Fmin7', 'Cmin9', 'Fmin7', 'Fmin7', 'Cmin9', 'Fmin7', 'Fmin7', 'Cmin9', 'Fmin7', 'Abmaj', 'Bbmaj', 'Cmin', 'Cmin', 'Abmaj', 'Bbmaj', 'Cmin', 'Cmin', 'Abmaj', 'Bbmaj', 'Cmin', 'Abmaj', 'Abmaj', 'Bbmaj', 'Cmin', 'Fmin7', 'Cmin9', 'Fmin7', 'Fmin7', 'Cmin9', 'Fmin7', 'Fmin7', 'Cmin9', 'Fmin7', 'Abmaj', 'Bbmaj', 'Cmin', 'Cmin', 'Abmaj', 'Bbmaj', 'Cmin', 'Cmin', 'Abmaj', 'Bbmaj', 'Cmin', 'Abmaj', 'Abmaj', 'Bbmaj', 'Cmin', 'Cmin', 'Abmaj', 'Bbmaj', 'Cmin', 'Cmin', 'Abmaj', 'Bbmaj', 'Cmin', 'Cmin', 'Abmaj', 'Bbmaj', 'Cmin', 'Cmin', 'Abmaj', 'Bbmaj', 'Cmin', 'Cmin', 'Abmaj', 'Bbmaj', 'Cmin', 'Cmin', 'Abmaj', 'Bbmaj', 'Cmin', 'Cmin', 'Abmaj', 'Abmaj', 'Bbmaj', 'Bbmaj', 'Cmin', 'Cmin', 'Cmin', 'Cmin', 'Cmin', 'Cmin', 'Cmin', 'Cmin', 'Cmin', 'Cmin', 'Cmin', 'Cmin']"
0533,"['D7', 'D7', 'D7', 'A7', 'D7', 'G7', 'E7', 'G7', 'E7', 'G7', 'E7', 'G7', 'E7', 'G7', 'E7', 'D7', 'G7', 'E7', 'D7', 'A7', 'D7', 'A7', 'D7', 'D7', 'D7', 'A7', 'D7', 'G7', 'E7', 'G7', 'E7', 'G7', 'E7', 'G7', 'E7', 'G7', 'E7', 'D7', 'G7', 'E7', 'D7', 'A7', 'D7', 'A7', 'D7', 'D7', 'D7', 'A7', 'D7', 'G7', 'E7', 'G7', 'E7', 'G7', 'E7', 'G7', 'E7', 'G7', 'E7', 'D7', 'G7', 'E7', 'D7', 'A7', 'D7', 'A7', 'G7', 'E7', 'G7', 'E7', 'G7', 'E7', 'G7', 'E7', 'G7', 'E7', 'G7', 'E7']"
0537,"['Abmaj', 'Dbmaj', 'Abmaj', 'Dbmaj', 'Abmaj', 'Dbmaj', 'Abmaj', 'Dbmaj', 'Ebmaj', 'Abmaj', 'Dbmaj', 'Ebmaj', 'Dbmaj', 'Abmaj', 'Ebmaj', 'Abmaj', 'Fmin', 'Fmaj', 'Bbmaj', 'Abmaj', 'Dbmaj', 'Ebmaj', 'Gbmaj', 'Dbmaj', 'Bbmin', 'Ebmaj', 'Abmaj', 'Dbmaj', 'Ebmaj', 'Abmaj', 'Dbmaj', 'Ebmaj', 'Dbmaj', 'Abmaj', 'Ebmaj', 'Abmaj', 'Fmin', 'Fmaj', 'Bbmaj', 'Abmaj', 'Dbmaj', 'Ebmaj', 'Gbmaj', 'Dbmaj', 'Bbmin', 'Ebmaj', 'Abmaj', 'Dbmaj', 'Ebmaj', 'Abmaj', 'Dbmaj', 'Ebmaj', 'Abmaj', 'Dbmaj', 'Ebmaj', 'Abmaj', 'Dbmaj', 'Ebmaj', 'Dbmaj', 'Abmaj', 'Ebmaj', 'Abmaj', 'Fmin', 'Fmaj', 'Bbmaj', 'Abmaj', 'Dbmaj', 'Ebmaj', 'Gbmaj', 'Dbmaj', 'Bbmin', 'Ebmaj', 'Abmaj', 'Dbmaj', 'Ebmaj', 'Abmaj', 'Dbmaj', 'Ebmaj', 'Dbmaj', 'Abmaj', 'Ebmaj', 'Abmaj', 'Abmaj', 'Dbmaj', 'Ebmaj', 'Abmaj', 'Dbmaj', 'Ebmaj', 'Abmaj', 'Dbmaj', 'Ebmaj', 'Abmaj', 'Dbmaj', 'Ebmaj']"
0539,"['Emaj', 'Emaj', 'Emaj', 'Emaj', 'Emaj', 'Emaj', 'Emaj', 'Emaj', 'Emaj', 'Emaj', 'Emaj', 'Emaj', 'Emaj', 'Emaj', 'Emaj', 'Emaj', 'Emaj', 'Emaj', 'Emaj', 'Emaj', 'Emaj', 'Emin', 'Emin', 'Gmaj', 'Gmaj', 'Emin', 'Emin', 'Cmaj', 'Cmaj', 'Cmaj', 'Cmaj', 'Emaj', 'Emaj', 'Emaj', 'Cmaj', 'Emaj', 'Emaj', 'Emaj', 'Cmaj', 'Amin', 'Bmaj', 'Emaj', 'E7', 'E', 'Cmaj', 'Emaj', 'E7', 'E', 'Cmaj', 'Emaj', 'Emaj', 'Emaj', 'Cmaj', 'Emaj', 'Emaj', 'Emaj', 'Cmaj', 'Amin', 'Bmaj', 'Emaj', 'E7', 'E', 'Cmaj', 'Emaj', 'E7', 'E', 'Cmaj', 'Cmaj', 'Amaj', 'Amaj', 'Dmaj', 'Amaj', 'Amaj', 'Dmaj', 'Bmaj', 'Bmaj', 'Dmaj', 'Bmaj', 'Bmaj', 'Emin', 'Emin', 'Gmaj', 'Gmaj', 'Emin', 'Emin', 'Cmaj', 'Cmaj', 'Cmaj', 'Cmaj', 'Emaj', 'E7', 'E', 'Cmaj', 'Emaj', 'E7', 'E', 'Cmaj', 'Emaj', 'E7', 'E', 'Cmaj', 'Emaj', 'E7', 'E', 'Cmaj', 'Emaj', 'E7', 'E', 'Cmaj', 'Emaj', 'E7', 'E', 'Cmaj', 'Emaj', 'E7', 'E', 'Cmaj', 'Emaj', 'E7', 'E', 'Cmaj', 'Emaj', 'E7', 'E', 'Cmaj', 'Emaj', 'E7', 'E', 'Cmaj', 'Emaj']"
0540,"['Dmin9', 'C', 'Bbmaj9', 'Asus4', 'Dmin', 'Cmaj', 'Bbmaj9', 'Amin7', 'Gmin7', 'E', 'A7', 'Dsus4', 'Dmaj', 'Dmin9', 'Amin7', 'Bbmaj9', 'Amin7', 'Gmin9', 'Asus4', 'Amaj', 'Dsus4', 'Dmaj', 'Gmin9', 'Amin7', 'Bbmaj7', 'Amin7', 'Gmin9', 'Amin7', 'Ebmaj9', 'Dmin7', 'Cmin9', 'Dmin9', 'Amin7', 'Bbmaj9', 'Amin7', 'Gmin9', 'Asus4', 'Amaj', 'Dmin9', 'Dmin9', 'Bbmaj9', 'Asus4', 'Amaj', 'Emin', 'Dmaj', 'Amaj', 'Dmaj', 'Emin', 'Dmaj', 'Amaj', 'Dmaj', 'Dmin9', 'Amin7', 'Bbmaj9', 'Amin7', 'Gmin9', 'Asus4', 'Amaj', 'Dsus4', 'Dmaj', 'Dmin9', 'Amin7', 'Bbmaj9', 'Amin7', 'Gmin9', 'Asus4', 'Amaj', 'Dsus4', 'Dmaj', 'Gmin9', 'Amin7', 'Bbmaj7', 'Amin7', 'Gmin9', 'Amin7', 'Ebmaj9', 'Cmin9', 'Cmin9', 'Eb', 'Ebmin9', 'Bbmin7', 'Cbmaj9', 'Bbmin7', 'Abmin9', 'Bbsus4', 'Bbmaj', 'Ebmin9', 'Ebmin9', 'Cbmaj9', 'Bbsus4', 'Bbmaj', 'Ebsus4', 'Ebsus4', 'Ebmaj', 'Ebmaj', 'Ebmaj', 'Ebmaj', 'Ebmaj', 'Ebmaj']"
0542,"['G7', 'C7', 'C7', 'Cmaj', 'Cmaj', 'Dmin', 'Cmaj', 'Cmaj', 'Cmaj', 'Dmin', 'Cmaj', 'Dmin7', 'Emin7', 'Fmaj', 'Emin7', 'Dmin7', 'Emin7', 'Fmaj', 'Gmaj', 'Gmaj', 'Cmaj', 'Cmaj', 'Dmin', 'Cmaj', 'Cmaj', 'Cmaj', 'Dmin', 'Cmaj', 'Cmaj', 'Cmaj', 'Dmin', 'Cmaj', 'Cmaj', 'Cmaj', 'Emin', 'Dmin', 'Cmaj', 'C7', 'Fmaj', 'C7', 'C7', 'C7', 'Fmaj', 'C7', 'C7', 'Cmaj', 'Cmaj', 'Dmin', 'Cmaj', 'Cmaj', 'Cmaj', 'Dmin', 'Cmaj', 'Dmin7', 'Emin7', 'Fmaj', 'Emin7', 'Dmin7', 'Emin7', 'Fmaj', 'Gmaj', 'Gmaj', 'Cmaj', 'Cmaj', 'Dmin', 'Cmaj', 'Cmaj', 'Cmaj', 'Dmin', 'Cmaj', 'Cmaj', 'Cmaj', 'Dmin', 'Cmaj', 'Cmaj', 'Cmaj', 'Emin', 'Dmin', 'C7', 'Fmaj', 'C7', 'C7', 'C7', 'Fmaj', 'C7', 'C7', 'Cmaj', 'Cmaj', 'Dmin', 'Cmaj', 'Cmaj', 'Cmaj', 'Dmin', 'Cmaj', 'Dmin7', 'Emin7', 'Fmaj', 'Emin7', 'Dmin7', 'Emin7', 'Fmaj', 'Gmaj', 'Cmaj', 'Cmaj', 'Dmin', 'Cmaj', 'Cmaj', 'Cmaj', 'Dmin', 'Cmaj', 'Cmaj', 'Cmaj', 'Dmin', 'Cmaj', 'Cmaj', 'Cmaj', 'Dmin', 'Cmaj', 'Cmaj', 'Cmaj', 'Dmin', 'Cmaj', 'Cmaj', 'Cmaj', 'Dmin', 'Cmaj', 'Cmaj', 'Cmaj', 'Dmin', 'Cmaj', 'Cmaj', 'Cmaj', 'Dmin', 'Cmaj', 'Cmaj', 'Cmaj', 'Dmin', 'Cmaj', 'Cmaj', 'Cmaj', 'Dmin', 'Cmaj', 'Cmaj', 'Cmaj', 'Dmin', 'Cmaj', 'Cmaj', 'Cmaj', 'Dmin', 'Cmaj', 'Cmaj', 'Cmaj', 'Dmin', 'Cmaj']"
0543,"['Cmaj', 'Amin', 'Cmaj', 'Amin', 'Cmaj', 'Amin', 'Cmaj', 'Amin', 'Cmaj', 'Amin', 'Fmaj', 'Cmaj', 'Gmaj', 'Cmaj', 'Amin', 'Fmaj', 'Gmaj', 'Cmaj', 'Bbmaj', 'C7', 'Fmaj', 'E7', 'Amin', 'Cmaj', 'Amin', 'Fmaj', 'Fmaj', 'Cmaj', 'Amin', 'Dmin7', 'G7', 'G', 'G7', 'Cmaj', 'Amin', 'Fmaj', 'Cmaj', 'Gmaj', 'Cmaj', 'Amin', 'Fmaj', 'Gmaj', 'Cmaj', 'Bbmaj', 'C7', 'Fmaj', 'E7', 'Amin', 'Cmaj', 'Amin', 'Fmaj', 'Fmaj', 'Cmaj', 'Gmaj', 'Cmaj', 'Fmaj', 'Cmaj', 'C7', 'Fmaj', 'F#dim', 'Cmaj', 'C7', 'Fmaj', 'F#dim', 'Cmaj', 'C7', 'Fmaj', 'F#dim', 'Gmaj', 'E7', 'Amin', 'Cmaj', 'D7', 'Fmaj', 'G7', 'A7', 'Dmaj', 'Bmin', 'Gmaj', 'Asus4', 'Dmaj', 'Bmin', 'Gmaj', 'Amaj', 'Dmaj', 'D7', 'Gmaj', 'G#dim', 'Dmaj', 'Bmin', 'Dmaj', 'Bmin', 'Gmaj', 'Emin', 'A', 'A', 'Dmaj', 'Dmaj', 'Bmin', 'Dmaj', 'Dmaj', 'Bmin', 'Dmaj', 'Gmaj', 'Dmaj']"
0545,"['Emaj', 'Emaj', 'C#min', 'C#min', 'Emaj', 'Emaj', 'C#min', 'C#min', 'Amaj', 'Amaj', 'Emaj', 'Emaj', 'Amaj', 'Amaj', 'Bmaj', 'Bmaj', 'Emaj', 'Emaj', 'C#min', 'C#min', 'Emaj', 'Emaj', 'C#min', 'C#min', 'Amaj', 'Amaj', 'Emaj', 'Emaj', 'Amaj', 'Amaj', 'Bmaj', 'Bmaj', 'Emaj', 'Emaj', 'C#min', 'C#min', 'Emaj', 'Emaj', 'C#min', 'C#min', 'Amaj', 'Amaj', 'Emaj', 'Emaj', 'Amaj', 'Amaj', 'Bmaj', 'Bmaj', 'Amaj', 'Amaj', 'Emaj', 'Emaj', 'Bmaj', 'Bmaj', 'Emaj', 'Emaj', 'Amaj', 'Amaj', 'Emaj', 'Emaj', 'Bmaj', 'Bmaj', 'Amaj', 'Emaj', 'Emaj', 'Emaj', 'Emaj', 'C#min', 'C#min', 'Emaj', 'Emaj', 'C#min', 'C#min', 'Amaj', 'Amaj', 'Emaj', 'Emaj', 'Amaj', 'Amaj', 'Bmaj', 'Bmaj', 'Amaj', 'Amaj', 'Emaj', 'Emaj', 'Bmaj', 'Bmaj', 'Emaj', 'Emaj', 'Amaj', 'Amaj', 'Emaj', 'Emaj', 'Bmaj', 'Bmaj', 'Amaj', 'Emaj', 'Emaj', 'Emaj', 'Emaj', 'C#min', 'C#min', 'Emaj', 'Emaj', 'C#min', 'C#min', 'Amaj', 'Amaj', 'Emaj', 'Emaj', 'Amaj', 'Amaj', 'Bmaj', 'Bmaj', 'Amaj', 'Amaj', 'Emaj', 'Emaj', 'Bmaj', 'Bmaj', 'Emaj', 'Emaj', 'Amaj', 'Amaj', 'Emaj', 'Emaj', 'Bmaj', 'Bmaj', 'Amaj', 'Emaj', 'Emaj', 'Bmaj', 'Bmaj', 'Amaj', 'Emaj', 'Emaj', 'Bmaj', 'Bmaj', 'Amaj', 'Amaj', 'Emaj', 'Emaj', 'Amaj', 'C7', 'B7', 'E7']"
0546,"['Cmin7', 'Fmaj', 'Bbmaj', 'Gmin', 'Cmaj', 'Cmaj', 'Fmaj', 'Bbmaj', 'Gmin', 'Cmaj', 'Cmaj', 'Gmin', 'Fmaj7', 'Cmin7', 'Fmaj', 'Bbmaj', 'Gmin', 'Cmaj', 'Cmaj', 'Fmaj', 'Bbmaj', 'Gmin', 'Cmaj', 'Cmaj', 'Gmin', 'Fmaj7', 'Cmin7', 'Fmaj', 'Bbmaj', 'Gmin', 'Cmaj', 'Cmaj', 'Fmaj', 'Bbmaj', 'Gmin', 'Cmaj', 'Cmaj', 'Gmin', 'Fmaj7', 'Bbmaj7', 'Bbmaj7', 'Cmaj', 'Cmaj', 'Bbmaj7', 'Bbmaj7', 'Cmaj', 'Gmin', 'Gmin', 'Cmin7', 'Fmaj', 'Bbmaj', 'Gmin', 'Cmaj', 'Cmaj', 'Fmaj', 'Bbmaj', 'Gmin', 'Cmaj', 'Cmaj', 'Fmaj', 'Bbmaj', 'Gmin', 'Cmaj', 'Cmaj', 'Fmaj', 'Bbmaj', 'Gmin', 'Cmaj', 'Cmaj']"
0547,"['Eb', 'Eb', 'Eb', 'Eb', 'Bmaj', 'Dbmaj', 'Eb', 'Eb', 'Eb', 'Eb', 'Bmaj', 'Dbmaj', 'Ebmin7', 'Ebmin7', 'Ebmin7', 'Ebmin7', 'Bmaj7', 'Bbmin7', 'Abmin7', 'Bbmin7', 'Bmaj7', 'Bmaj', 'Dbmaj', 'Eb', 'Eb', 'Ebmin7', 'Ebmin7', 'Ebmin7', 'Ebmin7', 'Bmaj7', 'Bbmin7', 'Abmin7', 'Bbmin7', 'Bmaj7', 'Dbmaj', 'Eb', 'Eb', 'F', 'Bbsus4', 'Bb7', 'Ebmaj9', 'Ebsus4', 'Ebmaj', 'Ebmin7', 'B', 'F', 'Bb7', 'Bmaj', 'Dbmaj', 'Ebmin7', 'Ebmin7', 'Ebmin7', 'Ebmin7', 'Bmaj7', 'Bbmin7', 'Abmin7', 'Bbmin7', 'Bmaj7', 'Bmaj', 'Dbmaj', 'Eb', 'Eb', 'Eb', 'Eb', 'Bmaj', 'Dbmaj', 'Ebmin9', 'Ebmin9', 'Ebmin9', 'Ebmin9', 'Bmaj7', 'Bbmin7', 'Abmin7', 'Dbmaj', 'Eb', 'Eb', 'F', 'Bbsus4', 'Bb7', 'Ebmaj9', 'Ebmaj', 'Ebmin7', 'B', 'F', 'Bb7', 'Abmin7', 'Dbmaj', 'Ebmin9', 'Ebmin9', 'Ebmin9', 'Ebmin9', 'Bmaj', 'Bbmin', 'Abmin7', 'Bbmin7', 'Bmaj7', 'Bmaj', 'Dbmaj', 'Eb', 'Eb', 'Eb', 'Eb', 'Eb', 'Eb', 'Bmaj', 'Dbmaj']"
0549,"['Abmaj', 'Fmin', 'Abmaj', 'Fmin', 'Abmaj', 'Fmin', 'Abmaj', 'Ebmaj', 'Abmaj', 'Fmin', 'Dbmaj', 'Ebmaj', 'Abmaj', 'Fmin', 'Dbmaj', 'Ebmaj', 'Abmaj', 'Ebmaj', 'Abmaj', 'Fmin', 'Abmaj', 'Fmin', 'Abmaj', 'Fmin', 'Dbmaj', 'Ebmaj', 'Abmaj', 'Ebmaj', 'Abmaj', 'Fmin', 'Abmaj', 'Fmin', 'Abmaj', 'Fmin', 'Abmaj', 'Abmaj', 'Ebmaj', 'Abmaj', 'Fmin', 'Dbmaj', 'Ebmaj', 'Abmaj', 'Fmin', 'Dbmaj', 'Ebmaj', 'Abmaj', 'Ebmaj', 'Abmaj', 'Fmin', 'Abmaj', 'Fmin', 'Abmaj', 'Fmin', 'Dbmaj', 'Ebmaj', 'Abmaj', 'Ebmaj', 'Abmaj', 'Fmin', 'Abmaj', 'Fmin', 'Abmaj', 'Fmin', 'Abmaj', 'Fmin', 'Abmaj', 'Fmin', 'Abmaj', 'Fmin']"
0550,"['Dmaj', 'Dbmaj', 'Cmaj', 'Bmaj', 'Esus4', 'Esus4', 'Esus4', 'Esus4', 'Amaj', 'Amin7', 'Bmin', 'Bmin', 'Amaj', 'Amin7', 'Bmin', 'Bmin', 'Amaj', 'Amin7', 'Bmin', 'Bmin', 'Amaj', 'Amin7', 'Bmin', 'Gmaj', 'Dmaj', 'Gmaj', 'Dmaj', 'Gmaj', 'Dmaj', 'Gmaj', 'Dmaj', 'Amaj', 'Amin7', 'Bmin', 'Bmin', 'Amaj', 'Amin7', 'Bmin', 'Bmin', 'F#min', 'Gmaj', 'Esus4', 'Esus4', 'F#min', 'Gmaj', 'Esus4', 'Esus4', 'Amaj', 'Amin7', 'Bmin', 'Bmin', 'Amaj', 'Amin7', 'Bmin', 'Bmin', 'Amaj', 'Amin7', 'Bmin', 'Bmin', 'Amaj', 'Amin7', 'Bmin', 'Bmin', 'F#min', 'Gmaj', 'Esus4', 'Esus4', 'F#min', 'Gmaj', 'Esus4', 'Esus4', 'Amaj', 'Amin7', 'Bmin', 'Bmin', 'Amaj', 'Amin7', 'Bmin', 'Bmin', 'Dmaj', 'Dbmaj', 'Cmaj', 'Bmaj', 'Esus4', 'Esus4', 'Esus4', 'Esus4', 'Amaj', 'Amin7', 'Bmin', 'Bmin', 'Amaj', 'Amin7', 'Bmin', 'Bmin', 'F#min', 'Gmaj', 'Esus4', 'Esus4', 'F#min', 'Gmaj', 'Esus4', 'Esus4', 'Amaj', 'Amin7', 'Bmin', 'Bmin', 'Amaj', 'Amin7', 'Bmin', 'Bmin', 'Amaj', 'Amin7', 'Bmin', 'Bmin', 'Amaj', 'Amin7', 'Bmin', 'Bmin', 'Amaj', 'Amin7', 'Bmin', 'Bmin', 'Amaj', 'Amin7', 'Bmin', 'Bmin', 'Amaj', 'Amin7', 'Bmin', 'Bmin', 'Amaj', 'Amin7', 'Bmin', 'Gmaj', 'Dmaj', 'Gmaj', 'Dmaj', 'Gmaj', 'Dmaj', 'Gmaj', 'Dmaj', 'Amaj', 'Amin7', 'Bmin', 'Bmin', 'Amaj', 'Amin7', 'Bmin', 'Gmaj', 'Dmaj', 'Gmaj', 'Dmaj', 'Gmaj', 'Dmaj', 'Gmaj', 'Dmaj', 'Amaj', 'Amin7', 'Bmin', 'Bmin', 'Amaj', 'Amin7', 'Bmin', 'Gmaj', 'Dmaj', 'Gmaj', 'Dmaj', 'Gmaj', 'Dmaj', 'Gmaj', 'Dmaj', 'Amaj', 'Amin7', 'Bmin', 'Bmin', 'Amaj', 'Amin7', 'Bmin', 'Gmaj', 'Dmaj', 'Gmaj', 'Dmaj', 'Gmaj', 'Dmaj', 'Gmaj', 'Dmaj', 'Amaj', 'Amin7', 'Bmin', 'Bmin', 'Amaj', 'Amin7', 'Bmin', 'Gmaj', 'Dmaj', 'Gmaj', 'Dmaj', 'Gmaj', 'Dmaj', 'Gmaj', 'Dmaj']"
0552,"['A', 'A', 'A', 'A', 'A', 'A', 'A', 'A', 'A', 'A', 'A', 'A', 'A', 'A', 'A', 'A', 'Amin7', 'Amin7', 'Amin7', 'Amin7', 'Amin7', 'Amin7', 'Amin7', 'Amin7', 'Dmaj', 'Dmaj', 'Cmaj', 'Amaj', 'Dmaj', 'Dmaj', 'Cmaj', 'Amaj', 'Bmin', 'Bmin', 'Cmaj', 'Bmin', 'Dmaj', 'Dmaj', 'Dmaj', 'Dmaj', 'Bmin', 'Bmin', 'Amaj', 'Amaj', 'Gmaj', 'Gmaj', 'Gmaj', 'Gmaj', 'Dmin7', 'Dmin7', 'Dmin7', 'Dmin7', 'Dmaj', 'Dmaj', 'Gmaj', 'Gmaj', 'Dmaj', 'Dmaj', 'Cmaj', 'Gmaj', 'Dmaj', 'Dmaj', 'Gmaj', 'Gmaj', 'Dmaj', 'Dmaj', 'Dmaj', 'Dmaj', 'Bmin', 'Bmin', 'Cmaj', 'Bmin', 'Dmaj', 'Dmaj', 'Dmaj', 'Dmaj', 'Bmin', 'Bmin', 'Amaj', 'Amaj', 'Gmaj', 'Gmaj', 'Gmaj', 'Gmaj', 'Dmin7', 'Dmin7', 'Dmin7', 'Dmin7', 'Dmaj', 'Dmaj', 'Gmaj', 'Gmaj', 'Dmaj', 'Dmaj', 'Cmaj', 'Gmaj', 'Dmaj', 'Dmaj', 'Gmaj', 'Gmaj', 'Dmaj', 'Dmaj', 'Dmaj', 'Dmaj', 'Bmin', 'Bmin', 'Cmaj', 'Bmin', 'Dmaj', 'Dmaj', 'Dmaj', 'Dmaj', 'Bmin', 'Bmin', 'Amaj', 'Amaj', 'Gmaj', 'Gmaj', 'Gmaj', 'Gmaj', 'Bmin', 'Bmin', 'Bmin', 'Bmin', 'Gmaj', 'Gmaj', 'Gmaj', 'Gmaj', 'Bmin', 'Bmin', 'Bmin', 'Bmin', 'Gmaj', 'Gmaj', 'Gmaj', 'Gmaj', 'F#sus4', 'F#sus4', 'F#7', 'F#7', 'Bmin', 'Bmin', 'Bmin', 'Bmin', 'Gmaj', 'Gmaj', 'Gmaj', 'Gmaj', 'Bmin', 'Bmin', 'Bmin', 'Bmin', 'Gmaj', 'Gmaj', 'Gmaj', 'Gmaj', 'F#sus4', 'F#sus4', 'F#7', 'F#7', 'Dmin7', 'Dmin7', 'Dmin7', 'Dmin7', 'Dmaj', 'Dmaj', 'Gmaj', 'Gmaj', 'Dmaj', 'Dmaj', 'Cmaj', 'Gmaj', 'Dmaj', 'Dmaj', 'Gmaj', 'Gmaj', 'Dmaj', 'Dmaj', 'Dmaj', 'Dmaj', 'Bmin', 'Bmin', 'Cmaj', 'Bmin', 'Dmaj', 'Dmaj', 'Dmaj', 'Dmaj', 'Bmin', 'Bmin', 'Amaj', 'Amaj', 'Gmaj', 'Gmaj', 'Gmaj', 'Gmaj', 'Bmin', 'Bmin', 'Cmaj', 'Bmin', 'Dmaj', 'Dmaj', 'Dmaj', 'Dmaj', 'Bmin', 'Bmin', 'Amaj', 'Amaj', 'Gmaj', 'Gmaj', 'Gmaj', 'Gmaj', 'Bmin', 'Bmin', 'Cmaj', 'Bmin', 'Dmaj', 'Dmaj']"
0553,"['Cbmaj7', 'Db', 'Ebmin7', 'Eb', 'Ebmin', 'Eb', 'Ebmin7', 'Ebmaj9', 'Cbmaj', 'Dbmaj', 'Cbmaj', 'Bbsus4', 'Bbmaj', 'Ebmin', 'Eb', 'Ebmin7', 'Ebmaj9', 'Cbmaj', 'Dbmaj', 'Cbmaj', 'Bbsus4', 'Bbmaj', 'Ab7', 'Ab7', 'Bbaug', 'Bbaug', 'Cbmaj', 'Cbmaj', 'Bbsus4', 'Bbmaj', 'Cbmaj7', 'Db', 'Ebmin7', 'Eb', 'Cbmaj7', 'Db', 'Abmin', 'Abmin', 'Abmin', 'Abmin', 'Ebmin', 'Eb', 'Ebmin7', 'Ebmaj9', 'Cbmaj', 'Dbmaj', 'Cbmaj', 'Bbsus4', 'Bbmaj', 'Ebmin', 'Eb', 'Ebmin7', 'Ebmaj9', 'Cbmaj', 'Dbmaj', 'Cbmaj', 'Bbsus4', 'Bbmaj', 'Ab7', 'Ab7', 'Bbaug', 'Bbaug', 'Cbmaj', 'Cbmaj', 'Bbsus4', 'Bbmaj', 'Cbmaj7', 'Db', 'Ebmin7', 'Eb', 'Cbmaj7', 'Db', 'Abmin', 'Abmin', 'Gbmaj', 'F', 'Bb5', 'Ebmin7', 'Ebmin', 'Eb', 'Ebmin7', 'Ebmaj9', 'Cbmaj', 'Dbmaj', 'Cbmaj', 'Bbsus4', 'Bbmaj', 'Ebmin', 'Eb', 'Ebmin7', 'Ebmaj9', 'Cbmaj', 'Dbmaj', 'Cbmaj', 'Bbsus4', 'Bbmaj', 'Ab7', 'Ab7', 'Bbaug', 'Bbaug', 'Cbmaj', 'Cbmaj', 'Bbsus4', 'Bbmaj', 'Cbmaj7', 'Db', 'Ebmin7', 'Eb', 'Cbmaj7', 'Db', 'Abmin', 'Abmin', 'Cbmaj7', 'Db', 'Ebmin7', 'Eb']"
0554,"['Amaj', 'Amaj', 'D7', 'D7', 'Amaj', 'Amaj', 'F#7', 'B7', 'E7', 'Amaj', 'Amaj', 'Amaj', 'F#7', 'B7', 'E7', 'Amaj', 'Amaj', 'Amaj', 'F#7', 'B7', 'E7', 'Amaj', 'Amaj', 'D7', 'D7', 'Amaj', 'Amaj', 'F#7', 'B7', 'E7', 'Amaj', 'Amaj', 'Amaj', 'F#7', 'B7', 'E7', 'Amaj', 'Amaj', 'Amaj', 'F#7', 'B7', 'E7', 'Amaj', 'Amaj', 'D7', 'D7', 'Amaj', 'Amaj', 'F#7', 'B7', 'E7', 'Amaj', 'Amaj', 'Amaj', 'F#7', 'B7', 'E7', 'Amaj', 'Amaj', 'Amaj', 'F#7', 'B7', 'E7', 'Amaj', 'Amaj', 'D7', 'D7', 'Amaj', 'Amaj', 'F#7', 'B7', 'E7', 'Amaj', 'Amaj', 'Amaj', 'F#7', 'B7', 'E7', 'Amaj', 'Amaj', 'Amaj', 'F#7', 'B7', 'E7', 'Amaj', 'Amaj', 'D7', 'D7', 'Amaj', 'Amaj', 'F#7', 'B7', 'E7', 'Amaj', 'B7', 'E7', 'Amaj']"
0555,"['Bbsus4', 'Bbsus4', 'Bbmaj', 'Bbmaj', 'Bbsus4', 'Bbsus4', 'Bbmaj', 'Bbmaj', 'Bmaj', 'F#maj', 'Emaj', 'Bmaj', 'Bmaj', 'F#maj', 'Emaj', 'Bmaj', 'Emaj', 'F#maj', 'Bmaj', 'Bmaj', 'Emaj', 'F#maj', 'Bmaj', 'Bmaj', 'Bmaj', 'G#min7', 'F#maj', 'Emaj', 'Bmaj', 'G#min7', 'F#maj', 'Emaj', 'Emaj', 'Emaj', 'Emaj', 'Bsus4', 'Bsus4', 'Bmaj', 'Bmaj', 'Bsus4', 'Bsus4', 'Bmaj', 'Bmaj', 'Bmaj', 'F#maj', 'Emaj', 'Bmaj', 'Bmaj', 'F#maj', 'Emaj', 'Bmaj', 'Emaj', 'F#maj', 'Bmaj', 'Bmaj', 'Emaj', 'F#maj', 'Bmaj', 'Bmaj', 'Bmaj', 'G#min7', 'F#maj', 'Emaj', 'Bmaj', 'G#min7', 'F#maj', 'Emaj', 'Emaj', 'Emaj', 'Emaj', 'Bsus4', 'Bsus4', 'Bmaj', 'Bmaj', 'Bsus4', 'Bsus4', 'Bmaj', 'Bmaj', 'Cmaj', 'Gmaj', 'Fmaj', 'Cmaj', 'Cmaj', 'Gmaj', 'Fmaj', 'Cmaj', 'Fmaj', 'Gmaj', 'Cmaj', 'Cmaj', 'Fmaj', 'Gmaj', 'Cmaj', 'Cmaj', 'Cmaj', 'Amin7', 'Gmaj', 'Fmaj', 'Cmaj', 'Amin7', 'Gmaj', 'Fmaj', 'Fmaj', 'Fmaj', 'Fmaj', 'Cmaj', 'Fmaj', 'Cmaj', 'Gmaj', 'Cmaj', 'Fmaj', 'Cmaj', 'Gmaj', 'Cmaj', 'Amin7', 'Gmaj', 'Fmaj', 'Cmaj', 'Amin7', 'Gmaj', 'Fmaj', 'Cmaj', 'Amin7', 'Gmaj', 'Fmaj', 'Cmaj', 'Amin7', 'Gmaj', 'Fmaj', 'Cmaj', 'Amin7', 'Gmaj', 'Fmaj', 'Cmaj', 'Amin7', 'Gmaj', 'Fmaj', 'Cmaj', 'Amin7', 'Gmaj', 'Fmaj']"
0559,"['Bmaj', 'Bmaj', 'Bmaj', 'Bmaj', 'Bmaj', 'Bmaj', 'Bmaj', 'Bmaj', 'Bmaj', 'Emaj', 'Bmaj', 'Emaj', 'Emaj', 'Bmaj', 'Bmaj', 'Emaj', 'Bmaj', 'Emaj', 'Emaj', 'Bmaj', 'Bmaj', 'Emaj', 'Bmaj', 'Emaj', 'Emaj', 'Bmaj', 'Bmaj', 'Emaj', 'Bmaj', 'Emaj', 'Emaj', 'Bmaj', 'Emaj', 'Bmaj', 'F#maj', 'Bmaj', 'Emaj', 'Bmaj', 'F#maj', 'Bmaj', 'Emaj', 'Bmaj', 'F#maj', 'Bmaj', 'Emaj', 'Bmaj', 'F#maj', 'Bmaj', 'Bmaj', 'Bmaj', 'Bmaj', 'Bmaj', 'Emaj', 'Bmaj', 'Emaj', 'Emaj', 'Bmaj', 'Bmaj', 'Emaj', 'Bmaj', 'Emaj', 'Emaj', 'Bmaj', 'F#maj', 'Bmaj', 'F#maj', 'Bmaj', 'Emaj', 'Bmaj', 'F#maj', 'Bmaj', 'Emaj', 'Bmaj', 'F#maj', 'Bmaj', 'Emaj', 'Bmaj', 'F#maj', 'Bmaj', 'B7', 'B7', 'B7', 'B7', 'Cmaj', 'Gmaj', 'Cmaj', 'Fmaj', 'Cmaj', 'Gmaj', 'Cmaj', 'Fmaj', 'Cmaj', 'Gmaj', 'Cmaj', 'Fmaj', 'Cmaj', 'Gmaj', 'Cmaj', 'Gmaj', 'Cmaj', 'Gmaj', 'Cmaj', 'Fmaj', 'Cmaj', 'Gmaj', 'Cmaj', 'Fmaj', 'Cmaj', 'Gmaj', 'Cmaj', 'Fmaj', 'Cmaj', 'Gmaj', 'Cmaj', 'Gmaj', 'Cmaj', 'Gmaj', 'Cmaj', 'Fmaj', 'Cmaj', 'Gmaj', 'Cmaj', 'Fmaj', 'Cmaj', 'Gmaj', 'Cmaj', 'Fmaj', 'Cmaj', 'Gmaj', 'Cmaj', 'Gmaj', 'Cmaj', 'Gmaj', 'Cmaj', 'Fmaj', 'Cmaj', 'Gmaj', 'Cmaj', 'Fmaj', 'Cmaj', 'Gmaj', 'Cmaj', 'Fmaj', 'Cmaj', 'Gmaj', 'Cmaj']"
0560,"['F#maj', 'Emaj', 'Bmaj', 'Emaj', 'Bmaj', 'Emaj', 'Bmaj', 'F#maj', 'Bmaj', 'Emaj', 'Bmaj', 'Emaj', 'Bmaj', 'F#maj', 'Emaj', 'Bmaj', 'Emaj', 'Bmaj', 'Emaj', 'Bmaj', 'F#maj', 'Bmaj', 'Bmaj', 'Bmaj', 'Bmaj', 'F#maj', 'Bmaj', 'Bmaj', 'Bmaj', 'Bmaj', 'F#maj', 'Bmaj', 'Bmaj', 'Emaj', 'Bmaj', 'Emaj', 'Bmaj', 'F#maj', 'Emaj', 'Bmaj', 'Emaj', 'Bmaj', 'Emaj', 'Bmaj', 'F#maj', 'Bmaj', 'F#maj', 'Bmaj', 'Emaj', 'Bmaj', 'Emaj', 'Bmaj', 'F#maj', 'Emaj', 'Bmaj', 'Emaj', 'Bmaj', 'Emaj', 'Bmaj', 'F#maj', 'Bmaj', 'Emaj', 'Bmaj', 'Emaj', 'Bmaj', 'F#maj', 'Emaj', 'Bmaj', 'Emaj', 'Bmaj', 'Emaj', 'Bmaj', 'F#maj', 'Emaj', 'Bmaj', 'Emaj', 'Bmaj', 'Emaj', 'Bmaj', 'F#maj', 'Emaj', 'Bmaj', 'Emaj', 'Bmaj', 'Emaj', 'Bmaj', 'F#maj', 'Emaj', 'Bmaj', 'Emaj', 'Bmaj', 'Emaj', 'Bmaj', 'F#maj', 'Emaj', 'Bmaj', 'Emaj', 'Bmaj', 'Emaj', 'Bmaj', 'F#maj', 'Emaj', 'Bmaj', 'Emaj', 'Bmaj', 'Emaj', 'Bmaj', 'F#maj']"
0561,"['Dmaj', 'Amaj', 'Dmaj', 'Amaj', 'Amaj', 'Emaj', 'Dmaj', 'Emaj', 'Dmaj', 'Amaj', 'Dmaj', 'Amaj', 'Dmaj', 'Amaj', 'Amaj', 'Emaj', 'Dmaj', 'Emaj', 'Dmaj', 'Amaj', 'Dmaj', 'Amaj', 'Dmaj', 'Amaj', 'Amaj', 'Emaj', 'Dmaj', 'Emaj', 'Dmaj', 'Amaj', 'Dmaj', 'Amaj', 'Dmaj', 'Amaj', 'Amaj', 'Emaj', 'Dmaj', 'Emaj', 'Dmaj', 'Amaj', 'Emaj', 'Emaj', 'F#min', 'F#min', 'Emaj', 'Emaj', 'F#min', 'F#min', 'Dmaj', 'Dmaj', 'Dmaj', 'Amaj', 'Dmaj', 'Amaj', 'Amaj', 'Emaj', 'Dmaj', 'Emaj', 'Dmaj', 'Amaj', 'Dmaj', 'Amaj', 'Dmaj', 'Amaj', 'Amaj', 'Emaj', 'Dmaj', 'Emaj', 'Dmaj', 'Amaj', 'Dmaj', 'Amaj', 'Dmaj', 'Amaj', 'Amaj', 'Emaj', 'Dmaj', 'Emaj', 'Dmaj', 'Amaj', 'Dmaj', 'Amaj', 'Dmaj', 'Amaj', 'Amaj', 'Emaj', 'Dmaj', 'Emaj', 'Dmaj', 'Amaj', 'Emaj', 'Emaj', 'F#min', 'F#min', 'Emaj', 'Emaj', 'F#min', 'F#min', 'Dmaj', 'Dmaj', 'Dmaj', 'Emaj', 'Dmaj', 'Emaj', 'Dmaj', 'Emaj', 'Dmaj', 'Emaj', 'Dmaj', 'Amaj', 'Dmaj', 'Amaj', 'Amaj', 'Emaj', 'Dmaj', 'Emaj', 'Dmaj', 'Amaj', 'Dmaj', 'Amaj', 'Dmaj', 'Amaj', 'Amaj', 'Emaj', 'Dmaj', 'Emaj', 'Dmaj', 'Amaj', 'Dmaj', 'Amaj', 'Dmaj', 'Amaj', 'Amaj', 'Emaj', 'Dmaj', 'Emaj', 'Dmaj', 'Amaj', 'Dmaj', 'Amaj', 'Dmaj', 'Amaj', 'Amaj', 'Emaj', 'Dmaj', 'Emaj', 'Dmaj', 'Amaj', 'Emaj', 'Emaj', 'F#min', 'F#min', 'Emaj', 'Emaj', 'F#min', 'F#min', 'Dmaj', 'Dmaj', 'Dmaj', 'Emaj', 'Dmaj', 'Emaj', 'Dmaj', 'Emaj', 'Dmaj', 'Emaj', 'Dmaj', 'Amaj', 'Dmaj', 'Amaj', 'Amaj', 'Emaj', 'Dmaj', 'Emaj', 'Dmaj', 'Amaj', 'Dmaj', 'Amaj', 'Dmaj', 'Amaj', 'Amaj', 'Emaj', 'Dmaj', 'Emaj', 'Dmaj', 'Amaj', 'Dmaj', 'Amaj', 'Dmaj', 'Amaj', 'Amaj', 'Emaj', 'Dmaj', 'Emaj', 'Dmaj', 'Amaj', 'Dmaj', 'Amaj', 'Dmaj', 'Amaj', 'Amaj', 'Emaj', 'Dmaj', 'Emaj', 'Dmaj', 'Amaj', 'Dmaj', 'Amaj', 'Dmaj', 'Amaj', 'Amaj', 'Emaj', 'Dmaj', 'Emaj', 'Dmaj', 'Amaj', 'Dmaj', 'Amaj', 'Dmaj', 'Amaj', 'Amaj', 'Amaj', 'Amaj', 'Amaj']"
0562,"['Ab7', 'Dbmaj', 'Gb7', 'Dbmaj', 'Ab7', 'Dbmaj7', 'Bbdim', 'Dbdim', 'Ebmin7', 'Abmaj', 'Ab7', 'Dbmaj7', 'Bbdim', 'Dbdim', 'Ebmin7', 'Abmaj', 'Ab7', 'Dbmaj7', 'A7', 'Ebmin7', 'F7', 'Bbmin7', 'Eb7', 'Ebmin7', 'Ab7', 'Dbmaj7', 'Bbdim', 'Dbdim', 'Ebmin7', 'Abmaj', 'Ab7', 'Dbmaj', 'Dbaug', 'Gbmaj7', 'Gb', 'Gb', 'Cb', 'Dbmaj9', 'Fmin7', 'Bb7', 'Ebmin7', 'Ab7', 'Dbmaj7', 'Gb7', 'Dbmaj', 'Ab7', 'Dbmaj9']"
0565,"['D7', 'D7', 'Gmaj', 'Gmaj', 'Gmaj', 'Gmaj', 'Gmaj', 'Gmaj', 'D7', 'D7', 'Gmaj', 'G7', 'Cmaj', 'Cmaj', 'A7', 'A7', 'D7', 'D7', 'Gmaj', 'Gmaj', 'Gmaj', 'Gmaj', 'Gmaj', 'D7', 'D7', 'D7', 'D7', 'D7', 'D7', 'Gmaj', 'Gmaj', 'Gmaj', 'Gmaj', 'Gmaj', 'Gmaj', 'Cmaj', 'Cmaj', 'D7', 'D7', 'D7', 'D7', 'Gmaj', 'Gmaj', 'Gmaj', 'Gmaj', 'Gmaj', 'Gmaj', 'Dmaj', 'Dmaj', 'D7', 'D7', 'D7', 'Gmaj', 'Gmaj', 'Gmaj', 'Gmaj', 'Gmaj', 'Gmaj', 'Cmaj', 'Cmaj', 'D7', 'D7', 'D7', 'D7', 'Gmaj', 'Gmaj', 'D7', 'D7', 'D7', 'D7', 'Gmaj', 'Gmaj', 'D7', 'D7', 'D7', 'D7']"
0567,"['Amaj', 'Amaj', 'A5', 'A5', 'A5', 'A5', 'A5', 'A5', 'A5', 'G', 'D', 'A', 'A', 'G', 'D', 'A', 'A5', 'A5', 'Cmaj', 'Gmaj', 'Amaj', 'Cmaj', 'Gmaj', 'Amaj', 'Fmaj', 'Gmaj', 'Amaj', 'Amaj', 'A5', 'G', 'D', 'A', 'A', 'G', 'D', 'A', 'A5', 'A5', 'Cmaj', 'Gmaj', 'Amaj', 'Cmaj', 'Gmaj', 'Amaj', 'Fmaj', 'Gmaj', 'Amaj', 'Amaj', 'E5', 'A5', 'E5', 'A5', 'E5', 'A5', 'E5', 'A5', 'G5', 'D5', 'A5', 'G5', 'D5', 'A5', 'A5', 'A5', 'G5', 'D5', 'A5', 'G5', 'D5', 'A5', 'G5', 'D5', 'A5', 'A5', 'A5', 'Cmaj', 'Gmaj', 'Amaj', 'Cmaj', 'Gmaj', 'Amaj', 'Fmaj', 'Gmaj', 'A5', 'Cmaj', 'Gmaj', 'A5', 'Cmaj', 'Gmaj', 'A5', 'Fmaj', 'Gmaj', 'A5', 'G5', 'D5', 'A5', 'A5', 'G5', 'D5', 'A5', 'A5', 'G5', 'D5', 'A5', 'A5', 'G5', 'D5', 'A5']"
0568,"['Bbmaj', 'Bbmaj', 'Gmin', 'Fmaj', 'Ebmaj', 'Ebmaj', 'Cmaj', 'Cmaj', 'Abmaj', 'Bbmaj', 'Abmaj', 'Bbmaj', 'Ebmaj', 'Ebmaj', 'Cmaj', 'Cmaj', 'Abmaj', 'Bbmaj', 'Abmaj', 'Bbmaj', 'Abmaj', 'Bbmaj', 'Fmaj', 'Dmin', 'Bbmaj', 'Cmaj', 'Fmaj', 'Dmin', 'Bbmaj', 'Cmaj', 'Bbmaj', 'Bbmaj', 'Ebmaj', 'Ebmaj', 'Cmaj', 'Cmaj', 'Abmaj', 'Bbmaj', 'Abmaj', 'Bbmaj', 'Ebmaj', 'Ebmaj', 'Cmaj', 'Cmaj', 'Abmaj', 'Bbmaj', 'Abmaj', 'Bbmaj', 'Abmaj', 'Bbmaj', 'Fmaj', 'Dmin', 'Bbmaj', 'Cmaj', 'Fmaj', 'Dmin', 'Bbmaj', 'Cmaj', 'Fmaj', 'Dbmaj', 'Fmaj', 'Dbmaj', 'F#maj', 'F#sus4', 'F#sus4', 'F#sus4', 'Ebmaj', 'Ebmaj', 'Cmaj', 'Cmaj', 'Abmaj', 'Bbmaj', 'Abmaj', 'Bbmaj', 'Ebmaj', 'Ebmaj', 'Cmaj', 'Cmaj', 'Abmaj', 'Bbmaj', 'Abmaj', 'Bbmaj', 'Abmaj', 'Bbmaj', 'Fmaj', 'Dmin', 'Bbmaj', 'Cmaj', 'Fmaj', 'Dmin', 'Bbmaj', 'Cmaj', 'Fmaj', 'Dmin', 'Bbmaj', 'Cmaj', 'Fmaj', 'Dmin', 'Bbmaj', 'Cmaj', 'Fmaj', 'Dmin', 'Bbmaj', 'Cmaj', 'Fmaj', 'Dmin', 'Bbmaj']"
0570,"['G', 'G', 'G', 'G', 'Gmaj', 'D7', 'Gmaj', 'Gmaj', 'Gmaj', 'Gmaj', 'D7', 'D7', 'Cmaj', 'D7', 'Gmaj', 'Cmaj', 'Gmaj', 'D7', 'Gmaj', 'Gmaj', 'Gmaj', 'D7', 'Gmaj', 'Gmaj', 'Gmaj', 'Gmaj', 'D7', 'D7', 'Cmaj', 'D7', 'Gmaj', 'Cmaj', 'Gmaj', 'D7', 'Gmaj', 'Gmaj', 'Gmaj', 'D7', 'Gmaj', 'Gmaj', 'Gmaj', 'Gmaj', 'D7', 'D7', 'Cmaj', 'D7', 'Gmaj', 'Cmaj', 'Gmaj', 'D7', 'Gmaj', 'Gmaj', 'Gmaj', 'D7', 'Gmaj', 'Gmaj', 'Gmaj', 'D7', 'Gmaj', 'Gmaj', 'Gmaj', 'Gmaj', 'D7', 'D7', 'Cmaj', 'D7', 'Gmaj', 'Cmaj', 'Gmaj', 'D7', 'Gmaj', 'Gmaj', 'Gmaj', 'D7', 'Gmaj', 'Gmaj', 'Gmaj', 'Gmaj', 'D7', 'D7', 'Cmaj', 'D7', 'Gmaj', 'Cmaj', 'Gmaj', 'D7', 'Gmaj', 'Gmaj', 'Gmaj', 'D7', 'Gmaj', 'Gmaj', 'Gmaj', 'D7', 'Gmaj', 'Gmaj', 'Gmaj']"
0571,"['Ebmaj', 'Ebmaj', 'Cmin', 'Cmin', 'Abmaj', 'Abmaj', 'Bbmaj', 'Bbmaj', 'Ebmaj', 'Ebmaj', 'Cmin', 'Cmin', 'Abmaj', 'Abmaj', 'Bbmaj', 'Bbmaj', 'Ebmaj', 'Ebmaj', 'Cmin', 'Cmin', 'Abmaj', 'Abmaj', 'Bbmaj', 'Bbmaj', 'Abmaj', 'Abmaj', 'Ebmaj', 'Ebmaj', 'Abmaj', 'Abmaj', 'Bb7', 'Bb7', 'Ebmaj', 'Ebmaj', 'Cmin', 'Cmin', 'Abmaj', 'Abmaj', 'Bbmaj', 'Ebmaj', 'Ebmaj', 'Ebmaj', 'Cmin', 'Cmin', 'Abmaj', 'Abmaj', 'Bbmaj', 'Bbmaj', 'Ebmaj', 'Ebmaj', 'Cmin', 'Cmin', 'Abmaj', 'Abmaj', 'Bbmaj', 'Bbmaj', 'Abmaj', 'Abmaj', 'Ebmaj', 'Ebmaj', 'Abmaj', 'Abmaj', 'Bb7', 'Bb7', 'Ebmaj', 'Ebmaj', 'Cmin', 'Cmin', 'Abmaj', 'Abmaj', 'Bbmaj', 'Ebmaj', 'Ebmaj', 'Ebmaj', 'Cmin', 'Cmin', 'Abmaj', 'Abmaj', 'Bbmaj', 'Bbmaj', 'Ebmaj', 'Ebmaj', 'Cmin', 'Cmin', 'Abmaj', 'Abmaj', 'Bbmaj', 'Bbmaj']"
0572,"['Fmaj', 'Cmaj', 'Dmin', 'Bbmaj', 'Cmaj', 'Fmaj', 'Fmaj', 'Cmaj', 'Dmin', 'Bbmaj', 'Cmaj', 'Fmaj', 'Fmaj', 'Cmaj', 'Dmin', 'Bbmaj', 'Cmaj', 'Fmaj', 'Fmaj', 'Cmaj', 'Dmin', 'Bbmaj', 'Cmaj', 'Fmaj', 'Dmin', 'Bbmaj', 'Cmaj', 'Dmin', 'Bbmaj', 'Cmaj', 'Dmin', 'Bbmaj', 'Cmaj', 'C#dim7', 'Dmin', 'Cmaj', 'Fmaj', 'Dmin', 'Bbmaj', 'Cmaj', 'Dmin', 'Bbmaj', 'Cmaj', 'Dmin', 'Bbmaj', 'Cmaj', 'C#dim7', 'Dmin', 'Cmaj', 'Fmaj', 'Fmaj', 'Cmaj', 'Dmin', 'Bbmaj', 'Cmaj', 'Fmaj', 'Fmaj', 'Cmaj', 'Dmin', 'Bbmaj', 'Cmaj', 'Fmaj', 'Fmaj', 'Cmaj', 'Dmin', 'Bbmaj', 'Cmaj', 'Fmaj', 'Fmaj', 'Cmaj', 'Dmin', 'Bbmaj', 'Cmaj', 'Fmaj', 'Bbmaj', 'Cmaj', 'Bbmaj', 'Cmaj', 'Bbmaj', 'Cmaj', 'Dmin', 'Dmin', 'Fmaj', 'Cmaj', 'Dmin', 'Bbmaj', 'Cmaj', 'Fmaj', 'Fmaj', 'Cmaj', 'Dmin', 'Bbmaj', 'Cmaj', 'Fmaj', 'Dmin', 'Bbmaj', 'Cmaj', 'Dmin', 'Bbmaj', 'Cmaj', 'Dmin', 'Bbmaj', 'Cmaj', 'C#dim7', 'Dmin', 'Cmaj', 'Fmaj', 'Dmin', 'Bbmaj', 'Cmaj', 'Dmin', 'Bbmaj', 'Cmaj', 'Dmin', 'Bbmaj', 'Cmaj', 'C#dim7', 'Dmin', 'Cmaj', 'Fmaj', 'Bbmaj', 'Cmaj', 'Bbmaj', 'Cmaj', 'Bbmaj', 'Cmaj', 'Dmin', 'Dmin', 'Fmaj', 'Cmaj', 'Dmin', 'Bbmaj', 'Cmaj', 'Fmaj', 'Fmaj', 'Cmaj', 'Dmin', 'Bbmaj', 'Cmaj', 'Fmaj', 'Fmaj', 'Cmaj', 'Dmin', 'Bbmaj', 'Cmaj', 'Fmaj', 'Fmaj', 'Cmaj', 'Dmin', 'Bbmaj', 'Cmaj', 'Fmaj']"
0573,"['Fmaj', 'Bbmaj', 'Gmin', 'A7', 'Fmaj', 'Bbmaj', 'Amin', 'Amin', 'Bbmaj', 'Gmin', 'A7', 'A7', 'Fmaj', 'Bbmaj', 'Amin', 'Amin', 'Bbmaj', 'Gmin', 'A7', 'A7', 'Fmaj', 'D7', 'Bbmaj', 'Eb', 'E7', 'E7', 'Abmin', 'Db7', 'C7', 'C7', 'Fmaj', 'Gmin', 'Amin', 'Bbmaj', 'Amin', 'Abdim', 'Gmin', 'C7', 'Fmaj', 'D7', 'Bbmaj', 'Eb', 'E7', 'E7', 'Abmin7', 'Db7', 'C7', 'C7', 'Fmaj', 'D7', 'Bbmaj', 'Eb', 'E7', 'E7', 'Fmaj', 'D7', 'Bbmaj', 'Eb', 'E7', 'C7', 'Fmaj', 'D7', 'Bbmaj', 'Eb', 'E7', 'C7']"
0574,"['A5', 'A5', 'A5', 'A5', 'A5', 'A5', 'A5', 'A5', 'A5', 'A5', 'A5', 'A5', 'A5', 'A5', 'A5', 'A5', 'Bmin', 'Gmaj', 'Bmin', 'Gmaj', 'Bmin', 'Gmaj', 'F#min', 'Gmaj', 'Amaj', 'Gmaj', 'Amaj', 'Dmaj', 'Amaj', 'Gmaj', 'Amaj', 'Dmaj', 'Amaj', 'Gmaj', 'Amaj', 'Dmaj', 'Bmin', 'Bmin', 'A5', 'A5', 'A5', 'A5', 'A5', 'A5', 'A5', 'A5', 'A5', 'A5', 'A5', 'A5', 'Bmin', 'Gmaj', 'Bmin', 'Gmaj', 'Bmin', 'Gmaj', 'F#min', 'Gmaj', 'Amaj', 'Gmaj', 'Amaj', 'Dmaj', 'Amaj', 'Gmaj', 'Amaj', 'Dmaj', 'Amaj', 'Gmaj', 'Amaj', 'Dmaj', 'Bmin', 'Bmin', 'Gmaj', 'Amaj', 'Dmaj', 'Amaj', 'Gmaj', 'Amaj', 'Dmaj', 'Amaj', 'Gmaj', 'Amaj', 'Dmaj', 'Bmin', 'Bmin', 'A', 'A', 'A', 'A', 'A', 'A', 'A', 'A', 'A', 'A', 'A', 'A', 'A', 'A', 'A', 'A', 'Gmaj', 'Amaj', 'Dmaj', 'Amaj', 'Gmaj', 'Amaj', 'Dmaj', 'Amaj', 'Gmaj', 'Amaj', 'Dmaj', 'Bmin', 'Bmin', 'Gmaj', 'Amaj', 'Dmaj', 'Amaj', 'Gmaj', 'Amaj', 'Dmaj', 'Amaj', 'Gmaj', 'Amaj', 'Dmaj', 'Bmin', 'Bmin', 'Gmaj', 'Amaj', 'Dmaj', 'Amaj', 'Gmaj', 'Amaj', 'Dmaj', 'Amaj', 'Gmaj', 'Amaj', 'Dmaj']"
0577,"['D7', 'C7', 'Gmaj', 'Gmaj', 'Gmaj', 'Gmaj', 'Gmaj', 'Gmaj', 'C7', 'C7', 'Gmaj', 'Gmaj', 'D7', 'C7', 'Gmaj', 'Gmaj', 'Gmaj', 'Gmaj', 'Gmaj', 'Gmaj', 'C7', 'C7', 'Gmaj', 'Gmaj', 'D7', 'C7', 'Gmaj', 'Gmaj', 'Gmaj', 'Gmaj', 'Gmaj', 'Gmaj', 'C7', 'C7', 'Gmaj', 'Gmaj', 'D7', 'C7', 'Gmaj', 'Gmaj', 'Gmaj', 'Gmaj', 'Gmaj', 'Gmaj', 'C7', 'C7', 'Gmaj', 'Gmaj', 'D7', 'C7', 'Gmaj', 'Gmaj', 'Gmaj', 'Gmaj', 'Gmaj', 'Gmaj', 'C7', 'C7', 'Gmaj', 'Gmaj', 'D7', 'C7', 'Gmaj', 'Gmaj', 'Gmaj', 'Gmaj', 'Gmaj', 'Gmaj', 'C7', 'C7', 'Gmaj', 'Gmaj', 'D7', 'C7', 'Gmaj', 'Gmaj', 'D7', 'C7', 'Gmaj', 'Gmaj', 'D7', 'C7', 'Gmaj']"
0578,"['Dmaj', 'Amaj', 'Cmaj', 'Bmin7', 'Amin7', 'Gmaj', 'F#min7', 'Bbmaj7', 'Amin7', 'Gmin7', 'Fmaj9', 'Dmaj', 'Dmaj', 'Emaj', 'Amaj', 'Emaj', 'Amaj', 'C#min7', 'C#min7', 'Dmaj7', 'Dmaj7', 'Cmaj7', 'Bmin7', 'Dmaj', 'Emaj', 'Amaj', 'Emaj', 'Amaj', 'C#min7', 'C#min7', 'Dmaj7', 'Dmaj9', 'Cmaj7', 'Bmin7', 'Dmaj', 'Dmaj7', 'Amaj', 'Cmaj7', 'Bmin7', 'Dmaj', 'Dmaj7', 'Amaj', 'Cmaj7', 'Bmin7', 'Amaj', 'Dmaj7', 'Amaj', 'Cmaj7', 'Bmin7', 'Dmaj', 'Emaj', 'Amaj', 'Emaj', 'Amaj', 'C#min7', 'C#min7', 'Dmaj7', 'Dmaj7', 'Cmaj7', 'Bmin7', 'Dmaj', 'Dmaj7', 'Amaj', 'Cmaj7', 'Bmin7', 'Dmaj', 'Dmaj7', 'Amaj', 'Cmaj7', 'Bmin7', 'Amaj', 'Dmaj7', 'Amaj', 'Cmaj7', 'Bmin7', 'Dmaj', 'Dmaj', 'Dmaj', 'Dmaj', 'Dmaj', 'Cdim', 'Bmin7', 'C#min7', 'Dmaj7', 'Dmaj', 'Emaj', 'Amaj', 'Emaj', 'Amaj', 'C#min7', 'C#min7', 'Dmaj7', 'Dmaj7', 'Cmaj7', 'Bmin7', 'Dmaj', 'Dmaj7', 'Amaj', 'Cmaj7', 'Bmin7', 'Dmaj', 'Dmaj7', 'Amaj', 'Cmaj7', 'Bmin7', 'Amaj', 'Dmaj7', 'Amaj', 'Cmaj7', 'Bmin7', 'Dmaj', 'Dmaj7', 'Amaj', 'Cmaj7', 'Bmin7', 'Dmaj', 'Dmaj7', 'Amaj', 'Cmaj7', 'Bmin7', 'Dmaj', 'Dmaj7', 'Amaj', 'Cmaj7', 'Bmin7', 'Dmaj', 'Dmaj7', 'Amaj', 'Cmaj7', 'Bmin7', 'Dmaj', 'Dmaj7', 'Amaj', 'Cmaj7', 'Bmin7', 'Dmaj', 'Dmaj7', 'Amaj', 'Cmaj7', 'Bmin7', 'Dmaj', 'Dmaj7', 'Amaj', 'Cmaj7', 'Bmin7', 'Dmaj']"
0579,"['Dmin', 'Dmin', 'Dmin', 'Dmin', 'Dmin', 'Gmaj', 'Bbmaj', 'Fmaj', 'Dmin', 'Gmaj', 'Bbmaj', 'Fmaj', 'Dmin', 'Gmaj', 'Bbmaj', 'Fmaj', 'Dmin', 'Gmaj', 'Bbmaj', 'Fmaj', 'Dmaj', 'Fmaj', 'Gmaj', 'Dmaj', 'Bbmaj', 'Fmaj', 'Dmaj', 'Amaj', 'Gmaj', 'Fmaj', 'Dmin', 'Cmaj', 'Dmin', 'Dmin', 'Dmin', 'Dmin', 'Dmin', 'Gmaj', 'Bbmaj', 'Fmaj', 'Dmin', 'Gmaj', 'Bbmaj', 'Fmaj', 'Dmaj', 'Fmaj', 'Gmaj', 'Dmaj', 'Bbmaj', 'Fmaj', 'Dmaj', 'Amaj', 'Gmaj', 'Fmaj', 'Dmin', 'Cmaj', 'Dmin', 'Dmin', 'Dmin', 'Dmin', 'Dmin', 'Gmaj', 'Bbmaj', 'Fmaj', 'Dmin', 'Gmaj', 'Bbmaj', 'Fmaj', 'Dmin', 'Gmaj', 'Bbmaj', 'Fmaj', 'Dmin', 'Gmaj', 'Bbmaj', 'Fmaj', 'Dmaj', 'Fmaj', 'Gmaj', 'Dmaj', 'Bbmaj', 'Fmaj', 'Dmaj', 'Amaj', 'Gmaj', 'Fmaj', 'Dmin', 'Cmaj', 'Dmin', 'Dmin', 'Dmin', 'Dmin', 'Dmin', 'Dmin', 'Dmin', 'Dmin']"
0580,"['Gmaj', 'Cmaj', 'Gmaj', 'Dmaj', 'Emin', 'Gmaj', 'Gmaj', 'Gmaj', 'Cmaj', 'Gmaj', 'Cmaj', 'Gmaj', 'Dmaj', 'Emin', 'Gmaj', 'Gmaj', 'Gmaj', 'Cmaj', 'Gmaj', 'Cmaj', 'Gmaj', 'Dmaj', 'Emin', 'Gmaj', 'Gmaj', 'Gmaj', 'Cmaj', 'Gmaj', 'Dmaj', 'Emin', 'Gmaj', 'Gmaj', 'Gmaj', 'Cmaj', 'Gmaj', 'Cmaj', 'Gmaj', 'Dmaj', 'Emin', 'Gmaj', 'Gmaj', 'Gmaj', 'Cmaj', 'Gmaj', 'Cmaj', 'Gmaj', 'Dmaj', 'Gmaj', 'Dmaj', 'Emin', 'Gmaj']"
0582,"['Abmaj', 'Dbmaj', 'Abmaj', 'Gbmaj', 'Abmaj', 'Abmaj', 'Abmaj', 'Gbmaj', 'Abmaj', 'Abmaj', 'Abmaj', 'Ebmin', 'Dbmaj', 'Abmaj', 'Ebmin', 'Dbmaj', 'Gbmaj', 'Dbmaj', 'Dbmaj7', 'Ddim', 'Abmaj', 'Abmaj', 'Abmaj', 'Abmaj', 'Abmaj', 'Dbmaj', 'Abmaj', 'Abmaj', 'Gbmaj', 'Abmaj', 'Abmaj', 'Abmaj', 'Gbmaj', 'Abmaj', 'Abmaj', 'Abmaj', 'Ebmin', 'Dbmaj', 'Abmaj', 'Ebmin', 'Dbmaj', 'Gbmaj', 'Dbmaj', 'Dbmaj', 'Ddim', 'Abmaj', 'Abmaj', 'Abmaj', 'Abmaj', 'Abmaj', 'Dbmaj', 'Abmaj', 'Abmaj', 'Gbmaj', 'Abmaj', 'Abmaj', 'Abmaj', 'Gbmaj', 'Abmaj', 'Abmaj', 'Abmaj', 'Gbmaj', 'Abmaj', 'Abmaj', 'Abmaj', 'Gbmaj', 'Abmaj', 'Abmaj', 'Abmaj', 'Ebmin', 'Dbmaj', 'Abmaj', 'Ebmin', 'Dbmaj', 'Abmaj', 'Ebmin', 'Dbmaj', 'Abmaj', 'Gbmaj', 'Dbmaj', 'Dbmaj', 'Dbmaj', 'Ddim', 'Abmaj', 'Abmaj', 'Abmaj', 'Abmaj', 'Abmaj', 'Dbmaj', 'Abmaj', 'Abmaj', 'Abmaj', 'Gbmaj', 'Abmaj', 'Abmaj', 'Abmaj', 'Gbmaj', 'Abmaj', 'Abmaj', 'Abmaj', 'Gbmaj', 'Abmaj', 'Abmaj', 'Abmaj', 'Gbmaj', 'Abmaj', 'Abmaj', 'Abmaj', 'Gbmaj', 'Abmaj', 'Abmaj']"
0583,"['Bb', 'Bb', 'Bb', 'Bb', 'Bb', 'Bb', 'Bb', 'Bb', 'Bb', 'Bb', 'Fmaj', 'Fmaj', 'Cmin', 'Cmin', 'Cmin', 'Fmaj', 'Fmaj', 'Fmaj', 'Bb', 'Bb', 'A7', 'Dmin', 'A7', 'A7', 'Dmin', 'Fmaj', 'F#dim', 'Gmin7', 'C7', 'C7', 'F7', 'Bb', 'Bb', 'Bb', 'Bb', 'Bb', 'Bb', 'Fmaj', 'Fmaj', 'Cmin', 'Cmin', 'Cmin', 'Fmaj', 'Fmaj', 'Fmaj', 'Bb', 'Bb', 'A7', 'Dmin', 'A7', 'A7', 'Dmin', 'Fmaj', 'F#dim', 'Gmin7', 'C7', 'C7', 'F7', 'Bb', 'Bb', 'Bb', 'Bb', 'Bb', 'Bb', 'Fmaj', 'Fmaj', 'Cmin', 'C', 'Cmin7', 'Fmaj', 'Fmaj', 'Fmaj', 'Bb7', 'Bb7', 'Bb7', 'Bb7', 'Bb7', 'Bb7', 'Bb7', 'Bb7', 'Bb7', 'Bb7', 'Bb7']"
0585,"['Dbmaj', 'Abmaj', 'Gbmaj', 'Abmaj', 'Db', 'Gb', 'Db', 'Gb', 'Db', 'Gb', 'Bbmin', 'Gb', 'Db', 'Gb', 'Db', 'Gb', 'Db', 'Ab7', 'Bbmin', 'Abmaj', 'Gb', 'Ab7', 'Bbmin', 'Abmaj', 'Db', 'Gb', 'Db', 'Gb', 'Db', 'Gb', 'Bbmin', 'Gb', 'Db', 'Gb', 'Db', 'Gb', 'Db', 'Ab7', 'Bbmin', 'Abmaj', 'Gb', 'Ab7', 'Bbmin', 'Abmaj', 'Db', 'Gb', 'Db', 'Gb', 'Db', 'Gb', 'Db', 'Gb', 'Db', 'Gb', 'Db', 'Gb', 'Db', 'Gb', 'Db', 'Gb']"
0587,"['Cmaj', 'Amin', 'Fmaj', 'Gmaj', 'Cmaj', 'Amin', 'Gmaj', 'Gmaj', 'Cmaj', 'Amin', 'Fmaj', 'Gmaj', 'Cmaj', 'Amin', 'Gmaj', 'Gmaj', 'Cmaj', 'Gmaj', 'Amin', 'Emin', 'Fmaj', 'Gmaj', 'Cmaj', 'C7', 'Fmaj', 'Gmaj', 'Fmaj', 'Ebmaj', 'Fmaj', 'Gmaj', 'Cmaj', 'Fmaj', 'Gmaj', 'Fmaj', 'Ebmaj', 'Fmaj', 'Gmaj', 'Cmaj', 'Cmaj', 'Amin', 'Fmaj', 'Gmaj', 'Cmaj', 'Amin', 'Gmaj', 'Gmaj', 'Cmaj', 'Amin', 'Fmaj', 'Gmaj', 'Cmaj', 'Amin', 'Gmaj', 'Gmaj', 'Cmaj', 'Gmaj', 'Amin', 'Emin', 'Fmaj', 'Gmaj', 'Cmaj', 'Amin', 'Fmaj', 'Fmin', 'Cmaj']"
0588,"['Cmin', 'Gsus4', 'Cmin', 'Gsus4', 'Cmin', 'Gsus4', 'Cmin', 'Gsus4', 'Ebmaj', 'Bbsus4', 'Ebmaj', 'Bbsus4', 'Ebmaj', 'Bbmaj', 'Cmin', 'F7', 'Bbmaj', 'Bbsus4', 'Bb7', 'Bb7', 'C7', 'Fmaj', 'Amin7', 'Dmaj', 'Bb5', 'C5', 'Fmaj', 'Amin7', 'Bbmaj', 'D7', 'Gmin', 'Bbmin', 'A7', 'A7', 'Fmaj', 'Ebmaj7', 'Ab', 'Bbmaj', 'Cmin7', 'Fmin', 'Gmin7', 'Fmin', 'Gmin7', 'Fmin', 'Csus4', 'Cmin', 'Gsus4', 'Cmin', 'Gsus4', 'Cmin', 'Gsus4', 'Cmin', 'Gsus4', 'Ebmaj', 'Bbsus4', 'Ebmaj', 'Bbsus4', 'Ebmaj', 'Bbmaj', 'Cmin', 'F7', 'Bbmaj', 'Bbsus4', 'Bb7', 'Bb7', 'C7', 'Fmaj', 'Amin7', 'Dmin', 'Bb5', 'C5', 'Fmaj', 'Amin7', 'Bbmaj', 'D7', 'Gmin', 'Bbmin', 'A7', 'A7', 'Fmaj', 'Ebmaj7', 'Ab', 'Bbmaj', 'Cmin7', 'Fmaj', 'Amin7', 'Dmin', 'Bb5', 'C5', 'Fmaj', 'Amin7', 'Bbmaj', 'D7', 'Gmin', 'Bbmin', 'A7', 'A7', 'Fmaj', 'Ebmaj7', 'Ab', 'Bbmaj', 'Cmin7']"
0589,"['Amaj', 'Gmaj9', 'Dmaj', 'Amaj', 'Gmaj9', 'Dmaj', 'Amaj', 'Amaj', 'Gmaj', 'Dmaj', 'Amaj', 'Gmaj', 'Dmaj', 'Amaj', 'Amaj', 'Gmaj', 'Dmaj', 'Amaj', 'Gmaj', 'Dmaj', 'Amaj', 'Amaj', 'Gmaj', 'Dmaj', 'Amaj', 'Gmaj', 'Dmaj', 'Amaj', 'Amaj', 'Gmaj', 'Dmaj', 'Amaj', 'Gmaj', 'Dmaj', 'Bmin', 'Amaj', 'Amaj', 'Gmaj', 'Dmaj', 'Gmaj', 'Amaj', 'Gmaj', 'Dmaj', 'Gmaj', 'Amaj', 'Gmaj', 'Dmaj', 'Gmaj', 'Amaj', 'Amaj', 'Dmaj', 'Gmaj', 'Amaj', 'Dmaj', 'Gmaj', 'Amaj', 'Dmaj', 'Gmaj', 'Amaj', 'Dmaj', 'Gmaj', 'Amaj', 'Amaj', 'Gmaj', 'Dmaj', 'Amaj', 'Gmaj', 'Dmaj', 'Amaj', 'Amaj', 'Gmaj', 'Dmaj', 'Amaj', 'Gmaj', 'Dmaj', 'Amaj', 'Amaj', 'Gmaj', 'Dmaj', 'Amaj', 'Gmaj', 'Dmaj', 'Amaj', 'Amaj', 'Gmaj', 'Dmaj', 'Amaj', 'Gmaj', 'Dmaj', 'Amaj', 'Amaj', 'Gmaj', 'Dmaj', 'Amaj', 'Gmaj', 'Dmaj', 'Bmin', 'Amaj', 'Amaj', 'Gmaj', 'Dmaj', 'Gmaj', 'Amaj', 'Gmaj', 'Dmaj', 'Gmaj', 'Amaj', 'Gmaj', 'Dmaj', 'Gmaj', 'Amaj', 'Amaj', 'Dmaj', 'Gmaj', 'Amaj', 'Dmaj', 'Gmaj', 'Amaj', 'Dmaj', 'Gmaj', 'Amaj', 'Dmaj', 'Gmaj', 'Amaj', 'Amaj', 'Gmaj', 'Dmaj', 'Amaj', 'Gmaj', 'Dmaj', 'Amaj', 'Amaj', 'Gmaj', 'Dmaj', 'Amaj', 'Gmaj', 'Dmaj', 'Amaj', 'Amaj', 'Gmaj', 'Dmaj', 'Amaj', 'Gmaj', 'Dmaj', 'Amaj', 'Amaj', 'Gmaj', 'Dmaj', 'Amaj', 'Gmaj', 'Dmaj', 'Amaj', 'Amaj', 'Gmaj', 'Dmaj', 'Amaj', 'Gmaj', 'Dmaj', 'Amaj', 'Amaj', 'Gmaj', 'Dmaj', 'Amaj', 'Gmaj', 'Dmaj']"
0590,"['Bbmaj', 'Bbmaj', 'Bbmaj', 'Bbmaj', 'Ab', 'Ab', 'Ab', 'Ab', 'Ab', 'Ab', 'Ab', 'Ab', 'Ab7', 'Ab7', 'Ab7', 'Ab7', 'Ab7', 'Ab7', 'Ab7', 'Ab7', 'Ab', 'Ab', 'Ab', 'Ab', 'Ab', 'Ab', 'Ab', 'Ab', 'Ab7', 'Ab7', 'Ab7', 'Ab7', 'Ab7', 'Ab7', 'Ab7', 'Ab7', 'Ab', 'Ab', 'Ab', 'Ab', 'Ab', 'Ab', 'Ab', 'Ab', 'Ab', 'Ab', 'Ab', 'Ab', 'Ab', 'Ab', 'Ab', 'Ab', 'Gbmaj', 'Bbmin', 'Cbmaj', 'Dbsus4', 'Gbmaj', 'Bbmin', 'Cbmaj', 'Bbmaj', 'Gbsus2', 'Gbsus2', 'Gbsus2', 'Gbsus2', 'Gbsus2', 'Gbsus2', 'Gbsus2', 'Gbsus2', 'Ab7', 'Ab7', 'Ab7', 'Ab7', 'Ab7', 'Ab7', 'Ab', 'Ab', 'Ab', 'Ab', 'Ab', 'Ab', 'Ab7', 'Ab7', 'Ab', 'Ab', 'Ab', 'Ab', 'Ab', 'Ab', 'Ab7', 'Ab7', 'Ab', 'Ab', 'Ab', 'Ab', 'Ab', 'Ab', 'Ab7', 'Ab7', 'Ab', 'Ab', 'Ab', 'Ab', 'Ab', 'Ab', 'Ab', 'Ab', 'Ab', 'Ab']"
0591,"['Cmaj', 'Cmaj', 'Fmaj', 'Fmaj', 'Cmaj', 'Cmaj', 'Fmaj', 'Fmaj', 'Cmaj', 'Cmaj', 'Fmaj', 'Fmaj', 'Cmaj', 'Cmaj', 'Fmaj', 'Fmaj', 'Amin7', 'Amin7', 'Fmaj', 'Fmaj', 'Cmaj', 'Cmaj', 'Fmaj', 'Fmaj', 'Cmaj', 'Cmaj', 'Fmaj', 'Fmaj', 'Amin7', 'Amin7', 'Fmaj', 'Fmaj', 'Cmaj', 'Fmaj', 'Cmaj', 'Gmaj', 'Cmaj', 'Cmaj', 'Fmaj', 'Fmaj', 'Cmaj', 'Cmaj', 'Fmaj', 'Fmaj', 'Amin7', 'Amin7', 'Fmaj', 'Fmaj', 'Cmaj', 'Cmaj', 'Fmaj', 'Fmaj', 'Cmaj', 'Cmaj', 'Fmaj', 'Fmaj', 'Amin7', 'Amin7', 'Fmaj', 'Fmaj', 'Cmaj', 'Fmaj', 'Cmaj', 'Gmaj', 'Cmaj', 'Fmaj', 'Cmaj', 'Gmaj', 'Cmaj', 'Cmaj', 'Fmaj', 'Fmaj', 'Cmaj', 'Cmaj', 'Fmaj', 'Fmaj', 'Cmaj', 'Cmaj', 'Fmaj', 'Fmaj', 'Cmaj', 'Cmaj', 'Fmaj', 'Fmaj', 'Cmaj', 'Cmaj', 'Fmaj', 'Fmaj', 'Cmaj', 'Cmaj', 'Fmaj', 'Fmaj']"
0592,"['Dmin', 'Dmin', 'Dmin', 'Dmin', 'Dmin', 'Dmin', 'Dmin', 'Dmin', 'Dmin', 'Dmin', 'Dmin', 'Dmin', 'Dmin', 'Dmin', 'Dmin', 'Dmin', 'Dmin', 'Dmin', 'Dmin', 'Dmin', 'Dmin', 'Dmin', 'Dmin', 'Dmin', 'Dmin', 'Dmin', 'Dmin', 'Dmin', 'Dmin', 'Dmin', 'Dmin', 'Dmin', 'Dmin', 'Dmin', 'Dmin', 'Dmin', 'Dmin', 'Dmin', 'Dmin', 'Dmin', 'Dmin', 'Dmin', 'Dmin', 'Dmin', 'Dmin7', 'Dmin7', 'Dmin7', 'Dmin7', 'Dmin7', 'Dmin7', 'Dmin7', 'Dmin7', 'D', 'D', 'D', 'D', 'D', 'D', 'D', 'D', 'D', 'D', 'D', 'D', 'D', 'D', 'D', 'D', 'Dmin7', 'Dmin7', 'Dmin7', 'Dmin7', 'Dmin', 'Dmin', 'Dmin', 'Dmin', 'Dmin', 'Dmin', 'Dmin', 'Dmin', 'Dmin', 'Dmin', 'Dmin', 'Dmin', 'Dmin', 'Dmin', 'Dmin', 'Dmin', 'Dmin', 'Dmin', 'Dmin', 'Dmin', 'Dmin', 'Dmin', 'Dmin', 'Dmin', 'Dmin', 'Dmin', 'Dmin', 'Dmin', 'Dmin', 'Dmin', 'Dmin', 'Dmin']"
0594,"['C#', 'B', 'C#', 'B', 'C#', 'B', 'C#', 'B', 'C#', 'B', 'C#', 'B', 'C#', 'B', 'C#', 'B', 'C#', 'B', 'C#', 'B', 'C#', 'B', 'C#', 'B', 'C#', 'B', 'C#', 'B', 'C#', 'B', 'C#', 'B', 'C#', 'B', 'C#', 'B', 'C#', 'B', 'C#', 'B', 'C#', 'B', 'C#', 'B', 'C#', 'B', 'C#', 'F#', 'G#', 'C#', 'F#', 'C#', 'F#', 'C#', 'F#', 'D#maj', 'G#maj', 'C#', 'B', 'C#', 'B', 'C#', 'B', 'C#', 'B', 'C#', 'B', 'C#', 'B', 'C#', 'B', 'C#', 'F#', 'G#', 'C#', 'F#', 'C#', 'F#', 'C#', 'F#', 'D#maj', 'G#maj', 'C#', 'B', 'C#', 'B', 'C#', 'B', 'C#', 'B', 'C#', 'B', 'C#', 'B', 'C#', 'B', 'C#', 'B', 'C#', 'B', 'C#', 'B', 'C#', 'B', 'C#', 'B', 'C#', 'F#', 'C#', 'F#', 'C#', 'F#', 'D#maj', 'G#maj', 'C#', 'F#', 'C#', 'F#', 'C#', 'F#', 'D#maj', 'G#maj', 'C#', 'B', 'C#', 'B', 'C#', 'B', 'C#', 'B', 'C#', 'B', 'C#', 'B', 'C#', 'B', 'C#', 'F#', 'G#', 'C#', 'F#', 'C#', 'F#', 'C#', 'F#', 'D#maj', 'G#maj', 'C#', 'F#', 'C#', 'F#', 'C#', 'F#', 'D#maj', 'G#maj', 'C#', 'B', 'C#', 'B', 'C#', 'B', 'C#', 'B', 'C#5', 'B5', 'C#5', 'B5', 'C#5', 'B5', 'C#5', 'B5', 'C#5', 'B5', 'C#5', 'B5', 'C#5', 'B5', 'C#5', 'B5', 'C#5', 'B5', 'C#5', 'B5', 'C#5', 'B5', 'C#5', 'B5', 'C#5', 'B5', 'C#5', 'B5', 'C#5', 'B5', 'C#5', 'B5', 'C#5', 'B5', 'C#5', 'B5', 'C#5', 'B5', 'C#5', 'B5', 'F#', 'G#', 'C#', 'F#', 'C#', 'F#', 'C#', 'F#', 'D#maj', 'G#maj', 'C#', 'F#', 'C#', 'F#', 'C#', 'F#', 'D#maj', 'G#maj', 'C#', 'B', 'C#', 'B', 'C#', 'B', 'C#', 'B', 'C#', 'B', 'C#', 'B', 'C#', 'B', 'C#', 'B', 'C#', 'B', 'C#', 'B', 'C#', 'B', 'C#', 'B', 'C#', 'B', 'C#', 'F#', 'G#', 'C#', 'F#', 'C#', 'F#', 'C#', 'F#', 'D#maj', 'G#maj', 'C#', 'B', 'C#', 'B', 'C#', 'B', 'C#', 'B', 'C#', 'B', 'C#', 'B', 'C#', 'B', 'C#', 'B', 'C#', 'B', 'C#', 'B', 'C#', 'B', 'C#', 'B', 'C#', 'B', 'C#', 'B', 'C#', 'B', 'C#', 'F#', 'G#', 'C#', 'F#', 'C#', 'F#', 'C#', 'F#', 'D#maj', 'G#maj', 'C#', 'F#', 'C#', 'F#', 'C#', 'F#', 'D#maj', 'G#maj', 'C#', 'B', 'C#', 'B', 'C#', 'B', 'C#', 'B', 'C#']"
0596,"['Emaj', 'C#min', 'Amaj', 'Bmaj', 'Emaj', 'Emaj', 'C#min', 'C#min', 'Amaj', 'Amaj', 'Emaj', 'Emaj', 'G#7', 'G#7', 'Amaj', 'A#dim7', 'Emaj', 'C#min', 'Emaj', 'C#min', 'Emaj', 'E7', 'Amaj', 'Amaj', 'Emaj', 'E7', 'Amaj', 'Amaj', 'Emaj', 'E7', 'Amaj', 'Amaj', 'Emaj', 'C#min', 'F#7', 'F#7', 'B7', 'B7', 'Emaj', 'Emaj', 'C#min', 'C#min', 'Amaj', 'Amaj', 'Emaj', 'Emaj', 'G#7', 'G#7', 'Amaj', 'A#dim7', 'Emaj', 'C#min', 'Emaj', 'C#min', 'Emaj', 'C#min', 'Emaj', 'C#min', 'Emaj', 'C#min', 'Emaj', 'C#min', 'Emaj', 'Emaj', 'Emaj', 'Emaj', 'C#min', 'Emaj', 'C#min', 'Emaj', 'C#min', 'Emaj', 'C#min', 'Emaj', 'C#min']"
0597,"['Bbmaj7', 'Dmin', 'G7', 'C7', 'Fmaj', 'Bbmaj', 'Cmaj', 'Fmaj', 'Bbmaj', 'Cmaj', 'Dmin', 'Cmaj', 'Dmin', 'G7', 'Cmaj', 'Bbmaj', 'Cmaj', 'Bbmaj', 'Cmaj', 'Bbmaj', 'Cmaj', 'C7', 'Fmaj', 'Bbmaj', 'Cmaj', 'Fmaj', 'Bbmaj', 'Cmaj', 'Dmin', 'Cmaj', 'Dmin', 'G7', 'Cmaj', 'Bbmaj', 'Cmaj', 'Bbmaj', 'Cmaj', 'Bbmaj', 'Cmaj', 'C7', 'Bbmaj', 'Fmaj', 'Bbmaj', 'Fmaj', 'Bbmaj', 'Dmin', 'G7', 'C7', 'Fmaj', 'Bbmaj', 'Cmaj', 'Fmaj', 'Bbmaj', 'Cmaj', 'Dmin', 'Cmaj', 'Dmin', 'G7', 'Cmaj', 'Bbmaj', 'Cmaj', 'Bbmaj', 'Cmaj', 'Bbmaj', 'Cmaj', 'C7', 'Fmaj', 'Bbmaj', 'Cmaj', 'Fmaj', 'Bbmaj', 'Cmaj', 'Fmaj', 'Bbmaj', 'Cmaj', 'Fmaj']"
0598,"['Bmin', 'Dmaj', 'Bmin', 'Dmaj', 'Dmaj', 'Bmin', 'Gmaj', 'A7', 'Dmaj', 'Bmin', 'Gmaj', 'A7', 'Dmaj', 'Bmin', 'Dmaj', 'Bmin', 'Amaj', 'Dmaj', 'Bmin', 'Dmaj', 'Bmin', 'Dmaj', 'Bmin', 'Dmaj', 'Bmin', 'Gmaj', 'Amaj', 'Dmaj', 'Bmin', 'Dmaj', 'Bmin']"
0599,"['Amin', 'Amin', 'Fmaj', 'Fmaj', 'Cmaj', 'Cmaj', 'Gmaj', 'Gmaj', 'Amin', 'Amin', 'Fmaj', 'Fmaj', 'Cmaj', 'Cmaj', 'Gmaj', 'Gmaj', 'Amin', 'Amin', 'Fmaj', 'Fmaj', 'Cmaj', 'Cmaj', 'Gmaj', 'Gmaj', 'Amin', 'Dmin', 'Fmaj', 'Gmaj', 'Amin', 'Dmin', 'Fmaj', 'Gmaj', 'Cmin', 'Abmaj', 'Bbmaj', 'Cmin', 'Abmaj', 'Bbmaj', 'Cmin', 'Abmaj', 'Bbmaj', 'Cmin', 'Abmaj', 'Bbmaj', 'Fmin', 'Gmin', 'Cmin', 'Bbmaj', 'Amin', 'Amin', 'Fmaj', 'Fmaj', 'Cmaj', 'Cmaj', 'Gmaj', 'Gmaj', 'Amin', 'Amin', 'Fmaj', 'Fmaj', 'Cmaj', 'Cmaj', 'Gmaj', 'Gmaj', 'Amin', 'Dmin', 'Fmaj', 'Gmaj', 'Amin', 'Dmin', 'Fmaj', 'Gmaj', 'Cmin', 'Abmaj', 'Bbmaj', 'Cmin', 'Abmaj', 'Bbmaj', 'Cmin', 'Abmaj', 'Bbmaj', 'Cmin', 'Abmaj', 'Bbmaj', 'Fmin', 'Gmin', 'Cmin', 'Cmin', 'Gmaj', 'Amaj', 'Bmin', 'Dmaj', 'Gmaj', 'Amaj', 'F#min', 'F#min', 'Gmaj', 'Gmaj', 'Amaj', 'Amaj', 'Gmaj', 'Gmaj', 'Amaj', 'Amaj', 'F#min', 'F#min', 'F#maj', 'F#maj', 'Cmin', 'C', 'C', 'C', 'Fmin', 'Gmin', 'Cmin', 'Abmaj', 'Bbmaj', 'Cmin', 'Abmaj', 'Bbmaj', 'Cmin', 'Abmaj', 'Bbmaj', 'Cmin', 'Abmaj', 'Bbmaj', 'Fmin', 'Gmin', 'Cmin', 'Abmaj', 'Bbmaj', 'Cmin', 'Abmaj', 'Bbmaj', 'Cmin', 'Abmaj', 'Bbmaj', 'Cmin', 'Abmaj', 'Bbmaj', 'Fmin', 'Gmin']"
0600,"['Fmaj', 'Cmaj', 'Dmin', 'Bbmaj', 'Cmaj', 'Fmaj', 'Fmaj', 'Cmaj', 'Dmin', 'Bbmaj', 'Cmaj', 'Fmaj', 'Fmaj', 'Cmaj', 'Dmin', 'Bbmaj', 'Cmaj', 'Fmaj', 'Fmaj', 'Cmaj', 'Dmin', 'Bbmaj', 'Cmaj', 'Fmaj', 'Dmin', 'Bbmaj', 'Cmaj', 'Dmin', 'Bbmaj', 'Cmaj', 'Dmin', 'Bbmaj', 'Cmaj', 'C#dim7', 'Dmin', 'Cmaj', 'Fmaj', 'Dmin', 'Bbmaj', 'Cmaj', 'Dmin', 'Bbmaj', 'Cmaj', 'Dmin', 'Bbmaj', 'Cmaj', 'C#dim7', 'Dmin', 'Cmaj', 'Fmaj', 'Fmaj', 'Cmaj', 'Dmin', 'Bbmaj', 'Cmaj', 'Fmaj', 'Fmaj', 'Cmaj', 'Dmin', 'Bbmaj', 'Cmaj', 'Fmaj', 'Fmaj', 'Cmaj', 'Dmin', 'Bbmaj', 'Cmaj', 'Fmaj', 'Fmaj', 'Cmaj', 'Dmin', 'Bbmaj', 'Cmaj', 'Fmaj', 'Bbmaj', 'Cmaj', 'Bbmaj', 'Cmaj', 'Bbmaj', 'Cmaj', 'Dmin', 'Dmin', 'Fmaj', 'Cmaj', 'Dmin', 'Bbmaj', 'Cmaj', 'Fmaj', 'Fmaj', 'Cmaj', 'Dmin', 'Bbmaj', 'Cmaj', 'Fmaj', 'Dmin', 'Bbmaj', 'Cmaj', 'Dmin', 'Bbmaj', 'Cmaj', 'Dmin', 'Bbmaj', 'Cmaj', 'C#dim7', 'Dmin', 'Cmaj', 'Fmaj', 'Dmin', 'Bbmaj', 'Cmaj', 'Dmin', 'Bbmaj', 'Cmaj', 'Dmin', 'Bbmaj', 'Cmaj', 'C#dim7', 'Dmin', 'Cmaj', 'Fmaj', 'Bbmaj', 'Cmaj', 'Bbmaj', 'Cmaj', 'Bbmaj', 'Cmaj', 'Dmin', 'Dmin', 'Fmaj', 'Cmaj', 'Dmin', 'Bbmaj', 'Cmaj', 'Fmaj', 'Fmaj', 'Cmaj', 'Dmin', 'Bbmaj', 'Cmaj', 'Fmaj', 'Fmaj', 'Cmaj', 'Dmin', 'Bbmaj', 'Cmaj', 'Fmaj', 'Fmaj', 'Cmaj', 'Dmin', 'Bbmaj', 'Cmaj', 'Fmaj']"
0601,"['Gaug', 'Cmaj', 'Cmaj', 'Cmaj', 'Cmaj', 'Gmaj', 'Gmaj', 'Cmaj', 'Cmaj', 'Cmaj', 'Cmaj', 'Cmaj', 'Cmaj', 'Fmaj', 'Fmaj', 'Cmaj', 'Cmaj', 'Gmaj', 'Bbmaj', 'Fmaj', 'Gmaj', 'Cmaj', 'Cmaj', 'Cmaj', 'Cmaj', 'Cmaj', 'Cmaj', 'Fmaj', 'Fmaj', 'Cmaj', 'Cmaj', 'Gmaj', 'Bbmaj', 'Fmaj', 'Gmaj', 'Cmaj', 'Cmaj', 'Fmaj', 'Gmaj', 'Cmaj', 'C7', 'Fmaj', 'D7', 'G7', 'Gaug', 'Cmaj', 'Cmaj', 'Cmaj', 'Cmaj', 'Fmaj', 'Fmaj', 'Cmaj', 'Cmaj', 'Gmaj', 'Bbmaj', 'Fmaj', 'Gmaj', 'Cmaj', 'Cmaj', 'Cmaj', 'Cmaj', 'Cmaj', 'Cmaj', 'Gmaj', 'Gmaj', 'Cmaj', 'Cmaj', 'Fmaj', 'Gmaj', 'Cmaj', 'C7', 'Fmaj', 'D7', 'G7', 'Gaug', 'Cmaj', 'Cmaj', 'Cmaj', 'Cmaj', 'Fmaj', 'Fmaj', 'Cmaj', 'Cmaj', 'Gmaj', 'Bbmaj', 'Fmaj', 'Gmaj', 'Cmaj', 'Cmaj', 'Cmaj', 'Cmaj', 'Cmaj', 'Cmaj', 'Gmaj', 'Gmaj', 'Cmaj', 'Cmaj', 'Fmaj', 'Dmaj', 'Gmaj', 'Cmaj']"
0603,"['Dbmaj', 'Bbmin', 'Gbmin', 'Abmaj', 'Dbmaj', 'Bbmin', 'Gbmaj', 'Abmaj', 'Dbmaj', 'Bbmin', 'Gbmin', 'Abmaj', 'Dbmaj', 'Bbmin', 'Gbmin', 'Abmaj', 'Dbmaj', 'Bbmin', 'Gbmin', 'Abmaj', 'Dbmaj', 'Bbmin', 'Gbmaj', 'Abmaj', 'Dbmaj', 'Bbmin', 'Gbmin', 'Abmaj', 'Dbmaj', 'Bbmin', 'Gbmin', 'Abmaj', 'Dbmaj', 'Bbmin', 'Gbmin', 'Abmaj', 'Dbmaj', 'Gbmaj', 'Dbmaj', 'Dbmaj', 'Gbmaj', 'Gbmaj', 'Gbmin', 'Gbmin', 'Dbmaj', 'Dbmaj', 'Db7', 'Db7', 'Gbmaj', 'Gbmaj', 'Gbmin', 'Gbmin', 'Ab7', 'Ab7', 'Ab7', 'Ab7', 'Dbmaj', 'Bbmin', 'Gbmin', 'Abmaj', 'Dbmaj', 'Bbmin', 'Gbmin', 'Abmaj', 'Dbmaj', 'Bbmin', 'Gbmin', 'Ab', 'Ab7', 'Dbmaj7', 'Ab7', 'Db', 'Db']"
0605,"['Bmin', 'Bmin', 'Bmin', 'Bmin', 'Emin', 'Emin', 'Bmin', 'Bmin', 'Gmaj7', 'F#sus4', 'F#7', 'Bmin', 'Bmin', 'Bmin', 'Bmin', 'Bmin', 'Bmin', 'Emin', 'Emin', 'Bmin', 'Bmin', 'Gmaj7', 'F#sus4', 'F#7', 'Bmin', 'Bmin', 'Bmin', 'Bmin', 'Bmin', 'Bmin', 'E', 'E', 'Bmin', 'Bmin', 'Gmaj7', 'F#7', 'Bmin', 'Bmin', 'Bmin', 'Bmin', 'Bmin', 'Bmin', 'Emin', 'Emin', 'Bmin', 'Bmin', 'Gmaj7', 'F#sus4', 'F#7', 'Bmin', 'Bmin', 'Bmin', 'Bmin', 'Bmin', 'Bmin', 'Emin', 'Emin', 'Bmin', 'Bmin', 'Gmaj7', 'F#7', 'Bmin', 'Bmin', 'Bmin', 'Bmin', 'Bmin', 'Bmin', 'Emin', 'Emin', 'Bmin', 'Bmin', 'Gmaj7', 'F#7', 'Bmin', 'Bmin', 'Bmin', 'Bmin', 'Bmin', 'Bmin', 'Emin', 'Emin', 'Bmin', 'Bmin', 'Gmaj7', 'F#sus4', 'F#7', 'Bmin', 'Bmin', 'Bmin', 'Bmin', 'Bmin', 'Bmin', 'Emin', 'Emin']"
0606,"['Emaj', 'Emaj', 'Emaj', 'Amaj', 'Emaj', 'Amaj', 'Emaj', 'B7', 'Emaj', 'Emaj', 'Amaj', 'Emaj', 'Amaj', 'Emaj', 'B7', 'Emaj', 'Emaj', 'Amaj', 'B7', 'Emaj', 'Emaj', 'Emaj', 'Amaj', 'Emaj', 'Amaj', 'Emaj', 'B7', 'Emaj', 'Emaj', 'Amaj', 'Emaj', 'Amaj', 'Emaj', 'B7', 'Emaj', 'Emaj', 'Amaj', 'B7', 'Emaj', 'C7', 'Fmaj', 'Bbmaj', 'Fmaj', 'Bbmaj', 'Fmaj', 'C7', 'Fmaj', 'Fmaj', 'Bbmaj', 'Fmaj', 'Bbmaj', 'Fmaj', 'C7', 'Fmaj', 'Fmaj', 'Bbmaj', 'C7', 'Fmaj', 'Fmaj']"
0607,"['A', 'A', 'Amaj', 'Bmin', 'Bdim', 'Amaj', 'Amaj', 'Bmin', 'Bdim', 'Amaj', 'Amaj', 'Bmin', 'Bdim', 'Amaj', 'Amaj', 'Bmin', 'Bdim', 'Amaj', 'Amaj', 'Bmin', 'Bdim', 'F#min', 'F#min', 'Bmaj', 'Emaj', 'Emaj', 'C#min7', 'F#min7', 'Amaj', 'Bmaj', 'Emaj', 'Emaj', 'C#min7', 'F#min7', 'Amaj', 'Bmaj', 'Emaj', 'Emaj', 'C#min7', 'F#min7', 'Amaj', 'Bmaj', 'Emaj', 'Bmin', 'Cmaj', 'Emaj', 'Amaj', 'Bmin', 'Bdim', 'Amaj', 'Amaj', 'Bmin', 'Bdim', 'F#min', 'F#min', 'Bmaj', 'Emaj', 'Emaj', 'C#min7', 'F#min7', 'Amaj', 'Bmaj', 'Emaj', 'Emaj', 'C#min7', 'F#min7', 'Amaj', 'Bmaj', 'Emaj', 'Emaj', 'C#min7', 'F#min7', 'Amaj', 'Bmaj', 'Emaj', 'Bmin7', 'Cmaj', 'Emaj', 'Emaj', 'Emaj', 'C#min7', 'F#min7', 'Amaj', 'Bmaj', 'Emaj', 'Emaj', 'C#min7', 'F#min7', 'Amaj', 'Bmaj', 'Emaj', 'Emaj', 'C#min7', 'F#min7', 'Amaj', 'Bmaj', 'Emaj', 'Emaj', 'C#min7', 'F#min7', 'Amaj', 'Bmaj']"
0608,"['Bmin7', 'Gmaj', 'Amaj', 'Gmaj', 'Amaj', 'Bmin7', 'Gmaj', 'Amaj', 'Gmaj', 'Amaj', 'Bmin', 'Bmin', 'Amaj', 'Amaj', 'Bmin', 'Bmin', 'Amaj', 'Amaj', 'Gmaj', 'Amaj', 'Bmin7', 'Amaj', 'Gmaj', 'Gmaj', 'Bmin7', 'Amaj', 'Gmaj', 'Amaj', 'Bmin', 'Bmin', 'Amaj', 'Amaj', 'Gmaj', 'Amaj', 'Bmin7', 'Amaj', 'Gmaj', 'Gmaj', 'Bmin', 'Bmin', 'Amaj', 'Amaj', 'Bmin', 'Bmin', 'Amaj', 'Amaj', 'Gmaj', 'Amaj', 'Bmin7', 'Amaj', 'Gmaj', 'Gmaj', 'Bmin7', 'Amaj', 'Gmaj', 'Amaj', 'Bmin', 'Bmin', 'Amaj', 'Amaj', 'Gmaj', 'Amaj', 'Bmin7', 'Amaj', 'Gmaj', 'Gmaj', 'Bmin7', 'Gmaj', 'Amaj', 'Gmaj', 'Amaj', 'Bmin7', 'Gmaj', 'Amaj', 'Gmaj', 'Amaj', 'Bmin', 'Bmin', 'Amaj', 'Amaj', 'Bmin', 'Bmin', 'Amaj', 'Amaj', 'Gmaj', 'Amaj', 'Bmin7', 'Amaj', 'Gmaj', 'Gmaj', 'Bmin7', 'Amaj', 'Gmaj', 'Amaj', 'Bmin', 'Bmin', 'Amaj', 'Amaj', 'Gmaj', 'Amaj', 'Bmin7', 'Amaj', 'Gmaj', 'Gmaj', 'Bmin', 'Bmin', 'Amaj', 'Amaj', 'Bmin', 'Bmin', 'Amaj', 'Amaj', 'Bmin', 'Bmin', 'Amaj', 'Amaj', 'Bmin', 'Bmin', 'Amaj', 'Amaj', 'Bmin', 'Bmin', 'Amaj', 'Amaj', 'Bmin', 'Bmin', 'Amaj', 'Amaj']"
0610,"['F5', 'Gb5', 'G5', 'Ab5', 'A5', 'Bb5', 'B5', 'C5', 'Ebmin', 'Ebmin', 'Ebmin', 'Ebmin', 'Ebmin', 'Ebmin', 'Ebmin', 'Ebmin', 'F5', 'Bb5', 'F5', 'Eb5', 'F5', 'Bb5', 'F5', 'Gb5', 'G5', 'Ab5', 'Ebmin', 'Ebmin', 'Ebmin', 'Ebmin', 'F5', 'Bb5', 'F5', 'Eb5', 'F5', 'Bb5', 'F5', 'Gb5', 'G5', 'Ab5', 'Ebmin', 'Ebmin', 'Ebmin', 'Ebmin', 'Dbmaj', 'Ebmin', 'F5', 'F5', 'Fmaj', 'Bbmaj', 'Fmaj', 'Bbmaj', 'Fmaj', 'Ebmaj', 'Bbmaj', 'Bbmaj', 'Ebmaj', 'Bbmaj', 'Fmaj', 'Bbmaj', 'Fmaj', 'Bbmaj', 'Fmaj', 'Ebmaj', 'Bbmaj', 'Bbmaj', 'Ebmaj', 'Bbmaj', 'Ebmin', 'Ebmin', 'Ebmin', 'Ebmin', 'Ebmin', 'Ebmin', 'Ebmin', 'Ebmin', 'F5', 'Bb5', 'F5', 'Eb5', 'F5', 'Bb5', 'F5', 'Gb5', 'G5', 'Ab5', 'Ebmin', 'Ebmin', 'Ebmin', 'Ebmin', 'F5', 'Bb5', 'F5', 'Eb5', 'F5', 'Bb5', 'F5', 'Gb5', 'G5', 'Ab5', 'Ebmin', 'Ebmin', 'Ebmin', 'Ebmin', 'Dbmaj', 'Ebmin', 'F5', 'F5', 'Fmaj', 'Bbmaj', 'Fmaj', 'Bbmaj', 'Fmaj', 'Ebmaj', 'Bbmaj', 'Bbmaj', 'Ebmaj', 'Bbmaj', 'Fmaj', 'Bbmaj', 'Fmaj', 'Bbmaj', 'Fmaj', 'Ebmaj', 'Bbmaj', 'Bbmaj', 'Ebmaj', 'Bbmaj', 'F', 'Gb', 'G', 'Ab', 'A', 'Bb', 'B', 'C', 'Fmaj', 'F#maj', 'Gmaj', 'G#maj', 'Amaj', 'A#maj', 'Bmaj', 'Cmaj', 'Fmaj', 'F#maj', 'Gmaj', 'G#maj', 'Amaj', 'A#maj', 'Bmaj', 'Cmaj', 'Fmaj', 'Bbmaj', 'Fmaj', 'Bbmaj', 'Fmaj', 'Bbmaj', 'Fmaj', 'Gb5', 'G5', 'Abmaj', 'Dbmaj', 'Abmaj', 'Dbmaj', 'Abmaj', 'Dbmaj', 'Ab5', 'A5', 'Bb5', 'B5', 'Cmaj', 'Fmaj', 'Cmaj', 'Fmaj', 'Cmaj', 'Fmaj', 'Cmaj', 'Db5', 'D5', 'Ebmaj', 'Abmaj', 'Ebmaj', 'Abmaj', 'Ebmaj', 'Abmaj', 'Ebmaj', 'Abmaj', 'Fmaj', 'Bbmaj', 'Fmaj', 'Bbmaj', 'Fmaj', 'Ebmaj', 'Bbmaj', 'Bbmaj', 'Ebmaj', 'Bbmaj', 'Fmaj', 'Bbmaj', 'Fmaj', 'Bbmaj', 'Fmaj', 'Ebmaj', 'Bbmaj', 'Bbmaj', 'Ebmaj', 'Bbmaj', 'Fmaj', 'Bbmaj', 'Fmaj', 'Bbmaj', 'Fmaj', 'Ebmaj', 'Bbmaj', 'Bbmaj', 'Ebmaj', 'Bbmaj', 'Fmaj', 'Bbmaj', 'Fmaj', 'Bbmaj', 'Fmaj', 'Ebmaj', 'Bbmaj', 'Bbmaj', 'Ebmaj', 'Bbmaj', 'Ebmin', 'Ebmin', 'Ebmin', 'Ebmin', 'Ebmin', 'Ebmin', 'Ebmin', 'Ab5', 'Ab5', 'Ab7', 'Ab5']"
0614,"['Emin', 'Emin', 'Emin', 'Amin', 'Amin', 'Amin', 'Amin', 'Amin', 'Amin', 'Amin', 'Amin', 'Amin', 'Amin', 'Amin', 'Amin', 'Amin', 'Amin', 'Amin', 'Amin', 'Amin', 'Emin', 'Emin', 'Emin', 'Amin', 'Amin', 'Amin', 'Amin', 'Amin', 'Amin', 'Amin', 'Amin', 'Amin', 'Amin', 'Amin', 'Amin', 'Amin', 'Amin', 'Amin', 'Amin', 'Amin', 'Emin', 'Emin', 'Emin', 'Amin', 'Amin', 'Amin', 'Amin', 'Amin', 'Amin', 'Amin', 'Amin', 'Amin', 'Amin', 'Amin', 'Amin', 'Amin', 'Amin', 'Amin', 'Amin', 'Emin', 'Emin', 'Emin', 'Amin', 'Amin', 'Amin', 'Amin', 'Amin', 'Amin', 'Amin', 'Amin', 'Amin7', 'Amin7', 'Amin7', 'Amin7', 'Amin7', 'Amin7', 'Amin7', 'Amin7', 'Amin7', 'Amin7', 'Amin7', 'Amin7', 'Amin7', 'Amin7', 'Amin7', 'Amin7', 'Amin7', 'Amin7', 'Amin7', 'Amin7', 'Amin7', 'Amin7', 'Amin7', 'Amin7', 'Amin7', 'Amin7', 'Amin7', 'Amin7', 'Amin7', 'Amin7', 'Amin7', 'Amin7', 'Amin7', 'Amin7', 'Amin7', 'Amin7', 'Amin7', 'Amin7', 'Amin7', 'Amin7', 'Amin7', 'Amin7', 'Amin7', 'Amin7', 'Amin7', 'Amin7', 'Amin7', 'Amin7', 'Amin7', 'Amin7', 'Amin7', 'Amin7', 'Amin7', 'Amin7', 'Amin7', 'Amin7', 'Amin7', 'Amin7', 'Amin7', 'Amin7', 'Amin7', 'Amin7', 'Amin7', 'Amin7', 'Amin7', 'Amin7', 'Amin7', 'Amin7']"
0615,"['Emaj', 'Amaj', 'Bmaj', 'Emaj', 'Amaj', 'Bmaj', 'Emaj', 'Amaj', 'Bmaj', 'Emaj', 'Amaj', 'Bmaj', 'Emaj', 'Amaj', 'Bmaj', 'Emaj', 'Amaj', 'Bmaj', 'Emaj', 'Amaj', 'Emaj', 'Amaj', 'Emaj', 'Amaj', 'Emaj', 'Amaj', 'Emaj', 'Amaj', 'Emaj', 'Amaj', 'Emaj', 'Amaj', 'Emaj', 'Amaj', 'Emaj', 'Amaj', 'Bmaj', 'Emaj', 'Amaj', 'Bmaj', 'Emaj', 'Amaj', 'Bmaj', 'Emaj', 'Amaj', 'Bmaj', 'Emaj', 'Amaj', 'Emaj', 'Amaj', 'Emaj', 'Amaj', 'Emaj', 'Amaj', 'Emaj', 'Amaj', 'Emaj', 'Amaj', 'Emaj', 'Amaj', 'Emaj', 'Amaj', 'Emaj', 'Amaj', 'Bmaj', 'Emaj', 'Amaj', 'Emaj', 'Amaj', 'Bmaj', 'Emaj', 'Amaj', 'Bmaj', 'F#min', 'Amaj', 'Emaj', 'Bmaj', 'F#min', 'Amaj', 'Bsus4', 'Bsus4', 'Emaj', 'Amaj', 'Emaj', 'Amaj', 'Emaj', 'Amaj', 'Emaj', 'Amaj', 'Emaj', 'Amaj', 'Emaj', 'Amaj', 'Emaj', 'Amaj', 'Emaj', 'Amaj', 'Emaj']"
0616,"['F#5', 'F#5', 'F#5', 'F#5', 'F#5', 'F#5', 'F#5', 'F#5', 'F#5', 'F#5', 'F#5', 'F#5', 'F#5', 'B7', 'B7', 'B7', 'B7', 'Emaj', 'Amaj', 'Dmaj', 'Dmaj', 'Bmin', 'Bmin', 'F#7', 'F#7', 'E7', 'E7', 'Amaj', 'F#min', 'Amaj', 'F#min', 'Dmaj', 'Dmaj', 'Emaj', 'Emaj', 'Amaj', 'F#min', 'Amaj', 'F#min', 'Dmaj', 'Dmaj', 'Bmin', 'Bmin', 'F#5', 'F#5', 'F#5', 'F#5', 'F#5', 'F#5', 'F#5', 'F#5', 'F#5', 'B7', 'B7', 'B7', 'B7', 'Emaj', 'Amaj', 'Dmaj', 'Dmaj', 'Bmin', 'Bmin', 'F#7', 'F#7', 'E7', 'E7', 'Amaj', 'F#min', 'Amaj', 'F#min', 'Dmaj', 'Dmaj', 'Emaj', 'Emaj', 'Amaj', 'F#min', 'Amaj', 'F#min', 'Dmaj', 'Dmaj', 'Bmin', 'Bmin', 'F#5', 'F#5', 'F#5', 'F#5', 'F#5', 'F#5', 'F#5', 'F#5', 'F#5', 'B7', 'B7', 'B7', 'B7', 'Emaj', 'Amaj', 'Dmaj', 'Dmaj', 'Bmin', 'Bmin', 'F#7', 'F#7', 'E7', 'E7', 'Amaj', 'F#min', 'Amaj', 'F#min', 'Dmaj', 'Dmaj', 'Emaj', 'Emaj', 'Amaj', 'F#min', 'Amaj', 'F#min', 'Dmaj', 'Dmaj', 'Bmin', 'Bmin', 'F#5', 'F#5', 'F#5', 'F#5', 'F#5', 'F#5', 'F#5', 'F#5', 'F#5', 'B7', 'B7', 'B7', 'B7', 'Emaj', 'Amaj', 'Dmaj', 'Dmaj', 'Bmin', 'Bmin', 'F#7', 'F#7', 'E7', 'E7', 'Amaj', 'F#min', 'Amaj', 'F#min', 'Dmaj', 'Dmaj', 'Emaj', 'Emaj', 'Amaj', 'F#min', 'Amaj', 'F#min', 'Dmaj', 'Dmaj', 'Bmin', 'Bmin', 'F#5', 'F#5', 'F#5', 'F#5', 'F#5', 'F#5', 'F#5', 'F#5', 'F#5', 'F#5', 'F#5', 'F#5', 'C#7', 'C#7', 'F#5', 'F#5', 'F#5', 'F#5', 'F#5', 'F#5', 'F#5', 'F#5', 'F#5', 'F#5', 'F#5', 'F#5', 'F#5', 'F#5']"
0617,"['Gmaj', 'Emin', 'Gmaj', 'Emin', 'Gmaj', 'Emin', 'Gmaj', 'Emin', 'Gmaj', 'Emin', 'Gmaj', 'Emin', 'Gmaj', 'Emin', 'Emin', 'Cmaj', 'Dmaj', 'Gmaj', 'Emin', 'Gmaj', 'Emin', 'Gmaj', 'Emin', 'Gmaj', 'Emin', 'Gmaj', 'Emin', 'Gmaj', 'Emin', 'Emin', 'Cmaj', 'Dmaj', 'Gmaj', 'Emin', 'Gmaj', 'Emin', 'Dmaj', 'Cmaj', 'Dmaj', 'Cmaj', 'Dmaj', 'Cmaj', 'Dmaj', 'Cmaj', 'Dmaj', 'Cmaj', 'Dmaj', 'Cmaj', 'Dmaj', 'Cmaj', 'Gmaj', 'Emin', 'Gmaj', 'Emin', 'Gmaj', 'Emin', 'Gmaj', 'Emin', 'Gmaj', 'Emin', 'Gmaj', 'Emin', 'Emin', 'Cmaj', 'Dmaj', 'Gmaj', 'Emin', 'Gmaj', 'Emin', 'Dmaj', 'Cmaj', 'Dmaj', 'Cmaj', 'Dmaj', 'Cmaj', 'Dmaj', 'Cmaj', 'Dmaj', 'Cmaj', 'Dmaj', 'Cmaj', 'Dmaj', 'Cmaj', 'Gmaj', 'Emin', 'Gmaj', 'Emin', 'Gmaj', 'Emin', 'Gmaj', 'Emin', 'Gmaj', 'Emin', 'Gmaj', 'Emin', 'Emin', 'Cmaj', 'Dmaj', 'Gmaj', 'Emin', 'Cmaj', 'Dmaj', 'Gmaj', 'Emin', 'Cmaj', 'Dmaj', 'Gmaj', 'Emin', 'Cmaj', 'Dmaj']"
0618,"['Bb7', 'Bb7', 'Abmaj', 'C7', 'C7', 'Fmin', 'Dbmaj', 'Bb7', 'Ebmaj', 'Gmin', 'Gbmin', 'Fmin', 'Fmin', 'Emaj', 'Ebmaj', 'Fmin', 'Emaj', 'Ebmaj', 'Ebaug', 'Abmaj', 'C7', 'C7', 'Fmin', 'Dbmaj', 'Bb7', 'Ebmaj', 'Gmin', 'Gbmin', 'Fmin', 'Fmin', 'Emaj', 'Ebmaj', 'Eb7', 'Eb7', 'Abmaj', 'Ebaug', 'Abmaj', 'G7', 'Cmin', 'C', 'Cmin7', 'Fmaj', 'Fmin', 'Gmin', 'Bb', 'Bb7', 'Ebmaj', 'Ebaug', 'Abmaj', 'C7', 'C7', 'Fmin', 'Dbmaj', 'Bbmaj', 'Ebmaj', 'Gmin', 'Gbmin', 'Fmin', 'Fmin', 'Emaj', 'Ebmaj', 'Ebmaj', 'Ebmaj', 'Abmaj', 'Ebaug', 'Abmaj', 'G7', 'Cmin', 'C', 'Cmin7', 'Fmaj', 'Fmin', 'Gmin', 'Bb', 'Bb7', 'Ebmaj', 'Ebaug', 'Abmaj', 'C7', 'C7', 'Fmin', 'Dbmaj', 'Bbmaj', 'Ebmaj', 'Gmin', 'Gbmin', 'Fmin', 'Bb7', 'Ebmaj', 'Ebaug', 'Ebmaj']"
0619,"['Dbmaj', 'Gbmaj', 'Gbmaj', 'Dbmaj', 'Dbmaj', 'Gbmaj', 'Gbmaj', 'Dbmaj', 'Dbmaj', 'Gbmaj', 'Gbmaj', 'Dbmaj', 'Dbmaj', 'Gbmaj', 'Gbmaj', 'Dbmaj', 'Dbmaj', 'Gbmaj', 'Gbmaj', 'Dbmaj', 'Dbmaj', 'Gbmaj', 'Gbmaj', 'Dbmaj', 'Fmin', 'Bbmin', 'Fmin', 'Bbmin', 'Ebmin', 'Fmin', 'Absus4', 'Dbmaj', 'Gbmaj', 'Gbmaj', 'Dbmaj', 'Abmaj', 'Dbmaj', 'Gbmaj', 'Dbmaj', 'Gbmaj', 'Dbmaj', 'Gbmaj', 'Dbmaj', 'Gbmaj', 'Dbmaj', 'Gbmaj', 'Dbmaj', 'Gbmaj', 'Dbmaj', 'Gbmaj', 'Dbmaj', 'Gbmaj', 'Fmin', 'Bbmin', 'Fmin', 'Bbmin', 'Ebmin', 'Fmin', 'Absus4', 'Dbmaj', 'Gbmaj', 'Gbmaj', 'Dbmaj', 'Abmaj', 'Dbmaj', 'Gbmaj', 'Dbmaj', 'Gbmaj', 'Dbmaj', 'Gbmaj', 'Gbmaj', 'Dbmaj', 'Ebmin', 'Fmin', 'Fmin7', 'Bbmaj', 'Eb', 'Ebmaj', 'Abmaj', 'Ebmaj', 'Abmaj', 'Ebmaj', 'Abmaj', 'Ebmaj', 'Abmaj', 'Ebmaj', 'Abmaj', 'Ebmaj', 'Abmaj', 'Ebmaj', 'Abmaj', 'Ebmaj', 'Abmaj', 'Gmin', 'Cmin', 'Gmin', 'Cmin', 'Fmin', 'Gmin', 'Bb', 'Fmin', 'Gmin', 'Bb', 'Ebmaj', 'Abmaj', 'Abmaj', 'Ebmaj', 'Fmin', 'Gmin', 'Bb', 'Fmin', 'Gmin', 'Bb', 'Ebmaj', 'Abmaj', 'Abmaj', 'Ebmaj', 'Fmin', 'Gmin', 'Bb', 'Fmin', 'Gmin', 'Bb', 'Ebmaj', 'Abmaj', 'Abmaj', 'Ebmaj']"
0620,"['Dmaj', 'Dmaj', 'Dmaj', 'Bmin', 'Bmin', 'Gmaj', 'Gmaj', 'Amaj', 'Amaj', 'Dmaj', 'Dmaj', 'Bmin', 'Bmin', 'Gmaj', 'Gmaj', 'Amaj', 'Dmaj', 'Dmaj', 'Dmaj', 'Bmin', 'Bmin', 'Gmaj', 'Gmaj', 'Amaj', 'Amaj', 'Dmaj', 'Dmaj', 'Bmin', 'Bmin', 'Gmaj', 'Gmaj', 'Amaj', 'Dmaj', 'Dmaj', 'Dmaj', 'Bmin', 'Bmin', 'Gmaj', 'Gmaj', 'Amaj', 'Amaj', 'Dmaj', 'Dmaj', 'Bmin', 'Bmin', 'Gmaj', 'Gmaj', 'Amaj', 'Amaj', 'Dmaj', 'Dmaj', 'Bmin', 'Bmin', 'Gmaj', 'Gmaj', 'Amaj', 'Amaj', 'Dmaj', 'Dmaj', 'Bmin', 'Bmin', 'Gmaj', 'Gmaj', 'Amaj', 'Amaj', 'Dmaj', 'Dmaj', 'Dmaj', 'Dmaj', 'Gmaj', 'Gmaj', 'Amaj', 'Dmaj', 'Dmaj', 'Dmaj', 'Dmaj', 'Dmaj', 'Gmaj', 'Gmaj', 'Amaj', 'Dmaj', 'Dmaj', 'Bmin', 'Amaj', 'Amaj', 'Dmaj', 'Dmaj', 'Bmin', 'Bmin', 'Gmaj', 'Gmaj', 'Amaj', 'Amaj', 'Dmaj', 'Dmaj', 'Bmin', 'Bmin', 'Gmaj', 'Gmaj', 'Amaj', 'Amaj', 'Dmaj']"
0621,"['B', 'G', 'Gb', 'F', 'E', 'D', 'A#', 'A#', 'Bmaj', 'Bmaj', 'Amaj', 'Emaj', 'Bmaj', 'Bmaj', 'Amaj', 'Emaj', 'Bmaj', 'Bmaj', 'Amaj', 'Emaj', 'Bmaj', 'Bmaj', 'Amaj', 'Emaj', 'Bmaj', 'Bmaj', 'Amaj', 'Emaj', 'Bmaj', 'Bmaj', 'Amaj', 'Emaj', 'Bmaj', 'Bmaj', 'Amaj', 'Emaj', 'Bmaj', 'Bmaj', 'Amaj', 'Emaj', 'Bmaj', 'Bmaj', 'Amaj', 'Emaj', 'Bmaj', 'Bmaj', 'Amaj', 'Emaj', 'Bmaj', 'Bmaj', 'Amaj', 'Emaj', 'Bmaj', 'Bmaj', 'Amaj', 'Emaj', 'Bmaj', 'Bmaj', 'Amaj', 'Emaj', 'Bmaj', 'Bmaj', 'Amaj', 'Emaj', 'Bmaj', 'Bmaj', 'Amaj', 'Emaj', 'Bmaj', 'Bmaj', 'Amaj', 'Emaj', 'Bmin', 'Bmin', 'Bmin', 'Bmin', 'Bmin', 'Bmin', 'Bmin', 'Bmin', 'Bmin', 'Bmin', 'Bmin', 'Bmin', 'Bmaj', 'Bmaj', 'Amaj', 'Emaj', 'Bmaj', 'Bmaj', 'Amaj', 'Emaj', 'Bmaj', 'Bmaj', 'Amaj', 'Emaj', 'Bmaj', 'Bmaj', 'Amaj', 'Emaj', 'Bmaj', 'Bmaj', 'Amaj', 'Emaj', 'Bmaj', 'Bmaj', 'Amaj', 'Emaj', 'Bmaj', 'Bmaj', 'Amaj', 'Emaj', 'Bmaj', 'Bmaj', 'Amaj', 'Emaj', 'Bmaj', 'Bmaj', 'Amaj', 'Emaj', 'Bmaj', 'Bmaj', 'Amaj', 'Emaj', 'Bmaj', 'Bmaj', 'Amaj', 'Emaj', 'Bmaj', 'Bmaj', 'Amaj', 'Emaj', 'Bmin', 'Bmin', 'Bmin', 'Bmin', 'Bmin', 'Bmin', 'Bmin', 'Bmin', 'Bmin', 'Bmin', 'Bmin', 'Bmin', 'Bmaj', 'Bmaj', 'Amaj', 'Emaj', 'Bmaj', 'Bmaj', 'Amaj', 'Emaj', 'Bmaj', 'Bmaj', 'Amaj', 'Emaj', 'Bmaj', 'Bmaj', 'Amaj', 'Emaj', 'Bmaj', 'Bmaj', 'Amaj', 'Emaj', 'Bmaj', 'Bmaj', 'Amaj', 'Emaj', 'Bmaj', 'Bmaj', 'Amaj', 'Emaj', 'Bmaj', 'Bmaj', 'Amaj', 'Emaj', 'Bmin', 'Amaj', 'Amaj', 'Bmin', 'Bmin', 'Amaj', 'Amaj', 'Bmin', 'Bmin', 'Amaj', 'Amaj', 'Bmin', 'Bmin', 'Amaj', 'Amaj', 'Bmin', 'Bmaj', 'Bmaj', 'Amaj', 'Emaj', 'Bmaj', 'Bmaj', 'Amaj', 'Emaj', 'Bmaj', 'Bmaj', 'Amaj', 'Emaj', 'Bmaj', 'Bmaj', 'Amaj', 'Emaj', 'Bmaj', 'Bmaj', 'Amaj', 'Emaj', 'Bmaj', 'Bmaj', 'Amaj', 'Emaj', 'Bmaj', 'Bmaj', 'Amaj', 'Emaj', 'Bmaj', 'Bmaj', 'Amaj', 'Emaj', 'F#min', 'F#min', 'F#min', 'F#min', 'F#min', 'F#min', 'F#min', 'F#min', 'Bmin', 'Bmin', 'Bmin', 'Bmin', 'Bmin', 'Bmin', 'Bmin', 'Bmin', 'Bmin', 'Bmin', 'Bmin', 'Bmin', 'Bmaj', 'Bmaj', 'Amaj', 'Emaj', 'Bmaj', 'Bmaj', 'Amaj', 'Emaj', 'Bmaj', 'Bmaj', 'Amaj', 'Emaj', 'Bmaj', 'Bmaj', 'Amaj', 'Emaj', 'Bmaj', 'Bmaj', 'Amaj', 'Emaj', 'Bmaj', 'Bmaj', 'Amaj', 'Emaj', 'Bmaj', 'Bmaj', 'Amaj', 'Emaj', 'Bmaj', 'Bmaj', 'Amaj', 'Emaj', 'Bmaj', 'Bmaj', 'Amaj', 'Emaj', 'Bmaj', 'Bmaj', 'Amaj', 'Emaj', 'Bmaj', 'Bmaj', 'Amaj', 'Emaj', 'Bmaj', 'Bmaj', 'Amaj', 'Emaj', 'Bmaj', 'Bmaj', 'Amaj', 'Emaj', 'Bmaj', 'Bmaj', 'Amaj', 'Emaj', 'Bmaj', 'Bmaj', 'Amaj', 'Emaj', 'Bmaj', 'Bmaj', 'Amaj', 'Emaj', 'Bmaj', 'Bmaj', 'Amaj', 'Emaj', 'Bmaj', 'Bmaj', 'Amaj', 'Emaj', 'Bmaj', 'Bmaj', 'Amaj', 'Emaj', 'Bmaj', 'Bmaj', 'Amaj', 'Emaj', 'Bmaj', 'Bmaj', 'Amaj', 'Emaj', 'Bmaj', 'Bmaj', 'Amaj', 'Emaj', 'Bmaj', 'Bmaj', 'Amaj', 'Emaj', 'Bmaj', 'Bmaj', 'Amaj', 'Emaj', 'Bmaj', 'Bmaj', 'Amaj', 'Emaj', 'Bmaj', 'Bmaj', 'Amaj', 'Emaj', 'Bmaj', 'Bmaj', 'Amaj', 'Emaj', 'Bmaj', 'Bmaj', 'Amaj', 'Emaj']"
0623,"['Cmaj', 'Amin', 'Fmaj', 'Gmaj', 'Cmaj', 'Gsus4', 'Gmaj', 'Cmaj', 'Amin', 'Fmaj', 'Gmaj', 'Fmaj', 'Gmaj', 'Cmaj', 'Fmaj', 'Gmaj', 'Fmaj', 'Cmaj', 'Fmaj', 'Cmaj', 'Ab7', 'Db', 'Dbmaj', 'Bbmin', 'Gbmaj', 'Abmaj', 'Gbmaj', 'Abmaj', 'Dbmaj', 'Gbmaj', 'Abmaj', 'Gbmaj', 'Dbmaj', 'Gbmaj', 'Dbmaj', 'A7', 'Dmaj', 'Bmin', 'Gmaj', 'Amaj', 'Gmaj', 'Amaj', 'Dmaj', 'Gmaj', 'Amaj', 'Gmaj', 'Dmaj', 'Gmaj', 'Dmaj', 'Gmaj', 'Dmaj', 'Dmaj']"
0625,"['Eb7', 'Gbmaj', 'Abmaj', 'Eb7', 'Eb7', 'Gbmaj', 'Abmaj', 'Eb7', 'Eb7', 'Gbmaj', 'Abmaj', 'Eb7', 'Eb7', 'Gbmaj', 'Abmaj', 'Eb7', 'Eb7', 'Gbmaj', 'Abmaj', 'Eb7', 'Eb7', 'Gbmaj', 'Abmaj', 'Eb7', 'Eb7', 'Gbmaj', 'Abmaj', 'Eb7', 'Eb7', 'Gbmaj', 'Abmaj', 'Eb7', 'Eb7', 'Gbmaj', 'Abmaj', 'Eb7', 'Eb7', 'Gbmaj', 'Abmaj', 'Eb7', 'F7', 'F7', 'Ab7', 'Db7', 'Eb7', 'Gbmaj', 'Abmaj', 'Eb7', 'Eb7', 'Gbmaj', 'Abmaj', 'Eb7', 'Eb7', 'Gbmaj', 'Abmaj', 'Eb7', 'Eb7', 'Gbmaj', 'Abmaj', 'Eb7', 'Eb7', 'Gbmaj', 'Abmaj', 'Eb7', 'Eb7', 'Gbmaj', 'Abmaj', 'Eb7', 'F7', 'F7', 'Ab7', 'Db7', 'Eb7', 'Gbmaj', 'Abmaj', 'Eb7', 'Eb7', 'Gbmaj', 'Abmaj', 'Eb7', 'Ab7', 'Eb7', 'Ab7', 'Eb7', 'Ab7', 'Eb7', 'F7', 'Bb7', 'Eb7', 'Gbmaj', 'Abmaj', 'Eb7', 'Eb7', 'Gbmaj', 'Abmaj', 'Eb7', 'Eb7', 'Gbmaj', 'Abmaj', 'Eb7', 'Eb7', 'Gbmaj', 'Abmaj', 'Eb7', 'Eb7', 'Gbmaj', 'Abmaj', 'Eb7', 'Eb7', 'Gbmaj', 'Abmaj', 'Eb7', 'F7', 'F7', 'Ab7', 'Db7', 'Eb7', 'Gbmaj', 'Abmaj', 'Eb7', 'Eb7', 'Gbmaj', 'Abmaj', 'Eb7', 'Eb7', 'Gbmaj', 'Abmaj', 'Eb7', 'Eb7', 'Gbmaj', 'Abmaj', 'Eb7', 'Eb7', 'Gbmaj', 'Abmaj', 'Eb7', 'Eb7', 'Gbmaj', 'Abmaj', 'Eb7', 'F7', 'F7', 'Ab7', 'Db7', 'Eb7', 'Gbmaj', 'Abmaj', 'Eb7', 'Eb7', 'Gbmaj', 'Abmaj', 'Eb7', 'Ab7', 'Eb7', 'Ab7', 'Eb7', 'Ab7', 'Eb7', 'F7', 'Bb7', 'Eb7', 'Gbmaj', 'Abmaj', 'Eb7', 'Eb7', 'Gbmaj', 'Abmaj', 'Eb7', 'Eb7', 'Gbmaj', 'Abmaj', 'Eb7', 'Eb7', 'Gbmaj', 'Abmaj', 'Eb7', 'Eb7', 'Gbmaj', 'Abmaj', 'Eb7', 'Eb7', 'Gbmaj', 'Abmaj', 'Eb7', 'Eb7', 'Gbmaj', 'Abmaj', 'Eb7', 'Eb7', 'Gbmaj', 'Abmaj', 'Eb7', 'Eb7', 'Gbmaj', 'Abmaj', 'Eb7', 'Eb7', 'Gbmaj', 'Abmaj', 'Eb7', 'Eb7', 'Gbmaj', 'Abmaj', 'Eb7']"
0627,"['Dmin7', 'Gmaj', 'Amin', 'Dmin7', 'Dmin7', 'G7', 'Dmin7', 'Gmaj', 'Amin', 'Dmin7', 'Dmin7', 'G7', 'Cmaj', 'Cmaj', 'Dmin7', 'Cmaj', 'F', 'Cmaj', 'Dmin7', 'Cmaj', 'F', 'Cmaj', 'Dmin7', 'Cmaj', 'F', 'Cmaj', 'Dmin7', 'Cmaj', 'E7', 'E7', 'Amin', 'Dmin7', 'Dmin7', 'G7', 'Cmaj', 'Cmaj', 'Dmin7', 'Cmaj', 'F', 'Cmaj', 'Dmin7', 'Cmaj', 'F', 'Cmaj', 'Dmin7', 'Cmaj', 'F', 'Cmaj', 'Dmin7', 'Cmaj', 'E7', 'E7', 'Amin', 'Dmin7', 'Dmin7', 'G7', 'Cmaj', 'Cmaj', 'Bbmaj', 'Fmaj', 'Cmaj', 'Dmin', 'Dmin7', 'Cmaj', 'E7', 'E7', 'Amin', 'Dmin7', 'Dmin7', 'G7', 'Dmin7', 'Dmin7', 'G7', 'Dmin7', 'Dmin7', 'G7', 'Cmaj', 'Cmaj', 'Dmin7', 'Cmaj', 'F', 'Cmaj', 'Dmin7', 'Cmaj', 'F', 'Cmaj', 'Dmin7', 'Cmaj', 'F', 'Cmaj', 'Dmin7', 'Cmaj', 'E7', 'E7', 'Amin', 'Dmin7', 'Dmin7', 'G7', 'Dmin7', 'Dmin7', 'G7', 'Dmin7', 'Dmin7', 'G7', 'Dmin7', 'Dmin7', 'G7', 'Dmin7', 'Dmin7', 'G7', 'Cmaj', 'Cmaj', 'Dmin7', 'Gmaj', 'Amin', 'Dmin7', 'Dmin7', 'G7', 'Dmin7', 'Gmaj', 'Amin', 'Dmin7', 'Dmin7', 'G7', 'Dmin7', 'Gmaj', 'Amin', 'Dmin7', 'Dmin7', 'G7', 'Dmin7', 'Gmaj', 'Amin', 'Dmin7', 'Dmin7', 'G7']"
0628,"['Fmaj', 'Fmaj', 'Cmaj', 'Bbmaj', 'Cmaj', 'Fmaj', 'Cmaj', 'Bbmaj', 'Bbmaj', 'Bbmaj', 'Dmin', 'Amin7', 'Bbmaj', 'Csus4', 'Fmaj', 'Cmaj', 'Bbmaj', 'Cmaj', 'Fmaj', 'Cmaj', 'Bbmaj', 'Cmaj', 'Fmaj', 'Cmaj', 'Bbmaj', 'Cmaj', 'Dmin', 'Amin7', 'Bbmaj', 'Cmaj', 'Fmaj', 'Bbmaj', 'Cmaj', 'Fmaj', 'Fmaj', 'Bbmaj', 'Cmaj', 'Fmaj', 'Fmaj', 'Bbmaj', 'Cmaj', 'Fmaj', 'Bbmaj', 'Fmaj', 'Gmin7', 'Csus4', 'Bbmaj', 'Fmaj', 'Gmin7', 'Csus4', 'Fmaj', 'Cmaj', 'Bbmaj', 'Cmaj', 'Fmaj', 'Cmaj', 'Bbmaj', 'Cmaj', 'Fmaj', 'Cmaj', 'Bbmaj', 'Amin', 'Dmin', 'Bbmaj', 'Csus4', 'Fmaj', 'Cmaj', 'Bbmaj', 'Cmaj', 'Fmaj', 'Cmaj', 'Bbmaj', 'Cmaj', 'Fmaj', 'Cmaj', 'Bbmaj', 'Amin', 'Dmin', 'Amin7', 'Bbmaj', 'Csus4', 'Fmaj', 'Bbmaj', 'Cmaj', 'Fmaj', 'Fmaj', 'Bbmaj', 'Cmaj', 'Fmaj', 'Fmaj', 'Bbmaj', 'Cmaj', 'Fmaj', 'Bbmaj', 'Fmaj', 'Gmin7', 'Csus4', 'Bbmaj', 'Fmaj', 'Gmin7', 'Csus4', 'Fmaj', 'Cmaj', 'Bbmaj', 'Cmaj', 'Fmaj', 'Cmaj', 'Bbmaj', 'Fmaj', 'Cmaj', 'Bbmaj', 'Cmaj', 'Fmaj', 'Cmaj', 'Bbmaj', 'F', 'F', 'Bbmaj', 'Fmaj', 'Gmin7', 'Csus4', 'Fmaj', 'Bbmaj', 'Cmaj', 'Fmaj', 'Fmaj', 'Bbmaj', 'Cmaj', 'Fmaj', 'Fmaj', 'Bbmaj', 'Cmaj', 'Fmaj', 'Bbmaj', 'Fmaj', 'Gmin7', 'Csus4', 'Fmaj', 'Bbmaj', 'Csus4', 'Fmaj', 'Fmaj', 'Bbmaj', 'Csus4', 'Fmaj']"
0629,"['G', 'G', 'E', 'E', 'G', 'G', 'D', 'D', 'Ebmin', 'Dbmaj', 'Ebmin', 'Dbmaj', 'Ebmin', 'Dbmaj', 'Ebmin', 'Dbmaj', 'Ebmin', 'Dbmaj', 'Ebmin', 'Dbmaj', 'Cbmaj', 'Dbmaj', 'Ebmin', 'Dbmaj', 'Ebmin', 'Dbmaj', 'Ebmin', 'Dbmaj', 'Cbmaj', 'Dbmaj', 'Ebmin', 'Dbmaj', 'Ebmin', 'Dbmaj', 'Ebmin', 'Dbmaj', 'Ebmin', 'Dbmaj', 'Ebmin', 'Dbmaj', 'Ebmin', 'Dbmaj', 'Ebmin', 'Dbmaj', 'Ebmin', 'Dbmaj', 'Ebmin', 'Dbmaj', 'Cbmaj', 'Dbmaj', 'Ebmin', 'Dbmaj', 'Ebmin', 'Dbmaj', 'Ebmin', 'Dbmaj', 'Cbmaj', 'Dbmaj', 'Ebmin', 'Dbmaj', 'Ebmin', 'Dbmaj', 'Ebmin', 'Dbmaj', 'Ebmin', 'Dbmaj', 'Ebmin', 'Dbmaj', 'Ebmin', 'Dbmaj', 'Ebmin', 'Dbmaj', 'Ebmin', 'Dbmaj', 'Ebmin', 'Dbmaj', 'Ebmin', 'Ebmin', 'Ebmin', 'Ebmin', 'Ebmin', 'Ebmin', 'Ebmin', 'Ebmin', 'Ebmin', 'Ebmin', 'Ebmin', 'Ebmin', 'Ebmin', 'Ebmin', 'Ebmin', 'Ebmin', 'Ebmin', 'Dbmaj', 'Ebmin', 'Dbmaj', 'Cbmaj', 'Dbmaj', 'Ebmin', 'Dbmaj', 'Ebmin', 'Dbmaj', 'Ebmin', 'Dbmaj', 'Cbmaj', 'Dbmaj', 'Ebmin', 'Dbmaj', 'Ebmin', 'Dbmaj', 'Ebmin', 'Dbmaj', 'Ebmin', 'Dbmaj', 'Ebmin', 'Dbmaj', 'Ebmin', 'Dbmaj', 'Ebmin', 'Dbmaj', 'Ebmin', 'Dbmaj', 'Ebmin', 'Dbmaj', 'Ebmin', 'Dbmaj', 'Ebmin', 'Dbmaj', 'Ebmin', 'Dbmaj', 'Ebmin', 'Dbmaj', 'Ebmin', 'Dbmaj', 'Ebmin', 'Dbmaj', 'Ebmin', 'Dbmaj', 'Ebmin', 'Dbmaj', 'Ebmin', 'Dbmaj', 'Ebmin', 'Dbmaj']"
0631,"['Amin7', 'Dmin7', 'Gmin7', 'Gmin7', 'Amin7', 'Dmin7', 'Gmin7', 'Gmin7', 'Amin7', 'Dmin7', 'Gmin7', 'Gmin', 'Fmaj', 'Ebmaj', 'Gmin7', 'Amin7', 'Dmin7', 'Gmin7', 'Gmin7', 'Amin7', 'Dmin7', 'Gmin7', 'Gmin7', 'Amin7', 'Dmin7', 'Gmin7', 'Gmin7', 'Amin7', 'Dmin7', 'Gmin7', 'Gmin7', 'Bbmaj7', 'Amin7', 'Gmin7', 'Fmaj7', 'E', 'A7', 'Dmaj7', 'A7', 'Dmaj7', 'A7', 'Dmin', 'Dmin', 'Bdim', 'Bbmin9', 'Eb', 'Fmaj7', 'Fmaj7', 'Amin7', 'D7', 'G', 'G7', 'G', 'C', 'C', 'Amin7', 'Dmin7', 'Gmin7', 'Gmin7', 'Amin7', 'Dmin7', 'Gmin7', 'Gmin7', 'Amin7', 'Dmin7', 'Gmin7', 'Gmin7', 'Amin7', 'Dmin7', 'Gmin7', 'Gmin7', 'Bbmaj7', 'Amin7', 'Gmin7', 'Fmaj7', 'E', 'A7', 'Dmaj7', 'A7', 'Dmaj7', 'A7', 'Dmin', 'Dmin', 'Bdim', 'Bbmin9', 'Eb', 'Fmaj7', 'Fmaj7', 'Amin7', 'D7', 'G', 'G7', 'G', 'C', 'C', 'Db', 'Bbmin7', 'Ebmin7', 'Abmin7', 'Abmin7', 'Bbmin7', 'Ebmin7', 'Abmin7', 'Abmin7', 'Bbmin7', 'Ebmin7', 'Abmin7', 'Abmin7', 'Bbmin7', 'Ebmin7', 'Abmin7', 'Abmin7', 'Cbmaj7', 'Bbmin7', 'Abmin7', 'Dbsus4', 'Bbmin7', 'Ebmin7', 'Abmin7', 'Abmin7', 'Bbmin7', 'Ebmin7', 'Abmin7', 'Abmin7', 'Bbmin7', 'Ebmin7', 'Abmin7', 'Abmin7', 'Bbmin7', 'Ebmin7', 'Abmin7', 'Abmin7', 'Bbmin7', 'Ebmin7', 'Abmin7', 'Abmin7', 'Bbmin7', 'Ebmin7', 'Abmin7', 'Abmin7', 'Bbmin7', 'Ebmin7', 'Abmin7', 'Abmin7', 'Bbmin7', 'Ebmin7']"
0633,"['B', 'B', 'A', 'A', 'G', 'G', 'A', 'A', 'Bmin', 'Bmin', 'Amaj', 'Amaj', 'Gmaj', 'Gmaj', 'Amaj', 'Amaj', 'Bmin', 'Bmin', 'Amaj', 'Amaj', 'Gmaj', 'Gmaj', 'Amaj', 'Amaj', 'Bmin', 'Bmin', 'Amaj', 'Amaj', 'Gmaj', 'Gmaj', 'Amaj', 'Amaj', 'Dmaj', 'Dmaj', 'Amaj', 'Amaj', 'Cmaj', 'Cmaj', 'Bmaj', 'Bmaj', 'Emin7', 'Emin7', 'Amaj', 'Amaj', 'F#7', 'Bmin', 'Bmin', 'F#min7', 'Bmin', 'Bmin', 'Dmaj', 'Dmaj', 'Amaj', 'Amaj', 'Cmaj', 'Cmaj', 'Bmaj', 'Bmaj', 'Emin7', 'Emin7', 'Amaj', 'Amaj', 'F#7', 'Bmin', 'Bmin', 'F#min7', 'Bmaj', 'Bmaj', 'Bmin', 'Bmin', 'Amaj', 'Amaj', 'Gmaj', 'Gmaj', 'F#maj', 'F#7', 'Bmin', 'Bmin', 'Amaj', 'Amaj', 'Emin7', 'Emin7', 'Gmaj', 'Amaj', 'Bmin', 'Bmin', 'Bmin', 'Bmin', 'Dmaj', 'Dmaj', 'Amaj', 'Amaj', 'Cmaj', 'Cmaj', 'Bmaj', 'Bmaj', 'Emin7', 'Emin7', 'Amaj', 'Amaj', 'F#7', 'Bmin', 'Bmin', 'F#min7', 'Bmaj', 'Bmaj', 'Bmin', 'Bmin', 'Amaj', 'Amaj', 'Gmaj', 'Gmaj', 'F#maj', 'F#7', 'Bmin', 'Bmin', 'Amaj', 'Amaj', 'Emin7', 'Emin7', 'Gmaj', 'Amaj', 'B', 'B', 'B', 'B', 'Bmin', 'Bmin', 'Amaj', 'Amaj', 'Gmaj', 'Gmaj', 'Amaj', 'Amaj', 'Bmin', 'Bmin', 'Amaj', 'Amaj', 'Gmaj', 'Gmaj', 'Amaj', 'Amaj', 'Bmin', 'Bmin', 'Amaj', 'Amaj', 'Gmaj', 'Gmaj', 'Amaj', 'Amaj', 'Bmin', 'Bmin', 'Amaj', 'Amaj', 'Emin7', 'Emin7', 'F#maj', 'F#maj', 'Bmin', 'Bmin', 'Amaj', 'Amaj', 'Gmaj', 'Gmaj', 'F#maj', 'F#7', 'Bmin', 'Bmin', 'Amaj', 'Amaj', 'Emin7', 'Emin7', 'Gmaj', 'Amaj', 'Bmin', 'Bmin', 'Amaj', 'Amaj', 'Gmaj', 'Gmaj', 'F#maj', 'F#7', 'Bmin', 'Bmin', 'Amaj', 'Amaj', 'Emin7', 'Emin7', 'Gmaj', 'Amaj', 'Bmin', 'Bmin', 'Amaj', 'Amaj', 'Gmaj', 'Gmaj', 'F#maj', 'F#7', 'Bmin', 'Bmin', 'Amaj', 'Amaj', 'Emin7', 'Emin7', 'Gmaj', 'Amaj']"
0634,"['A', 'A', 'A', 'A', 'A', 'A', 'A', 'A', 'A', 'A', 'A', 'A', 'A', 'A', 'A', 'A', 'A', 'A', 'A', 'A', 'A', 'A', 'A', 'A', 'A']"
0635,"['Bbmaj', 'Bbmaj', 'Ebmaj', 'Ebmaj', 'Ebmaj', 'Abmaj', 'Ebmaj', 'Ebmaj', 'Ebmaj', 'Bb7', 'Fmaj', 'Bb7', 'Ebmaj', 'Abmaj', 'Fmaj', 'Dbmaj', 'Bb7', 'Bb7', 'Ebmaj', 'Ebmaj', 'Ebmaj', 'Ebmaj', 'Abmaj', 'Abmaj', 'Ebmaj', 'Ebmaj', 'Gbmaj', 'Bbmaj', 'Bbmaj', 'Bbmaj', 'Ebmaj', 'Ebmaj', 'Ebmaj', 'Abmaj', 'Ebmaj', 'Ebmaj', 'Ebmaj', 'Bb7', 'Fmaj', 'Bb7', 'Ebmaj', 'Abmaj', 'Fmaj', 'Dbmaj', 'Bb7', 'Bb7', 'Ebmaj', 'Ebmaj', 'Ebmaj', 'Ebmaj', 'Abmaj', 'Abmaj', 'Ebmaj', 'Ebmaj', 'Gbmaj', 'Bbmaj', 'Bbmaj', 'Amaj', 'Fmaj', 'Fmaj', 'Fmaj', 'Bbmaj', 'Fmaj', 'Fmaj', 'Fmaj', 'C7', 'Gmaj', 'C7', 'Fmaj', 'Bbmaj', 'Gmaj', 'Ebmaj', 'C7', 'C7', 'Fmaj', 'Fmaj', 'Fmaj', 'Fmaj', 'Bbmaj', 'Bbmaj', 'Fmaj', 'Fmaj', 'Abmaj', 'Dbmaj', 'Dbmaj', 'Dbmaj', 'Gbmaj', 'Dbmaj', 'Ab7', 'Ebmaj', 'Ab7', 'Dbmaj', 'Gbmaj', 'Dbmaj', 'Ab7', 'Ebmaj', 'Ab7', 'Dbmaj', 'Gbmaj', 'Dbmaj', 'Ab7', 'Ebmaj', 'Ab7', 'Dbmaj', 'Gbmaj', 'Dbmaj', 'Ab7', 'Ebmaj', 'Ab7', 'Dbmaj', 'Gbmaj', 'Dbmaj', 'Ab7', 'Ebmaj', 'Ab7', 'Dbmaj', 'Gbmaj', 'Dbmaj', 'Ab7', 'Ebmaj', 'Ab7']"
0636,"['Amin', 'Eaug', 'Amin', 'D7', 'Dmin7', 'Emin7', 'Fmaj', 'Amin7', 'Dmaj9', 'Dmaj9', 'G', 'G', 'Cmaj', 'Cmaj7', 'C', 'Cmaj7', 'Dmin', 'D', 'Dmin7', 'Gmaj', 'Dmin7', 'Bbmaj', 'Gmaj', 'Gmaj', 'Cmaj', 'Cmaj', 'G', 'Gmaj', 'Cmaj', 'Cmaj7', 'C', 'Cmaj7', 'Dmin', 'D', 'Dmin7', 'Gmaj', 'Dmin7', 'Bbmaj', 'Gmaj', 'Gmaj', 'Cmaj', 'Cmaj', 'C', 'C7', 'Fmaj7', 'Fmaj7', 'Cmaj7', 'Cmaj7', 'G', 'G', 'Cmaj', 'Cmaj7', 'Amin', 'Eaug', 'Amin', 'F#', 'Dmin7', 'G7', 'Dmin7', 'G7', 'Cmaj', 'Cmaj7', 'C', 'Cmaj7', 'Dmin', 'D', 'Dmin7', 'Gmaj', 'Dmin7', 'Bbmaj', 'Gmaj', 'Gmaj', 'A7', 'A7', 'A7', 'A7', 'Fmaj', 'Fmaj', 'E7', 'E7', 'Amin', 'A', 'D7', 'D7', 'Dmin7', 'Emin7', 'Dmin7', 'G', 'Cmaj', 'Cmaj', 'Ab7', 'Ab7', 'Dbmaj', 'Dbmaj7', 'Db', 'Dbmaj7', 'Ebmin', 'Eb', 'Ebmin7', 'Abmaj', 'Ebmin7', 'Bmaj', 'Abmaj', 'Abmaj', 'Bb', 'Bb', 'Abdim7', 'Abdim7', 'Gbmaj7', 'Gbmaj7', 'F7', 'F7', 'Bbmin', 'Bb', 'Eb', 'Eb', 'Ebmin7', 'Fmin7', 'Ebmin7', 'Ab', 'Dbmaj', 'Dbmaj', 'Bbsus4', 'Bb7', 'Ebmin7', 'Fmin7', 'Ebmin7', 'Ab', 'Dbmaj', 'Dbmaj', 'Bbmin7', 'Bb7', 'Ebmin7', 'Fmin7', 'Ebmin7', 'Ab', 'Dbmaj', 'Faug', 'Bbmin7', 'Eb7', 'Ebmin7', 'Fmin7', 'Dbmaj', 'Abmaj', 'Ebmin7', 'Ab', 'Dbmaj7']"
0637,"['Gmaj', 'Amaj', 'Fmaj9', 'Emin7', 'Gmaj', 'Amaj', 'Fmaj9', 'Emin7', 'Gmaj', 'Amaj', 'Gmaj', 'Amaj', 'Gmaj', 'Amaj', 'Gmaj', 'Amaj', 'Gmaj', 'Amaj', 'Gmaj', 'Amaj', 'Gmaj', 'F#min7', 'Emin9', 'Amaj', 'Gmaj', 'Amaj', 'Gmaj', 'Amaj', 'Gmaj', 'Amaj', 'Gmaj', 'Amaj', 'Gmaj', 'Amaj', 'Gmaj', 'Amaj', 'Gmaj', 'F#min7', 'Emin9', 'Amaj', 'Gmaj', 'Amaj', 'Dmaj', 'Dmaj', 'Dmaj', 'Dmaj', 'Gmaj', 'F#min7', 'Emin7', 'Bmin', 'Gmaj', 'Amaj', 'Dmaj', 'Dmaj', 'Dmaj', 'Dmaj', 'Gmaj', 'F#min7', 'Emin', 'Amaj', 'Gmaj', 'Amaj', 'Gmaj', 'Amaj', 'Gmaj', 'Amaj', 'Gmaj', 'Amaj', 'Gmaj', 'Amaj', 'Gmaj', 'Amaj', 'Gmaj', 'F#min7', 'Emin9', 'Amaj', 'Gmaj', 'Amaj', 'Dmaj', 'Dmaj', 'Dmaj', 'Dmaj', 'Gmaj', 'F#min7', 'Emin7', 'Bmin', 'Gmaj', 'Amaj', 'Dmaj', 'Dmaj', 'Dmaj', 'Dmaj', 'Gmaj', 'F#min7', 'Emin7', 'Bmin', 'Emin', 'Bmin', 'Emin', 'Bmin', 'Emin7', 'Asus4', 'Gmaj', 'Amaj', 'Fmaj9', 'Emin7', 'Gmaj', 'Amaj', 'Fmaj9', 'Emin7', 'Gmaj', 'Amaj', 'Gmaj', 'Amaj', 'Gmaj', 'Amaj', 'Gmaj', 'Amaj', 'Gmaj', 'Amaj', 'Gmaj', 'Amaj', 'Gmaj', 'F#min7', 'Emin9', 'Amaj', 'Gmaj', 'Amaj', 'Dmaj', 'Dmaj', 'Dmaj', 'Dmaj', 'Gmaj', 'F#min7', 'Emin7', 'Bmin', 'Gmaj', 'Amaj', 'Dmaj', 'Dmaj', 'Dmaj', 'Dmaj', 'Gmaj', 'F#min7', 'Emin7', 'Dmaj7', 'Gmaj', 'Amaj', 'Dmaj', 'Dmaj', 'Dmaj', 'Dmaj', 'Gmaj', 'F#min7', 'Emin7', 'Bmin', 'Gmaj', 'Amaj', 'Dmaj', 'Dmaj', 'Dmaj', 'Dmaj', 'Gmaj', 'F#min7', 'Emin7', 'Dmaj7', 'Gmaj', 'Amaj', 'Dmaj', 'Dmaj', 'Dmaj', 'Dmaj', 'Gmaj', 'F#min7', 'Emin7', 'Bmin', 'Gmaj', 'Amaj', 'Dmaj', 'Dmaj', 'Dmaj', 'Dmaj', 'Gmaj', 'F#min7', 'Emin7', 'Asus4', 'Gmaj', 'Amaj', 'Fmaj9', 'Emin7', 'Gmaj', 'Amaj', 'Fmaj9', 'Emin7', 'Gmaj', 'Amaj', 'Fmaj9', 'Emin7', 'Bb', 'Bb', 'Bb', 'Bb']"
0638,"['Gmaj', 'G7', 'Cmaj', 'Cmaj', 'Dmaj', 'Dmaj', 'Cmaj', 'Gmaj', 'Gmaj', 'Gmaj', 'G7', 'Cmaj', 'Cmaj', 'Dmaj', 'Dmaj', 'Gmaj', 'G7', 'Cmaj', 'Cmaj', 'Gmaj', 'Gmaj', 'D7', 'D7', 'Gmaj', 'G7', 'Cmaj', 'Cmaj', 'Gmaj', 'Gmaj', 'D7', 'D7', 'Gmaj', 'Gmaj', 'Gmaj', 'G7', 'Cmaj', 'Cmaj', 'Dmaj', 'Dmaj', 'Cmaj', 'Gmaj', 'Gmaj', 'Gmaj', 'G7', 'Cmaj', 'Cmaj', 'Dmaj', 'Dmaj', 'Gmaj', 'G7', 'Cmaj', 'Cmaj', 'Gmaj', 'Gmaj', 'D7', 'D7', 'Gmaj', 'G7', 'Cmaj', 'Cmaj', 'Gmaj', 'Gmaj', 'D7', 'D7', 'Gmaj', 'Gmaj']"
0640,"['Eb7', 'Eb7', 'Eb7', 'Eb7', 'Eb7', 'Eb7', 'Eb7', 'Eb7', 'Bb7', 'Ab7', 'Eb7', 'Eb7', 'Bb7', 'Eb7', 'Eb7', 'Eb7', 'Eb7', 'Eb7', 'Eb7', 'Eb7', 'Eb7', 'Bb7', 'Bb7', 'Bb7', 'Bb7', 'Bb7', 'Bb7', 'Bb7', 'Bb7', 'Eb7', 'Eb7', 'Eb7', 'Eb7', 'Eb7', 'Eb7', 'Eb7', 'Eb7', 'Bb7', 'Ab7', 'Eb7', 'Eb7', 'Bb7', 'Eb7', 'Eb7', 'Eb7', 'Eb7', 'Eb7', 'Eb7', 'Eb7', 'Eb7', 'Bb7', 'Bb7', 'Bb7', 'Bb7', 'Bb7', 'Bb7', 'Bb7', 'Bb7', 'Eb7', 'Eb7', 'Eb7', 'Eb7', 'Eb7', 'Eb7', 'Eb7', 'Eb7', 'Bb7', 'Ab7', 'Eb7', 'Eb7', 'Bb7', 'Eb7', 'Eb7', 'Eb7', 'Eb7', 'Eb7', 'Eb7', 'Eb7', 'Eb7', 'Bb7', 'Bb7', 'Bb7', 'Bb7', 'Bb7', 'Bb7', 'Bb7', 'Bb7', 'Eb7', 'Eb7', 'Eb7', 'Eb7', 'Eb7', 'Eb7', 'Eb7', 'Eb7', 'Bb7', 'Ab7', 'Eb7', 'Eb7', 'Bb7', 'Bb7', 'Ab7', 'Eb7', 'Eb7', 'Bb7', 'Bb7', 'Ab7', 'Eb7', 'Eb7', 'Bb7', 'Eb7']"
0643,"['Abmin', 'Dbmaj', 'Eb7', 'Eb7', 'Abmin', 'Dbmaj', 'Eb7', 'Eb7', 'Abmin', 'Dbmaj', 'Eb7', 'Eb7', 'Abmin', 'Dbmaj', 'Eb7', 'Eb7', 'Abmin', 'Dbmaj', 'Eb7', 'Eb7', 'Abmin', 'Dbmaj', 'Eb7', 'Eb7', 'Abmin', 'Dbmaj', 'Eb7', 'Eb7', 'Abmin', 'Dbmaj', 'Eb7', 'Eb7', 'Bmaj', 'Dbmaj', 'Abmin', 'Gmin', 'Abmin', 'Gmin', 'Bmaj', 'Dbmaj', 'Abmin', 'Gmin', 'Abmin', 'Dbmaj', 'Ebmaj', 'Ebmaj', 'Abmin', 'Dbmaj', 'Eb7', 'Eb7', 'Abmin', 'Dbmaj', 'Eb7', 'Eb7', 'Abmin', 'Dbmaj', 'Eb7', 'Eb7', 'Abmin', 'Dbmaj', 'Eb7', 'Eb7', 'Abmin', 'Dbmaj', 'Eb7', 'Eb7', 'Abmin', 'Dbmaj', 'Eb7', 'Eb7', 'Abmin', 'Dbmaj', 'Eb7', 'Eb7', 'Abmin', 'Dbmaj', 'Eb7', 'Eb7', 'Bmaj', 'Dbmaj', 'Abmin', 'Gmin', 'Abmin', 'Gmin', 'Bmaj', 'Dbmaj', 'Abmin', 'Gmin', 'Abmin', 'Dbmaj', 'Ebmaj', 'Ebmaj', 'Abmin', 'Dbmaj', 'Eb7', 'Eb7', 'Abmin', 'Dbmaj', 'Eb7', 'Eb7', 'Abmin', 'Dbmaj', 'Eb7', 'Eb7']"
0645,"['Gmaj', 'Gmaj', 'Gmaj', 'Gmaj', 'Gmaj', 'Bmaj', 'Cmaj', 'Amaj', 'Gmaj', 'Bmaj', 'Cmaj', 'Amaj', 'Gmaj', 'Emin', 'Gmaj', 'Emin', 'Gmaj', 'Amaj', 'Gmaj', 'Emaj', 'Gmaj', 'Bmaj', 'Cmaj', 'Amaj', 'Gmaj', 'Bmaj', 'Cmaj', 'Amaj', 'Gmaj', 'Emin', 'Gmaj', 'Emin', 'Gmaj', 'Amaj', 'Gmaj', 'Emaj', 'Gmaj', 'Dmaj', 'Cmaj', 'Gmaj', 'Dmaj', 'Cmaj', 'Gmaj', 'Dmaj', 'Cmaj', 'Gmaj', 'Fmaj', 'Dmaj', 'Gmaj', 'Bmaj', 'Cmaj', 'Amaj', 'Gmaj', 'Bmaj', 'Cmaj', 'Amaj', 'Gmaj', 'Emin', 'Gmaj', 'Emin', 'Gmaj', 'Amaj', 'Gmaj', 'Emaj', 'Gmaj', 'Gmaj', 'Gmaj', 'Emin', 'Gmaj', 'Gmaj', 'Gmaj', 'Emin']"
0647,"['Dmaj9', 'Fmaj', 'Amin7', 'Csus4', 'Gmin7', 'Asus4', 'Dmaj9', 'Fmaj', 'Amin7', 'Csus4', 'Gmin7', 'Asus4', 'Dmaj7', 'F#min7', 'Gmaj7', 'Csus4', 'Dmaj7', 'F#min7', 'Gmaj7', 'Csus4', 'C#', 'F#7', 'Bmin7', 'E7', 'Amin', 'D7', 'Gmaj7', 'C', 'C#', 'F#7', 'Bmin7', 'E7', 'Asus4', 'Asus4', 'Bmin7', 'Bmin7', 'Gmaj7', 'Emin7', 'F#aug', 'Bmin7', 'Bmin7', 'Gmaj7', 'Emin7', 'Asus4', 'Dmaj9', 'Fmaj', 'Amin7', 'Csus4', 'Gmin7', 'Asus4', 'Dmaj7', 'F#min7', 'Gmaj7', 'Csus4', 'Dmaj7', 'F#min7', 'Gmaj7', 'Csus4', 'C#', 'F#7', 'Bmin7', 'E7', 'Amin', 'D7', 'Gmaj7', 'C', 'C#', 'F#7', 'Bmin7', 'E7', 'Asus4', 'Asus4', 'Bmin7', 'Bmin7', 'Gmaj7', 'Emin7', 'F#aug', 'Bmin7', 'Bmin7', 'Gmaj7', 'Emin7', 'F#aug', 'Bmin7', 'Bmin7', 'Gmaj7', 'Emin7', 'Asus4', 'Dmaj9', 'Fmaj', 'Amin7', 'Csus4', 'Gmin7', 'Asus4', 'Dmaj9', 'Fmaj', 'Amin7', 'Csus4', 'Gmin7', 'Asus4', 'C#', 'F#7', 'Bmin7', 'E7', 'Amin', 'D7', 'Gmaj7', 'C', 'C#', 'F#7', 'Bmin7', 'E7', 'Asus4', 'Asus4', 'Bmin7', 'Bmin7', 'Gmaj7', 'Emin7', 'F#aug', 'Bmin7', 'Bmin7', 'Gmaj7', 'Emin7', 'F#aug', 'Bmin7', 'Bmin7', 'Gmaj7', 'Emin7', 'F#aug', 'Bmin7', 'Bmin7', 'Gmaj7', 'Emin7', 'F#aug', 'Bmin7', 'Bmin7', 'Gmaj7', 'Emin7', 'F#aug', 'Bmin7', 'Bmin7', 'Gmaj7', 'Emin7', 'F#aug', 'Bmin7', 'Bmin7', 'Gmaj7', 'Emin7', 'F#aug', 'Bmin7', 'Bmin7', 'Gmaj7', 'Emin7', 'F#aug', 'Bmin7', 'Bmin7', 'Gmaj7', 'Emin7', 'F#aug', 'Bmin7', 'Bmin7', 'Gmaj7', 'Emin7', 'F#aug']"
0648,"['Fmaj', 'Emin', 'Amin', 'Fmaj', 'Emin', 'Amin', 'Fmaj', 'Emin', 'Amin', 'Fmaj', 'Emin', 'Amin', 'Fmaj', 'Emin', 'Amin', 'Fmaj', 'Emin', 'Amin', 'D', 'C', 'D', 'C', 'D', 'C', 'D', 'C', 'D', 'C', 'Bb5', 'C5', 'Bbmaj', 'Cmaj', 'D', 'C', 'D', 'C', 'D', 'C', 'Bbmaj', 'Cmaj', 'Bbmaj', 'Cmaj', 'Fmaj', 'Emin', 'Amin', 'Fmaj', 'Emin', 'Amin', 'Fmaj', 'Emin', 'Amin', 'Fmaj', 'Emin', 'Amin', 'Cmaj', 'Dmin', 'Dmin', 'Gmaj', 'Cmaj', 'Dmin', 'Dmin', 'Bbmaj', 'Cmaj', 'Bbmaj', 'Cmaj', 'Csus2', 'C', 'Csus2', 'C', 'Csus2', 'C', 'Bb5', 'C5', 'Bbmaj', 'Cmaj', 'Fmaj', 'Emin', 'Amin', 'Fmaj', 'Emin', 'Amin', 'Fmaj', 'Emin', 'Amin', 'Fmaj', 'Emin', 'Amin', 'Cmaj', 'Dmin', 'Dmin', 'Gmaj', 'Cmaj', 'Dmin', 'Dmin', 'Bbmaj', 'Cmaj', 'Bbmaj', 'Cmaj', 'Bbmaj', 'Cmaj', 'Bbmaj', 'Cmaj', 'Bbmaj', 'Cmaj', 'Bbmaj', 'Cmaj', 'Fmaj', 'Emin', 'Amin', 'Fmaj', 'Emin', 'Amin', 'Fmaj', 'Emin', 'Amin', 'Fmaj', 'Emin', 'Amin', 'Fmaj', 'Emin', 'Amin', 'Fmaj', 'Emin', 'Amin', 'Fmaj', 'Emin', 'Amin', 'Fmaj', 'Emin', 'Amin', 'Fmaj', 'Emin', 'Amin', 'Fmaj', 'Emin', 'Amin', 'Fmaj', 'Emin', 'Amin', 'Fmaj', 'Emin', 'Amin']"
0649,"['Dmaj', 'Bmin', 'Emin', 'Dmaj', 'Dmaj', 'Bmin', 'Emin', 'Dmaj', 'Dmaj', 'Bmin', 'Emin', 'Dmaj', 'Dmaj', 'Bmin', 'Emin', 'Dmaj', 'Dmaj', 'Bmin', 'Emin', 'Dmaj', 'Dmaj', 'Bmin', 'Emin', 'Dmaj', 'Dmaj', 'Bmin', 'Emin', 'Dmaj', 'Dmaj', 'Bmin', 'Emin', 'Dmaj', 'Dmaj', 'Bmin', 'Emin', 'Dmaj', 'Dmaj', 'Bmin', 'Emin', 'Dmaj', 'Dmaj', 'Bmin', 'Emin', 'Dmaj', 'Bmin', 'Emin', 'Dmaj', 'Dmaj', 'Bmin', 'Emin', 'Dmaj', 'F#min', 'Dmaj7', 'Emin', 'Emin', 'F#min', 'Dmaj7', 'Emin', 'Emin', 'Dmaj', 'Bmin', 'Emin', 'Dmaj', 'Dmaj', 'Bmin', 'Emin', 'Dmaj', 'Dmaj', 'Bmin', 'Emin', 'Dmaj', 'Dmaj', 'Bmin', 'Emin', 'Dmaj', 'Dmaj', 'Bmin', 'Emin']"
0650,"['D7', 'G7', 'Cmaj', 'Ebdim', 'Dmin7', 'G7', 'Cmaj7', 'Cmaj7', 'Amin', 'Amin', 'Cmaj7', 'F#dim', 'Dmin7', 'A7', 'Dmin', 'A7', 'Dmin', 'Dmin', 'Dmin7', 'G7', 'Cmaj', 'Ebdim', 'Dmin7', 'G7', 'Cmaj7', 'Cmaj7', 'Amin', 'Amin', 'Gmin7', 'C7', 'Fmaj7', 'E7', 'Amin', 'Emin7', 'Amin', 'Emin7', 'D7', 'G7', 'Cmaj', 'Ebdim', 'Dmin7', 'G7', 'Cmaj7', 'Cmaj7', 'Amin', 'Amin', 'Cmaj7', 'F#dim', 'Dmin7', 'A7', 'Dmin', 'A7', 'Dmin', 'Dmin', 'Dmin7', 'G7', 'Cmaj', 'Ebdim', 'Dmin7', 'G7', 'Cmaj7', 'Cmaj7', 'Amin', 'Amin', 'Gmin7', 'C7', 'Fmaj7', 'E7', 'Amin', 'Emin7', 'Amin', 'Emin7', 'D7', 'G7', 'Cmaj', 'Ebdim', 'Dmin7', 'G7', 'Cmaj7', 'Cmaj7', 'Amin', 'Amin', 'Gmin7', 'C7', 'Fmaj7', 'E7', 'Amin', 'Emin7', 'Amin', 'Emin7', 'D7', 'G7', 'Cmaj', 'Cmaj', 'Fmaj', 'F#dim', 'Gsus4', 'G7', 'Cmaj']"
0651,"['Fmin', 'Fmin', 'Ebmaj', 'Ebmaj', 'Dbmaj', 'Dbmaj', 'Csus4', 'Cmaj', 'Fmin', 'Fmin7', 'F', 'Fmin', 'Fmin', 'Fmin7', 'F', 'Fmin', 'Fmin', 'Fmin', 'Fmin', 'Fmin', 'Fmin', 'Fmin', 'Csus4', 'Cmaj', 'Fmin', 'Fmin', 'Bbmin7', 'Bbmin7', 'Csus4', 'Cmaj', 'Csus4', 'Cmaj', 'Cmaj', 'Dbmaj', 'Ebmaj', 'Cmaj', 'Fmin', 'Dbmaj', 'Bbmin', 'Bbmin', 'C7', 'C7', 'Dbmaj', 'Ebmaj', 'Cmaj', 'Fmin', 'Dbmaj', 'Bbmin', 'Bbmin', 'C7', 'C7', 'Dbmaj', 'Ebmaj', 'Cmaj', 'Fmin', 'Dbmaj', 'Ebmaj', 'Cmaj', 'Fmin', 'Dbmaj', 'Ebmaj', 'Cmaj', 'Fmin', 'Bbmin', 'Fmin', 'Dbmaj', 'D', 'Cmaj', 'Fmin', 'Cmaj', 'Fmin', 'Csus4', 'Cmaj', 'Fmin', 'Fmin', 'Fmin', 'Fmin', 'Fmin', 'Fmin', 'Fmin', 'Fmin', 'Fmin', 'Fmin', 'Fmin', 'Fmin', 'Fmin', 'Fmin', 'Csus4', 'Cmaj', 'Fmin', 'Fmin', 'Bbmin7', 'Bbmin7', 'Csus4', 'Cmaj', 'Csus4', 'Cmaj', 'Csus4', 'Cmaj', 'Dbmaj', 'Ebmaj', 'Cmaj', 'Fmin', 'Dbmaj', 'Ebmaj', 'Cmaj', 'Fmin', 'Dbmaj', 'Ebmaj', 'Cmaj', 'Fmin', 'Dbmaj', 'Ebmaj', 'Cmaj', 'Fmin', 'Dbmaj', 'Ebmaj', 'Cmaj', 'Fmin', 'Dbmaj', 'Ebmaj', 'Cmaj', 'Fmin']"
0654,"['G', 'G', 'G', 'Bb', 'Eb', 'C', 'G', 'Bb', 'Eb', 'C', 'G', 'Bb', 'Eb', 'C', 'G', 'Bb', 'Eb', 'C', 'G', 'Bb', 'Eb', 'C', 'G', 'Gmin', 'G', 'Gmin', 'G', 'Gmin', 'G', 'Gmin', 'G', 'Bb', 'G', 'Bb', 'Eb', 'Cmin', 'Cmin', 'G', 'Bb', 'Eb', 'C', 'G', 'Bb', 'Eb', 'C', 'G', 'Bb', 'Eb', 'C', 'G', 'Bb', 'Eb', 'C', 'G', 'Bb', 'Eb', 'C', 'G', 'Gmin', 'G', 'Gmin', 'G', 'Gmin', 'G', 'Gmin', 'G', 'Bb', 'G', 'Bb', 'Eb', 'Cmin', 'Cmin', 'G', 'Bb', 'Eb', 'C', 'G', 'Bb', 'Eb', 'C', 'G', 'Bb', 'Eb', 'C', 'G', 'Bb', 'Eb', 'C', 'G', 'Bb', 'Eb', 'C', 'G', 'Gmin', 'G', 'Bb', 'Eb', 'C', 'G', 'Bb', 'Eb', 'C', 'G', 'Bb', 'Eb', 'C', 'G', 'Bb', 'Eb', 'C', 'G', 'Bb', 'Eb', 'C', 'G', 'Bb', 'Eb', 'C', 'G', 'Bb', 'Eb', 'C', 'G', 'Bb', 'Eb', 'C', 'G', 'Bb', 'Eb', 'C', 'G', 'Bb', 'Eb', 'C', 'G', 'Bb', 'Eb', 'C', 'G', 'Bb', 'Eb', 'C']"
0655,"['Ab5', 'Ab5', 'Ab5', 'Abmin', 'Dbsus2', 'Fb', 'Ab5', 'Ab5', 'Abmin', 'Dbsus2', 'Ab5', 'Fb', 'Ab5', 'Bbmin7', 'Ebmaj7', 'Bbmin7', 'Gbmaj', 'Ebmin7', 'B7', 'Emaj7', 'Emaj7', 'G7', 'Cmaj', 'Cmaj', 'Cmaj', 'Emin7', 'Fmaj', 'Dmin7', 'G7', 'Cmaj', 'Emin7', 'Fmaj', 'B', 'E7', 'Amin', 'Gmin', 'C7', 'Fmaj7', 'D7', 'Cmaj', 'A7', 'D', 'G7', 'Cmaj', 'Gmaj', 'Fmaj', 'Cmaj', 'Emin7', 'Fmaj', 'Dmin7', 'G7', 'Cmaj', 'Emin7', 'Fmaj', 'B', 'E7', 'Amin', 'Gmin', 'C7', 'Fmaj7', 'D7', 'Cmaj', 'A7', 'D', 'G7', 'Cmaj', 'Abmaj', 'Bbmin', 'Ebmaj7', 'Bbmin7', 'Ebmaj', 'Cmin', 'Fmin', 'Fmin', 'Dbmaj', 'Dbmaj', 'Gbmaj', 'Amaj', 'Gmaj', 'Gmaj', 'Gmaj', 'Gmaj', 'Cmaj', 'Emin7', 'Fmaj', 'Dmin7', 'G7', 'Cmaj', 'Emin7', 'Fmaj', 'B', 'E7', 'Amin', 'Gmin', 'C7', 'Fmaj7', 'D7', 'Cmaj', 'A7', 'D', 'G7', 'Abmaj', 'Abmaj', 'Abmaj', 'Abmaj', 'Abmaj', 'Abmaj', 'Abmaj', 'Abmaj', 'Cmaj', 'Ebmaj', 'Bbmaj', 'Fmaj', 'Cmaj', 'Ebmaj', 'Bbmaj', 'Fmaj', 'Cmaj', 'Ebmaj', 'Bbmaj', 'Fmaj', 'Cmaj', 'Ebmaj', 'Bbmaj', 'Fmaj', 'Cmaj', 'Ebmaj', 'Bbmaj', 'Fmaj', 'Cmaj', 'Ebmaj', 'Bbmaj', 'Fmaj', 'Cmaj', 'Ebmaj', 'Bbmaj', 'Fmaj', 'Cmaj', 'Ebmaj', 'Bbmaj', 'Fmaj', 'Ebmaj', 'Bbmaj', 'Fmaj', 'Cmaj', 'Ebmaj', 'Bbmaj', 'Fmaj', 'Cmaj', 'Ebmaj', 'Bbmaj', 'Fmaj', 'Cmaj', 'Ebmaj', 'Bbmaj', 'Fmaj', 'Cmaj', 'Ebmaj', 'Bbmaj', 'Fmaj', 'Cmaj', 'Ebmaj', 'Bbmaj', 'Fmaj', 'Cmaj', 'Ebmaj', 'Bbmaj', 'Fmaj', 'Cmaj', 'Ebmaj', 'Bbmaj', 'Fmaj']"
0656,"['Gmaj', 'Dmaj', 'Cmaj', 'Dmaj', 'Gmaj', 'Dmaj', 'Cmaj', 'Dmaj', 'Gmaj', 'B7', 'Cmaj', 'Amaj', 'Dmaj', 'Dmaj', 'Dmaj', 'Dmaj', 'Gmaj', 'Dmaj', 'Cmaj', 'Dmaj', 'Gmaj', 'B7', 'Cmaj', 'Amaj', 'Dmaj', 'Dmaj', 'Dmaj', 'Dmaj', 'Cmaj', 'Cmaj', 'Dmaj', 'Dmaj', 'Gmaj', 'B7', 'Emin', 'A7', 'Dmaj', 'Dmaj', 'Cmaj', 'Cmaj', 'Dmaj', 'Dmaj', 'Gmaj', 'B7', 'Emin', 'A7', 'Dmaj', 'Dsus4', 'Dmaj', 'Dmaj', 'Gmaj', 'Dmaj', 'Cmaj', 'Dmaj', 'Gmaj', 'B7', 'Cmaj', 'Dmaj', 'Gmaj', 'Dmaj', 'Cmaj', 'Dmaj', 'Gmaj', 'Dmaj', 'Cmaj', 'Dmaj', 'Gmaj', 'B7', 'Cmaj', 'Amaj', 'Dmaj', 'Dmaj', 'Dmaj', 'Dmaj', 'Cmaj', 'Cmaj', 'Dmaj', 'Dmaj', 'Gmaj', 'B7', 'Emin', 'A7', 'Dmaj', 'Dmaj', 'Dmaj', 'Dmaj', 'Cmaj', 'Cmaj', 'Dmaj', 'Dmaj', 'Gmaj', 'B7', 'Emin', 'A7', 'Dmaj', 'Dsus4', 'Dmaj', 'Dmaj', 'Gmaj', 'Dmaj', 'Cmaj', 'Dmaj', 'Gmaj', 'B7', 'Cmaj', 'Dmaj', 'Gmaj', 'Dmaj', 'Cmaj', 'Dmaj', 'Gmaj', 'Dmaj', 'Cmaj', 'Dmaj', 'Gmaj', 'B7', 'Cmaj', 'Dmaj', 'Gmaj', 'Dmaj', 'Cmaj', 'Dmaj', 'Gmaj', 'B7', 'Cmaj', 'Dmaj', 'Gmaj', 'Dmaj', 'Cmaj', 'Dmaj']"
0657,"['Asus2', 'Amaj', 'Asus2', 'Amaj', 'Asus2', 'Amaj', 'Asus2', 'Amaj', 'Dsus2', 'Dmaj', 'Asus2', 'Amaj', 'Asus2', 'Amaj', 'Dsus2', 'Dmaj', 'Dsus2', 'Dmaj', 'Emaj', 'Emaj', 'Dmaj', 'Dmaj', 'Bmin7', 'Bmin7', 'Asus2', 'Amaj', 'Asus2', 'Amaj', 'Asus2', 'Amaj', 'Dsus2', 'Dmaj', 'Asus2', 'Amaj', 'Asus2', 'Amaj', 'Dsus2', 'Dmaj', 'Dsus2', 'Dmaj', 'Emaj', 'Emaj', 'Dmaj', 'Dmaj', 'Bmin7', 'Bmin7', 'Asus2', 'Amaj', 'Dmaj', 'Amaj', 'Emaj', 'Bmin', 'Dmaj', 'F#min', 'Emaj', 'Dmaj', 'Amaj', 'Emaj', 'Bmin', 'F#min', 'Bmaj', 'Emaj', 'Emaj', 'Asus2', 'Amaj', 'Asus2', 'Amaj', 'Dsus2', 'Dmaj', 'Bmin', 'Bmin', 'Dmaj', 'Dmaj', 'Emaj', 'Emaj', 'Amaj', 'Amaj', 'Asus4', 'Asus4', 'Dsus4', 'Dsus4', 'F#min', 'F#min', 'F#min', 'F#min7', 'Dmaj', 'Dmaj', 'Bmin7', 'Bmin7', 'Emaj', 'Emaj', 'Dmaj', 'Dmaj', 'Bmin7', 'Bmin7', 'Asus2', 'Amaj', 'Emaj', 'Emaj', 'Dmaj', 'Dmaj', 'Bmin7', 'Bmin7', 'Asus2', 'Amaj', 'Asus2', 'Amaj', 'Asus2', 'Amaj', 'Asus2', 'Amaj', 'Asus2', 'Amaj', 'Asus2', 'Amaj', 'Asus2', 'Amaj', 'Asus2', 'Amaj', 'Asus2', 'Amaj', 'Asus2', 'Amaj']"
0658,"['Amaj', 'Dmaj', 'Dmaj', 'Cmaj', 'B7', 'Emin', 'E', 'Emin7', 'A7', 'Emin', 'E', 'Emin7', 'A7', 'Dmaj', 'Dmaj', 'Bmin', 'F#min', 'D#dim', 'Emin', 'Gmin7', 'C7', 'Fmaj', 'Emin7', 'A7', 'Dmaj', 'Dmaj', 'Cmaj', 'B7', 'Emin', 'E', 'Emin7', 'A7', 'Dmaj', 'Dmaj', 'Cmaj', 'B7', 'Emin', 'E', 'Emin7', 'A7', 'Emin', 'E', 'Emin7', 'A7', 'Dmaj', 'Dmaj', 'Bmin', 'F#min', 'D#dim', 'Emin', 'Gmin7', 'C7', 'Fmaj', 'Emin7', 'A7', 'Dmaj', 'Dmaj', 'Cmaj', 'B7', 'Emin', 'E', 'Emin7', 'A7', 'Dmaj', 'Dmaj7', 'Emin7', 'A7', 'Dmaj', 'Dmaj', 'Dmaj']"
0659,"['Bmin7', 'Gmaj', 'Amaj', 'Gmaj', 'Amaj', 'Bmin7', 'Gmaj', 'Amaj', 'Gmaj', 'Amaj', 'Bmin', 'Bmin', 'Amaj', 'Amaj', 'Bmin', 'Bmin', 'Amaj', 'Amaj', 'Gmaj', 'Amaj', 'Bmin7', 'Amaj', 'Gmaj', 'Gmaj', 'Bmin7', 'Amaj', 'Gmaj', 'Amaj', 'Bmin', 'Bmin', 'Amaj', 'Amaj', 'Gmaj', 'Amaj', 'Bmin7', 'Amaj', 'Gmaj', 'Gmaj', 'Bmin', 'Bmin', 'Amaj', 'Amaj', 'Bmin', 'Bmin', 'Amaj', 'Amaj', 'Gmaj', 'Amaj', 'Bmin7', 'Amaj', 'Gmaj', 'Gmaj', 'Bmin7', 'Amaj', 'Gmaj', 'Amaj', 'Bmin', 'Bmin', 'Amaj', 'Amaj', 'Gmaj', 'Amaj', 'Bmin7', 'Amaj', 'Gmaj', 'Gmaj', 'Bmin7', 'Gmaj', 'Amaj', 'Gmaj', 'Amaj', 'Bmin7', 'Gmaj', 'Amaj', 'Gmaj', 'Amaj', 'Bmin', 'Bmin', 'Amaj', 'Amaj', 'Bmin', 'Bmin', 'Amaj', 'Amaj', 'Gmaj', 'Amaj', 'Bmin7', 'Amaj', 'Gmaj', 'Gmaj', 'Bmin7', 'Amaj', 'Gmaj', 'Amaj', 'Bmin', 'Bmin', 'Amaj', 'Amaj', 'Gmaj', 'Amaj', 'Bmin7', 'Amaj', 'Gmaj', 'Gmaj', 'Bmin', 'Bmin', 'Amaj', 'Amaj', 'Bmin', 'Bmin', 'Amaj', 'Amaj', 'Bmin', 'Bmin', 'Amaj', 'Amaj', 'Bmin', 'Bmin', 'Amaj', 'Amaj', 'Bmin', 'Bmin', 'Amaj', 'Amaj', 'Bmin', 'Bmin', 'Amaj', 'Amaj']"
0660,"['Bmin', 'F#min7', 'G', 'Amaj', 'Bmin', 'F#min7', 'G', 'Amaj', 'Amaj', 'Bmin', 'Gmaj', 'Amaj', 'Bmin', 'Gmaj', 'Amaj', 'Emin9', 'F#min7', 'Bmin', 'Gmaj', 'Amaj', 'Bmin', 'Gmaj', 'Amaj', 'Emin9', 'F#min7', 'Gmaj', 'Amaj', 'Bmin7', 'F#min7', 'Gmaj', 'Amaj', 'Bmin7', 'F#min7', 'Gmaj', 'Amaj', 'Bmin7', 'F#min7', 'Gmaj', 'Amaj', 'Bmin', 'Gmaj', 'Amaj', 'Bmin', 'Gmaj', 'Amaj', 'Emin9', 'F#min7', 'Bmin', 'Gmaj', 'Amaj', 'Bmin', 'Gmaj', 'Amaj', 'Emin9', 'F#min7', 'Gmaj', 'Amaj', 'Bmin7', 'F#min7', 'Gmaj', 'Amaj', 'Bmin7', 'F#min7', 'Gmaj', 'Amaj', 'Bmin7', 'F#min7', 'Gmaj', 'Amaj', 'Bmin7', 'F#min7', 'Gmaj', 'Amaj', 'Bmin7', 'F#min7', 'Gmaj', 'Amaj', 'Bmin7', 'F#min7', 'Gmaj', 'Amaj', 'Emin9', 'Dmaj', 'Gmaj', 'Amaj', 'Emin9', 'Dmaj', 'Gmaj', 'Amaj', 'Amaj', 'Bmin7', 'F#min7', 'Gmaj', 'Amaj', 'Bmin7', 'F#min7', 'Gmaj', 'Amaj', 'Bmin7', 'F#min7', 'Gmaj', 'Amaj', 'Bmin7', 'F#min7', 'Gmaj', 'Amaj', 'Bmin7', 'F#min7', 'Gmaj', 'Amaj', 'Bmin7', 'F#min7', 'Gmaj', 'Amaj', 'Bmin7', 'F#min7', 'Gmaj', 'Amaj', 'Bmin7', 'F#min7', 'Gmaj', 'Amaj', 'Bmin7', 'F#min7', 'Gmaj', 'Amaj', 'Bmin7', 'F#min7', 'Gmaj', 'Amaj']"
0662,"['Cmaj', 'Cmaj', 'Fmaj', 'Cmaj', 'Cmaj', 'Cmaj', 'Cmaj', 'Fmaj', 'Cmaj', 'Cmaj', 'Cmaj', 'Cmaj', 'Cmaj', 'Fmaj', 'Cmaj', 'Cmaj', 'Fmaj', 'Cmaj', 'Fmaj', 'Cmaj', 'Emaj', 'Amin', 'Gmaj', 'Fmaj', 'Fmaj', 'Cmaj', 'Cmaj', 'Cmaj', 'Cmaj', 'Fmaj', 'Fmaj', 'Cmaj', 'Cmaj', 'Cmaj', 'Fmaj', 'Fmaj', 'Cmaj', 'Cmaj', 'Cmaj', 'Fmaj', 'Fmaj', 'Cmaj', 'Cmaj', 'Cmaj', 'Fmaj', 'Fmaj', 'Cmaj', 'Cmaj', 'Fmaj', 'Cmaj', 'Fmaj', 'Cmaj', 'Emaj', 'Amin', 'Gmaj', 'Fmaj', 'Fmaj', 'Cmaj', 'Cmaj', 'Cmaj', 'Cmaj', 'Fmaj', 'Fmaj', 'Cmaj', 'Cmaj', 'Cmaj', 'Fmaj', 'Fmaj', 'Cmaj', 'Cmaj', 'Cmaj', 'Fmaj', 'Fmaj', 'Cmaj', 'Cmaj', 'Cmaj', 'Fmaj', 'Fmaj', 'Cmaj', 'Cmaj', 'Fmaj', 'Cmaj', 'Fmaj', 'Cmaj', 'Emaj', 'Amin', 'Gmaj', 'Fmaj', 'Fmaj', 'Cmaj', 'Cmaj', 'Cmaj', 'Cmaj', 'Fmaj', 'Fmaj', 'Cmaj', 'Cmaj', 'Cmaj', 'Fmaj', 'Fmaj', 'Cmaj', 'Cmaj', 'Cmaj', 'Fmaj', 'Fmaj', 'Cmaj', 'Cmaj', 'Cmaj', 'Fmaj', 'Fmaj', 'Cmaj', 'Cmaj', 'Cmaj', 'Fmaj', 'Fmaj', 'Cmaj', 'Cmaj', 'Cmaj', 'Fmaj', 'Fmaj', 'Cmaj', 'Cmaj', 'Cmaj', 'Fmaj', 'Fmaj', 'Cmaj', 'Cmaj', 'Fmaj', 'Fmaj', 'Cmaj', 'Cmaj', 'Fmaj', 'Fmaj', 'Cmaj', 'Cmaj', 'Fmaj', 'Fmaj', 'Cmaj', 'Cmaj', 'Fmaj', 'Fmaj', 'Cmaj', 'Cmaj', 'Fmaj', 'Fmaj', 'Cmaj', 'Cmaj', 'Fmaj', 'Fmaj', 'Cmaj', 'Cmaj', 'Fmaj', 'Fmaj', 'Cmaj', 'Cmaj', 'Fmaj', 'Fmaj', 'Cmaj', 'Cmaj', 'Fmaj', 'Fmaj', 'Cmaj']"
0663,"['Fmin9', 'Abmaj7', 'Bbmaj', 'Ebmaj', 'Bbmaj', 'Fmin9', 'Abmaj7', 'Bbmaj', 'Ebmaj', 'Bbmaj', 'Fmin9', 'Abmaj7', 'Bbmaj', 'Ebmaj', 'Bbmaj', 'Cmin', 'Cmin', 'Fmin9', 'Cmin', 'Fmin9', 'Bbmaj', 'Fmin9', 'Bbmaj', 'Gmaj', 'Cmin', 'Fmin9', 'Cmin', 'Fmin9', 'Bbmaj', 'Fmin9', 'Bbmaj', 'Gmaj', 'Cmin', 'Cmin', 'Fmin9', 'Abmaj7', 'Bbmaj', 'Fmin9', 'Abmaj7', 'Bbmaj', 'Fmin', 'Abmaj7', 'Bbmaj', 'Bbmaj', 'Fmin9', 'Abmaj7', 'Bbmaj', 'Fmin9', 'Abmaj7', 'Bbmaj', 'Fmin9', 'Abmaj7', 'Bbmaj', 'Bbmaj', 'Cmin', 'Cmin', 'Cmin', 'Fmin9', 'Cmin', 'Fmin9', 'Bbmaj', 'Fmin9', 'Bbmaj', 'Gmaj', 'Cmin', 'Fmin9', 'Cmin', 'Fmin9', 'Bbmaj', 'Fmin9', 'Bbmaj', 'Gmaj', 'Cmin', 'Cmin', 'Fmin9', 'Abmaj7', 'Bbmaj', 'Fmin9', 'Abmaj7', 'Bbmaj', 'Fmin', 'Abmaj7', 'Bbmaj', 'Bbmaj', 'Fmin9', 'Abmaj7', 'Bbmaj', 'Fmin9', 'Abmaj7', 'Bbmaj', 'Fmin9', 'Abmaj7', 'Bbmaj', 'Bbmaj', 'Fmin9', 'Abmaj7', 'Bbmaj', 'Fmin9', 'Abmaj7', 'Bbmaj', 'Fmin9', 'Abmaj7', 'Bbmaj', 'Abmaj', 'Ebmaj', 'Abmaj', 'Ebmaj', 'Bbmaj', 'Fmin9', 'Abmaj7', 'Bbmaj', 'Fmin9', 'Abmaj7', 'Bbmaj', 'Fmin', 'Abmaj7', 'Bbmaj', 'Bbmaj', 'Fmin9', 'Abmaj7', 'Bbmaj', 'Fmin9', 'Abmaj7', 'Bbmaj', 'Fmin', 'Abmaj7', 'Bbmaj', 'Bbmaj', 'Fmin9', 'Abmaj7', 'Bbmaj', 'Fmin9', 'Abmaj7', 'Bbmaj', 'Fmin9', 'Abmaj7', 'Bbmaj', 'Fmin9', 'Abmaj7', 'Bbmaj', 'Bbmaj']"
0664,"['Cmaj', 'Cmaj', 'Fmaj', 'Cmaj', 'Cmaj', 'Cmaj', 'Cmaj', 'Fmaj', 'Cmaj', 'Cmaj', 'Cmaj', 'Cmaj', 'Cmaj', 'Fmaj', 'Cmaj', 'Cmaj', 'Fmaj', 'Cmaj', 'Fmaj', 'Cmaj', 'Emaj', 'Amin', 'Gmaj', 'Fmaj', 'Fmaj', 'Cmaj', 'Cmaj', 'Cmaj', 'Cmaj', 'Fmaj', 'Fmaj', 'Cmaj', 'Cmaj', 'Cmaj', 'Fmaj', 'Fmaj', 'Cmaj', 'Cmaj', 'Cmaj', 'Fmaj', 'Fmaj', 'Cmaj', 'Cmaj', 'Cmaj', 'Fmaj', 'Fmaj', 'Cmaj', 'Cmaj', 'Fmaj', 'Cmaj', 'Fmaj', 'Cmaj', 'Emaj', 'Amin', 'Gmaj', 'Fmaj', 'Fmaj', 'Cmaj', 'Cmaj', 'Cmaj', 'Cmaj', 'Fmaj', 'Fmaj', 'Cmaj', 'Cmaj', 'Cmaj', 'Fmaj', 'Fmaj', 'Cmaj', 'Cmaj', 'Cmaj', 'Fmaj', 'Fmaj', 'Cmaj', 'Cmaj', 'Cmaj', 'Fmaj', 'Fmaj', 'Cmaj', 'Cmaj', 'Fmaj', 'Cmaj', 'Fmaj', 'Cmaj', 'Emaj', 'Amin', 'Gmaj', 'Fmaj', 'Fmaj', 'Cmaj', 'Cmaj', 'Cmaj', 'Cmaj', 'Fmaj', 'Fmaj', 'Cmaj', 'Cmaj', 'Cmaj', 'Fmaj', 'Fmaj', 'Cmaj', 'Cmaj', 'Cmaj', 'Fmaj', 'Fmaj', 'Cmaj', 'Cmaj', 'Cmaj', 'Fmaj', 'Fmaj', 'Cmaj', 'Cmaj', 'Cmaj', 'Fmaj', 'Fmaj', 'Cmaj', 'Cmaj', 'Cmaj', 'Fmaj', 'Fmaj', 'Cmaj', 'Cmaj', 'Cmaj', 'Fmaj', 'Fmaj', 'Cmaj', 'Cmaj', 'Fmaj', 'Fmaj', 'Cmaj', 'Cmaj', 'Fmaj', 'Fmaj', 'Cmaj', 'Cmaj', 'Fmaj', 'Fmaj', 'Cmaj', 'Cmaj', 'Fmaj', 'Fmaj', 'Cmaj', 'Cmaj', 'Fmaj', 'Fmaj', 'Cmaj', 'Cmaj', 'Fmaj', 'Fmaj', 'Cmaj', 'Cmaj', 'Fmaj', 'Fmaj', 'Cmaj', 'Cmaj', 'Fmaj', 'Fmaj', 'Cmaj', 'Cmaj', 'Fmaj', 'Fmaj', 'Cmaj']"
0668,"['Dmaj', 'Dmaj', 'Dmaj', 'Dmaj', 'Gmaj', 'Dmaj', 'Gmaj', 'Dmaj', 'Dmaj', 'Gmaj', 'Gmaj', 'Dmaj', 'Dmaj', 'Dmaj', 'Dmaj', 'Dmaj', 'Gmaj', 'Dmaj', 'Gmaj', 'Dmaj', 'Dmaj', 'Gmaj9', 'Gmaj9', 'Dmaj', 'Dmaj', 'Dsus4', 'Dmaj', 'Asus4', 'Gmaj', 'Gmaj', 'Dmaj', 'Dmaj', 'Gmaj', 'Gmaj', 'Asus4', 'Amaj', 'Gmaj', 'Dmaj', 'Gmaj', 'Dmaj', 'Dmaj', 'Gmaj9', 'Gmaj9', 'Dmaj', 'Dmaj', 'Dmaj', 'Dmaj', 'Dmaj', 'Gmaj', 'Dmaj', 'Gmaj', 'Dmaj', 'Dmaj', 'Gmaj9', 'Gmaj9', 'Dmaj', 'Dmaj', 'Dmaj', 'Dmaj', 'Dmaj', 'Dmaj', 'Dmaj', 'Dmaj', 'Dmaj', 'Dmaj', 'Dmaj']"
0669,"['Gmaj', 'Gmaj', 'Gmaj', 'Gmaj', 'D7', 'D7', 'Gmaj', 'Gmaj', 'D7', 'Gmaj', 'Gmaj', 'D7', 'D7', 'Gmaj', 'Gmaj', 'D7', 'Cmaj', 'Gmaj', 'A7', 'D7', 'Gmaj', 'Gmaj', 'D7', 'D7', 'Gmaj', 'Gmaj', 'D7', 'Gmaj', 'Cmaj', 'D7', 'D7', 'Gmaj', 'Cmaj', 'D7', 'D7', 'Gmaj', 'Gmaj', 'Gmaj', 'Gmaj', 'D7', 'D7', 'Gmaj', 'Gmaj', 'D7', 'Gmaj', 'Gmaj', 'D7', 'D7', 'Gmaj', 'Gmaj', 'D7', 'Cmaj', 'Gmaj', 'A7', 'D7', 'Gmaj', 'Gmaj', 'D7', 'D7', 'Gmaj', 'Gmaj', 'D7', 'Gmaj', 'Gmaj', 'D7', 'D7', 'Gmaj', 'Gmaj', 'D7', 'Gmaj', 'Gmaj', 'D7', 'D7']"
0670,"['Gmaj', 'Gmaj', 'Gmaj', 'Gmaj', 'Emin9', 'Emin7', 'Emin9', 'Emin7', 'Gmaj', 'Gmaj', 'Gmaj', 'Gmaj', 'Emin9', 'Emin7', 'Emin9', 'Emin7', 'Gmaj', 'Gmaj', 'Gmaj', 'Gmaj', 'Emin9', 'Emin7', 'Emin9', 'Emin7', 'Cmaj', 'Cmaj', 'Cmaj', 'Cmaj', 'Amin7', 'A', 'Amin7', 'A', 'Cmaj', 'Cmaj', 'Cmaj', 'Cmaj', 'Amin7', 'A', 'G5', 'Gmaj', 'Gmaj', 'Gmaj', 'Gmaj', 'Emin9', 'Emin7', 'Emin9', 'Emin7', 'Gmaj', 'Gmaj', 'Gmaj', 'Gmaj', 'Emin9', 'Emin7', 'Emin9', 'Emin7', 'Gmaj', 'Gmaj', 'Gmaj', 'Gmaj', 'Emin9', 'Emin7', 'Emin9', 'Emin7', 'Cmaj', 'Cmaj', 'Cmaj', 'Cmaj', 'Amin7', 'A', 'Amin7', 'A', 'Cmaj', 'Cmaj', 'Cmaj', 'Cmaj', 'Amin7', 'A', 'Amin7', 'Dmaj', 'C', 'Dmaj', 'C', 'Dmaj', 'C', 'Dmaj', 'C', 'C', 'Gmaj', 'Gmaj', 'Gmaj', 'Gmaj', 'Ebmaj', 'Ebmaj', 'Csus2', 'Cmaj', 'Csus2', 'Cmaj', 'Ebmaj', 'Ebmaj', 'Csus2', 'Cmaj', 'Bbmaj', 'Abmaj', 'Cmin', 'Fsus2', 'Fmaj', 'Ebmaj', 'C', 'Gmin', 'C', 'Dmin', 'Dmin', 'Csus4', 'Cmin', 'Bbmaj7', 'Bbmaj', 'Abmaj7', 'Gmaj', 'Gmaj', 'Gmaj', 'Gmaj', 'Gmaj', 'Emin9', 'Emin7', 'Emin9', 'Emin7', 'Gmaj', 'Gmaj', 'Gmaj', 'Gmaj', 'Emin9', 'Emin7', 'Emin9', 'Emin7', 'Cmaj', 'Cmaj', 'Cmaj', 'Cmaj', 'Amin7', 'A', 'Amin7', 'A', 'Cmaj', 'Cmaj', 'Cmaj', 'Cmaj', 'Amin7', 'A', 'Amin7', 'Dmaj', 'C', 'Dmaj', 'C', 'Dmaj', 'C', 'Dmaj', 'C', 'C', 'Gmaj', 'Gmaj', 'Gmaj', 'Gmaj', 'Gmaj', 'Gmaj', 'Gmaj', 'Gmaj', 'Gmaj', 'Gmaj', 'Gmaj']"
0671,"['F#maj', 'F#maj', 'F#maj', 'F#maj', 'F#maj', 'F#maj', 'Bmaj', 'Bmaj', 'F#maj', 'F#maj', 'G#maj', 'C#maj', 'F#maj', 'F#maj', 'Bmaj', 'Bmaj', 'F#maj', 'F#maj', 'C#maj', 'F#maj', 'F#maj', 'Bmaj', 'Bmaj', 'F#maj', 'F#maj', 'Bmaj', 'Bmaj', 'C#maj', 'C#maj', 'F#maj', 'F#maj', 'Bmaj', 'Bmaj', 'F#maj', 'F#maj', 'G#maj', 'C#maj', 'F#maj', 'F#maj', 'Bmaj', 'Bmaj', 'F#maj', 'F#maj', 'C#maj', 'F#maj', 'F#maj', 'Bmaj', 'Bmaj', 'F#maj', 'F#maj', 'C#maj', 'F#maj', 'F#maj', 'Bmaj', 'Bmaj', 'F#maj', 'F#maj', 'Bmaj', 'Bmaj', 'C#maj', 'C#maj', 'F#maj', 'F#maj', 'Bmaj', 'Bmaj', 'F#maj', 'F#maj', 'G#maj', 'C#maj', 'F#maj', 'F#maj', 'Bmaj', 'Bmaj', 'F#maj', 'F#maj', 'C#maj', 'F#maj', 'Dmaj', 'Gmaj', 'Gmaj', 'Cmaj', 'Cmaj', 'Gmaj', 'Gmaj', 'Amaj', 'Dmaj', 'Gmaj', 'Gmaj', 'Cmaj', 'Cmaj']"
0672,"['F', 'F7', 'F7', 'F7', 'F7', 'Bb7', 'Bb7', 'F7', 'F7', 'C7', 'Bb7', 'C7', 'Bb7', 'F7', 'F7', 'F7', 'F7', 'F7', 'F7', 'Bb7', 'Bb7', 'F7', 'F7', 'C7', 'Bb7', 'C7', 'Bb7', 'F7', 'F7', 'F7', 'F7', 'F7', 'F7', 'Bb7', 'Bb7', 'F7', 'F7', 'C7', 'Bb7', 'F7', 'F7', 'F7', 'F7', 'F7', 'F7', 'Bb7', 'Bb7', 'F7', 'F7', 'C7', 'Bb7', 'C7', 'Bb7', 'F7', 'F7', 'F7', 'F7', 'F7', 'F7', 'Bb7', 'Bb7', 'F7', 'F7', 'C7', 'Bb7', 'F7', 'F7', 'F7', 'F7', 'F7', 'F7', 'Bb7', 'Bb7', 'F7', 'F7', 'C7', 'Bb7', 'F7', 'F7', 'F7', 'F7', 'F7', 'F7', 'Bb7', 'Bb7', 'F7', 'F7', 'C7', 'Bb7', 'F7', 'F7', 'F7', 'F7', 'F7', 'F7', 'Bb7', 'Bb7', 'F7', 'F7', 'C7', 'Bb7', 'F7', 'F7', 'F7', 'F7', 'F7', 'F7', 'Bb7', 'Bb7', 'F7', 'F7', 'C7', 'Bb7', 'F7', 'F7', 'F7']"
0674,"['Gmaj', 'Cmaj', 'Gmaj', 'Cmaj', 'Gmaj', 'Cmaj', 'Gmaj', 'Cmaj', 'Gmaj', 'Cmaj', 'Gmaj', 'Cmaj', 'Gmaj', 'Cmaj', 'Gmaj', 'Cmaj', 'Gmaj', 'Cmaj', 'Gmaj', 'Cmaj', 'Gmaj', 'Cmaj', 'Gmaj', 'Cmaj', 'Amin7', 'Dmaj', 'Amin7', 'Dmaj', 'Amin7', 'Dmaj', 'Gmaj', 'Cmaj', 'Gmaj', 'Cmaj', 'Gmaj', 'Cmaj', 'Gmaj', 'Cmaj', 'Gmaj', 'Cmaj', 'Gmaj', 'Cmaj', 'Gmaj', 'Cmaj', 'Gmaj', 'Cmaj', 'Gmaj', 'Cmaj', 'Gmaj', 'Cmaj', 'Gmaj', 'Cmaj', 'Gmaj', 'Cmaj', 'Amin7', 'Dmaj', 'Amin7', 'Dmaj', 'Amin7', 'Dmaj', 'Gmaj', 'Cmaj', 'Gmaj', 'Cmaj', 'Gmaj', 'Cmaj', 'Gmaj', 'Cmaj', 'Gmaj', 'Cmaj', 'Gmaj', 'Cmaj', 'Gmaj', 'Cmaj', 'Gmaj', 'Cmaj', 'Gmaj', 'Cmaj', 'Gmaj', 'Cmaj', 'Gmaj', 'Cmaj', 'Gmaj', 'Cmaj', 'Gmaj', 'Cmaj', 'Gmaj', 'Cmaj', 'Gmaj', 'Cmaj', 'Gmaj', 'Cmaj', 'Amin7', 'Dmaj', 'Amin7', 'Dmaj', 'Amin7', 'Dmaj', 'Gmaj', 'Cmaj', 'Gmaj', 'Cmaj', 'Gmaj', 'Cmaj', 'Gmaj', 'Cmaj', 'Gmaj', 'Cmaj', 'Gmaj', 'Cmaj', 'Gmaj', 'Cmaj', 'Gmaj', 'Cmaj']"
0675,"['Emaj', 'Bmaj', 'F#min', 'F#min', 'Bmaj', 'Emaj', 'Emaj', 'Bmaj', 'F#min', 'F#min', 'Bmaj', 'Emaj', 'Emaj', 'Bmaj', 'F#min', 'F#min', 'Bmaj', 'Emaj', 'Dmaj', 'Amaj', 'Emaj', 'Dmaj', 'Amaj', 'Emaj', 'Amaj', 'Amaj', 'Emaj', 'Bmaj', 'F#min', 'F#min', 'Bmaj', 'Emaj', 'Emaj', 'Bmaj', 'F#min', 'F#min', 'Bmaj', 'Emaj', 'Dmaj', 'Amaj', 'Emaj', 'Dmaj', 'Amaj', 'Emaj', 'Amaj', 'Emaj', 'C#min', 'F#maj', 'Emaj', 'Dmaj', 'Amaj', 'C#min', 'F#maj', 'Emaj', 'Dmaj', 'Amaj', 'Emaj', 'Bmaj', 'F#min', 'F#min', 'Bmaj', 'Emaj', 'Emaj', 'Bmaj', 'F#min', 'F#min', 'Bmaj', 'Emaj', 'Dmaj', 'Amaj', 'Emaj', 'Dmaj', 'Amaj', 'Emaj', 'Amaj', 'Emaj', 'Bmaj', 'Bmaj', 'Bmaj', 'Bmaj', 'Bmaj', 'Bmaj', 'Bmaj', 'Bmaj', 'Dmaj', 'Amaj', 'Emaj', 'Emaj', 'Dmaj', 'Amaj', 'Emaj', 'Emaj', 'Dmaj', 'Amaj', 'Emaj', 'Emaj', 'Dmaj', 'Amaj', 'Emaj', 'Emaj', 'Dmaj', 'Dmaj', 'Amaj', 'Amaj', 'Cmaj', 'Dmaj', 'Emaj']"
0677,"['Dmin7', 'Dmin7', 'Dmin7', 'Dmin7', 'Dmin7', 'Dmin7', 'Dmin7', 'Dmin7', 'Dmin7', 'Dmin7', 'Dmin7', 'Dmin7', 'Fmaj', 'Dmin', 'Bbmaj', 'Gmin7', 'Fmaj', 'Dmin', 'Bbmaj', 'Gmin7', 'Dmin7', 'Dmin7', 'Dmin7', 'Dmin7', 'Dmin7', 'Dmin7', 'Dmin7', 'Dmin7', 'Dmin7', 'Dmin7', 'Fmaj', 'Dmin', 'Bbmaj', 'Gmin7', 'Fmaj', 'Dmin', 'Bbmaj', 'Gmin7', 'F7', 'F7', 'F7', 'F7', 'Dmin7', 'Dmin7', 'Dmin7', 'Dmin7', 'Dmin7', 'Dmin7', 'Dmin7', 'Dmin7', 'Dmin7', 'Dmin7', 'Dmin7', 'Dmin7', 'Dmin7', 'Dmin7', 'Dmin7', 'Dmin7', 'Dmin7', 'Dmin7', 'Dmin7', 'Dmin7']"
0678,"['Bbmaj', 'Ebmaj', 'Bbmaj', 'Fmaj', 'Bbmaj', 'Fmaj', 'Bbmaj', 'Ebmaj', 'Bbmaj', 'Fmaj', 'Bbmaj', 'Fmaj', 'Bbmaj', 'Bb7', 'Ebmaj', 'Bbmaj', 'F7', 'Bbmaj', 'Fmaj', 'Gmin', 'Bbmaj', 'Gmin', 'Bbmaj', 'F7', 'Bbmaj', 'Ebmaj', 'Bbmaj', 'Fmaj', 'Bbmaj', 'Fmaj', 'Bbmaj', 'Bb7', 'Ebmaj', 'Bbmaj', 'Fmaj', 'Bbmaj', 'Fmaj', 'Bbmaj', 'Ebmaj', 'Bbmaj', 'Ebmaj', 'Bbmaj', 'Ebmaj', 'Bbmaj', 'Ebmaj', 'Bbmaj', 'Ebmaj']"
0680,"['Dmaj', 'Dmaj', 'Dmaj', 'Dmaj', 'Dmaj', 'Dmaj', 'Emin', 'Edim7', 'Gdim7', 'Dmaj', 'F#min', 'Emin', 'Gmin', 'Dmaj', 'Bmaj', 'Emin', 'Dmaj', 'Dmaj', 'Emin', 'Edim7', 'Gdim7', 'Dmaj', 'F#min', 'Emin', 'Gmin', 'Dmaj', 'Bmaj', 'Emin', 'Amaj', 'Dmaj', 'Emin', 'A7', 'Dmaj', 'Amaj', 'Dmaj', 'Emin', 'Amaj', 'Aaug', 'Dmaj', 'Dmaj', 'Emin', 'Edim7', 'Gdim7', 'Dmaj', 'F#min', 'Emin', 'Gmin', 'Dmaj', 'Bmaj', 'Emin', 'Dmaj', 'F#min', 'Emin', 'Gmin', 'Dmaj', 'Bmaj', 'Emin', 'Dmaj', 'Dmaj', 'Dmaj', 'Dmaj', 'Dmaj', 'Dmaj', 'Emin', 'Edim7', 'Gdim7', 'Dmaj', 'F#min', 'Emin', 'Gmin', 'Dmaj', 'Bmaj', 'Emin', 'Dmaj', 'Dmaj', 'Emin', 'Edim7', 'Gdim7', 'Dmaj', 'F#min', 'Emin', 'Gmin', 'Dmaj', 'Bmaj', 'Emin', 'Amaj', 'Dmaj', 'Emin', 'Amaj', 'Dmaj', 'Amaj', 'Dmaj', 'Emin', 'Amaj', 'Aaug', 'Dmaj', 'Dmaj', 'Emin', 'Edim', 'Gdim', 'Dmaj', 'F#min', 'Emin', 'Gmin', 'Dmaj', 'Bmaj', 'Emin', 'Dmaj', 'F#min', 'Emin', 'Gmin', 'Dmaj', 'Bmaj', 'Emin', 'Dmaj', 'F#min', 'Emin', 'Gmin', 'Dmaj', 'Bmaj', 'Emin', 'Amaj', 'Dmaj', 'Dmaj', 'Emin', 'Edim7', 'Gdim7', 'Dmaj', 'F#min', 'Emin', 'Gmin', 'Dmaj', 'Bmaj', 'Emin', 'Dmaj', 'Dmaj', 'Emin', 'Edim7', 'Gdim7', 'Dmaj', 'F#min', 'Emin', 'Gmin', 'Dmaj', 'Bmaj', 'Emin', 'Dmaj', 'Dmaj', 'Emin', 'Edim7', 'Gdim7', 'Dmaj', 'F#min', 'Emin', 'Gmin', 'Dmaj', 'Bmaj', 'Emin', 'Dmaj', 'Dmaj', 'Emin', 'Edim7', 'Gdim7', 'Dmaj', 'F#min', 'Emin', 'Gmin', 'Dmaj', 'Bmaj', 'Emin']"
0681,"['Dmaj', 'Dmaj', 'Dmaj', 'Dmaj', 'Dmaj', 'Asus4', 'Bmin7', 'Gmaj9', 'Dmaj', 'Asus4', 'Bmin7', 'Gmaj9', 'Dmaj', 'Asus4', 'Bmin7', 'Gmaj9', 'Dmaj', 'Asus4', 'Bmin7', 'Gmaj9', 'Dmaj', 'Asus4', 'Bmin7', 'Gmaj9', 'Dmaj', 'Asus4', 'Bmin7', 'Gmaj9', 'Dmaj', 'Asus4', 'Bmin7', 'Gmaj9', 'Dmaj', 'Asus4', 'Bmin7', 'Gmaj9', 'Dmaj', 'Asus4', 'Bmin7', 'Gmaj9', 'Dmaj', 'Asus4', 'Bmin7', 'Gmaj9', 'Dmaj', 'Asus4', 'Bmin7', 'Gmaj9', 'Dmaj', 'Asus4', 'Bmin7', 'Gmaj9', 'Dmaj', 'Gmaj9', 'Dmaj', 'Gmaj9', 'Dmaj', 'Gmaj9', 'Bmin7', 'Gmaj9', 'Dmaj', 'Gmaj9', 'Dmaj', 'Gmaj9', 'Dmaj', 'Gmaj9', 'Bmin7', 'Gmaj9', 'Dmaj', 'Gmaj9', 'Dmaj', 'Gmaj9', 'Dmaj', 'Gmaj9', 'Bmin7', 'Gmaj9', 'Dmaj', 'Asus4', 'Bmin7', 'Gmaj9', 'Dmaj', 'Asus4', 'Bmin7', 'Gmaj9', 'Dmaj', 'Asus4', 'Bmin7', 'Gmaj9', 'Dmaj', 'Asus4', 'Bmin7', 'Gmaj9', 'Dmaj', 'Asus4', 'Bmin7', 'Gmaj9', 'Dmaj', 'Asus4', 'Bmin7', 'Gmaj9', 'Dmaj', 'Dmaj', 'Dmaj', 'Dmaj', 'Dmaj', 'Dmaj', 'Dmaj', 'Dmaj', 'Dmaj', 'Dmaj', 'Dmaj', 'Dmaj', 'Dmaj', 'Asus4', 'Bmin7', 'Gmaj9', 'Dmaj', 'Asus4', 'Bmin7', 'Gmaj9', 'Dmaj', 'Asus4', 'Bmin7', 'Gmaj9', 'Dmaj', 'Asus4', 'Bmin7', 'Gmaj9', 'Dmaj', 'Asus4', 'Bmin7', 'Gmaj9', 'Dmaj', 'Asus4', 'Bmin7']"
0682,"['C#min', 'Amaj', 'C#min', 'Amaj', 'Emaj', 'Bmaj', 'Amaj', 'Emaj', 'F#min', 'Bsus4', 'Emaj', 'Emaj', 'Amaj', 'C#min', 'F#min', 'Amaj', 'Dmaj', 'Amaj', 'Emaj', 'Emaj', 'Amaj', 'C#min', 'F#min', 'Amaj', 'Emaj', 'Emaj', 'Emaj', 'Amaj', 'C#min', 'F#min', 'Amaj', 'Dmaj', 'Amaj', 'Emaj', 'Emaj', 'Amaj', 'C#min', 'F#min', 'Amaj', 'Emaj', 'C#min', 'Amaj', 'C#min', 'Amaj', 'Emaj', 'Bmaj', 'Amaj', 'Emaj', 'F#min', 'Bsus4', 'Emaj', 'Emaj', 'Amaj', 'C#min', 'F#min', 'Amaj', 'Dmaj', 'Amaj', 'Emaj', 'Emaj', 'Amaj', 'C#min', 'F#min', 'Amaj', 'Emaj', 'Emaj', 'Emaj', 'Amaj', 'C#min', 'F#min', 'Amaj', 'Dmaj', 'Amaj', 'Emaj', 'Emaj', 'Amaj', 'C#min', 'F#min', 'Amaj', 'Emaj', 'C#min', 'Amaj', 'C#min', 'Amaj', 'Emaj', 'Bmaj', 'Amaj', 'Emaj', 'F#min', 'Bsus4', 'C#min', 'C#min', 'Amaj7', 'C#min', 'C#min', 'C#min', 'Amaj7', 'C#min', 'C#min', 'Dmaj7', 'C#min7', 'Amaj', 'Emaj', 'Bmaj', 'Amaj', 'Emaj', 'F#min', 'Bsus4', 'Emaj', 'Emaj', 'Amaj', 'C#min', 'F#min', 'Amaj', 'Dmaj', 'Amaj', 'Emaj', 'Emaj', 'Amaj', 'C#min', 'F#min', 'Amaj', 'Emaj', 'C#min', 'Amaj', 'C#min', 'Amaj', 'Emaj', 'Bmaj', 'Amaj', 'Emaj', 'F#min', 'Bsus4', 'C#min', 'Amaj', 'C#min', 'Amaj', 'Emaj', 'Bmaj', 'Amaj', 'Emaj', 'F#min', 'Bsus4', 'C#min']"
0683,"['Abmin', 'Eb7', 'Abmin9', 'Ab', 'Abmin', 'Dbmin9', 'Abmin7', 'Abmin9', 'Ab', 'Abmin', 'Dbmin9', 'Abmin7', 'Abmin9', 'Ab', 'Abmin', 'Dbmin9', 'Abmin7', 'Abmin9', 'Ab', 'Abmin', 'Dbmin9', 'Abmin7', 'Gbmaj', 'Dbmin7', 'Bbmin7', 'Eb7', 'Abmin9', 'Gmaj7', 'Dmaj9', 'Gmaj9', 'Cmaj', 'Cmaj', 'Dmaj', 'Emaj', 'Abmin9', 'Ab', 'Abmin', 'Dbmin9', 'Abmin7', 'Abmin9', 'Ab', 'Abmin', 'Dbmin9', 'Abmin7', 'Gbmaj', 'Dbmin7', 'Bbmin7', 'Eb7', 'Abmin9', 'Gmaj7', 'Dmaj9', 'Gmaj9', 'Cmaj', 'Cmaj', 'Dmaj', 'Emaj', 'Ebmin', 'Db', 'Dbsus4', 'Gbmaj7', 'A', 'Ebmin', 'Db', 'Dbsus4', 'Gbmaj7', 'A', 'Dbmin9', 'Bb', 'Eb7', 'Db', 'Emin7', 'Db', 'Emin7', 'Absus4', 'Absus4', 'Db', 'Emin7', 'Db', 'Emin7', 'Absus4', 'Absus4', 'Bbsus4', 'A', 'Abmin9', 'Ab', 'Abmin', 'Dbmin9', 'Abmin7', 'Abmin9', 'Ab', 'Abmin', 'Dbmin9', 'Abmin7', 'Gbmaj', 'Dbmin7', 'Bbmin7', 'Eb7', 'Abmin9', 'Gmaj7', 'Dmaj9', 'Gmaj9', 'Cmaj', 'Cmaj', 'Dmaj', 'Emaj', 'Abmin9', 'Ab', 'Abmin', 'Dbmin9', 'Abmin7', 'Abmin9', 'Ab', 'Abmin', 'Dbmin9', 'Abmin7', 'Gbmaj', 'Dbmin7', 'Bbmin7', 'Eb7', 'Abmin9', 'Gmaj7', 'Dmaj9', 'Gmaj9', 'Cmaj', 'Cmaj', 'Dmaj', 'Emaj', 'Ebmin', 'Db', 'Dbsus4', 'Gbmaj7', 'A', 'Ebmin', 'Db', 'Dbsus4', 'Gbmaj7', 'A', 'Ebmin', 'Db', 'Dbsus4', 'Gbmaj7', 'A', 'Ebmin', 'Db', 'Dbsus4', 'Gbmaj7', 'A', 'Ebmin', 'Db', 'Dbsus4', 'Gbmaj7', 'A', 'Ebmin', 'Db', 'Dbsus4', 'Gbmaj7', 'A', 'Ebmin', 'Db', 'Dbsus4', 'Gbmaj7', 'A', 'Ebmin', 'Db', 'Dbsus4', 'Gbmaj7', 'A', 'Ebmin', 'Db', 'Dbsus4', 'Gbmaj7', 'A', 'Ebmin', 'Db', 'Dbsus4']"
0684,"['Dmin7', 'Fmaj7', 'G7', 'Gmaj', 'Cmaj', 'Fmaj', 'Dmin7', 'Fmaj7', 'G7', 'Gmaj', 'Cmaj', 'Fmaj', 'C7', 'C7', 'Cmaj', 'Ebmaj', 'Bbmaj', 'Ebmaj', 'Bbmaj', 'Fmaj', 'Ebmaj', 'Bbmaj', 'Fmaj', 'Cmaj', 'Ebmaj', 'Bbmaj', 'Ebmaj', 'Bbmaj', 'Fmaj', 'Ebmaj', 'Bbmaj', 'Fmaj', 'Amin7', 'Dmin7', 'Amin7', 'Dmin7', 'Fmaj7', 'G7', 'Cmaj', 'Ebmaj', 'Bbmaj', 'Ebmaj', 'Bbmaj', 'Fmaj', 'Ebmaj', 'Bbmaj', 'Fmaj', 'Cmaj', 'Ebmaj', 'Bbmaj', 'Ebmaj', 'Bbmaj', 'Fmaj', 'Ebmaj', 'Bbmaj', 'Fmaj', 'Amin7', 'Dmin7', 'Amin7', 'Dmin7', 'Fmaj', 'Gmaj', 'Gmaj', 'Cmaj', 'Fmaj', 'Dmin7', 'Fmaj', 'Gmaj', 'Gmaj', 'Cmaj', 'Fmaj', 'C7', 'C7', 'Gmaj', 'Cmaj', 'Dmaj', 'Cmaj', 'Gmaj', 'Cmaj', 'A7', 'A7', 'A7', 'E7', 'Bmaj', 'F#maj', 'C#maj', 'Bmaj', 'A7', 'E7', 'Bmaj', 'F#maj', 'C#maj', 'Bmaj', 'Amaj', 'Emaj', 'B7', 'Amaj', 'Emaj', 'B7', 'Amaj', 'Emaj', 'B7', 'Amaj', 'Emaj', 'B7', 'Amaj', 'Emaj', 'B7', 'Amaj', 'Emaj', 'B7', 'Amaj', 'Emaj', 'B7', 'Amaj', 'Emaj', 'B7']"
0685,"['Gmaj', 'Gmaj', 'Gmaj', 'Gmaj', 'Emin9', 'Emin7', 'Emin9', 'Emin7', 'Gmaj', 'Gmaj', 'Gmaj', 'Gmaj', 'Emin9', 'Emin7', 'Emin9', 'Emin7', 'Gmaj', 'Gmaj', 'Gmaj', 'Gmaj', 'Emin9', 'Emin7', 'Emin9', 'Emin7', 'Cmaj', 'Cmaj', 'Cmaj', 'Cmaj', 'Amin7', 'A', 'Amin7', 'A', 'Cmaj', 'Cmaj', 'Cmaj', 'Cmaj', 'Amin7', 'A', 'G5', 'Gmaj', 'Gmaj', 'Gmaj', 'Gmaj', 'Emin9', 'Emin7', 'Emin9', 'Emin7', 'Gmaj', 'Gmaj', 'Gmaj', 'Gmaj', 'Emin9', 'Emin7', 'Emin9', 'Emin7', 'Gmaj', 'Gmaj', 'Gmaj', 'Gmaj', 'Emin9', 'Emin7', 'Emin9', 'Emin7', 'Cmaj', 'Cmaj', 'Cmaj', 'Cmaj', 'Amin7', 'A', 'Amin7', 'A', 'Cmaj', 'Cmaj', 'Cmaj', 'Cmaj', 'Amin7', 'A', 'Amin7', 'Dmaj', 'C', 'Dmaj', 'C', 'Dmaj', 'C', 'Dmaj', 'C', 'C', 'Gmaj', 'Gmaj', 'Gmaj', 'Gmaj', 'Ebmaj', 'Ebmaj', 'Csus2', 'Cmaj', 'Csus2', 'Cmaj', 'Ebmaj', 'Ebmaj', 'Csus2', 'Cmaj', 'Bbmaj', 'Abmaj', 'Cmin', 'Fsus2', 'Fmaj', 'Ebmaj', 'C', 'Gmin', 'C', 'Dmin', 'Dmin', 'Csus4', 'Cmin', 'Bbmaj7', 'Bbmaj', 'Abmaj7', 'Gmaj', 'Gmaj', 'Gmaj', 'Gmaj', 'Gmaj', 'Emin9', 'Emin7', 'Emin9', 'Emin7', 'Gmaj', 'Gmaj', 'Gmaj', 'Gmaj', 'Emin9', 'Emin7', 'Emin9', 'Emin7', 'Cmaj', 'Cmaj', 'Cmaj', 'Cmaj', 'Amin7', 'A', 'Amin7', 'A', 'Cmaj', 'Cmaj', 'Cmaj', 'Cmaj', 'Amin7', 'A', 'Amin7', 'Dmaj', 'C', 'Dmaj', 'C', 'Dmaj', 'C', 'Dmaj', 'C', 'C', 'Gmaj', 'Gmaj', 'Gmaj', 'Gmaj', 'Gmaj', 'Gmaj', 'Gmaj', 'Gmaj', 'Gmaj', 'Gmaj', 'Gmaj']"
0687,"['Cmaj', 'Ebmaj', 'Gmin', 'Cmin', 'Cmaj', 'Ebmaj', 'Gmin', 'Cmin', 'Cmaj', 'F5', 'Cmaj', 'F5', 'Cmaj', 'F5', 'Cmaj', 'F5', 'Cmaj', 'F5', 'Cmaj', 'Ebmaj', 'Gmin', 'Cmaj', 'Cmaj', 'Ebmaj', 'Gmin', 'Cmaj', 'Cmaj', 'Ebmaj', 'Gmin', 'Cmaj', 'Cmaj', 'Ebmaj', 'Gmin', 'Cmaj', 'Cmaj', 'F5', 'Cmaj', 'F5', 'Cmaj', 'F5', 'Cmaj', 'F5', 'Cmaj', 'F5', 'Cmaj', 'F5', 'Cmaj', 'F5', 'Cmaj', 'F5', 'Cmaj', 'Ebmaj', 'Gmin', 'Cmin', 'Cmaj', 'Ebmaj', 'Gmin', 'Cmin', 'Cmaj', 'Ebmaj', 'Gmin', 'Cmin', 'Cmaj', 'Ebmaj', 'Gmin', 'Cmin', 'Cmaj', 'F5', 'Cmaj', 'F5', 'Cmaj', 'F5', 'Cmaj', 'F5', 'Cmaj', 'F5', 'Cmaj', 'F5', 'Cmaj', 'F5', 'Cmaj', 'F5', 'Cmaj', 'F5', 'Cmaj', 'F5', 'Cmaj', 'F5', 'Cmaj', 'F5', 'Cmaj', 'F5', 'Ebmaj', 'Gmin', 'Cmaj', 'Cmaj', 'F5', 'Cmaj']"
0688,"['E', 'Emaj', 'E7', 'E7', 'E7', 'G', 'A', 'E7', 'E7', 'E7', 'Emaj', 'Gmaj', 'Amaj', 'E7', 'E7', 'E7', 'Emaj', 'Gmaj', 'Amaj', 'E7', 'E7', 'E7', 'Emaj', 'Gmaj', 'Amaj', 'E7', 'E7', 'E7', 'Emaj', 'Gmaj', 'Amaj', 'E7', 'E7', 'E7', 'Emaj', 'Gmaj', 'Amaj', 'E7', 'E7', 'E7', 'Emaj', 'Gmaj', 'Amaj', 'E7', 'E7', 'E7', 'Emaj', 'Gmaj', 'Amaj', 'E7', 'E', 'Emaj']"
0689,"['Bmaj', 'Emaj', 'Amaj', 'Emaj', 'Bmaj', 'C#min', 'C#min', 'Bmaj', 'Dmaj', 'Dmaj', 'Dmaj', 'Dmaj', 'Dmaj', 'Dmaj', 'Dmaj', 'Dmaj', 'Dmaj', 'Dmaj', 'Gmaj', 'Gmaj', 'G7', 'Gmaj', 'Dmaj', 'Dmaj', 'Dmaj', 'Dmaj', 'Dmaj', 'Cmin', 'C7', 'Fmaj', 'Bbmaj', 'C7', 'Fmaj', 'Fmaj', 'Bbmaj', 'G7', 'Cmaj', 'Emaj', 'Bmaj', 'Emaj', 'Amaj', 'Emaj', 'Bmaj', 'C#min', 'C#min', 'Bmaj', 'Dmaj', 'Dmaj', 'Dmaj', 'Dmaj', 'Dmaj', 'Dmaj', 'Dmaj', 'Dmaj', 'Dmaj', 'Dmaj', 'Gmaj', 'Gmaj', 'G7', 'Gmaj', 'Dmaj', 'Dmaj', 'Dmaj', 'Dmaj', 'Dmaj', 'Cmin', 'C7', 'Fmaj', 'Bbmaj', 'C7', 'Fmaj', 'Fmaj', 'Bbmaj', 'G7', 'Cmaj', 'Emaj', 'Bmaj', 'Emaj', 'Amaj', 'Emaj', 'Bmaj', 'C#min', 'Bmaj', 'Dmaj', 'Dmaj', 'Dmaj', 'Dmaj', 'Dmaj', 'Dmaj', 'Dmaj', 'Dmaj', 'Dmaj', 'Dmaj', 'Gmaj', 'Gmaj', 'G7', 'Gmaj', 'Dmaj', 'Dmaj', 'Dmaj', 'Dmaj', 'Dmaj', 'Cmin', 'C7', 'Fmaj', 'Bbmaj', 'C7', 'Fmaj', 'Fmaj', 'Bbmaj', 'G7', 'Cmaj', 'Emaj', 'Bmaj', 'Emaj', 'Amaj', 'Emaj', 'Bmaj', 'C#min', 'C#min', 'Bmaj', 'Bmaj', 'Emaj', 'Amaj', 'Bmaj', 'Cdim', 'C#min', 'G#min', 'Emaj', 'Amaj', 'Amaj', 'Bsus4', 'Emaj', 'Emaj', 'Emaj', 'Emaj', 'Emaj', 'Emaj', 'Emaj', 'Emaj', 'Emaj', 'Emaj', 'Emaj', 'Emaj', 'Emaj', 'Emaj', 'Emaj', 'Emaj', 'Emaj', 'Emaj', 'Emaj', 'Emaj', 'Emaj', 'Emaj', 'Emaj', 'Emaj', 'Emaj', 'Emaj', 'Emaj', 'Emaj', 'Emaj', 'Emaj', 'Emaj', 'Emaj', 'Emaj', 'Emaj']"
0690,"['Amaj', 'Gmaj', 'Dmaj', 'Amaj', 'Dmaj', 'Gmaj', 'Gmaj', 'Amaj', 'Dmaj', 'Gmaj', 'Amaj', 'Dmaj', 'Dmaj', 'Dmaj', 'Dmaj', 'Dmaj', 'Dmaj', 'Dmaj', 'Dmaj', 'Gmaj', 'Gmaj', 'Dmaj', 'Dmaj', 'Dmaj', 'Dmaj', 'Dmaj', 'Dmaj', 'Gmaj', 'Gmaj', 'Amaj', 'Gmaj', 'Dmaj', 'Amaj', 'Dmaj', 'Gmaj', 'Gmaj', 'Amaj', 'Dmaj', 'Gmaj', 'Amaj', 'Dmaj', 'Amaj', 'Gmaj', 'Dmaj', 'Amaj', 'Dmaj', 'Gmaj', 'Gmaj', 'Amaj', 'Dmaj', 'Gmaj', 'Amaj', 'Dmaj', 'Dmaj', 'Dmaj', 'Dmaj', 'Dmaj', 'Dmaj', 'Dmaj', 'Dmaj', 'Gmaj', 'Gmaj', 'Dmaj', 'Dmaj', 'Dmaj', 'Dmaj', 'Dmaj', 'Dmaj', 'Gmaj', 'Gmaj', 'Amaj', 'Gmaj', 'Dmaj', 'Amaj', 'Dmaj', 'Gmaj', 'Gmaj', 'Amaj', 'Dmaj', 'Gmaj', 'Amaj', 'Dmaj', 'Amaj', 'Gmaj', 'Dmaj', 'Amaj', 'Dmaj', 'Gmaj', 'Gmaj', 'Amaj', 'Dmaj', 'Gmaj', 'Amaj', 'Dmaj', 'Bmaj', 'Amaj', 'Emaj', 'Bmaj', 'Emaj', 'Amaj', 'Amaj', 'Bmaj', 'Emaj', 'Amaj', 'Bmaj', 'Emaj', 'Amaj', 'Bmaj', 'Emaj', 'Dmaj', 'Dmaj', 'Dmaj', 'Dmaj', 'Dmaj', 'Dmaj', 'Gmaj', 'Gmaj', 'Dmaj', 'Dmaj', 'Dmaj', 'Dmaj', 'Dmaj', 'Dmaj', 'Gmaj', 'Gmaj', 'Amaj', 'Gmaj', 'Dmaj', 'Amaj', 'Dmaj', 'Gmaj', 'Gmaj', 'Amaj', 'Dmaj', 'Gmaj', 'Amaj', 'Dmaj', 'Amaj', 'Amaj', 'Bmaj', 'Emaj', 'Amaj', 'Bmaj', 'Emaj', 'Bmaj', 'Amaj', 'Emaj', 'Bmaj', 'Emaj', 'Amaj', 'Amaj', 'Bmaj', 'Emaj', 'Amaj', 'Bmaj', 'Emaj', 'Bmaj', 'Amaj', 'Emaj', 'Bmaj', 'Amaj', 'Emaj', 'Bmaj', 'Amaj', 'Emaj', 'Bmaj', 'Amaj', 'Emaj', 'Bmaj', 'Amaj', 'Emaj', 'Bmaj', 'Amaj', 'Emaj', 'Bmaj', 'Amaj', 'Emaj', 'Bmaj', 'Amaj', 'Emaj', 'Bmaj', 'Amaj', 'Emaj', 'Bmaj', 'Amaj', 'Emaj']"
0691,"['Baug', 'F#min7', 'B7', 'F#min7', 'B7', 'E', 'B', 'E', 'C#7', 'F#min7', 'B7', 'F#min7', 'B7', 'E', 'B', 'Emaj7', 'G#min', 'C#min', 'G#min', 'C#min', 'G#min', 'Amaj', 'Bmaj', 'Bmaj', 'F#min7', 'B7', 'F#min7', 'B7', 'E', 'B', 'E', 'C#7', 'F#min7', 'B7', 'F#min7', 'B7', 'E', 'B', 'Emaj7', 'G#min', 'C#min', 'G#min', 'C#min', 'G#min', 'Amaj', 'B7', 'Bmaj', 'F#min7', 'B7', 'F#min7', 'B7', 'E', 'B', 'E', 'C#7', 'F#min7', 'B7', 'F#min7', 'B7', 'E', 'B', 'E', 'C#7', 'F#min7', 'B7', 'F#min7', 'B7', 'E', 'B', 'E', 'C#7', 'F#min7', 'B7', 'F#min7', 'B7', 'E', 'B', 'E', 'C#7', 'F#min7', 'B7', 'F#min7', 'B7', 'E', 'B', 'E', 'C#7', 'F#min7', 'B7', 'Emaj7']"
0692,"['Amin', 'Amin', 'Amin', 'Amin', 'E7', 'Amin', 'Amin', 'F', 'E7', 'Amin', 'E7', 'Amin', 'Amin', 'Amin', 'Amin', 'E7', 'Amin', 'Amin', 'F', 'E7', 'Amin9', 'Amin', 'Amin', 'Amin', 'Amin', 'E7', 'Amin', 'Amin', 'F', 'E7', 'Amin9', 'Amin', 'Amin', 'Amin', 'Amin', 'E7', 'Amin', 'Amin', 'F', 'E7', 'Amin9', 'Amin', 'Amin', 'Amin', 'Amin', 'E7', 'Amin', 'Amin', 'F', 'E7', 'Amin9', 'Amin', 'Amin', 'Amin', 'Amin', 'E7', 'Amin', 'Amin', 'F', 'E7', 'Amin9', 'Amin', 'Amin', 'Amin', 'Amin', 'E7', 'Amin', 'Amin', 'F', 'E7', 'Amin9', 'Amin', 'Amin', 'Amin', 'Amin', 'E7', 'Amin', 'Amin', 'F', 'E7', 'Amin', 'Amin', 'Amin', 'Amin', 'Amin', 'E7', 'Amin', 'Amin', 'F', 'E7', 'Amin9', 'Amin', 'Amin', 'Amin', 'Amin', 'E7', 'Amin', 'Amin', 'F', 'E7', 'Amin9', 'Amin', 'Amin', 'Amin', 'Amin', 'E7', 'Amin', 'Amin', 'F', 'E7', 'Amin9']"
0695,"['Dmaj', 'Amaj', 'Dmaj', 'Amaj', 'Amaj', 'Emaj', 'Dmaj', 'Emaj', 'Dmaj', 'Amaj', 'Dmaj', 'Amaj', 'Dmaj', 'Amaj', 'Amaj', 'Emaj', 'Dmaj', 'Emaj', 'Dmaj', 'Amaj', 'Dmaj', 'Amaj', 'Dmaj', 'Amaj', 'Amaj', 'Emaj', 'Dmaj', 'Emaj', 'Dmaj', 'Amaj', 'Dmaj', 'Amaj', 'Dmaj', 'Amaj', 'Amaj', 'Emaj', 'Dmaj', 'Emaj', 'Dmaj', 'Amaj', 'Emaj', 'Emaj', 'F#min', 'F#min', 'Emaj', 'Emaj', 'F#min', 'F#min', 'Dmaj', 'Dmaj', 'Dmaj', 'Amaj', 'Dmaj', 'Amaj', 'Amaj', 'Emaj', 'Dmaj', 'Emaj', 'Dmaj', 'Amaj', 'Dmaj', 'Amaj', 'Dmaj', 'Amaj', 'Amaj', 'Emaj', 'Dmaj', 'Emaj', 'Dmaj', 'Amaj', 'Dmaj', 'Amaj', 'Dmaj', 'Amaj', 'Amaj', 'Emaj', 'Dmaj', 'Emaj', 'Dmaj', 'Amaj', 'Dmaj', 'Amaj', 'Dmaj', 'Amaj', 'Amaj', 'Emaj', 'Dmaj', 'Emaj', 'Dmaj', 'Amaj', 'Emaj', 'Emaj', 'F#min', 'F#min', 'Emaj', 'Emaj', 'F#min', 'F#min', 'Dmaj', 'Dmaj', 'Dmaj', 'Emaj', 'Dmaj', 'Emaj', 'Dmaj', 'Emaj', 'Dmaj', 'Emaj', 'Dmaj', 'Amaj', 'Dmaj', 'Amaj', 'Amaj', 'Emaj', 'Dmaj', 'Emaj', 'Dmaj', 'Amaj', 'Dmaj', 'Amaj', 'Dmaj', 'Amaj', 'Amaj', 'Emaj', 'Dmaj', 'Emaj', 'Dmaj', 'Amaj', 'Dmaj', 'Amaj', 'Dmaj', 'Amaj', 'Amaj', 'Emaj', 'Dmaj', 'Emaj', 'Dmaj', 'Amaj', 'Dmaj', 'Amaj', 'Dmaj', 'Amaj', 'Amaj', 'Emaj', 'Dmaj', 'Emaj', 'Dmaj', 'Amaj', 'Emaj', 'Emaj', 'F#min', 'F#min', 'Emaj', 'Emaj', 'F#min', 'F#min', 'Dmaj', 'Dmaj', 'Dmaj', 'Emaj', 'Dmaj', 'Emaj', 'Dmaj', 'Emaj', 'Dmaj', 'Emaj', 'Dmaj', 'Amaj', 'Dmaj', 'Amaj', 'Amaj', 'Emaj', 'Dmaj', 'Emaj', 'Dmaj', 'Amaj', 'Dmaj', 'Amaj', 'Dmaj', 'Amaj', 'Amaj', 'Emaj', 'Dmaj', 'Emaj', 'Dmaj', 'Amaj', 'Dmaj', 'Amaj', 'Dmaj', 'Amaj', 'Amaj', 'Emaj', 'Dmaj', 'Emaj', 'Dmaj', 'Amaj', 'Dmaj', 'Amaj', 'Dmaj', 'Amaj', 'Amaj', 'Emaj', 'Dmaj', 'Emaj', 'Dmaj', 'Amaj', 'Dmaj', 'Amaj', 'Dmaj', 'Amaj', 'Amaj', 'Emaj', 'Dmaj', 'Emaj', 'Dmaj', 'Amaj', 'Dmaj', 'Amaj', 'Dmaj', 'Amaj', 'Amaj', 'Amaj', 'Amaj', 'Amaj']"
0696,"['Cmin9', 'F', 'Bbmaj', 'Ebmaj', 'Bbmaj', 'F7', 'F7', 'Bbmaj', 'G7', 'C7', 'C7', 'Cmin', 'F7', 'Bbmaj', 'F7', 'Bbmaj', 'G7', 'C7', 'C7', 'Cmin7', 'F7', 'Bbmaj', 'Ebmaj', 'Bbmaj', 'Bbmaj', 'G7', 'C7', 'C7', 'Cmin7', 'F7', 'Bbmaj', 'F7', 'Bbmaj', 'G7', 'C7', 'C7', 'Cmin7', 'F7', 'Bbmaj', 'Ebmaj', 'Bbmaj', 'F7', 'F7', 'Bbmaj', 'G7', 'C7', 'C', 'Cmin7', 'F7', 'Bbmaj', 'F', 'Bbmaj', 'G7', 'C7', 'C', 'Cmin7', 'F7', 'Bbmaj', 'Ebmaj', 'Bbmaj', 'Bbmaj', 'G7', 'C7', 'C7', 'Cmin7', 'F', 'Bbmaj', 'F', 'Bbmaj', 'G7', 'C7', 'C7', 'Cmin7', 'F7', 'Bbmaj', 'Ebmaj', 'Bbmaj']"
0698,"['Dmaj', 'Dmaj', 'F#min', 'Gmaj', 'Dsus2', 'Dmaj', 'Dmaj', 'Dmaj', 'F#min', 'Asus4', 'Dmaj', 'Dmaj', 'Bmin', 'Gmaj', 'Dmaj', 'Dmaj', 'Bmin', 'Gmaj', 'Dmaj', 'Dmaj', 'Bmin', 'Gmaj', 'Dmaj', 'Bmin', 'Emin', 'Asus4', 'Dmaj', 'Dmaj', 'Bmin', 'Gmaj', 'Dsus2', 'Dmaj', 'Dmaj', 'Bmin', 'Gmaj', 'Dmaj', 'Dmaj', 'Bmin', 'Gmaj', 'Dsus2', 'Dmaj', 'Bmin', 'Emin', 'Asus4', 'Dmaj', 'Dmaj', 'Bmin', 'Gmaj', 'Dmaj', 'Dmaj', 'Bmin', 'Gmaj', 'Dsus2', 'Dmaj', 'Dmaj', 'Bmin', 'Gmaj', 'Dmaj', 'Dmaj', 'Bmin', 'Gmaj', 'Dsus2', 'Dmaj', 'Bmin', 'Emin', 'Asus4', 'Dmaj', 'Dmaj', 'Bmin', 'Gmaj', 'Dsus2', 'Dmaj', 'Dmaj', 'Bmin', 'Gmaj', 'Dmaj', 'Dmaj', 'Bmin', 'Gmaj', 'Dsus2', 'Dmaj', 'Bmin', 'Emin', 'Asus4', 'Dmaj', 'Dmaj', 'Bmin', 'Gmaj', 'Dmaj', 'Dmaj', 'Bmin', 'Gmaj', 'Dmaj', 'Dmaj', 'Bmin', 'Gmaj', 'Dsus2', 'Dmaj', 'Dmaj', 'Bmin', 'Gmaj', 'Dmaj', 'Dmaj', 'Bmin', 'Gmaj', 'Dsus2', 'Dmaj', 'Bmin', 'Emin', 'Asus4', 'Dmaj', 'Dmaj', 'Bmin', 'Gmaj', 'Dsus2', 'Dmaj', 'Dmaj', 'Bmin', 'Gmaj', 'Dmaj', 'Dmaj', 'Bmin', 'Gmaj', 'Dsus2', 'Dmaj', 'Bmin', 'Emin', 'Asus4', 'Dmaj', 'Dmaj', 'Bmin', 'Gmaj', 'Dmaj', 'Eb', 'Ebmaj', 'Cmin', 'Abmaj', 'Ebmaj', 'Ebmaj', 'Cmin', 'Abmaj', 'Ebmaj', 'Ebmaj', 'Cmin', 'Abmaj', 'Ebmaj', 'Ebmaj', 'Cmin', 'Abmaj', 'Ebmaj', 'Cmin', 'Fmin', 'Bbsus4', 'Ebmaj', 'Ebmaj', 'Cmin', 'Abmaj', 'Ebmaj', 'Ebmaj', 'Cmin', 'Abmaj', 'Ebmaj', 'Ebmaj', 'Cmin', 'Abmaj', 'Ebmaj', 'Cmin', 'Fmin', 'Bbsus4', 'Ebmaj', 'Ebmaj', 'Cmin', 'Abmaj', 'Ebmaj', 'Ebmaj', 'Cmin', 'Abmaj', 'Ebmaj', 'Ebmaj', 'Cmin', 'Abmaj', 'Ebmaj', 'Cmin', 'Fmin', 'Bbsus4', 'Ebmaj', 'Ebmaj']"
0699,"['Dmaj', 'Dmaj', 'Amaj', 'Amaj', 'Dmaj', 'Dmaj', 'Amaj', 'Amaj', 'Emaj', 'Emaj', 'Dmaj', 'Dmaj', 'Amaj', 'Amaj', 'Bmaj', 'Bmaj', 'Emaj', 'Gmaj', 'Amaj', 'Emaj', 'Gmaj', 'Amaj', 'Emaj', 'Gmaj', 'Amaj', 'Bmaj', 'Bmaj', 'Dmaj', 'Dmaj', 'Amaj', 'Amaj', 'Dmaj', 'Dmaj', 'Amaj', 'Amaj', 'Emaj', 'Emaj', 'Dmaj', 'Dmaj', 'Amaj', 'Amaj', 'Bmaj', 'Bmaj', 'Emaj', 'Gmaj', 'Amaj', 'Emaj', 'Gmaj', 'Amaj', 'Emaj', 'Gmaj', 'Amaj', 'Bmaj', 'Bmaj', 'Emaj', 'Gmaj', 'Amaj', 'Emaj', 'Gmaj', 'Amaj', 'Emaj', 'Gmaj', 'Amaj', 'Bmaj', 'Bmaj', 'Dmaj', 'Dmaj', 'Amaj', 'Amaj', 'Dmaj', 'Dmaj', 'Amaj', 'Amaj', 'Emaj', 'Emaj', 'Dmaj', 'Dmaj', 'Amaj', 'Amaj', 'Bmaj', 'Bmaj', 'Emaj', 'Gmaj', 'Amaj', 'Emaj', 'Gmaj', 'Amaj', 'Emaj', 'Gmaj', 'Amaj', 'Bmaj', 'Bmaj', 'Emaj', 'Gmaj', 'Amaj', 'Emaj', 'Gmaj', 'Amaj', 'Emaj', 'Gmaj', 'Amaj', 'Bmaj', 'Bmaj', 'Emaj', 'Gmaj', 'Amaj', 'Emaj', 'Gmaj', 'Amaj', 'Emaj', 'Gmaj', 'Amaj', 'Bmaj', 'Bmaj', 'Emaj', 'Gmaj', 'Amaj', 'Emaj', 'Gmaj', 'Amaj', 'Emaj', 'Gmaj', 'Amaj', 'Bmaj', 'Bmaj', 'Emaj', 'Gmaj', 'Amaj', 'Emaj', 'Gmaj', 'Amaj', 'Emaj', 'Gmaj', 'Amaj', 'Bmaj', 'Bmaj']"
0700,"['G', 'Dmin9', 'G', 'Eb', 'Bsus4', 'Bb', 'Ab', 'Fmaj9', 'G', 'F#sus4', 'Fmaj', 'Gmaj', 'Fmaj', 'Gmaj', 'Fmaj', 'Gmaj', 'Ebmaj', 'Ebmaj', 'Ebmaj7', 'Ebmaj7', 'Ebmaj7', 'Gmaj7', 'C', 'Gmaj7', 'C', 'Gmaj7', 'C', 'Gmaj7', 'C', 'Dmaj', 'Emin7', 'F', 'Emin7', 'Gmaj', 'Fmaj', 'Bbmaj7', 'Eb', 'Bbmaj7', 'Eb', 'Bbmaj7', 'Eb', 'Eb', 'Eb', 'Dmaj', 'Emin7', 'F', 'Emin7', 'Gmaj7', 'C', 'Gmaj7', 'C', 'Gmaj7', 'C', 'Gmaj7', 'C', 'Gmaj', 'Fmaj', 'Bbmaj7', 'Eb', 'Bbmaj7', 'Eb', 'Bbmaj7', 'Eb', 'Eb', 'Eb', 'Dmaj', 'Emin7', 'F', 'Emin7', 'Gmaj7', 'C', 'Gmaj7', 'C', 'Gmaj7', 'C', 'Gmaj7', 'C', 'Gmaj', 'Fmaj', 'Bbmaj7', 'Eb', 'Bbmaj7', 'Eb', 'Bbmaj7', 'Eb', 'Eb', 'Eb', 'Dmaj', 'Emin7', 'F', 'Emin7', 'Gmaj7', 'C', 'Gmaj7', 'C', 'Gmaj7', 'C', 'Gmaj7', 'C', 'Dmaj', 'Emin7', 'F', 'Emin7', 'Gmaj7', 'C', 'Gmaj7', 'C', 'Gmaj7', 'C', 'Gmaj7', 'C', 'Fmaj', 'Bbmaj7', 'Ebmaj7', 'Fmaj', 'Gmaj7']"
0701,"['Bmin', 'Bmin', 'Bmin', 'Bmin', 'Bmin', 'Bmin', 'Emaj', 'Dmaj', 'Bmin', 'Bmin', 'Dmaj', 'Emaj', 'Bmin7', 'Bmin7', 'Bmin', 'Bmin', 'B5', 'B5', 'A5', 'E5', 'B5', 'B5', 'A5', 'E5', 'B5', 'B5', 'A5', 'A5', 'B5', 'B5', 'Amaj', 'Emaj', 'Bmin', 'Bmin', 'Emaj', 'Dmaj', 'Bmin', 'Bmin', 'Emaj', 'Dmaj', 'Bmin', 'Bmin', 'Bmin', 'Bmin', 'Amaj', 'Emaj', 'Bmin', 'Bmin', 'Amaj', 'Emaj', 'Bmin', 'Bmin', 'Amaj', 'Amaj', 'Bmin', 'Bmin', 'Amaj', 'Emaj', 'Bmin', 'Bmin', 'Emaj', 'Dmaj', 'Bmin', 'Bmin', 'Emaj', 'Dmaj', 'Bmin', 'Bmin', 'Bmin', 'Bmin', 'Bmin', 'Bmin', 'Emaj', 'Dmaj', 'Bmin', 'Bmin', 'Dmaj', 'Emaj', 'Bmin', 'Bmin', 'Bmin', 'Bmin', 'Bmin', 'Bmin', 'Dmaj', 'Emaj', 'Bmin9', 'Bmin9', 'Amaj', 'Emaj', 'Bmin', 'Bmin', 'Bmin', 'Bmin', 'Amaj', 'Emaj', 'Bmin', 'Bmin', 'Amaj', 'Emaj', 'Bmin', 'Bmin', 'Amaj', 'Amaj', 'Bmin', 'Bmin', 'Amaj', 'Emaj', 'Bmin', 'Bmin', 'Emaj', 'Dmaj', 'Bmin', 'Bmin', 'Emaj', 'Dmaj', 'Bmin', 'Bmin', 'Bmin', 'Bmin', 'Bmin', 'Bmin', 'Bmin', 'Bmin', 'Bmin', 'Bmin', 'Bmin', 'Bmin', 'Bmin', 'Bmin', 'Bmin', 'Bmin', 'Bmin', 'Bmin', 'Emaj', 'Dmaj', 'Bmin', 'Bmin', 'Dmaj', 'Emaj', 'Bmin', 'Bmin', 'Emaj', 'Dmaj', 'Bmin', 'Bmin', 'Emaj', 'Dmaj', 'Bmin', 'Bmin', 'Emaj', 'Dmaj']"
0705,"['Fmaj', 'Cmaj', 'Amin7', 'Fmaj7', 'G7', 'Fmaj7', 'Cmaj', 'Cmaj', 'Gmaj', 'Fmaj', 'Cmaj', 'Amin7', 'Fmaj7', 'G7', 'Fmaj7', 'Cmaj', 'Cmaj', 'Gmaj', 'Dmin', 'Amaj', 'Amaj', 'Dmin9', 'Emin7', 'Dmin9', 'Emin7', 'Csus4', 'C7', 'Fmaj9', 'D', 'C7', 'Csus4', 'Fmaj9', 'D', 'C7', 'Csus4', 'Dsus4', 'D7', 'Gsus4', 'G7', 'Fmaj', 'Cmaj', 'Amin7', 'Fmaj7', 'G7', 'Fmaj7', 'Cmaj', 'Cmaj', 'Gmaj', 'Fmaj', 'Cmaj', 'Amin7', 'Fmaj7', 'G7', 'Fmaj7', 'Cmaj', 'Cmaj', 'Gmaj', 'Dmin', 'Amaj', 'Amaj', 'Dmin9', 'Emin7', 'Dmin9', 'Emin7', 'Csus4', 'C7', 'Fmaj9', 'D', 'C7', 'Csus4', 'Fmaj9', 'D', 'C7', 'Csus4', 'Dsus4', 'D7', 'Gsus4', 'G7', 'Fmaj', 'Cmaj', 'Amin7', 'Fmaj7', 'G7', 'Fmaj7', 'Cmaj', 'Cmaj', 'Gmaj', 'Fmaj', 'Cmaj', 'Amin7', 'Fmaj7', 'G7', 'Fmaj7', 'Cmaj', 'Cmaj', 'Gmaj', 'Dmin', 'Amaj', 'Amaj', 'Dmin9', 'Emin7', 'Dmin9', 'Emin7', 'Csus4', 'C7', 'Fmaj9', 'D', 'C7', 'Csus4', 'Fmaj9', 'D', 'C7', 'Csus4', 'Dsus4', 'D7', 'Gsus4', 'G7', 'Fmaj', 'Cmaj', 'Amin7', 'Fmaj7', 'G7', 'Fmaj7', 'Cmaj', 'Cmaj', 'Gmaj', 'Fmaj', 'Cmaj', 'Amin7', 'Fmaj7', 'G7', 'Fmaj7', 'Cmaj', 'Cmaj', 'Gmaj', 'Fmaj', 'Cmaj', 'Amin7', 'Fmaj7', 'G7', 'Fmaj7', 'Cmaj', 'Cmaj', 'Gmaj', 'Fmaj', 'Cmaj', 'Amin7', 'Fmaj7', 'G7', 'Fmaj7', 'Cmaj', 'Cmaj', 'Gmaj', 'Fmaj', 'Cmaj', 'Amin7', 'Fmaj7', 'G7', 'Fmaj7', 'Cmaj', 'Cmaj', 'Gmaj', 'Fmaj', 'Cmaj', 'Amin7', 'Fmaj7', 'G7', 'Fmaj7', 'Cmaj', 'Cmaj', 'Gmaj']"
0706,"['C', 'F', 'C', 'F', 'Cmin', 'Fsus4', 'Cmin', 'Fsus4', 'Cmin', 'Fsus4', 'Cmin', 'Fsus4', 'Fmaj', 'Ebmaj', 'Bbsus4', 'Cmin7', 'Fmaj', 'Ebmaj', 'Bbsus4', 'Cmin7', 'C5', 'Fmaj', 'Gmaj', 'Gsus4', 'Gmaj', 'Gsus4', 'Gmaj', 'Gsus4', 'Gmaj', 'Dmaj', 'Gmaj', 'Dmaj', 'Gmaj', 'Dmaj', 'Gmaj', 'Dmaj', 'Cmaj', 'Bbmaj', 'Cmaj', 'Bbmaj', 'Cmaj', 'Bbmaj', 'Cmaj', 'Bbmaj', 'Cmaj', 'Bbmaj', 'Cmaj', 'Bbmaj', 'Cmaj', 'Bbmaj', 'Cmaj', 'Fmaj', 'Ebmaj', 'Bbsus4', 'Fmaj', 'Ebmaj', 'Bbsus4', 'Fmaj', 'Ebmaj', 'Bbsus4', 'Fmaj', 'Ebmaj', 'Bbsus4', 'Cmaj', 'Bbmaj', 'Cmaj', 'Bbmaj', 'Cmaj', 'Bbmaj', 'Cmaj', 'Cmin', 'Fsus4', 'Cmin', 'Fsus4', 'Cmin', 'Fsus4', 'Cmin', 'Fsus4', 'Fmaj', 'Ebmaj', 'Bbsus4', 'Cmin7', 'Fmaj', 'Ebmaj', 'Bbsus4', 'Cmin7', 'C5', 'Fmaj', 'Gmaj', 'Gsus4', 'Gmaj', 'Gsus4', 'Gmaj', 'Gsus4', 'Gmaj', 'Dmaj', 'Gmaj', 'Dmaj', 'Gmaj', 'Dmaj', 'Gmaj', 'Dmaj', 'Cmaj', 'Bbmaj', 'Cmaj', 'Bbmaj', 'Cmaj', 'Bbmaj', 'Cmaj', 'Bbmaj', 'Cmaj', 'Bbmaj', 'Cmaj', 'Bbmaj', 'Cmaj', 'Bbmaj', 'Cmaj', 'Fmaj', 'Ebmaj', 'Bbsus4', 'Fmaj', 'Ebmaj', 'Bbsus4', 'Fmaj', 'Ebmaj', 'Bbsus4', 'Fmaj', 'Ebmaj', 'Bbsus4', 'Cmaj', 'Bbmaj', 'Cmaj', 'Bbmaj', 'Cmaj', 'Bbmaj', 'Cmaj', 'Cmin', 'Fsus4', 'Cmin', 'Fsus4', 'Cmin', 'Fsus4', 'Cmin', 'Fsus4', 'Fmaj', 'Ebmaj', 'Bbsus4', 'Cmin7', 'Fmaj', 'Ebmaj', 'Bbsus4', 'Cmin7', 'C5', 'C7', 'Bbmaj', 'C7', 'Bbmaj', 'C7', 'Bbmaj', 'C7', 'Bbmaj', 'C7', 'Bbmaj', 'C7', 'Bbmaj', 'C7', 'Bbmaj', 'C7', 'Bbmaj', 'C7', 'Bbmaj', 'C7', 'Bbmaj', 'C7', 'Bbmaj', 'C7', 'Bbmaj', 'Fmaj', 'C7', 'Bbmaj', 'Fmaj', 'C7', 'Bbmaj', 'Fmaj', 'C7', 'Bbmaj', 'Fmaj', 'C7', 'Bbmaj', 'Fmaj', 'C7', 'Bbmaj', 'Fmaj', 'C7', 'Bbmaj', 'Fmaj', 'C7', 'Bbmaj', 'Fmaj', 'C7', 'Bbmaj', 'Fmaj', 'C7', 'Bbmaj', 'Fmaj', 'C7', 'Bbmaj', 'Fmaj', 'C7', 'Bbmaj', 'Fmaj', 'C7', 'Bbmaj', 'Fmaj']"
0707,"['Dbaug', 'Gbmaj', 'Gbmaj', 'Dbmaj', 'Dbmaj', 'Abmaj', 'Abmaj', 'Gbmaj', 'Dbmaj', 'Gbmaj', 'Dbmaj', 'Gbmaj', 'Gbmaj', 'Dbmaj', 'Dbmaj', 'Abmaj', 'Abmaj', 'Gbmaj', 'Dbmaj', 'Gbmaj', 'Dbmaj', 'Gbmaj', 'Gbmaj', 'Dbmaj', 'Dbmaj', 'Ebmaj', 'Ebmaj', 'Abmaj', 'Eb7', 'Abmaj', 'Gbmaj', 'Gbmaj', 'Dbmaj', 'Dbmaj', 'Abmaj', 'Abmaj', 'Gbmaj', 'Dbmaj', 'Dbmaj', 'Dbmaj', 'Gbmaj', 'Gbmaj', 'Dbmaj', 'Dbmaj', 'Ebmaj', 'Ebmaj', 'Abmaj', 'Eb7', 'Abmaj', 'Gbmaj', 'Gbmaj', 'Dbmaj', 'Dbmaj', 'Abmaj', 'Abmaj', 'Gbmaj', 'Dbmaj', 'Gbmaj', 'Db']"
0708,"['Dmin7', 'Amin7', 'Gmin7', 'Csus4', 'Dmin7', 'Amin7', 'Gmin7', 'Csus4', 'Dmin7', 'Amin', 'Bbmaj9', 'Asus4', 'Amaj', 'Dmin7', 'Amin', 'Bbmaj9', 'Asus4', 'Amaj', 'Bbmaj', 'Cmaj', 'A7', 'Dmin7', 'Bbmaj', 'Cmaj', 'Eb7', 'Dmin7', 'Gmin7', 'Dmin7', 'Amin7', 'Gmin7', 'Csus4', 'C#', 'Dmin7', 'Amin7', 'Gmin7', 'Csus4', 'Dmin7', 'Amin', 'Bbmaj9', 'Asus4', 'Amaj', 'Dmin7', 'Amin', 'Bbmaj9', 'Asus4', 'Amaj', 'Bbmaj', 'Cmaj', 'A7', 'Dmin7', 'Bbmaj', 'Cmaj', 'Eb7', 'Dmin7', 'Gmin7', 'Dmin7', 'Amin7', 'Gmin7', 'Csus4', 'C#', 'Dmin7', 'Amin7', 'Gmin7', 'Csus4', 'Dmin7', 'Amin7', 'Gmin7', 'Csus4', 'C#', 'Dmin7', 'Amin7', 'Gmin7', 'Csus4', 'Gmin7', 'Cmaj', 'Dmin9', 'Fmaj', 'Bbmaj', 'C#dim', 'Dmin7', 'Amin7', 'Gmin7', 'Csus4', 'C#', 'Dmin7', 'Amin7', 'Gmin7', 'Csus4', 'Dmin7', 'Amin7', 'Gmin7', 'Csus4', 'C#', 'Dmin7', 'Amin7', 'Gmin7', 'Csus4', 'Dmin7', 'Amin7', 'Gmin7', 'Csus4', 'C#', 'Dmin7', 'Amin7']"
0709,"['Dmaj9', 'Fmaj', 'Amin7', 'Csus4', 'Gmin7', 'Asus4', 'Dmaj9', 'Fmaj', 'Amin7', 'Csus4', 'Gmin7', 'Asus4', 'Dmaj7', 'F#min7', 'Gmaj7', 'Csus4', 'Dmaj7', 'F#min7', 'Gmaj7', 'Csus4', 'C#', 'F#7', 'Bmin7', 'E7', 'Amin', 'D7', 'Gmaj7', 'C', 'C#', 'F#7', 'Bmin7', 'E7', 'Asus4', 'Asus4', 'Bmin7', 'Bmin7', 'Gmaj7', 'Emin7', 'F#aug', 'Bmin7', 'Bmin7', 'Gmaj7', 'Emin7', 'Asus4', 'Dmaj9', 'Fmaj', 'Amin7', 'Csus4', 'Gmin7', 'Asus4', 'Dmaj7', 'F#min7', 'Gmaj7', 'Csus4', 'Dmaj7', 'F#min7', 'Gmaj7', 'Csus4', 'C#', 'F#7', 'Bmin7', 'E7', 'Amin', 'D7', 'Gmaj7', 'C', 'C#', 'F#7', 'Bmin7', 'E7', 'Asus4', 'Asus4', 'Bmin7', 'Bmin7', 'Gmaj7', 'Emin7', 'F#aug', 'Bmin7', 'Bmin7', 'Gmaj7', 'Emin7', 'F#aug', 'Bmin7', 'Bmin7', 'Gmaj7', 'Emin7', 'Asus4', 'Dmaj9', 'Fmaj', 'Amin7', 'Csus4', 'Gmin7', 'Asus4', 'Dmaj9', 'Fmaj', 'Amin7', 'Csus4', 'Gmin7', 'Asus4', 'C#', 'F#7', 'Bmin7', 'E7', 'Amin', 'D7', 'Gmaj7', 'C', 'C#', 'F#7', 'Bmin7', 'E7', 'Asus4', 'Asus4', 'Bmin7', 'Bmin7', 'Gmaj7', 'Emin7', 'F#aug', 'Bmin7', 'Bmin7', 'Gmaj7', 'Emin7', 'F#aug', 'Bmin7', 'Bmin7', 'Gmaj7', 'Emin7', 'F#aug', 'Bmin7', 'Bmin7', 'Gmaj7', 'Emin7', 'F#aug', 'Bmin7', 'Bmin7', 'Gmaj7', 'Emin7', 'F#aug', 'Bmin7', 'Bmin7', 'Gmaj7', 'Emin7', 'F#aug', 'Bmin7', 'Bmin7', 'Gmaj7', 'Emin7', 'F#aug', 'Bmin7', 'Bmin7', 'Gmaj7', 'Emin7', 'F#aug', 'Bmin7', 'Bmin7', 'Gmaj7', 'Emin7', 'F#aug', 'Bmin7', 'Bmin7', 'Gmaj7', 'Emin7', 'F#aug']"
0711,"['Gmaj', 'Gsus4', 'Gmaj', 'Gsus4', 'Gmaj', 'D7', 'Emin', 'Emin', 'Dmaj', 'Cmaj', 'Cmaj', 'Gmaj', 'Gmaj', 'Cmaj', 'Cmaj', 'Gmaj', 'Gmaj', 'Emin', 'A7', 'D7', 'D7', 'Gmaj', 'Cmaj', 'Gmaj', 'Gmaj', 'Emin', 'A7', 'D7', 'D7', 'Gmaj', 'Cmaj', 'Gmaj', 'Emin', 'Cmaj', 'Gmaj', 'D7', 'Gmaj', 'Gmaj', 'Cmaj', 'C#dim', 'Dmaj', 'D7', 'Gmaj', 'Gsus4', 'Gmaj', 'Gsus4', 'Gmaj', 'D7', 'Emin', 'Emin', 'Dmaj', 'Cmaj', 'Cmaj', 'Gmaj', 'Gmaj', 'Cmaj', 'Cmaj', 'Gmaj', 'Gmaj', 'Emin', 'A7', 'D7', 'D7', 'Gmaj', 'Cmaj', 'Gmaj', 'Gmaj', 'Emin', 'A7', 'D7', 'D7', 'Gmaj', 'Cmaj', 'Gmaj', 'Emin', 'Cmaj', 'Gmaj', 'D7', 'Gmaj', 'Dsus4', 'Amaj', 'Dsus4', 'Amaj', 'Dmaj', 'Amaj', 'Amaj', 'F#min', 'B7', 'E7', 'E7', 'Amaj', 'Dmaj', 'Amaj', 'F#min', 'Dmaj', 'Amaj', 'E7', 'Amaj', 'Esus4', 'Amaj', 'Dmaj', 'Amaj', 'Amaj', 'F#min', 'B7', 'E7', 'E7']"
0713,"['Amaj', 'Amaj', 'Amaj', 'Amaj', 'Amaj', 'Amaj', 'Amaj', 'E7', 'Amaj', 'Amaj', 'Amaj', 'Amaj', 'Amaj', 'Cmaj', 'Dmaj', 'Amaj', 'B7', 'D7', 'A7', 'B7', 'Dmaj', 'Dmaj', 'D7', 'B7', 'E7', 'A7', 'A7', 'Amaj', 'Amaj', 'Amaj', 'E7', 'Amaj', 'Amaj', 'Amaj', 'Amaj', 'Amaj', 'Cmaj', 'Dmaj', 'Amaj', 'B7', 'D7', 'A7', 'B7', 'Dmaj', 'Dmaj', 'D7', 'B7', 'E7', 'A7', 'A7', 'Amaj', 'Amaj', 'Amaj', 'E7', 'Amaj', 'Amaj', 'Amaj', 'Amaj', 'Amaj', 'Cmaj', 'Dmaj', 'Amaj', 'B7', 'D7', 'A7', 'B7', 'Dmaj', 'Dmaj', 'D7', 'B7', 'E7', 'A7', 'A7', 'B7', 'D7', 'A7', 'B7']"
0716,"['Cmin7', 'Bbmaj', 'Abmaj7', 'Gmin7', 'Fmin7', 'Cmin7', 'Bbmaj', 'Abmaj7', 'Gmin7', 'Fmin7', 'G7', 'Cmin7', 'Bbmaj', 'Abmaj7', 'Gmin7', 'Fmin7', 'Abmaj7', 'Gmin7', 'Fmin7', 'Fmaj', 'Fmin7', 'Fmin7', 'Cmin7', 'Bbmaj', 'Abmaj7', 'Gmin7', 'Fmin7', 'Cmin7', 'Bbmaj', 'Abmaj7', 'Gmin7', 'Fmin7', 'G7', 'Cmin7', 'Bbmaj', 'Abmaj7', 'Gmin7', 'Fmin7', 'Abmaj7', 'Gmin7', 'Fmin7', 'Fmaj', 'Fmin7', 'Fmin7', 'Cmin7', 'Bbmaj', 'Fmin7', 'Gmin7', 'Cmin7', 'Bbmaj', 'Fmin7', 'Gmin7', 'Cmin7', 'Bbmaj', 'Fmin7', 'Gmin7', 'Cmin7', 'Bbmaj', 'Fmin7', 'Gmin7', 'Ebmaj', 'Fmaj', 'Cmin7', 'Bbmaj', 'Fmin7', 'Gmin7', 'Cmin7', 'Bbmaj', 'Fmin7', 'Gmin7', 'Cmin7', 'Bbmaj', 'Fmin7', 'Gmin7', 'Abmaj7', 'Gmin7', 'Fmin7', 'Fmaj', 'Fmin7', 'Fmin7', 'Abmaj7', 'Gmin7', 'Fmin7', 'Fmaj', 'Fmin7', 'Fmin7', 'Cmin7', 'Bbmaj', 'Abmaj7', 'Gmin7', 'Fmin7', 'Cmin7', 'Bbmaj', 'Abmaj7', 'Gmin7', 'Fmin7', 'G7', 'Cmin7', 'Bbmaj', 'Abmaj7', 'Gmin7', 'Fmin7', 'Abmaj7', 'Gmin7', 'Fmin7', 'Fmaj', 'Fmin7', 'Fmin7', 'Cmin7', 'Bbmaj', 'Fmin7', 'Gmin7', 'Cmin7', 'Bbmaj', 'Fmin7', 'Gmin7', 'Cmin7', 'Bbmaj', 'Fmin7', 'Gmin7', 'Cmin7', 'Bbmaj', 'Fmin7', 'Gmin7', 'Ebmaj', 'Fmaj', 'Cmin7', 'Bbmaj', 'Fmin7', 'Gmin7', 'Cmin7', 'Bbmaj', 'Fmin7', 'Gmin7', 'Cmin7', 'Bbmaj', 'Fmin7', 'Gmin7', 'Abmaj7', 'Gmin7', 'Fmin7', 'Fmaj', 'Fmin7', 'Cmin7', 'Bbmaj', 'Abmaj7', 'Gmin7', 'Fmin7', 'Cmin7', 'Bbmaj', 'Abmaj7', 'Gmin7', 'Fmin7', 'G7', 'Cmin7', 'Bbmaj', 'Abmaj7', 'Gmin7', 'Fmin7', 'Abmaj7', 'Gmin7', 'Fmin7', 'Fmaj', 'Fmin7', 'Fmin7', 'Abmaj7', 'Bbmaj', 'Ab', 'Cmin7', 'Abmaj7', 'Bbmaj', 'Ab', 'Cmin7', 'Abmaj7', 'Bbmaj', 'Ab', 'Cmin7', 'Fmin7', 'Bbmaj', 'Cmin7', 'Bbmaj', 'Abmaj7', 'Gmin7', 'Fmin7', 'Cmin7', 'Bbmaj', 'Abmaj7', 'Gmin7', 'Fmin7', 'G7', 'Cmin7', 'Bbmaj', 'Abmaj7', 'Gmin7', 'Fmin7', 'Cmin7', 'Bbmaj', 'Abmaj7', 'Gmin7', 'Fmin7', 'G7', 'Cmin7', 'Bbmaj', 'Fmin7', 'Gmin7', 'Cmin7', 'Bbmaj', 'Fmin7', 'Gmin7', 'Cmin7', 'Bbmaj', 'Fmin7', 'Gmin7', 'Cmin7', 'Bbmaj', 'Fmin7', 'Gmin7', 'Ebmaj', 'Fmaj', 'Cmin7', 'Bbmaj', 'Fmin7', 'Gmin7', 'Cmin7', 'Bbmaj', 'Fmin7', 'Gmin7', 'Cmin7', 'Bbmaj', 'Fmin7', 'Gmin7', 'Cmin7', 'Bbmaj', 'Fmin7', 'Gmin7', 'Ebmaj', 'Fmaj', 'Cmin7', 'Bbmaj', 'Fmin7', 'Gmin7', 'Cmin7', 'Bbmaj', 'Fmin7', 'Gmin7', 'Cmin7', 'Bbmaj', 'Fmin7', 'Gmin7', 'Cmin7', 'Bbmaj', 'Fmin7', 'Gmin7', 'Ebmaj', 'Fmaj']"
0720,"['Emaj', 'F#min7', 'Amaj', 'Bsus4', 'Emaj', 'F#min7', 'Amaj', 'Bsus4', 'Emaj', 'F#min7', 'Amaj', 'Bsus4', 'Emaj', 'F#min7', 'Amaj', 'Bsus4', 'Emaj', 'F#min7', 'Amaj', 'Bsus4', 'Emaj', 'F#min7', 'Amaj', 'Bsus4', 'Emaj', 'F#min7', 'Amaj', 'Bsus4', 'Emaj', 'F#min7', 'Amaj', 'Bsus4', 'Emaj', 'F#min7', 'Amaj', 'Bsus4', 'Emaj', 'F#min7', 'Amaj', 'Bsus4', 'Amaj', 'Bmaj', 'Emaj', 'Amaj', 'Bmaj', 'Emaj', 'Amaj', 'Bmaj', 'Emaj', 'Amaj', 'Amaj', 'Bsus4', 'Emaj', 'F#min7', 'Amaj', 'Bsus4', 'Emaj', 'F#min7', 'Amaj', 'Bsus4', 'Emaj', 'F#min7', 'Amaj', 'Bsus4', 'Emaj', 'F#min7', 'Amaj', 'Bsus4', 'Emaj', 'F#min7', 'Amaj', 'Bsus4', 'Emaj', 'F#min7', 'Amaj', 'Bsus4', 'Emaj', 'F#min7', 'Amaj', 'Bsus4', 'Emaj', 'F#min7', 'Amaj', 'Bsus4', 'Emaj', 'F#min7', 'Amaj', 'Bsus4', 'Emaj', 'F#min7', 'Amaj', 'Bsus4', 'Amaj', 'Bmaj', 'Emaj', 'Amaj', 'Bmaj', 'Emaj', 'Amaj', 'Bmaj', 'Emaj', 'Amaj', 'Amaj', 'Bsus4', 'Emaj', 'F#min7', 'Amaj', 'Bsus4', 'Emaj', 'F#min7', 'Amaj', 'Bsus4', 'Emaj', 'F#min7', 'Amaj', 'Bsus4', 'Emaj', 'F#min7', 'Amaj', 'Bsus4', 'Emaj', 'F#min7', 'Amaj', 'Bsus4', 'Emaj', 'F#min7', 'Amaj', 'Bsus4', 'Amaj', 'Bmaj', 'Emaj', 'Amaj', 'Bmaj', 'Emaj', 'Amaj', 'Bmaj', 'Emaj', 'Amaj', 'Amaj', 'Bsus4', 'Emaj', 'Amaj', 'Bmaj', 'Emaj', 'Amaj', 'Bmaj', 'Emaj', 'Amaj', 'Bmaj', 'Emaj', 'Amaj', 'Amaj', 'Bsus4', 'Emaj', 'F#min7', 'Amaj', 'Bsus4', 'Emaj', 'F#min7', 'Amaj', 'Bsus4', 'Emaj', 'F#min7', 'Amaj', 'Bsus4', 'Emaj', 'F#min7', 'Amaj', 'Bsus4', 'Emaj', 'F#min7', 'Amaj', 'Bsus4', 'Emaj', 'F#min7', 'Amaj', 'Bsus4']"
0721,"['Bmaj', 'Bmaj', 'Emaj', 'Bmaj', 'Emaj', 'Bmaj', 'F#maj', 'F#maj', 'Emaj', 'Bmaj', 'Emaj', 'Bmaj', 'F#maj', 'F#maj', 'Emaj', 'Bmaj', 'Emaj', 'Bmaj', 'F#maj', 'F#maj', 'Emaj', 'Bmaj', 'Emaj', 'Bmaj', 'F#maj', 'F#maj', 'Fmaj', 'Cmaj', 'Fmaj', 'Cmaj', 'Fmaj', 'Cmaj', 'Gmaj', 'Fmaj', 'Cmaj', 'Fmaj', 'Cmaj', 'Fmaj', 'Cmaj', 'Gmaj', 'Emaj', 'Bmaj', 'Emaj', 'Bmaj', 'F#maj', 'F#maj', 'Emaj', 'Bmaj', 'Emaj', 'Bmaj', 'F#maj', 'F#maj', 'Fmaj', 'Cmaj', 'Fmaj', 'Cmaj', 'Fmaj', 'Cmaj', 'Gmaj', 'Fmaj', 'Cmaj', 'Fmaj', 'Cmaj', 'Fmaj', 'Cmaj', 'Gmaj', 'F#min', 'C#min', 'Amaj', 'Bmin', 'F#min', 'C#min', 'Amaj', 'Bmin', 'F#min', 'C#min', 'Amaj', 'Bmin', 'Amaj', 'Bmin', 'Cmaj', 'Gmaj', 'Cmaj', 'Gmaj', 'Cmaj', 'Gmaj', 'Gmaj', 'Dmaj', 'Cmaj', 'Gmaj', 'Cmaj', 'Gmaj', 'Cmaj', 'Gmaj', 'Gmaj', 'Dmaj', 'Emaj', 'Bmaj', 'Emaj', 'Bmaj', 'F#maj', 'F#maj', 'Emaj', 'Bmaj', 'Emaj', 'Bmaj', 'F#maj', 'F#maj', 'Fmaj', 'Cmaj', 'Fmaj', 'Cmaj', 'Fmaj', 'Cmaj', 'Gmaj', 'Fmaj', 'Cmaj', 'Fmaj', 'Cmaj', 'Fmaj', 'Cmaj', 'Gmaj', 'Fmaj', 'Cmaj', 'Fmaj', 'Cmaj', 'Fmaj', 'Cmaj', 'Gmaj', 'Fmaj', 'Cmaj', 'Fmaj', 'Cmaj', 'Fmaj', 'Cmaj', 'Gmaj', 'Emaj', 'Bmaj', 'Emaj', 'Bmaj', 'F#maj', 'F#maj', 'Emaj', 'Bmaj', 'Emaj', 'Bmaj', 'F#maj', 'F#maj', 'Emaj', 'Bmaj', 'Emaj', 'Bmaj', 'F#maj', 'F#maj', 'Emaj', 'Bmaj', 'Emaj', 'Bmaj', 'F#maj', 'F#maj', 'Emaj', 'Bmaj']"
0722,"['Ebmaj7', 'Gbdim', 'Fmin7', 'Bbsus4', 'Ebmaj7', 'F7', 'Gmin7', 'Cmin7', 'Fmin7', 'Emaj7', 'Ebmaj7', 'Fmin7', 'Emaj7', 'Ebmaj7', 'Gbdim', 'Fmin7', 'Bbsus4', 'Ebmaj7', 'F7', 'Gmin7', 'Cmin7', 'Fmin7', 'Emaj7', 'Ebmaj7', 'Bbmin7', 'Eb7', 'Abmaj7', 'Gsus4', 'C7', 'Fmin7', 'Bb7', 'Eb7', 'Abmaj7', 'Gsus4', 'G7', 'Cmin7', 'F7', 'Fmin7', 'Bb7', 'F#min7', 'B7', 'Emaj7', 'Gdim', 'F#min7', 'Bsus4', 'Emaj7', 'F#7', 'F#7', 'Emaj', 'F#min7', 'G#min7', 'F#min7', 'F#min7', 'B7', 'B7', 'Emaj9', 'Emaj9', 'Emaj9']"
0723,"['Amaj', 'Amaj', 'Amaj7', 'F#min', 'Bmin', 'Gmaj', 'Emaj', 'Amaj', 'Amaj7', 'F#min', 'Bmin', 'Gmaj', 'Emaj', 'Emaj', 'Amaj', 'Amaj7', 'F#min', 'Bmin', 'Gmaj', 'Emaj', 'Amaj', 'Amaj7', 'F#min', 'Bmin', 'Gmaj', 'Emaj', 'Amaj', 'Amaj', 'Amaj7', 'F#min', 'Bmin', 'Gmaj', 'Emaj', 'Amaj', 'Amaj7', 'F#min', 'Bmin', 'Gmaj', 'Emaj', 'Emaj', 'Amaj', 'Amaj7', 'F#min', 'Bmin', 'Gmaj', 'Emaj', 'Amaj', 'Amaj7', 'F#min', 'Bmin', 'Gmaj', 'Emaj', 'Amaj', 'Amaj', 'Amaj7', 'F#min', 'Bmin', 'Gmaj', 'Emaj', 'Amaj', 'Amaj7', 'F#min', 'Bmin', 'Gmaj', 'Emaj', 'Emaj', 'Amaj', 'Amaj7', 'F#min', 'Bmin', 'Gmaj', 'Emaj', 'Amaj', 'Amaj7', 'F#min', 'Bmin', 'Gmaj', 'Emaj', 'Amaj', 'Amaj', 'Amaj7', 'F#min', 'Dmaj', 'Amaj']"
0725,"['Abmaj', 'Gmin7', 'Bbsus4', 'Ab7', 'Eb', 'Eb', 'Fmin7', 'Bb7', 'Ebmaj', 'Eb', 'Ebmaj7', 'Eb', 'Fmin7', 'Bb7', 'Ebmaj', 'Eb', 'Ebmaj7', 'Ebmaj', 'Abmaj', 'Bb7', 'Ebmaj', 'Ebmaj', 'Abmaj', 'Fmin7', 'Bb7', 'Bbsus4', 'Ebmaj7', 'Ebmaj7', 'Bbmaj', 'Bb7', 'Bb7', 'Bb7', 'Ebmaj', 'Fmin7', 'Bb7', 'Ebmaj', 'Ebmaj9', 'Fmin7', 'Eb7', 'Abmaj9', 'Ab', 'Abmin', 'Abmin', 'Bb7', 'Fsus4', 'Bb7', 'Bb7', 'Ebmaj7', 'Bbsus4', 'Ebmaj', 'Ebmaj', 'Fmin7', 'Bb7', 'Ebmaj', 'Ebmaj7', 'Eb', 'Ebmaj', 'Fmin7', 'Bbsus4', 'Bb7', 'Ebmaj', 'Ebmaj7', 'Eb', 'Ebmaj', 'Abmaj', 'Bb7', 'Ebmaj', 'Ebmaj7', 'Eb', 'Ebmaj', 'Abmaj', 'Fmin7', 'Bb7', 'Bbsus4', 'Ebmaj7', 'Ebmaj7', 'Bbmaj', 'Bb7', 'Bb7', 'Bb7', 'Ebmaj', 'Fmin7', 'Bb7', 'Ebmaj', 'Ebmaj9', 'Fmin7', 'Eb7', 'Abmaj9', 'Ab', 'Abmin', 'Abmin', 'Bb7', 'Fsus4', 'Bb7', 'Bb7', 'Ebmaj7', 'Bbsus4', 'Ebmaj', 'Bbsus4', 'Ebmaj']"
0726,"['Abmaj', 'Ebmaj', 'Abmaj', 'Abmaj', 'Abmaj', 'Abmaj', 'Dbmaj', 'Dbmaj', 'Ebmaj', 'Ebmaj', 'Abmaj', 'Ebmaj', 'Abmaj', 'Abmaj', 'Dbmaj', 'Dbmaj', 'Ebmaj', 'Eb7', 'Abmaj', 'Abmaj', 'Bbmin', 'Cmin', 'Dbmaj', 'Dbmaj', 'Abmaj', 'Abmaj', 'Dbmaj', 'Dbmaj', 'Abmaj', 'Eb7', 'Abmaj', 'Abmaj', 'Dbmaj', 'Dbmaj', 'Eb7', 'Eb7', 'Abmaj', 'Abmaj', 'Abmaj', 'Abmaj', 'Dbmaj', 'Dbmaj', 'Ebmaj', 'Ebmaj', 'Abmaj', 'Dbmaj', 'Cmin', 'Bbmin', 'Abmaj']"
0727,"['Dmaj', 'Emaj', 'Gmaj', 'Dmaj', 'Dmaj', 'Emaj', 'Gmaj', 'Dmaj', 'Dmaj', 'Emaj', 'Gmaj', 'Dmaj', 'Bmin', 'Gmaj', 'Bmin', 'Emaj', 'Dmaj', 'Emaj', 'Gmaj', 'Dmaj', 'Dmaj', 'Emaj', 'Gmaj', 'Dmaj', 'Dmaj', 'Emaj', 'Gmaj', 'Dmaj', 'Bmin', 'Gmaj', 'Bmin', 'Emaj', 'Dmaj', 'Emaj', 'Gmaj', 'Dmaj', 'Amaj', 'Amaj', 'Bmin', 'Bmin', 'Emaj', 'Emaj', 'Gmaj', 'Amaj', 'Dmaj', 'Emaj', 'Gmaj', 'Dmaj', 'Dmaj', 'Emaj', 'Gmaj', 'Dmaj', 'Bmin', 'Gmaj', 'Bmin', 'Emaj', 'Dmaj', 'Emaj', 'Gmaj', 'Dmaj', 'Amaj', 'Amaj', 'Bmin', 'Bmin', 'Emaj', 'Emaj', 'Gmaj', 'Amaj', 'Dmaj', 'Emaj', 'Gmaj', 'Dmaj', 'Dmaj', 'Emaj', 'Gmaj', 'Dmaj', 'Bmin', 'Gmaj', 'Bmin', 'Emaj', 'Dmaj', 'Emaj', 'Gmaj', 'Dmaj', 'Gmaj', 'Dmaj', 'Gmaj', 'Dmaj', 'Dmaj', 'Emaj', 'Gmaj', 'Dmaj']"
0728,"['Bmaj', 'G#min', 'C#min', 'F#maj', 'Bmaj', 'G#min', 'C#min', 'F#maj', 'Bmaj', 'G#min', 'C#min', 'F#maj', 'Bmaj', 'E', 'Bmaj', 'Bmaj', 'G#min', 'C#min', 'F#maj', 'Bmaj', 'G#min', 'C#min', 'F#maj', 'Bmaj', 'Eb7', 'G#min', 'C#7', 'F#7', 'Bmaj', 'G#min', 'C#min', 'F#maj', 'Bmaj', 'G#min', 'C#min', 'F#maj', 'Bmaj', 'Eb7', 'G#min', 'C#7', 'F#7', 'Bmaj', 'Bmin', 'Emaj', 'Bmin', 'Emaj', 'Amaj', 'Amaj', 'Amin', 'Dmaj', 'Amin', 'Dmaj', 'Gmaj', 'F#maj', 'F#maj', 'Bmaj', 'G#min', 'C#min', 'F#maj', 'Bmaj', 'G#min', 'C#min', 'F#maj', 'Bmaj', 'Eb7', 'G#min', 'C#7', 'F#7', 'Bmaj', 'Bmin', 'Emaj', 'Bmin', 'Emaj', 'Amaj', 'Amaj', 'Amin', 'Dmaj', 'Amin', 'Dmaj', 'Gmaj', 'F#maj', 'F#maj', 'Bmaj', 'G#min', 'C#min', 'F#maj', 'Bmaj', 'G#min', 'C#min', 'F#maj', 'Bmaj', 'Eb7', 'G#min', 'C#7', 'F#7', 'Bmaj', 'G#min', 'C#min', 'F#maj', 'Bmaj', 'G#min', 'C#min', 'F#maj', 'Bmaj', 'G#min', 'C#min', 'F#maj', 'Bmaj', 'G#min', 'C#min', 'F#maj']"
0729,"['Dmaj', 'Dmaj', 'Gmaj', 'Amaj', 'Dmaj', 'Dmaj', 'Gmaj', 'Amaj', 'Dmaj', 'Dmaj', 'Gmaj', 'Amaj', 'Dmaj', 'Dmaj', 'Gmaj', 'Amaj', 'Dmaj', 'Dmaj', 'Emin', 'Amaj', 'Dmaj', 'Dmaj', 'Emin', 'Amaj', 'Dmaj', 'Dmaj', 'Emin', 'Amaj', 'Dmaj', 'Dmaj', 'Emin', 'Amaj', 'Emin', 'F#min', 'Gmaj', 'F#min', 'Emin', 'F#min', 'Gmaj', 'F#min', 'Dmaj', 'Dmaj', 'Emin', 'Amaj', 'Dmaj', 'Dmaj', 'Emin', 'Amaj', 'Dmaj', 'Dmaj', 'Emin', 'Amaj', 'Dmaj', 'Dmaj', 'Emin', 'Amaj', 'Emin', 'F#min', 'Gmaj', 'F#min', 'Emin', 'F#min', 'Gmaj', 'F#min', 'Dmaj', 'Dmaj', 'Gmaj', 'Amaj', 'Dmaj', 'Dmaj', 'Gmaj', 'Amaj', 'Dmaj', 'Dmaj', 'Gmaj', 'Amaj', 'Dmaj', 'Dmaj', 'Gmaj', 'Amaj', 'Dmaj', 'Dmaj', 'Emin', 'Amaj', 'Dmaj', 'Dmaj', 'Emin', 'Amaj', 'Dmaj', 'Dmaj', 'Emin', 'Amaj', 'Dmaj', 'Dmaj', 'Emin', 'Amaj', 'Emin', 'F#min', 'Gmaj', 'F#min', 'Emin', 'F#min', 'Gmaj', 'F#min', 'Dmaj', 'Dmaj', 'Gmaj', 'Amaj', 'Dmaj', 'Dmaj', 'Gmaj', 'Amaj', 'Dmaj', 'Dmaj', 'Gmaj', 'Amaj', 'Dmaj', 'Dmaj', 'Gmaj', 'Amaj', 'Dmaj', 'Dmaj', 'Gmaj', 'Amaj', 'Dmaj', 'Dmaj', 'Gmaj', 'Amaj', 'Dmaj', 'Dmaj', 'Gmaj', 'Amaj', 'Dmaj', 'Dmaj', 'Gmaj', 'Amaj', 'Dmaj', 'Dmaj', 'Gmaj', 'Amaj', 'Dmaj', 'Dmaj', 'Gmaj', 'Amaj', 'Dmaj', 'Dmaj', 'Gmaj', 'Amaj', 'Dmaj', 'Dmaj', 'Gmaj', 'Amaj']"
0730,"['Gmaj', 'Emin', 'Gmaj', 'Emin', 'Gmaj', 'Emin', 'Gmaj', 'Emin', 'Gmaj', 'Emin', 'Gmaj', 'Emin', 'Gmaj', 'Emin', 'Emin', 'Cmaj', 'Dmaj', 'Gmaj', 'Emin', 'Gmaj', 'Emin', 'Gmaj', 'Emin', 'Gmaj', 'Emin', 'Gmaj', 'Emin', 'Gmaj', 'Emin', 'Emin', 'Cmaj', 'Dmaj', 'Gmaj', 'Emin', 'Gmaj', 'Emin', 'Dmaj', 'Cmaj', 'Dmaj', 'Cmaj', 'Dmaj', 'Cmaj', 'Dmaj', 'Cmaj', 'Dmaj', 'Cmaj', 'Dmaj', 'Cmaj', 'Dmaj', 'Cmaj', 'Gmaj', 'Emin', 'Gmaj', 'Emin', 'Gmaj', 'Emin', 'Gmaj', 'Emin', 'Gmaj', 'Emin', 'Gmaj', 'Emin', 'Emin', 'Cmaj', 'Dmaj', 'Gmaj', 'Emin', 'Gmaj', 'Emin', 'Dmaj', 'Cmaj', 'Dmaj', 'Cmaj', 'Dmaj', 'Cmaj', 'Dmaj', 'Cmaj', 'Dmaj', 'Cmaj', 'Dmaj', 'Cmaj', 'Dmaj', 'Cmaj', 'Gmaj', 'Emin', 'Gmaj', 'Emin', 'Gmaj', 'Emin', 'Gmaj', 'Emin', 'Gmaj', 'Emin', 'Gmaj', 'Emin', 'Emin', 'Cmaj', 'Dmaj', 'Gmaj', 'Emin', 'Cmaj', 'Dmaj', 'Gmaj', 'Emin', 'Cmaj', 'Dmaj', 'Gmaj', 'Emin', 'Cmaj', 'Dmaj']"
0731,"['Bbmaj', 'Bbmaj', 'Bbmaj', 'Bbmaj', 'Bbmaj', 'Bbmaj', 'Bbmaj', 'Bbmaj', 'Bbmaj', 'Bbmaj', 'Bbmaj', 'Bbmaj', 'Bbmaj', 'Bbmaj', 'F7', 'F7', 'Cmin', 'Cmin', 'F7', 'F7', 'Cmin', 'F7', 'Bbmaj', 'Bbmaj', 'Bbmaj', 'Bbmaj', 'Bbmaj', 'Bbmaj', 'Bbmaj', 'Bb7', 'Ebmaj', 'Ebmaj', 'F7', 'F7', 'F7', 'F7', 'F7', 'F7', 'F7', 'Bbmaj', 'Bbmaj', 'Bbmaj', 'Bbmaj', 'Bbmaj', 'Bbmaj', 'Bbmaj', 'Bbmaj', 'F7', 'F7', 'Cmin', 'Cmin', 'F7', 'F7', 'Cmin', 'F7', 'Bbmaj', 'Bbmaj', 'Bbmaj', 'Bbmaj', 'Bbmaj', 'Bbmaj', 'Bbmaj', 'Bb7', 'Ebmaj', 'Ebmaj', 'F7', 'F7', 'F7', 'F7', 'F7', 'F7', 'Bbmaj', 'Bbmaj', 'Ebmaj', 'Ebmaj', 'Ebmaj', 'Ebmaj', 'Ebmaj', 'Bbmaj', 'Bbmaj', 'Ebmaj', 'Ebmaj', 'Ebmaj', 'Ebmaj', 'Ebmaj', 'Ebmaj', 'Bbmaj', 'Bbmaj', 'F7', 'F7', 'Bbmaj', 'Bbmaj', 'Cmaj', 'Cmaj', 'Cmaj', 'Cmaj', 'Cmaj', 'Cmaj', 'Cmaj', 'Cmaj', 'G7', 'G7', 'Dmin', 'Dmin', 'G7', 'G7', 'Dmin', 'G7', 'Cmaj', 'Cmaj', 'Cmaj', 'Cmaj', 'Cmaj', 'Cmaj', 'Cmaj', 'C7', 'Fmaj', 'Fmaj', 'G7', 'G7', 'G7', 'G7', 'G7', 'G7', 'Fmaj', 'Fmaj', 'Fmaj', 'Fmaj', 'Fmaj', 'Cmaj', 'Cmaj', 'Fmaj', 'Fmaj', 'Fmaj', 'Fmaj', 'Fmaj', 'Fmaj', 'Cmaj', 'Cmaj', 'G7', 'G7', 'Cmaj', 'Cmaj', 'Fmaj', 'Fmaj', 'Fmaj', 'Fmaj', 'Fmaj', 'Cmaj', 'Cmaj', 'Fmaj', 'Fmaj', 'Fmaj', 'Fmaj', 'Fmaj', 'Fmaj', 'Cmaj', 'Cmaj', 'G7', 'G7', 'Cmaj', 'Cmaj']"
0733,"['Bmaj', 'Emaj', 'Amaj', 'F#7', 'Bmaj', 'Emaj', 'Amaj', 'F#7', 'Bmaj', 'Bmaj', 'Bmaj', 'Bmaj', 'Emaj', 'Emaj', 'Bmaj', 'Bmaj', 'F#maj', 'E7', 'Bmaj', 'Emaj', 'Amaj', 'F#7', 'Bmaj', 'Bmaj', 'Bmaj', 'Bmaj', 'Emaj', 'Emaj', 'Bmaj', 'Bmaj', 'F#maj', 'E7', 'Bmaj', 'Emaj', 'Amaj', 'F#7', 'E7', 'E7', 'Bmaj', 'Bmaj', 'F#maj', 'E7', 'Bmaj', 'B7', 'E7', 'E7', 'Bmaj', 'Bmaj', 'F#7', 'E7', 'Bmaj', 'Emaj', 'Amaj', 'F#7', 'Bmaj', 'Emaj', 'Amaj', 'F#7', 'Bmaj', 'Bmaj', 'Bmaj', 'Bmaj', 'Emaj', 'Emaj', 'Bmaj', 'Bmaj', 'F#7', 'E7', 'Bmaj', 'Emaj', 'Amaj', 'F#7', 'E7', 'E7', 'Bmaj', 'Bmaj', 'F#7', 'E7', 'Bmaj', 'B7', 'E7', 'E7', 'Bmaj', 'Bmaj', 'F#7', 'E7', 'Bmaj', 'Emaj', 'Amaj', 'F#7', 'Bmaj', 'Emaj', 'Amaj', 'F#7', 'Bmaj', 'Emaj', 'Amaj', 'F#7', 'Bmaj', 'Emaj', 'Amaj']"
0734,"['Dmaj', 'D', 'Dmaj7', 'D', 'Dmaj', 'D', 'Dmaj7', 'D', 'Dmaj', 'D', 'Dmaj7', 'D', 'Amaj', 'Amaj', 'Amaj', 'Amaj', 'Amaj', 'Amaj', 'Amaj', 'Amaj', 'Dmaj', 'D', 'Dmaj7', 'D', 'D7', 'D7', 'Gmaj', 'Gmin', 'Dmaj', 'A7', 'Dmaj', 'D', 'Dmaj7', 'D', 'Dmaj', 'D', 'Dmaj7', 'D', 'Amaj', 'Amaj', 'Amaj', 'Amaj', 'Amaj', 'Amaj', 'Amaj', 'Amaj', 'Dmaj', 'D', 'Dmaj7', 'D', 'D7', 'D7', 'Gmaj', 'Gmin', 'Dmaj', 'A7', 'Dmaj', 'D', 'A7', 'Dmaj', 'D', 'Dmaj7', 'D', 'Amaj', 'Amaj', 'Amaj', 'Amaj', 'Amaj', 'Amaj', 'Amaj', 'Amaj', 'Dmaj', 'D', 'Dmaj7', 'D', 'D7', 'D7', 'Gmaj', 'Gmin', 'Dmaj', 'A7', 'Dmaj', 'D', 'Dmaj7', 'D', 'Dmaj', 'A7', 'Dmaj', 'Dmaj', 'Dmaj', 'Dmaj']"
0735,"['Fmin', 'Fmin', 'Fmin', 'Fmin', 'F7', 'F7', 'Bbmin', 'Cmin', 'F7', 'F7', 'Bbmin', 'Cmin', 'F7', 'F7', 'Bbmin', 'Cmin', 'Dbmaj7', 'Fmin', 'F7', 'F7', 'F7', 'F7', 'F7', 'F7', 'F7', 'F7', 'F7', 'F7', 'F7', 'F7', 'Bbmin7', 'Abmaj', 'Dbmaj9', 'C7', 'Bbmin7', 'Bbmin7', 'Cmin7', 'Dmin7', 'Cmin7', 'Dmin7', 'Emin7', 'F7', 'F7', 'Bbmin', 'Cmin', 'F7', 'F7', 'Bbmin', 'Cmin', 'F7', 'F7', 'Bbmin', 'Cmin', 'Dbmaj7', 'Fmin', 'F7', 'F7', 'F7', 'F7', 'F7', 'F7', 'F7', 'F7', 'F7', 'F7', 'F7', 'F7', 'Bbmin7', 'Abmaj', 'Dbmaj9', 'C7', 'Bbmin7', 'Cmin7', 'Fmin7', 'Fmin7', 'F7', 'F7', 'F7', 'F7', 'F7', 'F7', 'F7', 'F7', 'Bbmin7', 'Abmaj', 'Dbmaj9', 'C7', 'Bbmin7', 'Bbmin7', 'Cmin7', 'Dmin7', 'Cmin7', 'Dmin7', 'Emin7', 'Fmin7', 'Fmin7', 'F7', 'F7', 'Bbmin', 'Cmin', 'F7', 'F7', 'Bbmin', 'Cmin', 'F7', 'F7', 'Bbmin', 'Cmin', 'F7', 'F7', 'Bbmin', 'Cmin', 'F7', 'F7', 'Bbmin', 'Cmin', 'F7', 'F7', 'Bbmin', 'Cmin', 'F7', 'F7', 'Bbmin', 'Cmin', 'F7', 'F7', 'Bbmin', 'Cmin', 'F7', 'F7', 'Bbmin', 'Cmin', 'F7', 'F7', 'Bbmin', 'Cmin', 'F7', 'F7', 'Bbmin', 'Cmin', 'F7', 'F7', 'Bbmin', 'Cmin', 'F7', 'F7', 'Bbmin', 'Cmin', 'F7', 'F7', 'Bbmin', 'Cmin', 'F7', 'F7', 'Bbmin', 'Cmin', 'F7', 'F7', 'Bbmin', 'Cmin', 'F7', 'F7', 'Bbmin', 'Cmin', 'F7', 'F7', 'Bbmin', 'Cmin', 'F7', 'F7', 'Bbmin', 'Cmin']"
0736,"['Bmaj9', 'Bmaj9', 'E', 'F#sus4', 'Bmaj9', 'Bmaj9', 'E', 'F#sus4', 'Bmaj7', 'Bmaj7', 'E', 'F#sus4', 'Bmaj7', 'Bmaj7', 'E', 'F#sus4', 'G#sus4', 'G#min7', 'D#sus4', 'G#sus4', 'G#min7', 'D#sus4', 'G#sus4', 'G#min7', 'Dmaj7', 'Cmaj', 'Bmaj9', 'Bmaj9', 'E', 'F#sus4', 'Bmaj7', 'Bmaj7', 'E', 'F#sus4', 'Bmaj7', 'Bmaj7', 'E', 'F#sus4', 'G#sus4', 'G#min7', 'D#sus4', 'G#sus4', 'G#min7', 'D#sus4', 'G#sus4', 'G#min7', 'Dmaj7', 'Cmaj', 'Bmaj9', 'Bmaj9', 'Bb', 'E', 'F#sus4', 'Cmaj9', 'Bmaj9', 'Bmaj9', 'Bb', 'E', 'F#sus4', 'Cmaj9', 'Bmaj9', 'Bmaj9', 'Bb', 'E', 'F#sus4', 'Db', 'Ab7', 'Dbmaj7', 'Fsus4', 'Bb7', 'Ebmaj7', 'Csus4', 'C7', 'Fmaj7', 'F#sus4', 'B', 'Baug', 'B', 'B', 'E', 'F#', 'Bmaj7', 'Bmaj7', 'E', 'F#sus4', 'Bmaj7', 'Bmaj7', 'E', 'F#sus4', 'G#sus4', 'G#min7', 'D#sus4', 'G#sus4', 'G#min7', 'D#sus4', 'G#sus4', 'G#min7', 'Dmaj7', 'Cmaj', 'Bmaj9', 'Bmaj9', 'Bb', 'E', 'F#sus4', 'Cmaj9', 'Bmaj9', 'Bmaj9', 'Bb', 'E', 'F#sus4', 'Cmaj9', 'Bmaj9', 'Bmaj9', 'Bb', 'E', 'F#sus4', 'Db', 'Ab7', 'Dbmaj7', 'Fsus4', 'Bb7', 'Ebmaj7', 'Csus4', 'C7', 'Fmaj7', 'F#sus4', 'B', 'Baug', 'B', 'B', 'E', 'F#', 'B', 'B', 'E', 'F#', 'B', 'B', 'E', 'F#', 'B', 'B', 'E', 'F#', 'Bmaj7', 'Bmaj7', 'E', 'F#sus4', 'Bmaj7', 'Bmaj7', 'E', 'F#sus4', 'Bmaj7', 'Bmaj7', 'E', 'F#sus4', 'Bmaj7', 'Bmaj7', 'E', 'F#sus4', 'G#sus4', 'G#min7', 'D#sus4', 'G#sus4', 'G#min7', 'D#sus4', 'G#sus4', 'G#min7', 'Dmaj7', 'Cmaj', 'Bmaj7', 'Bmaj7', 'E', 'F#sus4', 'Bmaj7', 'Bmaj7', 'E', 'F#sus4', 'Bmaj7', 'Bmaj7', 'E', 'F#sus4', 'G#sus4', 'G#min7', 'D#sus4', 'G#sus4', 'G#min7', 'D#sus4', 'G#sus4', 'G#min7', 'Dmaj7', 'Cmaj', 'Bmaj9', 'Bmaj9', 'Bb', 'E', 'F#sus4', 'Cmaj9', 'Bmaj9', 'Bmaj9', 'Bb', 'E', 'F#sus4', 'Cmaj9', 'Bmaj9', 'Bmaj9', 'Bb', 'E', 'F#sus4', 'Db', 'Ab7', 'Dbmaj7', 'Fsus4', 'Bb7', 'Ebmaj7', 'Csus4', 'C7', 'Fmaj7', 'F#sus4', 'B', 'Baug', 'Baug', 'B', 'B', 'E', 'F#', 'Bmaj7', 'Bmaj7', 'E', 'F#sus4', 'Bmaj7', 'Bmaj7', 'E', 'F#sus4', 'G#sus4', 'G#min7', 'D#sus4', 'G#sus4', 'G#min7', 'D#sus4', 'G#sus4', 'G#min7', 'Dmaj7', 'Cmaj', 'Bmaj9', 'Bmaj9', 'Bb', 'E', 'F#sus4', 'Cmaj9', 'Bmaj9', 'Bmaj9', 'Bb', 'E', 'F#sus4', 'Cmaj9', 'Bmaj9', 'Bmaj9', 'Bb', 'E', 'F#sus4', 'Cmaj9', 'Bmaj9', 'Bmaj9', 'Bb', 'E', 'F#sus4', 'Cmaj9', 'Bmaj9', 'Bmaj9', 'Bb', 'E', 'F#sus4', 'Cmaj9', 'Bmaj9', 'Bmaj9', 'Bb', 'E', 'F#sus4', 'Cmaj9', 'Bmaj9', 'Bmaj9', 'Bb', 'E', 'F#sus4', 'Cmaj9', 'Bmaj9', 'Bmaj9', 'Bb', 'E', 'F#sus4', 'Cmaj9', 'Bmaj9', 'Bmaj9', 'Bb', 'E', 'F#sus4', 'Cmaj9', 'Bmaj9', 'Bmaj9', 'Bb', 'E', 'F#sus4', 'Cmaj9', 'Bmaj9', 'Bmaj9', 'Bb', 'E', 'F#sus4', 'Cmaj9', 'B', 'B', 'B', 'B', 'B', 'B', 'E', 'F#', 'B', 'B', 'E', 'F#', 'B', 'B', 'E', 'F#', 'B', 'B', 'E', 'F#', 'B', 'B', 'E', 'F#', 'B', 'B', 'E', 'F#', 'B', 'B', 'E', 'F#', 'B', 'B', 'E', 'F#', 'B']"
0737,"['Fmaj', 'Ebmaj', 'Dmaj', 'Ebmaj', 'Dmaj', 'Cmin7', 'Cmin7', 'Bbmaj', 'Ebmaj', 'Fmaj', 'Gmin7', 'Gmin7', 'Gmin7', 'Gmin7', 'Gmin7', 'Fmaj', 'Ebmaj7', 'D7', 'Ebmaj7', 'Fmaj', 'Gmin7', 'Gmin7', 'Cmin7', 'F7', 'Bbmaj7', 'Gmin7', 'Cmin7', 'D7', 'Gmin', 'Cmin7', 'F7', 'Bbmaj7', 'Gmin7', 'Cmin7', 'D7', 'Gmin7', 'Gmin7', 'Gmin7', 'Gmin7', 'Gmin7', 'Gmin7', 'Gmin7', 'Gmin7', 'Fmaj', 'Ebmaj', 'Dmaj', 'Ebmaj', 'Dmaj', 'Cmin7', 'Cmin7', 'Bbmaj', 'Ebmaj', 'Fmaj', 'Gmin7', 'Gmin7', 'Gmin7', 'Gmin7', 'Gmin7', 'Fmaj', 'Ebmaj7', 'D7', 'Ebmaj7', 'Fmaj', 'Gmin7', 'Gmin7', 'Cmin7', 'F7', 'Bbmaj7', 'Gmin7', 'Cmin7', 'D7', 'Gmin', 'Cmin7', 'F7', 'Bbmaj7', 'Gmin7', 'Cmin7', 'D7', 'Gmin7', 'Gmin7', 'Gmin7', 'Gmin7', 'Gmin7', 'Gmin7', 'Gmin7', 'Gmin7', 'Cmin7', 'F7', 'Bbmaj7', 'Gmin7', 'Cmin7', 'D7', 'Gmin', 'Cmin7', 'F7', 'Bbmaj7', 'Gmin7', 'Cmin7', 'D7', 'D7', 'G', 'G', 'G', 'G', 'G', 'G', 'G', 'G', 'Gmin7', 'Gmin7', 'Gmin7', 'Gmin7', 'Gmin7', 'Gmin7', 'Gmin7', 'Gmin7', 'Gmin7', 'Gmin7', 'Gmin7', 'Gmin7', 'Gmin7', 'Gmin7', 'Gmin7', 'Gmin7', 'Gmin7', 'Gmin7', 'Gmin7', 'Gmin7', 'Gmin7', 'Gmin7', 'Gmin7', 'Gmin7', 'Gmin7', 'Gmin7', 'Gmin7', 'Gmin7', 'Gmin7', 'Gmin7', 'Gmin7', 'Gmin7']"
0740,"['A', 'Amaj', 'Amaj', 'Amaj', 'Amaj', 'Amaj', 'Amaj', 'B7', 'E7', 'Amaj', 'Amaj', 'F#7', 'F#7', 'Amaj', 'Emaj', 'Amaj', 'Amaj', 'Dmaj', 'Dmaj', 'Amaj', 'Amaj', 'Dmaj', 'Dmaj', 'Emaj', 'Amaj', 'Amaj', 'Amaj', 'Amaj', 'Amaj', 'Amaj', 'B7', 'E7', 'Amaj', 'Amaj', 'F#7', 'F#7', 'Amaj', 'Emaj', 'Amaj', 'Amaj', 'Amaj', 'Amaj', 'Amaj', 'Amaj', 'Amaj', 'Amaj', 'B7', 'E7', 'Amaj', 'Amaj', 'F#7', 'F#7', 'Amaj', 'Emaj', 'Amaj', 'Amaj', 'Dmaj', 'Dmaj', 'Amaj', 'Amaj', 'Dmaj', 'Dmaj', 'Emaj', 'Amaj', 'Amaj', 'Amaj', 'Amaj', 'Amaj', 'Amaj', 'B7', 'E7', 'Amaj', 'Amaj', 'F#7', 'F#7', 'Amaj', 'Emaj', 'A']"
0741,"['Dmin', 'Dmin', 'Cmaj', 'Amin7', 'Bbmaj', 'Bbmaj', 'Dmin', 'Dmin', 'Cmaj', 'Amin7', 'Bbmaj', 'Bbmaj', 'Dmin', 'Dmin', 'Cmaj', 'Amin7', 'Bbmaj', 'Bbmaj', 'Dmin', 'Dmin', 'Cmaj', 'Amin7', 'Bbmaj', 'Bbmaj', 'Dmin', 'Dmin', 'Cmaj', 'Amin7', 'Bbmaj', 'Bbmaj', 'Dmin', 'Dmin', 'Cmaj', 'Amin7', 'Bbmaj', 'Bbmaj', 'Dmin', 'Dmin', 'Cmaj', 'Amin7', 'Bbmaj', 'Bbmaj', 'Dmin', 'Dmin', 'Cmaj', 'Amin7', 'Bbmaj', 'Bbmaj', 'Dmin', 'Dmin', 'Cmaj', 'Amin7', 'Bbmaj', 'Bbmaj', 'Bbmaj7', 'Bbmaj7', 'Bbmaj7', 'Bbmaj7', 'Dmin', 'Dmin', 'Cmaj', 'Cmaj', 'Bbmaj', 'Bbmaj', 'D', 'D', 'Dmin', 'Dmin', 'Cmaj', 'Cmaj', 'Bbmaj', 'Bbmaj', 'Gmin', 'Gmin', 'Dmin', 'Dmin', 'Cmaj', 'Cmaj', 'Bbmaj', 'Bbmaj', 'Gmin', 'Gmin', 'Dmin', 'Dmin', 'Cmaj', 'Cmaj', 'Bbmaj', 'Bbmaj', 'Gmin', 'Gmin', 'Gsus4', 'Gsus4', 'Gsus4', 'Gsus4', 'Dmin', 'Dmin', 'Cmaj', 'Amin7', 'Bbmaj', 'Bbmaj', 'Dmin', 'Dmin', 'Cmaj', 'Amin7', 'Bbmaj', 'Bbmaj', 'Dmin', 'Dmin', 'Cmaj', 'Amin7', 'Bbmaj', 'Bbmaj', 'Dmin', 'Dmin', 'Cmaj', 'Amin7', 'Bbmaj', 'Bbmaj', 'Dmin', 'Dmin', 'Cmaj', 'Amin7', 'Bbmaj', 'Bbmaj', 'Dmin', 'Dmin', 'Cmaj', 'Amin7', 'Bbmaj', 'Bbmaj', 'Dmin', 'Dmin', 'Cmaj', 'Amin7', 'Bbmaj', 'Bbmaj', 'Bbmaj7', 'Bbmaj7', 'Bbmaj7', 'Bbmaj7', 'Dmin', 'Dmin', 'Cmaj', 'Cmaj', 'Dmin', 'Dmin', 'Cmaj', 'Cmaj', 'Bbmaj', 'Bbmaj', 'Gmin', 'Gmin', 'Dmin', 'Dmin', 'Cmaj', 'Cmaj', 'Bbmaj', 'Bbmaj', 'Gmin', 'Gmin', 'Dmin', 'Dmin', 'Cmaj', 'Cmaj', 'Bbmaj', 'Bbmaj', 'Gmin', 'Gmin', 'Gsus4', 'Gsus4', 'Gsus4', 'Gsus4', 'Dmin', 'Dmin', 'Cmaj', 'Amin7', 'Bbmaj', 'Bbmaj', 'Dmin', 'Dmin', 'Cmaj', 'Amin7', 'Bbmaj', 'Bbmaj', 'Dmin', 'Dmin', 'Cmaj', 'Amin7', 'Bbmaj', 'Bbmaj', 'Dmin', 'Dmin', 'Cmaj', 'Amin7', 'Bbmaj', 'Bbmaj', 'Dmin', 'Dmin', 'Cmaj', 'Amin7', 'Bbmaj', 'Bbmaj', 'Dmin', 'Dmin', 'Cmaj', 'Amin7', 'Bbmaj', 'Bbmaj', 'Dmin', 'Dmin', 'Cmaj', 'Amin7', 'Bbmaj', 'Bbmaj', 'Bbmaj7', 'Bbmaj7', 'Bbmaj7', 'Bbmaj7', 'Dmin', 'Dmin', 'Cmaj', 'Cmaj', 'Bbmaj', 'Bbmaj', 'D', 'D', 'Dmin', 'Dmin', 'Cmaj', 'Cmaj', 'Bbmaj', 'Bbmaj', 'D', 'D']"
0742,"['F#', 'F#', 'Bmin', 'Bmin', 'Bmin', 'Bmin', 'Bmin', 'Bmin', 'Bmin', 'Bmin', 'F#min', 'F#min', 'F#min', 'F#min', 'Bmin', 'Bmin', 'Bmin', 'Bmin', 'Bmin', 'Bmin', 'Bmin', 'Bmin', 'Bmin', 'Bmin', 'Bmin', 'Bmin', 'Bmin', 'Bmin', 'Bmin', 'Bmin', 'Bmin', 'Bmin', 'F#min', 'F#min', 'F#min', 'F#min', 'Bmin', 'Bmin', 'Bmin', 'Bmin', 'F#', 'F#', 'Bmin', 'Bmin', 'Bmin', 'Bmin', 'F#min', 'F#min', 'F#min', 'F#min', 'Bmin', 'Bmin', 'Bmin', 'Bmin', 'F#min', 'F#min', 'F#min', 'F#min', 'Bmin', 'Bmin', 'Bmin', 'Bmin', 'Bmin', 'Bmin', 'Bmin', 'Bmin', 'Bmin', 'Bmin', 'Bmin', 'Bmin', 'Bmin', 'Bmin', 'Bmin', 'Bmin', 'Bmin', 'Bmin', 'Bmin7', 'Bmin7', 'Bmin', 'Bmin', 'F#', 'F#', 'Bmin', 'Bmin', 'Bmin', 'Bmin', 'F#min', 'F#min', 'F#min', 'F#min', 'Bmin', 'Bmin', 'Bmin', 'Bmin', 'F#min', 'F#min', 'F#min', 'F#min', 'Bmin']"
0743,"['Dmaj', 'Dmaj', 'Dmaj', 'Dmaj', 'Bmaj', 'Bmaj', 'Bmaj', 'Bmaj', 'Dmaj', 'Dmaj', 'Dmaj', 'Dmaj', 'Bmaj', 'Bmaj', 'Bmaj', 'Bmaj', 'Dmaj', 'Dmaj', 'Dmaj', 'Dmaj', 'Bmaj', 'Bmaj', 'Bmaj', 'Bmaj', 'Dmaj', 'Dmaj', 'Dmaj', 'Dmaj', 'Bmaj', 'Bmaj', 'Bmaj', 'Bmaj', 'Gmaj', 'Bmin', 'Amaj', 'F#min', 'Gmaj', 'Bmin', 'Amaj', 'F#min', 'Gmaj', 'Amaj', 'Bmin', 'Emin', 'F#maj', 'F#maj', 'Dmaj', 'Dmaj', 'Dmaj', 'Dmaj', 'Bmaj', 'Bmaj', 'Bmaj', 'Bmaj', 'Dmaj', 'Dmaj', 'Dmaj', 'Dmaj', 'Bmaj', 'Bmaj', 'Bmaj', 'Bmaj', 'Gmaj', 'Bmin', 'Amaj', 'F#min', 'Gmaj', 'Bmin', 'Amaj', 'F#min', 'Gmaj', 'Amaj', 'Bmin', 'Emin', 'F#maj', 'F#maj', 'F#maj', 'F#maj', 'F#maj', 'F#maj', 'Amaj', 'C#min', 'F#maj', 'F#maj', 'Amaj', 'C#min', 'Bmaj', 'Emaj', 'F#maj', 'F#maj', 'Amaj', 'Amaj', 'Bmaj', 'Bmaj', 'Dmaj', 'Dmaj', 'Dmaj', 'Dmaj', 'Bmaj', 'Bmaj', 'Bmaj', 'Bmaj', 'Dmaj', 'Dmaj', 'Dmaj', 'Dmaj', 'Bmaj', 'Bmaj', 'Bmaj', 'Bmaj', 'Dmaj', 'Dmaj', 'Bmaj', 'Bmaj', 'Dmaj', 'Dmaj', 'Bmaj', 'Bmaj', 'Dmaj', 'Dmaj', 'Bmaj', 'Bmaj', 'Dmaj', 'Dmaj', 'Bmaj', 'Bmaj', 'Dmaj', 'Dmaj', 'Bmaj', 'Bmaj', 'Dmaj', 'Dmaj', 'Bmaj', 'Bmaj', 'Dmaj', 'Dmaj', 'Bmaj', 'Bmaj', 'Dmaj', 'Dmaj', 'Bmaj', 'Bmaj', 'Dmaj']"
0746,"['Cmaj', 'Cmaj', 'Cmaj', 'Cmaj', 'Cmaj', 'Cmaj', 'Cmaj', 'Cmaj', 'Cmaj', 'Cmaj', 'Cmaj', 'Cmaj', 'Dmin7', 'Dmin7', 'Dmin7', 'Dmin7', 'Dmin7', 'Dmin7', 'Dmin7', 'Dmin7', 'Cmaj', 'Cmaj', 'Cmaj', 'Cmaj', 'Cmaj', 'Cmaj', 'Cmaj', 'Cmaj', 'Fmaj', 'Fmaj', 'Fmaj', 'Fmaj', 'Fmin', 'C', 'Cdim', 'Dmin7', 'G7', 'Cmaj', 'Cmaj', 'Amin', 'Amin', 'B7', 'B7', 'E7', 'E7', 'A7', 'A7', 'Dmin7', 'Dmin7', 'F', 'F', 'D', 'Cmaj', 'Cmaj', 'Cmaj', 'Cmaj', 'Cmaj', 'Cmaj', 'Cmaj', 'Cmaj', 'Cmaj', 'Cmaj', 'C7', 'C7', 'C7', 'C7', 'Fmaj', 'Fmaj', 'Dmin', 'Dmin', 'Dmin7', 'Dmin7', 'F', 'Emin7', 'Emin7', 'F#dim', 'Dmin7', 'Dmin7', 'D', 'D', 'D', 'D', 'Cmaj', 'Cmaj', 'Dmin7', 'Dmin7', 'D', 'D', 'Dmin7', 'Gsus4', 'Cmaj', 'Cmaj', 'Dmin7', 'Dmin7', 'D', 'D', 'Dmin7', 'Dmin7', 'Cmaj', 'Cmaj', 'Amin', 'Amin', 'B7', 'B7', 'E7', 'E7', 'A7', 'A7', 'Dmin7', 'Dmin7', 'F', 'F', 'D', 'Cmaj', 'Cmaj', 'Cmaj', 'Cmaj', 'Cmaj', 'Cmaj', 'Cmaj', 'Cmaj', 'Cmaj', 'Cmaj', 'C7', 'C7', 'C7', 'C7', 'Fmaj', 'Fmaj', 'Dmin', 'Dmin', 'F', 'F', 'F', 'Emin7', 'Emin7', 'F#dim', 'Dmin7', 'Dmin7', 'Ddim', 'Ddim', 'Ddim', 'G7', 'Cmaj', 'Cmaj', 'Dmin7', 'Dmin7', 'D', 'D', 'Dmin7', 'Dmin7', 'Cmaj', 'Cmaj', 'Dmin7', 'Dmin7', 'D', 'D', 'Dmin7', 'Dmin7', 'Cmaj', 'Cmaj', 'Dmin7', 'Dmin7', 'D', 'D', 'Cmaj', 'Cmaj', 'Cmaj', 'Cmaj', 'Cmaj', 'Cmaj']"
0747,"['Dmaj', 'Amaj', 'Dmaj', 'Asus4', 'A7', 'Dmaj', 'Amaj', 'Dmaj', 'Asus4', 'A7', 'Emin', 'Asus4', 'A7', 'Dmaj', 'Amaj', 'Dmaj', 'Asus4', 'A7', 'Emin', 'Emin', 'Amaj', 'Asus4', 'Amaj', 'Dmaj', 'Amaj', 'Dmaj', 'Asus4', 'A7', 'Emin', 'Asus4', 'A7', 'Dmaj', 'Amaj', 'Dmaj', 'Asus4', 'A7', 'Emin', 'Emin', 'Amaj', 'Asus4', 'Amaj', 'Dmaj', 'Emin', 'Gmaj', 'Dmaj', 'Emin', 'Gmaj', 'Bmin', 'Amaj', 'Dmaj', 'Emin', 'Gmaj', 'Amaj', 'Dmaj', 'Amaj', 'Dmaj', 'Asus4', 'A7', 'Emin', 'Asus4', 'A7', 'Dmaj', 'Amaj', 'Dmaj', 'Asus4', 'A7', 'Emin', 'Emin', 'Amaj', 'Asus4', 'Amaj', 'Dmaj', 'Emin', 'Gmaj', 'Dmaj', 'Emin', 'Gmaj', 'Bmin', 'Amaj', 'Dmaj', 'Emin', 'Gmaj', 'Dmaj', 'Emin', 'Gmaj', 'Bmin', 'Amaj', 'Dmaj', 'Emin', 'Gmaj', 'Amaj', 'Dmaj', 'Emin', 'Gmaj', 'Amaj', 'Dmaj']"
0748,"['Abmaj', 'Eb7', 'Bbmin7', 'Eb7', 'Abmaj', 'Ab7', 'Dbmaj', 'Ebsus4', 'Eb7', 'Abmaj', 'Dbmaj', 'Abmaj', 'Abmaj', 'Eb7', 'Eb7', 'Abmaj', 'Ab7', 'Dbmaj', 'Ebsus4', 'Eb7', 'Abmaj', 'Dbmaj', 'Abmaj', 'Abmaj', 'Eb7', 'Bbmin7', 'Eb7', 'Abmaj', 'Ab7', 'Dbmaj', 'Ebsus4', 'Eb7', 'Abmaj', 'Dbmaj', 'Abmaj', 'Ab7', 'Dbmaj', 'Ebsus4', 'Eb7', 'Abmaj', 'Dbmaj', 'Abmaj', 'Abmaj', 'Eb7', 'Eb7', 'Abmaj', 'Ab7', 'Dbmaj', 'Ebsus4', 'Eb7', 'Abmaj', 'Dbmaj', 'Abmaj', 'Abmaj', 'Eb7', 'Bbmin7', 'Eb7', 'Abmaj', 'Ab7', 'Dbmaj', 'Ebsus4', 'Eb7', 'Abmaj', 'Dbmaj', 'Abmaj', 'Ebsus4', 'Eb7', 'Dbmaj', 'Abmaj']"
0749,"['Cmaj', 'Amin', 'Fmaj', 'Gmaj', 'Cmaj', 'Amin', 'Fmaj', 'Gmaj', 'Cmaj', 'Amin', 'Fmaj', 'Gmaj', 'Cmaj', 'Amin', 'Fmaj', 'Gmaj', 'Cmaj', 'Amin', 'Fmaj', 'Gmaj', 'Amin', 'Amin', 'Cmaj', 'Amin', 'Fmaj', 'Gmaj', 'Cmaj', 'Amin', 'Fmaj', 'Gmaj', 'Cmaj', 'Amin', 'Fmaj', 'Gmaj', 'Amin', 'Amin', 'Amin', 'Gmaj', 'Amin', 'Gmaj', 'Amin', 'Gmaj', 'Fmaj', 'Gmaj', 'Cmaj', 'Amin', 'Fmaj', 'Gmaj', 'Cmaj', 'Amin', 'Fmaj', 'Gmaj', 'Cmaj', 'Amin', 'Fmaj', 'Gmaj', 'Amin', 'Amin', 'Cmaj', 'Amin', 'Fmaj', 'Gmaj', 'Cmaj', 'Amin', 'Fmaj', 'Gmaj', 'Cmaj', 'Amin', 'Fmaj', 'Gmaj', 'Amin', 'Amin', 'Amin', 'Gmaj', 'Amin', 'Gmaj', 'Amin', 'Gmaj', 'Fmaj', 'Gmaj', 'Cmaj', 'Amin', 'Fmaj', 'Gmaj', 'Cmaj', 'Amin', 'Fmaj', 'Gmaj', 'Cmaj', 'Amin', 'Fmaj', 'Gmaj', 'Amin', 'Amin', 'Cmaj', 'Amin', 'Fmaj', 'Gmaj', 'Cmaj', 'Amin', 'Fmaj', 'Gmaj', 'Cmaj', 'Amin', 'Fmaj', 'Gmaj', 'Amin', 'Amin', 'Cmaj', 'Amin', 'Fmaj', 'Gmaj', 'Cmaj', 'Amin', 'Fmaj', 'Gmaj', 'Cmaj', 'Amin', 'Fmaj', 'Gmaj', 'Cmaj', 'Amin', 'Fmaj', 'Gmaj', 'Cmaj', 'Amin', 'Fmaj', 'Gmaj', 'Cmaj', 'Amin', 'Fmaj', 'Gmaj', 'Cmaj', 'Amin', 'Fmaj', 'Gmaj', 'Cmaj', 'Amin', 'Fmaj', 'Gmaj', 'Cmaj', 'Amin', 'Fmaj', 'Gmaj', 'Cmaj', 'Amin', 'Fmaj', 'Gmaj']"
0751,"['Emin', 'Gmaj', 'Amin', 'Cmaj', 'B7', 'Emin', 'Gmaj', 'Amin', 'Cmaj', 'B7', 'Emin', 'Gmaj', 'Amin', 'Cmaj', 'Bmaj', 'Emin', 'Gmaj', 'Amin', 'Cmaj', 'Bmaj', 'Emin', 'Gmaj', 'Amin', 'Cmaj', 'Bmaj', 'Emin', 'Gmaj', 'Amin', 'Cmaj', 'Bmaj', 'Emin', 'Gmaj', 'Amin', 'Cmaj', 'B7', 'Emin', 'Gmaj', 'Amin', 'Cmaj', 'B7', 'Emin', 'Gmaj', 'Amin', 'Cmaj', 'B7', 'Emin', 'Gmaj', 'Amin', 'Cmaj', 'Bmaj', 'Emin', 'Gmaj', 'Amin', 'Cmaj', 'Bmaj', 'Emin', 'Gmaj', 'Amin', 'Cmaj', 'Bmaj', 'Emin', 'Gmaj', 'Amin', 'Cmaj', 'Bmaj', 'Emin', 'Gmaj', 'Amin', 'Cmaj', 'B7', 'Emin', 'Gmaj', 'Amin', 'Cmaj', 'B7', 'Emin', 'Gmaj', 'Amin', 'Cmaj', 'B7', 'Emin', 'Gmaj', 'Amin', 'Cmaj', 'B7', 'Emin', 'Gmaj', 'Amin', 'Cmaj', 'B7', 'Emin', 'Gmaj', 'Amin', 'Cmaj', 'B7', 'Emin', 'Gmaj', 'Amin', 'Cmaj', 'B7', 'Emin', 'Gmaj', 'Amin', 'Cmaj', 'B7', 'Emin', 'Gmaj', 'Amin', 'Cmaj', 'B7', 'Emin', 'Gmaj', 'Amin', 'Cmaj', 'B7', 'Emin', 'Gmaj', 'Amin', 'Cmaj', 'B7', 'Emin', 'Gmaj', 'Amin', 'Cmaj', 'B7', 'Emin', 'Gmaj', 'Amin', 'Cmaj', 'B7', 'Emin', 'Gmaj', 'Amin', 'Cmaj', 'B7', 'Emin']"
0752,"['Fmaj', 'Bbmaj', 'Fmaj', 'Bbmaj', 'Fmaj', 'Bbmaj', 'Fmaj', 'Bbmaj', 'Fmaj', 'Cmaj', 'Dmin', 'Amin', 'Bbmaj', 'Gmin7', 'Fmaj', 'Bbmaj', 'Fmaj', 'Bbmaj', 'Fmaj', 'Cmaj', 'Dmin', 'Amin', 'Bbmaj', 'Gmin7', 'Amin', 'Dmin', 'Bbmaj', 'Fmaj', 'Gmin7', 'Fmaj', 'Bbmaj', 'Fmaj', 'Gmin7', 'Gmin7', 'Bbsus4', 'Bbmaj', 'Fmaj', 'Bbsus4', 'Bbmaj', 'Fmaj', 'Bbsus4', 'Bbmaj', 'Fmaj', 'Bbmaj', 'Cmaj', 'Fmaj', 'Bbmaj', 'Fmaj', 'Bbmaj', 'Fmaj', 'Bbmaj', 'Fmaj', 'Bbmaj', 'Fmaj', 'Cmaj', 'Dmin', 'Amin', 'Bbmaj', 'Gmin7', 'Fmaj', 'Bbmaj', 'Fmaj', 'Bbmaj', 'Fmaj', 'Cmaj', 'Dmin', 'Amin', 'Bbmaj', 'Gmin7', 'Amin', 'Dmin', 'Bbmaj', 'Fmaj', 'Gmin7', 'Fmaj', 'Bbmaj', 'Fmaj', 'Gmin7', 'Gmin7', 'Bbsus4', 'Bbmaj', 'Fmaj', 'Bbsus4', 'Bbmaj', 'Fmaj', 'Bbsus4', 'Bbmaj', 'Fmaj', 'Bbmaj', 'Cmaj', 'Bbsus4', 'Bbmaj', 'Fmaj', 'Bbsus4', 'Bbmaj', 'Fmaj', 'Bbsus4', 'Bbmaj', 'Fmaj', 'Bbmaj', 'Cmaj', 'Fmaj', 'Bbmaj', 'Fmaj', 'Bbmaj', 'Fmaj', 'Bbmaj', 'Fmaj', 'Bbmaj', 'Fmaj', 'Bbmaj', 'Fmaj', 'Bbmaj', 'Fmaj', 'Bbmaj', 'Fmaj', 'Bbmaj', 'Fmaj', 'Bbmaj', 'Fmaj', 'Bbmaj']"
0755,"['D5', 'D5', 'D5', 'D5', 'D5', 'D5', 'D5', 'D5', 'D5', 'D5', 'D5', 'D5', 'D5', 'D5', 'Bb5', 'Bb5', 'D5', 'D5', 'Bb5', 'Bb5', 'Gmaj', 'Gmaj', 'Dmaj', 'Dmaj', 'Amaj', 'Gmaj', 'Amaj', 'Gmaj', 'D5', 'D5', 'D5', 'D5', 'Bb5', 'Bb5', 'D5', 'D5', 'Bb5', 'Bb5', 'Gmaj', 'Gmaj', 'Dmaj', 'Dmaj', 'Amaj', 'Gmaj', 'Amaj', 'Gmaj', 'D5', 'D5', 'Gmaj', 'Gmaj', 'Dmaj', 'Dmaj', 'Gmaj', 'Gmaj', 'Amaj', 'Amaj', 'Gmaj', 'Gmaj', 'Dmaj', 'Dmaj', 'Gmaj', 'Gmaj', 'Emin', 'Amaj', 'D5', 'D5', 'Bb5', 'Bb5', 'D5', 'D5', 'Bb5', 'Bb5', 'Gmaj', 'Gmaj', 'Dmaj', 'Dmaj', 'Amaj', 'Gmaj', 'Amaj', 'Gmaj', 'D5', 'D7', 'Gmaj', 'Gmaj', 'Dmaj', 'Dmaj', 'Amaj', 'Gmaj', 'Amaj', 'Gmaj', 'Dmaj', 'Dmaj']"
0757,"['Ebmin7', 'Ebmin7', 'Ebmin7', 'Ebmin7', 'Ebmin7', 'Ebmin7', 'Ebmin7', 'Ebmin7', 'Ebmin7', 'Ebmin7', 'Ebmin7', 'Ebmin7', 'Ebmin7', 'Ebmin7', 'Ebmin7', 'Ebmin7', 'Ebmin7', 'Ebmin7', 'Abmin7', 'Abmin7', 'Ebmin7', 'Ebmin7', 'Ebmin7', 'Ebmin7', 'Ebmin7', 'Ebmin7', 'Ebmin7', 'Ebmin7', 'Ebmin7', 'Ebmin7', 'Ebmin7', 'Ebmin7', 'Ebmin7', 'Ebmin7', 'Ebmin7', 'Ebmin7', 'Ebmin7', 'Ebmin7', 'Ebmin7', 'Ebmin7', 'Ebmin7', 'Ebmin7', 'Abmin7', 'Abmin7', 'Ebmin7', 'Ebmin7', 'Ebmin7', 'Ebmin7', 'Cmin', 'Cbmaj', 'Abmin', 'Bbmaj', 'Ebmin', 'Abmin', 'Bbmaj', 'Ebmin7', 'Ebmin7', 'Ebmin7', 'Ebmin7', 'Ebmin7', 'Ebmin7', 'Ebmin7', 'Ebmin7', 'Ebmin7', 'Ebmin7', 'Ebmin7', 'Ebmin7', 'Ebmin7', 'Ebmin7', 'Ebmin7', 'Ebmin7', 'Ebmin7', 'Ebmin7', 'Ab7', 'Ab7', 'Ebmin7', 'Ebmin7', 'Ebmin7', 'Ebmin7', 'Cmin', 'Cbmaj', 'Abmin', 'Bbmaj', 'Ebmin', 'Abmin', 'Bbmaj', 'Ebmin7', 'Ebmin7', 'Abmaj', 'Abmin', 'Ebmin7', 'Ebmin7', 'Abmaj', 'Abmin', 'Ebmin7', 'Ebmin7', 'Abmaj', 'Abmin', 'Ebmin7', 'Ebmin7', 'Abmaj', 'Abmin', 'Ebmin7', 'Ebmin7', 'Abmaj', 'Abmin', 'Ebmin7', 'Ebmin7', 'Abmaj', 'Abmin', 'Ebmin7', 'Ebmin7', 'Abmaj', 'Abmin', 'Ebmin7', 'Ebmin7', 'Abmaj', 'Abmin', 'Ebmin7', 'Ebmin7', 'Abmaj', 'Abmin']"
0758,"['Amaj', 'Dmaj', 'Amaj', 'Amaj', 'Dmaj', 'Amaj', 'Amaj', 'Dmaj', 'Emaj', 'Amaj', 'Amaj', 'Dmaj', 'Emaj', 'Amaj', 'Bmin7', 'Dmaj', 'Emaj', 'Emaj', 'Dmaj', 'Amaj', 'Dmaj', 'Emaj', 'Amaj', 'C#min7', 'Dmaj', 'Emaj', 'Dmaj', 'Emaj', 'Amaj', 'Dmaj', 'Amaj', 'Amaj', 'Dmaj', 'Emaj', 'Amaj', 'Amaj', 'Dmaj', 'Emaj', 'Amaj', 'Bmin7', 'Dmaj', 'Emaj', 'Emaj', 'Dmaj', 'Amaj', 'Dmaj', 'Emaj', 'Amaj', 'C#min7', 'Dmaj', 'Emaj', 'Dmaj', 'Emaj', 'Amaj', 'Dmaj', 'Amaj', 'Bmaj7', 'Emaj', 'Bmaj7', 'Emaj', 'Bmaj7', 'Emaj', 'Dmaj', 'Emaj', 'Emaj', 'Gmaj', 'Dmaj', 'Amaj', 'Amaj', 'Amaj', 'Dmaj', 'Emaj', 'Amaj', 'Amaj', 'Dmaj', 'Emaj', 'Amaj', 'Bmin7', 'Dmaj', 'Emaj', 'Emaj', 'Dmaj', 'Amaj', 'Dmaj', 'Emaj', 'Amaj', 'C#min7', 'Dmaj', 'Emaj', 'Dmaj', 'Emaj', 'Amaj', 'Amaj', 'C#min7', 'Dmaj', 'Emaj', 'Dmaj', 'Emaj', 'Gmaj', 'Dmaj', 'Amaj']"
0759,"['Abmaj', 'Abmaj', 'Abmaj', 'Abmaj', 'Fmin', 'Fmin', 'Abmaj', 'Abmaj', 'Fmin', 'Fmin', 'Abmaj', 'Abmaj', 'Eb7', 'Eb7', 'Abmaj', 'Abmaj', 'Abmaj', 'Abmaj', 'Abmaj', 'Abmaj', 'Fmin', 'Fmin', 'Fmin', 'Abmaj', 'Fmin', 'Fmin', 'Fmin', 'Abmaj', 'Eb7', 'Eb7', 'Abmaj', 'Abmaj', 'Abmaj', 'Abmaj', 'Abmaj', 'Abmaj', 'Fmin', 'Fmin', 'Abmaj', 'Abmaj', 'Fmin', 'Fmin', 'Abmaj', 'Abmaj', 'Eb7', 'Eb7', 'Abmaj', 'Abmaj', 'Abmaj', 'Abmaj', 'Abmaj', 'Abmaj', 'Fmin', 'Fmin', 'Fmin', 'Abmaj', 'Fmin', 'Fmin', 'Fmin', 'Abmaj', 'Eb7', 'Eb7', 'Abmaj', 'Abmaj', 'Abmaj', 'Abmaj', 'Abmaj', 'Abmaj', 'Fmin', 'Fmin', 'Fmin', 'Abmaj', 'Fmin', 'Fmin', 'Fmin', 'Abmaj', 'Eb7', 'Eb7', 'Abmaj', 'Abmaj', 'Abmaj', 'Abmaj', 'Abmaj', 'Abmaj', 'Fmin', 'Fmin', 'Fmin', 'Abmaj', 'Fmin', 'Fmin', 'Fmin', 'Abmaj', 'Eb7', 'Eb7', 'Abmaj', 'Abmaj', 'Abmaj', 'Abmaj', 'Abmaj', 'Abmaj', 'Fmin', 'Fmin', 'Fmin', 'Abmaj', 'Fmin', 'Fmin', 'Fmin', 'Abmaj', 'Eb7', 'Eb7', 'Abmaj', 'Abmaj', 'Abmaj', 'Abmaj', 'Abmaj', 'Abmaj', 'Fmin', 'Fmin', 'Fmin', 'Abmaj', 'Fmin', 'Fmin', 'Fmin', 'Abmaj', 'Eb7', 'Eb7', 'Abmaj', 'Abmaj', 'Abmaj', 'Abmaj', 'Abmaj', 'Abmaj', 'Fmin', 'Fmin', 'Fmin', 'Abmaj', 'Fmin', 'Fmin', 'Fmin', 'Abmaj', 'Eb7', 'Eb7', 'Abmaj', 'Abmaj', 'Abmaj', 'Abmaj', 'Abmaj', 'Abmaj', 'Fmin', 'Fmin', 'Fmin', 'Abmaj', 'Fmin', 'Fmin', 'Fmin', 'Abmaj', 'Eb7', 'Eb7', 'Abmaj', 'Abmaj', 'Abmaj', 'Abmaj', 'Abmaj', 'Abmaj', 'Fmin', 'Fmin', 'Fmin', 'Abmaj', 'Fmin', 'Fmin', 'Fmin', 'Abmaj', 'Eb7', 'Eb7', 'Abmaj', 'Abmaj', 'Abmaj', 'Abmaj', 'Abmaj', 'Abmaj', 'Fmin', 'Fmin', 'Abmaj', 'Abmaj', 'Fmin', 'Fmin', 'Abmaj', 'Abmaj', 'Eb7', 'Eb7', 'Abmaj', 'Abmaj', 'Abmaj', 'Abmaj', 'Abmaj', 'Abmaj', 'Fmin', 'Fmin', 'Abmaj', 'Abmaj', 'Fmin', 'Fmin', 'Abmaj', 'Abmaj', 'Eb7', 'Eb7', 'Abmaj', 'Abmaj', 'Abmaj']"
0761,"['D7', 'D7', 'D7', 'D7', 'D7', 'D7', 'Dmaj', 'Dmaj', 'B7', 'E7', 'A7', 'Dmaj', 'Dmaj', 'Dmaj', 'B7', 'E7', 'A7', 'Dmaj', 'Dmaj', 'Gmaj', 'E7', 'Dmaj', 'Dmaj', 'B7', 'E7', 'A7', 'D7', 'D7', 'D7', 'D7', 'Dmaj', 'Dmaj', 'B7', 'E7', 'A7', 'Dmaj', 'Dmaj', 'Dmaj', 'B7', 'E7', 'A7', 'Dmaj', 'Dmaj', 'Gmaj', 'E7', 'Dmaj', 'Dmaj', 'B7', 'E7', 'A7', 'Dmaj', 'Dmaj', 'Dmaj', 'B7', 'E7', 'A7', 'Dmaj', 'Dmaj', 'Dmaj', 'B7', 'E7', 'A7', 'Dmaj', 'D7', 'Gmaj', 'E7', 'Dmaj', 'Dmaj', 'B7', 'E7', 'A7', 'D7', 'D7', 'D7', 'D7', 'Dmaj', 'Dmaj', 'B7', 'E7', 'A7', 'Dmaj', 'Dmaj', 'Dmaj', 'B7', 'E7', 'A7', 'Dmaj', 'Dmaj', 'Gmaj', 'E7', 'Dmaj', 'Dmaj', 'B7', 'E7', 'A7', 'Dmaj', 'Dmaj', 'Dmaj', 'B7', 'E7', 'A7', 'Dmaj', 'Dmaj', 'Dmaj', 'B7', 'E7', 'A7', 'Dmaj', 'Dmaj', 'Dmaj', 'B7', 'E7', 'A7']"
0762,"['Emaj', 'Emaj', 'Dmaj', 'Emaj', 'Emaj', 'Dmaj', 'Amaj', 'Emaj', 'Emaj', 'Dmaj', 'Amaj', 'Emaj', 'Emaj', 'Dmaj', 'Amaj', 'Emaj', 'Dmaj', 'Amaj', 'Emaj', 'Dmaj', 'Amaj', 'Emaj', 'Dmaj', 'Amaj', 'Emaj', 'Dmaj', 'Amaj', 'Emaj', 'Dmaj', 'Amaj', 'Emaj', 'Dmaj', 'Amaj', 'Emaj', 'Dmaj', 'Amaj', 'Emaj', 'Dmaj', 'Amaj', 'Emaj', 'Dmaj', 'Amaj', 'Emaj', 'Dmaj', 'Amaj', 'Emaj', 'Dmaj', 'Amaj', 'Emaj', 'Dmaj', 'Amaj', 'Emaj', 'Dmaj', 'Amaj', 'Emaj', 'Dmaj', 'Amaj', 'Emaj', 'Dmaj', 'Amaj', 'Emaj', 'Dmaj', 'Amaj', 'Emaj', 'Emaj', 'Dmaj', 'Amaj', 'Emaj', 'Dmaj', 'Amaj', 'Emaj', 'Dmaj', 'Amaj', 'Emaj', 'Dmaj', 'Amaj', 'Emaj', 'Dmaj', 'Amaj', 'Emaj', 'Dmaj', 'Amaj', 'Emaj', 'Dmaj', 'Amaj', 'Emaj', 'Dmaj', 'Amaj', 'Emaj', 'Fmaj', 'Esus4', 'Bmaj7', 'Bmaj7', 'Amaj', 'Bmaj', 'Cmaj', 'Cmaj', 'Dmaj', 'D#maj', 'Emaj', 'Dmaj', 'Amaj', 'Emaj', 'Emaj', 'Dmaj', 'Emaj', 'Emaj', 'Dmaj', 'Amaj', 'Emaj', 'Emaj', 'Dmaj', 'Amaj', 'Emaj', 'Emaj', 'Dmaj', 'Amaj', 'Emaj', 'Dmaj', 'Amaj', 'Emaj', 'Dmaj', 'Amaj', 'Emaj', 'Dmaj', 'Amaj', 'Emaj', 'Dmaj', 'Amaj', 'Emaj', 'Dmaj', 'Amaj', 'Emaj', 'Dmaj', 'Amaj', 'Emaj', 'Dmaj', 'Amaj', 'Emaj', 'Dmaj', 'Amaj', 'Emaj', 'Dmaj', 'Amaj', 'Emaj', 'Dmaj', 'Amaj', 'Emaj', 'Dmaj', 'Amaj', 'Emaj', 'Fmaj', 'Esus4', 'Bmaj7', 'Bmaj7', 'Amaj', 'Bmaj', 'Cmaj', 'Cmaj', 'Dmaj', 'D#maj', 'Emaj', 'Dmaj', 'Amaj', 'Emaj', 'Emaj', 'Dmaj', 'Amaj', 'Emin7', 'Emin7', 'Emin7', 'Emin7', 'Emin7', 'Emin7', 'Emin7', 'Emin7', 'Emin7', 'Emin7', 'Emin7', 'Emin7', 'Dmaj', 'Amaj', 'Emaj', 'Dmaj', 'Amaj', 'Emaj', 'Dmaj', 'Amaj', 'Emaj', 'Dmaj', 'Amaj', 'Emaj']"
0765,"['Dbmaj', 'Abmaj', 'Gbmaj', 'Abmaj', 'Db', 'Gb', 'Db', 'Gb', 'Db', 'Gb', 'Bbmin', 'Gb', 'Db', 'Gb', 'Db', 'Gb', 'Db', 'Ab7', 'Bbmin', 'Abmaj', 'Gb', 'Ab7', 'Bbmin', 'Abmaj', 'Db', 'Gb', 'Db', 'Gb', 'Db', 'Gb', 'Bbmin', 'Gb', 'Db', 'Gb', 'Db', 'Gb', 'Db', 'Ab7', 'Bbmin', 'Abmaj', 'Gb', 'Ab7', 'Bbmin', 'Abmaj', 'Db', 'Gb', 'Db', 'Gb', 'Db', 'Gb', 'Db', 'Gb', 'Db', 'Gb', 'Db', 'Gb', 'Db', 'Gb', 'Db', 'Gb']"
0766,"['Amaj', 'Dmaj', 'Dmaj', 'Cmaj', 'B7', 'Emin', 'E', 'Emin7', 'A7', 'Emin', 'E', 'Emin7', 'A7', 'Dmaj', 'Dmaj', 'Bmin', 'F#min', 'D#dim', 'Emin', 'Gmin7', 'C7', 'Fmaj', 'Emin7', 'A7', 'Dmaj', 'Dmaj', 'Cmaj', 'B7', 'Emin', 'E', 'Emin7', 'A7', 'Dmaj', 'Dmaj', 'Cmaj', 'B7', 'Emin', 'E', 'Emin7', 'A7', 'Emin', 'E', 'Emin7', 'A7', 'Dmaj', 'Dmaj', 'Bmin', 'F#min', 'D#dim', 'Emin', 'Gmin7', 'C7', 'Fmaj', 'Emin7', 'A7', 'Dmaj', 'Dmaj', 'Cmaj', 'B7', 'Emin', 'E', 'Emin7', 'A7', 'Dmaj', 'Dmaj7', 'Emin7', 'A7', 'Dmaj', 'Dmaj', 'Dmaj']"
0767,"['Cmaj', 'Cmaj', 'Cmaj', 'Cmaj', 'C', 'C', 'C', 'C', 'Dmin', 'Gmaj', 'Cmaj', 'Cmaj', 'Dmin', 'Gmaj', 'Cmaj', 'D', 'G', 'C', 'D', 'G', 'C', 'Cmaj', 'Cmaj', 'Dmin', 'Dmin', 'Gmaj', 'Gmaj', 'Cmaj', 'Cmaj', 'Cmaj', 'Cmaj', 'Dmin', 'Dmin', 'Gmaj', 'Gmaj', 'Cmaj', 'Cmaj', 'Dmin', 'Gmaj', 'Cmaj', 'Cmaj', 'Dmin', 'Gmaj', 'Cmaj', 'Dmin', 'Gmaj', 'Cmaj', 'Dmin', 'Gmaj', 'Cmaj', 'Cmaj', 'Cmaj', 'Dmin', 'Dmin', 'Gmaj', 'Gmaj', 'Cmaj', 'Cmaj', 'Cmaj', 'Cmaj', 'Dmin', 'Dmin', 'Gmaj', 'Gmaj', 'Cmaj', 'Cmaj', 'Dmin', 'Gmaj', 'Cmaj', 'Dmin', 'Gmaj', 'Cmaj', 'Dmin', 'Gmaj', 'Cmaj', 'Cmaj', 'Cmaj', 'Dmin', 'Dmin', 'Gmaj', 'Gmaj', 'Cmaj', 'Cmaj', 'Cmaj', 'Cmaj', 'Dmin', 'Dmin', 'Gmaj', 'Gmaj', 'Cmaj', 'Cmaj', 'Cmaj', 'Cmaj', 'Dmin', 'Dmin', 'Gmaj', 'Gmaj', 'Cmaj', 'Cmaj', 'Cmaj', 'Cmaj', 'Dmin']"
0768,"['Abmin', 'Eb7', 'Abmin9', 'Ab', 'Abmin', 'Dbmin9', 'Abmin7', 'Abmin9', 'Ab', 'Abmin', 'Dbmin9', 'Abmin7', 'Abmin9', 'Ab', 'Abmin', 'Dbmin9', 'Abmin7', 'Abmin9', 'Ab', 'Abmin', 'Dbmin9', 'Abmin7', 'Gbmaj', 'Dbmin7', 'Bbmin7', 'Eb7', 'Abmin9', 'Gmaj7', 'Dmaj9', 'Gmaj9', 'Cmaj', 'Cmaj', 'Dmaj', 'Emaj', 'Abmin9', 'Ab', 'Abmin', 'Dbmin9', 'Abmin7', 'Abmin9', 'Ab', 'Abmin', 'Dbmin9', 'Abmin7', 'Gbmaj', 'Dbmin7', 'Bbmin7', 'Eb7', 'Abmin9', 'Gmaj7', 'Dmaj9', 'Gmaj9', 'Cmaj', 'Cmaj', 'Dmaj', 'Emaj', 'Ebmin', 'Db', 'Dbsus4', 'Gbmaj7', 'A', 'Ebmin', 'Db', 'Dbsus4', 'Gbmaj7', 'A', 'Dbmin9', 'Bb', 'Eb7', 'Db', 'Emin7', 'Db', 'Emin7', 'Absus4', 'Absus4', 'Db', 'Emin7', 'Db', 'Emin7', 'Absus4', 'Absus4', 'Bbsus4', 'A', 'Abmin9', 'Ab', 'Abmin', 'Dbmin9', 'Abmin7', 'Abmin9', 'Ab', 'Abmin', 'Dbmin9', 'Abmin7', 'Gbmaj', 'Dbmin7', 'Bbmin7', 'Eb7', 'Abmin9', 'Gmaj7', 'Dmaj9', 'Gmaj9', 'Cmaj', 'Cmaj', 'Dmaj', 'Emaj', 'Abmin9', 'Ab', 'Abmin', 'Dbmin9', 'Abmin7', 'Abmin9', 'Ab', 'Abmin', 'Dbmin9', 'Abmin7', 'Gbmaj', 'Dbmin7', 'Bbmin7', 'Eb7', 'Abmin9', 'Gmaj7', 'Dmaj9', 'Gmaj9', 'Cmaj', 'Cmaj', 'Dmaj', 'Emaj', 'Ebmin', 'Db', 'Dbsus4', 'Gbmaj7', 'A', 'Ebmin', 'Db', 'Dbsus4', 'Gbmaj7', 'A', 'Ebmin', 'Db', 'Dbsus4', 'Gbmaj7', 'A', 'Ebmin', 'Db', 'Dbsus4', 'Gbmaj7', 'A', 'Ebmin', 'Db', 'Dbsus4', 'Gbmaj7', 'A', 'Ebmin', 'Db', 'Dbsus4', 'Gbmaj7', 'A', 'Ebmin', 'Db', 'Dbsus4', 'Gbmaj7', 'A', 'Ebmin', 'Db', 'Dbsus4', 'Gbmaj7', 'A', 'Ebmin', 'Db', 'Dbsus4', 'Gbmaj7', 'A', 'Ebmin', 'Db', 'Dbsus4']"
0769,"['Abmaj', 'Abmaj', 'Abmaj', 'Ebmaj', 'Ebmaj', 'Ebmaj', 'Abmaj', 'Abmaj', 'Ebmaj', 'Ebmaj', 'Ebmaj', 'Abmaj', 'Fmin', 'Fmin', 'Cmin', 'Cmin', 'Dbmaj', 'Bbmin', 'Abmaj', 'Fmin', 'Dbmaj', 'Bbmin', 'Ebsus4', 'Abmaj', 'Fmin', 'Dbmaj', 'Bbmin', 'Ebsus4', 'Abmaj', 'Fmin', 'Cmin', 'Abmaj', 'Ebmaj', 'Ebmaj', 'Ebmaj', 'Abmaj', 'Abmaj', 'Ebmaj', 'Ebmaj', 'Ebmaj', 'Abmaj', 'Fmin', 'Fmin', 'Cmin', 'Cmin', 'Dbmaj', 'Bbmin', 'Abmaj', 'Fmin', 'Dbmaj', 'Bbmin', 'Ebsus4', 'Abmaj', 'Fmin', 'Dbmaj', 'Bbmin', 'Ebsus4', 'Abmaj', 'Fmin', 'Cmin', 'Abmaj', 'Ebmaj', 'Ebmaj', 'Ebmaj', 'Abmaj', 'Abmaj', 'Ebmaj', 'Ebmaj', 'Ebmaj', 'Abmaj', 'Fmin', 'Fmin', 'Cmin', 'Cmin', 'Dbmaj', 'Bbmin', 'Ebmaj', 'Abmaj', 'Fmin', 'Dbmaj', 'Bbmin', 'Ebsus4', 'Abmaj', 'Fmin', 'Dbmaj', 'Bbmin', 'Ebsus4', 'Abmaj', 'Fmin', 'Dbmaj', 'Bbmin', 'Ebsus4', 'Abmaj', 'Fmin', 'Dbmaj', 'Bbmin', 'Ebsus4', 'Abmaj', 'Fmin', 'Cmin', 'Abmaj', 'Fmin', 'Dbmaj', 'Bbmin', 'Ebsus4', 'Abmaj', 'Fmin', 'Dbmaj', 'Bbmin', 'Ebsus4', 'Abmaj', 'Fmin', 'Dbmaj', 'Bbmin', 'Ebsus4', 'Abmaj', 'Fmin', 'Dbmaj', 'Bbmin', 'Ebsus4', 'Abmaj', 'Fmin', 'Dbmaj', 'Bbmin', 'Ebsus4', 'Abmaj', 'Fmin']"
0770,"['Cmin', 'Cmin', 'Cmin', 'Cmin', 'Ebmaj', 'Cmin', 'Ebmaj', 'Gmin', 'Ebmaj', 'Gmin', 'Bbmaj', 'Gmin', 'Ebmaj', 'Gmin', 'Bbmaj', 'Abmaj', 'Bbmaj', 'Cmin', 'Abmaj', 'Cmin', 'Ebmaj', 'Cmin', 'Abmaj', 'Cmin', 'Ebmaj', 'Gmin', 'Ebmaj', 'Gmin', 'Bbmaj', 'Gmin', 'Ebmaj', 'Gmin', 'Bbmaj', 'Cmin', 'Abmaj', 'Cmin', 'Ebmaj', 'Bbmaj', 'Eb7', 'Abmaj', 'Bbmaj', 'Gmaj', 'Cmin', 'Abmaj', 'Cmin', 'Ebmaj', 'Cmin', 'Abmaj', 'Cmin', 'Ebmaj', 'Gmin', 'Ebmaj', 'Gmin', 'Bbmaj', 'Gmin', 'Ebmaj', 'Gmin', 'Bbmaj', 'Cmin', 'Abmaj', 'Cmin', 'Ebmaj', 'Bbmaj', 'Eb7', 'Abmaj', 'Bbmaj', 'Ebmaj', 'Csus4', 'Csus4', 'Gsus4', 'Gmaj', 'Csus4', 'Csus4', 'Fsus4', 'Fmaj', 'Fsus4', 'Fmaj', 'Fsus4', 'Fmaj', 'Fsus4', 'Fmaj', 'Bbmaj', 'Ebmaj', 'Ebmaj', 'Ebmaj', 'Bbmaj', 'Cmin', 'Abmaj', 'Cmin', 'Abmaj', 'Bbmaj', 'Cmin', 'Abmaj', 'Cmin', 'Ebmaj', 'Cmin', 'Abmaj', 'Cmin', 'Ebmaj', 'Gmin', 'Ebmaj', 'Gmin', 'Bbmaj', 'Gmin', 'Ebmaj', 'Gmin', 'Bbmaj', 'Cmin', 'Abmaj', 'Cmin', 'Ebmaj', 'Bbmaj', 'Eb7', 'Abmaj', 'Bbmaj', 'Cmin', 'Abmaj', 'Cmin', 'Ebmaj', 'Bbmaj', 'Eb7', 'Abmaj', 'Bbmaj', 'Cmin', 'Abmaj', 'Cmin', 'Abmaj', 'Cmin', 'Abmaj', 'Cmin', 'Abmaj', 'Cmin', 'Bbmaj', 'Gmaj']"
0772,"['Cmaj', 'Cmaj', 'Cmaj', 'Emin7', 'Amin', 'Fmaj', 'Dmin', 'Cmaj', 'Cmaj', 'Cmaj', 'Emin7', 'Amin', 'Fmaj', 'Cmaj', 'Cmaj', 'Emin', 'Fmaj', 'Dmin', 'Gmaj', 'Cmaj', 'Fmaj', 'Cmaj', 'Fmaj', 'Dmin', 'Gmaj', 'Cmaj', 'Emin7', 'Amin', 'Fmaj', 'Dmin', 'Cmaj', 'Cmaj', 'Fmaj', 'Ebmaj', 'Fmaj', 'Ebmaj', 'Ebmaj', 'Emin', 'Emin', 'Gmaj', 'Emin', 'Gmaj', 'Emin', 'Ebmaj', 'Ebmaj', 'Abmaj', 'Abmaj', 'Gmaj', 'Gmaj', 'Amin', 'Fmaj', 'Dmin', 'Cmaj', 'Cmaj', 'Cmaj', 'Emin7', 'Amin', 'Fmaj', 'Cmaj', 'Cmaj', 'Emin', 'Fmaj', 'Dmin', 'Gmaj', 'Cmaj', 'Fmaj', 'Cmaj', 'Fmaj', 'Dmin', 'Gmaj', 'Cmaj', 'Emin7', 'Amin', 'Fmaj', 'Dmin', 'Cmaj', 'Cmaj', 'Fmaj', 'Ebmaj', 'Fmaj', 'Ebmaj', 'Ebmaj', 'Emin', 'Emin', 'Gmaj', 'Emin', 'Gmaj', 'Emin', 'Ebmaj', 'Ebmaj', 'Abmaj', 'Abmaj', 'Cmaj', 'Emin', 'Amin', 'Fmaj', 'Dmin', 'Cmaj', 'Emin7', 'Amin', 'Fmaj', 'Dmin', 'Cmaj', 'Emin7', 'Amin', 'Fmaj', 'Dmin']"
0773,"['Ab7', 'Dbmaj', 'Dbmaj', 'Dbmaj', 'Dbmaj', 'Gbmaj', 'Gbmaj', 'Dbmaj', 'Dbmaj', 'Ab7', 'Gbmaj', 'Dbmaj', 'Dbmaj', 'Dbmaj', 'Dbmaj', 'Dbmaj', 'Dbmaj', 'Gbmaj', 'Gbmaj', 'Dbmaj', 'Dbmaj', 'Ab7', 'Gbmaj', 'Dbmaj', 'Dbmaj', 'Dbmaj', 'Dbmaj', 'Dbmaj', 'Dbmaj', 'Gbmaj', 'Gbmaj', 'Dbmaj', 'Dbmaj', 'Ab7', 'Gbmaj', 'Dbmaj', 'Dbmaj', 'Dbmaj', 'Dbmaj', 'Dbmaj', 'Dbmaj', 'Gbmaj', 'Gbmaj', 'Dbmaj', 'Dbmaj', 'Ab7', 'Gbmaj', 'Dbmaj', 'Dbmaj', 'Dbmaj', 'Dbmaj', 'Dbmaj', 'Dbmaj']"
0775,"['Fmaj', 'G5', 'C5', 'A5', 'Fmaj', 'G5', 'C5', 'A5', 'Fmaj', 'G5', 'C5', 'A5', 'Fmaj', 'G5', 'C5', 'A5', 'Fmaj', 'G5', 'C5', 'A5', 'Fmaj', 'G5', 'C5', 'A5', 'Fmaj', 'G5', 'C5', 'A5', 'Fmaj', 'G5', 'C5', 'A5', 'Fmaj', 'G5', 'C5', 'A5', 'Fmaj', 'G5', 'C5', 'Amin7', 'Fmaj', 'Gsus4', 'Cmaj', 'Amin7', 'Fmaj', 'Gsus4', 'Cmaj', 'Amin7', 'Fmaj', 'Gsus4', 'Cmaj', 'Amin7', 'Fmaj', 'Gsus4', 'Fsus4', 'C5', 'Cmaj', 'Amin7', 'Fsus4', 'C5', 'Cmaj', 'Amin7', 'Fsus4', 'C5', 'Cmaj', 'Amin7', 'Fsus4', 'C5', 'Cmaj', 'Amin7', 'Fsus4', 'C5', 'Cmaj', 'Amin7', 'Fsus4', 'C5', 'Cmaj', 'Amin7', 'Fsus4', 'C5', 'Cmaj', 'Amin7', 'Fsus4', 'Cmaj', 'Fsus4', 'Cmaj', 'Fmaj', 'Gsus4', 'Cmaj', 'Amin7', 'Fmaj', 'Gsus4', 'Amin7', 'Fmaj', 'Gsus4', 'Cmaj', 'Amin7', 'Fmaj', 'Gsus4', 'Csus4', 'Cmaj', 'Csus4', 'Cmaj', 'Csus4', 'Cmaj', 'Csus4', 'Cmaj', 'Csus4', 'Cmaj', 'Csus4', 'Cmaj', 'E7', 'Fmaj', 'F#dim', 'Gmaj', 'Gmaj', 'Gmaj', 'Fmaj', 'G5', 'C5', 'A5', 'Fmaj', 'G5', 'C5', 'A5', 'Fmaj', 'G5', 'C5', 'A5', 'Fmaj', 'G5', 'C5', 'A5', 'Fmaj', 'G5', 'C5', 'A5', 'Fmaj', 'G5', 'C5', 'A5', 'Fsus4', 'C5', 'Cmaj', 'Amin7', 'Fsus4', 'C5', 'Cmaj', 'Amin7', 'Fsus4', 'C5', 'Cmaj', 'Amin7', 'Fsus4', 'Cmaj', 'Fmaj', 'Gsus4', 'Cmaj', 'Amin7', 'Fmaj', 'Gsus4', 'Amin7', 'Fmaj', 'Gsus4', 'Cmaj', 'Amin7', 'Fmaj', 'Emin7', 'Cmaj', 'Amin7', 'Fmaj', 'Gsus4', 'Cmaj', 'Amin7', 'Fmaj', 'Gsus4', 'Amin7', 'Fmaj', 'Gsus4', 'Cmaj', 'Amin7', 'Fmaj', 'Gsus4', 'Cmaj', 'Fmaj', 'G5', 'C5', 'A5', 'Fmaj', 'G5', 'C5', 'A5', 'Fmaj', 'G5', 'C5', 'A5', 'Fmaj', 'G5', 'C5', 'A5', 'Fmaj', 'G5', 'C5', 'A5', 'Fmaj', 'G5', 'C5', 'A5', 'Fmaj', 'G5', 'C5', 'Amin7', 'Fmaj', 'Gmaj', 'Fmaj', 'G5', 'C5', 'A5', 'Fmaj', 'G5', 'C5', 'A5', 'Fmaj', 'G5', 'C5', 'A5', 'Fmaj', 'Gmaj', 'Cmaj']"
0776,"['A5', 'A5', 'A5', 'A5', 'A5', 'A5', 'A5', 'A5', 'A5', 'A5', 'A5', 'A5', 'A5', 'A5', 'A5', 'A5', 'Bmin', 'Gmaj', 'Bmin', 'Gmaj', 'Bmin', 'Gmaj', 'F#min', 'Gmaj', 'Amaj', 'Gmaj', 'Amaj', 'Dmaj', 'Amaj', 'Gmaj', 'Amaj', 'Dmaj', 'Amaj', 'Gmaj', 'Amaj', 'Dmaj', 'Bmin', 'Bmin', 'A5', 'A5', 'A5', 'A5', 'A5', 'A5', 'A5', 'A5', 'A5', 'A5', 'A5', 'A5', 'Bmin', 'Gmaj', 'Bmin', 'Gmaj', 'Bmin', 'Gmaj', 'F#min', 'Gmaj', 'Amaj', 'Gmaj', 'Amaj', 'Dmaj', 'Amaj', 'Gmaj', 'Amaj', 'Dmaj', 'Amaj', 'Gmaj', 'Amaj', 'Dmaj', 'Bmin', 'Bmin', 'Gmaj', 'Amaj', 'Dmaj', 'Amaj', 'Gmaj', 'Amaj', 'Dmaj', 'Amaj', 'Gmaj', 'Amaj', 'Dmaj', 'Bmin', 'Bmin', 'A', 'A', 'A', 'A', 'A', 'A', 'A', 'A', 'A', 'A', 'A', 'A', 'A', 'A', 'A', 'A', 'Gmaj', 'Amaj', 'Dmaj', 'Amaj', 'Gmaj', 'Amaj', 'Dmaj', 'Amaj', 'Gmaj', 'Amaj', 'Dmaj', 'Bmin', 'Bmin', 'Gmaj', 'Amaj', 'Dmaj', 'Amaj', 'Gmaj', 'Amaj', 'Dmaj', 'Amaj', 'Gmaj', 'Amaj', 'Dmaj', 'Bmin', 'Bmin', 'Gmaj', 'Amaj', 'Dmaj', 'Amaj', 'Gmaj', 'Amaj', 'Dmaj', 'Amaj', 'Gmaj', 'Amaj', 'Dmaj']"
0777,"['A', 'A', 'Amaj', 'Dmaj', 'Amaj', 'Dmaj', 'Dmaj', 'Esus4', 'Amaj', 'Dmaj', 'Gmaj', 'Emin7', 'Amaj', 'Dmaj', 'Gmaj', 'Emin7', 'Amaj', 'Dmaj', 'Amaj', 'Dmaj', 'Amaj', 'Dmaj', 'Dmaj', 'Esus4', 'Amaj', 'Dmaj', 'Gmaj', 'Emin7', 'Amaj', 'Dmaj', 'Gmaj', 'Emin7', 'Amaj', 'Dmaj', 'Amaj', 'Dmaj', 'Amaj', 'Dmaj', 'Dmaj', 'Esus4', 'A', 'A', 'Amaj', 'Dmaj', 'Amaj', 'Dmaj', 'Dmaj', 'Esus4', 'Amaj', 'Dmaj', 'Gmaj', 'Emin7', 'Amaj', 'Dmaj', 'Gmaj', 'Emin7', 'Amaj', 'Dmaj', 'Amaj', 'Dmaj', 'Amaj', 'Dmaj', 'Dmaj', 'Esus4', 'Amaj', 'Dmaj', 'Amaj', 'Dmaj', 'Amaj', 'Dmaj', 'Dmaj', 'Esus4', 'A', 'D', 'A', 'D', 'A', 'D', 'D', 'E', 'A', 'D', 'A', 'D', 'A', 'D', 'D', 'E']"
0779,"['Cmaj', 'Gmaj', 'Amin', 'Gmaj', 'Fmaj', 'Cmaj', 'G7', 'Cmaj', 'Fmin', 'Cmaj', 'D7', 'Dmin', 'Gmaj', 'Emin', 'Amin', 'D7', 'Cmaj', 'Gmaj', 'Fmaj', 'Emin', 'Dmin', 'Cmaj', 'G7', 'Cmaj', 'Fmin', 'Cmaj', 'Fmin', 'Cmaj', 'D7', 'Dmin', 'Gmaj', 'Emin', 'Amin', 'D7', 'Cmaj', 'Gmaj', 'Fmaj', 'Emin', 'Dmin', 'Cmaj', 'G7', 'Cmaj', 'C7', 'Cmaj', 'Ebmaj', 'Fmaj', 'Bbmaj', 'Ebmaj', 'Fmaj', 'Bbmaj', 'Dmaj', 'Gmin', 'Ebmaj', 'Cmin', 'G7', 'Cmaj', 'Gmaj', 'Cmaj', 'Fmin', 'Cmaj', 'D7', 'Dmin', 'Gmaj', 'Emin', 'Amin', 'D7', 'Cmaj', 'Gmaj', 'Fmaj', 'Emin', 'Dmin', 'Cmaj', 'G7', 'Cmaj', 'Fmin', 'Cmaj', 'D7', 'Dmin', 'Gmaj', 'Emin', 'Amin', 'D7', 'Cmaj', 'Gmaj', 'Fmaj', 'Emin', 'Dmin', 'Cmaj', 'G7', 'Cmaj', 'Fmin']"
0780,"['Bbmaj7', 'Dmin', 'G7', 'C7', 'Fmaj', 'Bbmaj', 'Cmaj', 'Fmaj', 'Bbmaj', 'Cmaj', 'Dmin', 'Cmaj', 'Dmin', 'G7', 'Cmaj', 'Bbmaj', 'Cmaj', 'Bbmaj', 'Cmaj', 'Bbmaj', 'Cmaj', 'C7', 'Fmaj', 'Bbmaj', 'Cmaj', 'Fmaj', 'Bbmaj', 'Cmaj', 'Dmin', 'Cmaj', 'Dmin', 'G7', 'Cmaj', 'Bbmaj', 'Cmaj', 'Bbmaj', 'Cmaj', 'Bbmaj', 'Cmaj', 'C7', 'Bbmaj', 'Fmaj', 'Bbmaj', 'Fmaj', 'Bbmaj', 'Dmin', 'G7', 'C7', 'Fmaj', 'Bbmaj', 'Cmaj', 'Fmaj', 'Bbmaj', 'Cmaj', 'Dmin', 'Cmaj', 'Dmin', 'G7', 'Cmaj', 'Bbmaj', 'Cmaj', 'Bbmaj', 'Cmaj', 'Bbmaj', 'Cmaj', 'C7', 'Fmaj', 'Bbmaj', 'Cmaj', 'Fmaj', 'Bbmaj', 'Cmaj', 'Fmaj', 'Bbmaj', 'Cmaj', 'Fmaj']"
0781,"['F#maj', 'F#sus4', 'F#maj', 'F#sus4', 'F#maj', 'F#sus4', 'F#maj', 'F#sus4', 'F#maj', 'F#sus4', 'F#maj', 'F#sus4', 'F#maj', 'F#sus4', 'F#maj', 'F#sus4', 'F#maj', 'F#sus4', 'F#maj', 'F#sus4', 'F#maj', 'F#sus4', 'F#maj', 'F#sus4', 'Bmaj', 'Bsus4', 'Bmaj', 'Bsus4', 'Bmaj', 'Bsus4', 'Bmaj', 'C#maj', 'F#maj', 'F#7', 'F#maj', 'F#7', 'F#maj', 'F#7', 'F#maj', 'F#7', 'Gmaj', 'Gsus4', 'Gmaj', 'Gsus4', 'Gmaj', 'Gsus4', 'Gmaj', 'Gsus4', 'Gmaj', 'Gsus4', 'Gmaj', 'Gsus4', 'Gmaj', 'Gsus4', 'Gmaj', 'Gsus4', 'Cmaj', 'Csus4', 'Cmaj', 'Csus4', 'Cmaj', 'Csus4', 'Cmaj', 'Dmaj', 'Gmaj', 'Gsus4', 'Gmaj', 'Gsus4', 'Gmaj', 'Gsus4', 'Gmaj', 'Gsus4', 'Ab', 'Abmaj', 'Absus4', 'Abmaj', 'Absus4', 'Abmaj', 'Absus4', 'Abmaj', 'Absus4', 'Abmaj', 'Absus4', 'Abmaj', 'Absus4', 'Abmaj', 'Absus4', 'Abmaj', 'Absus4', 'Dbmaj', 'Dbsus4', 'Dbmaj', 'Dbsus4', 'Dbmaj', 'Dbsus4', 'Dbmaj', 'Ebmaj', 'Abmaj', 'Absus4', 'Abmaj', 'Absus4', 'Abmaj', 'Absus4', 'Abmaj', 'Absus4', 'Abmaj', 'Absus4', 'Abmaj', 'Absus4', 'Abmaj', 'Absus4', 'Abmaj', 'Absus4', 'Abmaj', 'Absus4', 'Abmaj', 'Absus4', 'Abmaj', 'Absus4', 'Abmaj', 'Absus4', 'Dbmaj', 'Dbsus4', 'Dbmaj', 'Dbsus4', 'Dbmaj', 'Dbsus4', 'Dbmaj', 'Ebmaj', 'Abmaj', 'Absus4', 'Abmaj', 'Absus4', 'Abmaj', 'Absus4', 'Abmaj', 'Absus4', 'Abmaj', 'Absus4', 'Abmaj', 'Absus4', 'Abmaj', 'Absus4', 'Abmaj', 'Absus4', 'Abmaj', 'Absus4', 'Abmaj', 'Absus4', 'Abmaj', 'Absus4', 'Abmaj', 'Absus4', 'Abmaj', 'Absus4', 'Abmaj', 'Absus4', 'Abmaj', 'Absus4', 'Abmaj', 'Absus4', 'Abmaj', 'Absus4']"
0782,"['Gbmaj', 'Fmaj', 'Bbmin', 'Abmaj', 'Ab7', 'Dbmaj7', 'Gbmaj', 'Fmaj', 'Bbmin', 'Abmaj', 'Gbmaj', 'Fmaj', 'Bbmin', 'Abmaj', 'Dbmaj7', 'Gbmaj', 'Fmaj', 'Bbmaj', 'Gbmaj', 'Fmaj', 'Bbmin', 'Abmaj', 'Ab7', 'Dbmaj7', 'Gbmaj', 'Fmaj', 'Bbmin', 'Abmaj', 'Gbmaj', 'Fmaj', 'Bbmin', 'Abmaj', 'Dbmaj7', 'Gbmaj', 'Fmaj', 'Bbmaj', 'Ebmin7', 'Abmaj', 'Dbmaj', 'Ebmin7', 'Abmaj', 'Bbmin', 'Abmaj', 'Ebmin7', 'Abmaj', 'Dbmaj', 'Ebmin7', 'Ab7', 'Bbmaj', 'Gbmaj', 'Fmaj', 'Bbmin', 'Abmaj', 'Ab7', 'Dbmaj7', 'Gbmaj', 'Fmaj', 'Bbmin', 'Abmaj', 'Gbmaj', 'Fmaj', 'Bbmin', 'Abmaj', 'Dbmaj7', 'Gbmaj', 'Fmaj', 'Bbmaj', 'Ebmin7', 'Abmaj', 'Dbmaj', 'Ebmin7', 'Abmaj', 'Bbmin', 'Abmaj', 'Ebmin7', 'Abmaj', 'Dbmaj', 'Ebmin7', 'Ab7', 'Bbmaj', 'Gbmaj', 'Fmaj', 'Bbmin', 'Abmaj', 'Ab7', 'Dbmaj7', 'Gbmaj', 'Fmaj', 'Bbmin', 'Abmaj', 'Gbmaj', 'Fmaj', 'Bbmin', 'Abmaj', 'Dbmaj7', 'Gbmaj', 'Fmaj', 'Bbmaj', 'Gbmaj', 'Fmaj', 'Bbmin', 'Abmaj', 'Ab7', 'Dbmaj7', 'Gbmaj', 'Fmaj', 'Bbmin', 'Abmaj', 'Gbmaj', 'Fmaj', 'Bbmin', 'Abmaj', 'Dbmaj7', 'Gbmaj', 'Fmaj', 'Bbmaj', 'Ebmin7', 'Abmaj', 'Dbmaj', 'Ebmin7', 'Abmaj', 'Bbmin', 'Abmaj', 'Ebmin7', 'Abmaj', 'Dbmaj', 'Ebmin7', 'Ab7', 'Bbmaj', 'Ebmin7', 'Abmaj', 'Dbmaj', 'Ebmin7', 'Abmaj', 'Bbmin', 'Abmaj', 'Ebmin']"
0783,"['Emaj', 'Amaj', 'Bmaj', 'Emaj', 'Amaj', 'Bmaj', 'Emaj', 'Amaj', 'Bmaj', 'Emaj', 'Amaj', 'Bmaj', 'Emaj', 'Amaj', 'Bmaj', 'Emaj', 'Amaj', 'Bmaj', 'Emaj', 'Amaj', 'Emaj', 'Amaj', 'Emaj', 'Amaj', 'Emaj', 'Amaj', 'Emaj', 'Amaj', 'Emaj', 'Amaj', 'Emaj', 'Amaj', 'Emaj', 'Amaj', 'Emaj', 'Amaj', 'Bmaj', 'Emaj', 'Amaj', 'Bmaj', 'Emaj', 'Amaj', 'Bmaj', 'Emaj', 'Amaj', 'Bmaj', 'Emaj', 'Amaj', 'Emaj', 'Amaj', 'Emaj', 'Amaj', 'Emaj', 'Amaj', 'Emaj', 'Amaj', 'Emaj', 'Amaj', 'Emaj', 'Amaj', 'Emaj', 'Amaj', 'Emaj', 'Amaj', 'Bmaj', 'Emaj', 'Amaj', 'Emaj', 'Amaj', 'Bmaj', 'Emaj', 'Amaj', 'Bmaj', 'F#min', 'Amaj', 'Emaj', 'Bmaj', 'F#min', 'Amaj', 'Bsus4', 'Bsus4', 'Emaj', 'Amaj', 'Emaj', 'Amaj', 'Emaj', 'Amaj', 'Emaj', 'Amaj', 'Emaj', 'Amaj', 'Emaj', 'Amaj', 'Emaj', 'Amaj', 'Emaj', 'Amaj', 'Emaj']"
0785,"['Amaj', 'Dmaj', 'Amaj', 'Amaj', 'Dmaj', 'Amaj', 'Amaj', 'Dmaj', 'Emaj', 'Amaj', 'Amaj', 'Dmaj', 'Emaj', 'Amaj', 'Bmin7', 'Dmaj', 'Emaj', 'Emaj', 'Dmaj', 'Amaj', 'Dmaj', 'Emaj', 'Amaj', 'C#min', 'Dmaj', 'Emaj', 'Dmaj', 'Emaj', 'Amaj', 'Dmaj', 'Amaj', 'Amaj', 'Dmaj', 'Emaj', 'Amaj', 'Amaj', 'Dmaj', 'Emaj', 'Amaj', 'Bmin7', 'Dmaj', 'Emaj', 'Emaj', 'Dmaj', 'Amaj', 'Dmaj', 'Emaj', 'Amaj', 'C#min', 'Dmaj', 'Emaj', 'Dmaj', 'Emaj', 'Amaj', 'Dmaj', 'Amaj', 'Bmaj7', 'Emaj', 'Bmaj7', 'Emaj', 'Bmaj7', 'Emaj', 'Dmaj', 'Emaj', 'Emaj', 'Gmaj', 'Dmaj', 'Amaj', 'Amaj', 'Amaj', 'Dmaj', 'Emaj', 'Amaj', 'Amaj', 'Dmaj', 'Emaj', 'Amaj', 'Bmin7', 'Dmaj', 'Emaj', 'Emaj', 'Dmaj', 'Amaj', 'Dmaj', 'Emaj', 'Amaj', 'C#min', 'Dmaj', 'Emaj', 'Dmaj', 'Emaj', 'Amaj', 'Amaj', 'C#min', 'Dmaj', 'Emaj', 'Dmaj', 'Emaj', 'Gmaj', 'Dmaj', 'Amaj']"
0787,"['F7', 'F7', 'Bbmaj', 'Bbmaj', 'Bbmaj', 'Bbmaj', 'F7', 'F7', 'F7', 'F7', 'Bbmaj', 'Bbmaj', 'Ebmaj', 'Ebmaj', 'Bbmaj', 'Bbmaj', 'Bbmaj', 'F7', 'Bbmaj', 'Bbmaj', 'Bbmaj', 'Bbmaj', 'F7', 'F7', 'F7', 'F7', 'Bbmaj', 'Bbmaj', 'Ebmaj', 'Ebmaj', 'Bbmaj', 'Bbmaj', 'Bbmaj', 'F7', 'Bbmaj', 'Bbmaj', 'Ebmaj', 'Ebmaj', 'Bbmaj', 'Bbmaj', 'Ebmaj', 'Ebmaj', 'Bbmaj', 'F7', 'F7', 'Bbmaj', 'Bbmaj', 'F7', 'F7', 'F7', 'F7', 'Bbmaj', 'Bbmaj', 'Ebmaj', 'Ebmaj', 'Bbmaj', 'Bbmaj', 'Bbmaj', 'F7', 'Bbmaj', 'Bbmaj', 'Ebmaj', 'Ebmaj', 'Bbmaj', 'Bbmaj', 'Bbmaj', 'F7', 'Bbmaj', 'Bbmaj', 'Ebmaj', 'Ebmaj', 'Bbmaj', 'Bbmaj', 'Ebmaj', 'Ebmaj', 'Bbmaj', 'F7', 'F7', 'Bbmaj', 'Bbmaj', 'F7', 'F7', 'F7', 'F7', 'Bbmaj', 'Bbmaj', 'Ebmaj', 'Ebmaj', 'Bbmaj', 'Bbmaj', 'Bbmaj', 'F7', 'Bbmaj', 'Bbmaj', 'Bbmaj', 'F7', 'Bbmaj', 'Bbmaj']"
0788,"['Fmaj', 'Cmaj', 'Gmaj', 'Cmaj', 'Cmaj', 'C7', 'Fmaj', 'Cmaj', 'C7', 'Fmaj', 'Cmaj', 'C7', 'Fmaj', 'Cmaj', 'G7', 'C7', 'Fmaj', 'Cmaj', 'G7', 'Cmaj', 'G7', 'Cmaj', 'C7', 'Fmaj', 'Cmaj', 'C7', 'Fmaj', 'Cmaj', 'C7', 'Fmaj', 'Cmaj', 'G7', 'C7', 'Fmaj', 'Cmaj', 'G7', 'Cmaj', 'Fmaj', 'Gmaj', 'Cmaj', 'C7', 'Fmaj', 'Gmaj', 'Cmaj', 'C7', 'Fmaj', 'Gmaj', 'Cmaj', 'Amin', 'Fmaj', 'Dmin7', 'Gmaj', 'Cmaj', 'C7', 'Fmaj', 'Cmaj', 'C7', 'Fmaj', 'Cmaj', 'C7', 'Fmaj', 'Cmaj', 'G7', 'C7', 'Fmaj', 'Cmaj', 'G7', 'Cmaj', 'Fmaj', 'Cmaj', 'Gmaj', 'Cmaj']"
0789,"['Amaj', 'F#7', 'Bmin7', 'E7', 'Amaj', 'F#7', 'Bmin7', 'E7', 'Amaj', 'F#7', 'Bmin7', 'E7', 'Amaj', 'F#7', 'Bmin7', 'E7', 'Amaj', 'F#7', 'Bmin7', 'E7', 'Amaj', 'F#7', 'Bmin7', 'E7', 'Amaj', 'F#7', 'Bmin7', 'E7', 'Amaj', 'F#7', 'Bmin7', 'E7', 'Amaj', 'F#7', 'Bmin7', 'E7', 'Amaj', 'Dmaj', 'Amaj', 'A7', 'Amaj', 'F#maj', 'Bmin', 'Emaj', 'Amaj', 'Dmaj', 'Amaj', 'A7', 'Dmaj', 'Dmaj', 'Amaj', 'A7', 'Dmaj', 'Dmaj', 'Bmaj', 'Amaj', 'F#7', 'Bmin7', 'E7', 'Amaj', 'F#7', 'Bmin7', 'E7', 'Amaj', 'F#7', 'Bmin7', 'E7', 'Amaj', 'Dmaj', 'Amaj', 'Ab', 'G', 'F#7', 'F#7', 'B7', 'B7', 'E7', 'E7', 'Amaj', 'Amaj', 'F#maj', 'Bmin7', 'E7', 'Amaj', 'F#maj', 'Bmin7', 'E7', 'Amaj', 'F#maj', 'Bmin7', 'E7', 'Amaj', 'F#maj', 'Bmin7', 'E7', 'F#7', 'F#7', 'B7', 'B7', 'E7', 'E7', 'Amaj', 'Amaj', 'Amaj', 'F#7', 'Bmin', 'E7', 'Amaj', 'F#7', 'Bmin7', 'E7', 'Amaj', 'F#7', 'Bmin', 'E7', 'Amaj', 'F#7', 'Bmin7', 'E7', 'Amaj', 'F#7', 'Bmin', 'E7', 'Amaj', 'F#7', 'Bmin7', 'E7']"
0790,"['Cmaj7', 'C', 'F7', 'F7', 'Gmaj7', 'Gmaj7', 'G#dim', 'D7', 'D7', 'Gmaj', 'Gmaj', 'D7', 'D7', 'D7', 'Gmaj', 'Gmaj', 'Emin', 'Bmaj', 'Emin', 'Cmaj7', 'C', 'D7', 'D7', 'Gmaj', 'Cmaj', 'Gmaj', 'Emin', 'Bmaj', 'Emin', 'Cmaj7', 'C', 'D7', 'D7', 'Gmaj', 'Cmaj', 'Gmaj', 'G#dim', 'D7', 'D7', 'D7', 'D7', 'Gmaj', 'Gmaj', 'D7', 'D7', 'D7', 'Gmaj', 'Gmaj', 'Emin', 'Bmaj', 'Emin', 'Cmaj7', 'C', 'D7', 'D7', 'Gmaj', 'Gmaj', 'Cmaj', 'Gmaj']"
0791,"['F', 'F', 'Fmaj', 'Bbmaj', 'Csus4', 'Cmaj', 'Fmaj', 'Bbmaj', 'Csus4', 'Cmaj', 'Fmaj', 'Bbmaj', 'Csus4', 'Cmaj', 'Fmaj', 'Bbmaj', 'Csus4', 'Cmaj', 'Fmaj', 'Fmaj', 'Fmaj', 'Fmaj', 'Amin', 'Amin9', 'Amin9', 'Amin9', 'Dmin', 'Cmaj', 'Amin', 'Amin9', 'Dmin7', 'D', 'Gmaj', 'Gmaj', 'Cmaj', 'Dmin7', 'D', 'Gmaj', 'Bbmaj', 'Cmaj', 'Fmaj', 'Bbmaj', 'Cmaj', 'Fmaj', 'Bbmaj', 'Cmaj', 'Fmaj', 'Bbmaj', 'Cmaj', 'Fmaj', 'Bbmaj', 'Cmaj', 'Fmaj', 'Fmaj', 'C7', 'Amin', 'Amin9', 'Amin9', 'Amin9', 'Dmin', 'Cmaj', 'Amin', 'Amin9', 'Dmin7', 'D', 'Gmaj', 'Gmaj', 'Cmaj', 'Dmin7', 'D', 'Gmaj', 'Bbmaj', 'Cmaj', 'Fmaj', 'Bbmaj', 'Cmaj', 'Fmaj', 'Bbmaj', 'Cmaj', 'Fmaj', 'Bbmaj', 'Cmaj', 'Fmaj', 'Bbmaj', 'Cmaj', 'Fmaj', 'Bbmaj', 'Cmaj', 'Fmaj', 'Bbmaj', 'Cmaj', 'Fmaj', 'Bbmaj', 'Cmaj', 'Fmaj', 'Bbmaj', 'Cmaj', 'Dmin7', 'D', 'Dmin7', 'D', 'Dmin7', 'D', 'Dmin7', 'Bbmaj', 'Cmaj', 'Fmaj', 'Bbmaj', 'Cmaj', 'Fmaj', 'Bbmaj', 'Cmaj', 'Fmaj', 'Bbmaj', 'Cmaj', 'Fmaj', 'Bbmaj', 'Cmaj', 'Fmaj', 'Bbmaj', 'Cmaj', 'Fmaj', 'Bbmaj', 'Cmaj', 'Fmaj', 'Bbmaj', 'Cmaj', 'Fmaj', 'Bbmaj', 'Cmaj', 'Fmaj', 'Bbmaj', 'Cmaj', 'Fmaj', 'Bbmaj', 'Cmaj', 'Fmaj', 'Bbmaj', 'Cmaj', 'Fmaj', 'Bbmaj', 'Cmaj', 'Fmaj', 'Bbmaj', 'Cmaj', 'Fmaj', 'Bbmaj', 'Cmaj', 'Fmaj', 'Bbmaj', 'Cmaj', 'Fmaj', 'Bbmaj', 'Cmaj', 'Fmaj', 'Bbmaj', 'Cmaj', 'Fmaj', 'Bbmaj', 'Cmaj']"
0792,"['D7', 'G7', 'G7', 'G7', 'G7', 'C7', 'C7', 'G7', 'G7', 'D7', 'C7', 'G7', 'G7', 'G7', 'G7', 'G7', 'G7', 'C7', 'C7', 'G7', 'G7', 'D7', 'C7', 'G7', 'G7', 'G7', 'G7', 'G7', 'G7', 'C7', 'C7', 'G7', 'G7', 'D7', 'C7', 'G7', 'G7', 'G7', 'G7', 'G7', 'G7', 'C7', 'C7', 'G7', 'G7', 'D7', 'C7', 'G7', 'G7', 'G7', 'G7', 'G7', 'G7', 'C7', 'C7', 'G7', 'G7', 'D7', 'C7', 'G7', 'G7', 'G7', 'G7', 'G7', 'G7', 'C7', 'C7', 'G7', 'G7', 'D7', 'C7', 'G7', 'G7', 'G7', 'G7', 'G7', 'G7', 'C7', 'C7', 'G7', 'G7', 'D7', 'C7', 'G7', 'G7']"
0793,"['Cmaj', 'Fmin', 'Cmaj', 'Cmaj', 'Emin', 'G', 'Amaj', 'A7', 'Dmin', 'Fmaj', 'G7', 'G7', 'Cmaj', 'Cmaj', 'C7', 'Fmaj', 'Fmin', 'Cmaj', 'G7', 'F', 'Cmaj', 'Cmaj', 'Emin', 'G', 'Amaj', 'A7', 'Dmin', 'Fmaj', 'Gmaj', 'Gmaj', 'Cmaj', 'Cmaj', 'C7', 'Fmaj', 'Fmin', 'Cmaj', 'G7', 'F', 'Cmaj', 'Cmaj', 'C7', 'Fmaj', 'Fmaj', 'Dmin', 'G7', 'Emin', 'Amin', 'Dmin', 'G7', 'F', 'Cmaj', 'Cmaj', 'Emin', 'G', 'Amaj', 'A7', 'Dmin', 'Fmaj', 'Gmaj', 'Gmaj', 'Cmaj', 'Cmaj', 'C7', 'Fmaj', 'Fmin', 'Cmaj', 'G7', 'F', 'Cmaj', 'Cmaj', 'C7', 'Fmaj', 'Fmaj', 'Dmin', 'G7', 'Emin', 'Amin', 'Dmin7', 'G7', 'F', 'Cmaj', 'Ab', 'Gsus4', 'Cmaj']"
0794,"['Gmaj', 'Dmaj', 'Cmaj', 'Dmaj', 'Gmaj', 'Dmaj', 'Cmaj', 'Dmaj', 'Gmaj', 'Dmaj', 'Cmaj', 'Dmaj', 'Cmaj', 'Cmaj', 'Dmaj', 'Dmaj', 'Cmaj', 'Cmaj', 'Dmaj', 'Dmaj', 'Emin', 'Amaj', 'Emin', 'Amaj', 'Cmaj', 'Cmaj', 'Dmaj', 'Dmaj', 'Cmaj', 'Cmaj', 'Dmaj', 'Dmaj', 'Gmaj', 'Dmaj', 'Cmaj', 'Dmaj', 'Gmaj', 'Dmaj', 'Cmaj', 'Dmaj', 'Gmaj', 'Dmaj', 'Cmaj', 'Dmaj', 'Gmaj', 'Dmaj', 'Cmaj', 'Dmaj', 'Cmaj', 'Cmaj', 'Dmaj', 'Dmaj', 'Cmaj', 'Cmaj', 'Dmaj', 'Dmaj', 'Emin', 'Amaj', 'Emin', 'Amaj', 'Cmaj', 'Cmaj', 'Dmaj', 'Dmaj', 'Cmaj', 'Cmaj', 'Dmaj', 'Dmaj', 'Cmaj', 'Cmaj', 'Dmaj', 'Dmaj', 'Cmaj', 'Cmaj', 'Dmaj', 'Dmaj', 'Cmaj', 'Cmaj', 'Dmaj', 'Dmaj', 'Cmaj', 'Cmaj', 'Dmaj', 'Dmaj', 'Emin', 'Amaj', 'Emin', 'Amaj', 'Cmaj', 'Cmaj', 'Dmaj', 'Dmaj', 'Cmaj', 'Cmaj', 'Dmaj', 'Dmaj', 'Cmaj', 'Cmaj', 'Dmaj', 'Dmaj', 'Gmaj', 'Dmaj', 'Cmaj', 'Dmaj', 'Gmaj', 'Dmaj', 'Cmaj', 'Dmaj', 'Gmaj', 'Dmaj', 'Cmaj', 'Dmaj', 'Gmaj', 'Dmaj', 'Cmaj', 'Dmaj']"
0795,"['C#min9', 'C#min9', 'C#min9', 'C#min9', 'C#min9', 'C#min9', 'C#min9', 'C#min9', 'C#min9', 'C#min9', 'C#min9', 'C#min9', 'C#min9', 'C#min9', 'C#min9', 'C#min9', 'C#min9', 'C#min9', 'F#min7', 'G#min7', 'Amaj7', 'G#min7', 'C#min7', 'F#min7', 'Emaj', 'Emaj7', 'G#sus4', 'G#7', 'C#min9', 'C#min9', 'F#min7', 'F#min7', 'Emaj', 'Emaj', 'G#7', 'G#7', 'G#7', 'C#min9', 'C#min9', 'F#min7', 'F#min7', 'Emaj', 'Emaj', 'G#7', 'G#7', 'G#7', 'C#min9', 'C#min9', 'F#min7', 'G#min7', 'Amaj7', 'G#min7', 'C#min7', 'F#min7', 'Emaj', 'Emaj7', 'G#sus4', 'G#7', 'C#min9', 'C#min9', 'F#min7', 'F#min7', 'Emaj', 'Emaj', 'G#7', 'G#7', 'G#7', 'C#min9', 'C#min9', 'F#min7', 'F#min7', 'Emaj', 'Emaj', 'G#7', 'G#7', 'C#min9', 'C#min9', 'F#min7', 'G#min7', 'Amaj7', 'G#min7', 'C#min7', 'F#min7', 'Emaj', 'Emaj7', 'G#7', 'C#min9', 'C#min9', 'F#min7', 'G#min7', 'Amaj7', 'G#min7', 'C#min7', 'F#min7', 'Emaj', 'Emaj7', 'G#7', 'C#min9', 'C#min9', 'F#min7', 'G#min7', 'Amaj7', 'G#min7', 'C#min7', 'F#min7', 'Emaj', 'Emaj7', 'G#7']"
0796,"['C', 'C', 'C', 'C', 'Fmaj', 'Fmaj7', 'Dmin', 'Dmin', 'Fmaj7', 'F7', 'Bbmaj', 'Bbmaj', 'Gmin7', 'C7', 'Amin7', 'Dmin', 'G7', 'G7', 'Bb', 'C7', 'Fmaj', 'Fmaj7', 'Dmin', 'Dmin', 'Fmaj7', 'F7', 'Bbmaj', 'Bbmaj', 'Bbmaj', 'Bb', 'Fmaj7', 'D7', 'G7', 'C7', 'Fmaj', 'Fmaj', 'Fmaj', 'Fmaj', 'Fmaj', 'Fmaj7', 'Dmin', 'Dmin', 'Fmaj7', 'F7', 'Bbmaj', 'Bbmaj', 'Gmin7', 'C7', 'Amin7', 'Dmin', 'G7', 'G7', 'Bb', 'C7', 'Fmaj', 'Fmaj7', 'Dmin', 'Dmin', 'Fmaj7', 'F7', 'Bbmaj', 'Bbmaj', 'Bbmaj', 'Bb', 'Fmaj7', 'D7', 'G7', 'C7', 'Fmaj', 'Fmaj', 'Fmaj', 'Fmaj', 'Fmaj', 'Fmaj', 'Fmaj7', 'Fmaj7', 'F7', 'F7', 'Bbmaj', 'Bbmaj', 'Bbmaj', 'Bb', 'Fmaj', 'D7', 'G7', 'C7', 'Fmaj', 'Fmaj7', 'Dmin', 'Dmin', 'Fmaj7', 'F7', 'Bbmaj', 'Bbmaj', 'Bbmaj', 'Bb', 'Fmaj', 'D7', 'G7', 'C7', 'Fmaj', 'Fmaj', 'Fmaj', 'Fmaj', 'Fmaj', 'Fmaj', 'Fmaj', 'Fmaj', 'Fmaj', 'Fmaj', 'Fmaj', 'Fmaj']"
0797,"['Gmaj', 'Amin', 'Amin', 'Gmaj', 'Amin', 'Amin', 'Gmaj', 'Amin', 'Amin', 'Gmaj', 'Amin', 'Amin', 'Gmaj', 'Amin', 'Amin', 'Gmaj', 'Amin', 'Amin', 'Gmaj', 'Amin', 'Amin', 'Gmaj', 'Amin', 'Amin', 'Gmaj', 'Amin', 'Amin', 'Gmaj', 'Amin', 'Amin', 'Gmaj', 'Amin', 'Amin', 'Gmaj', 'Amin', 'Amin', 'D', 'C', 'D', 'C', 'D', 'B7', 'Emin', 'Cmin7', 'Amin', 'Bmin', 'Amin', 'Bmin', 'Amin', 'Bmin', 'Amin', 'Bmin', 'Amin', 'Bmin', 'Amin', 'Bmin', 'Dsus4', 'D7', 'Gmaj', 'Amin', 'Amin', 'Gmaj', 'Amin', 'Amin', 'Gmaj', 'Amin', 'Amin', 'Gmaj', 'Amin', 'Amin', 'Gmaj', 'Amin', 'Amin', 'Gmaj', 'Amin', 'Amin', 'Gmaj', 'Amin', 'Amin', 'Gmaj', 'Amin', 'Amin', 'D', 'C', 'D', 'C', 'D', 'B7', 'Emin', 'Cmin7', 'Amin', 'Bmin', 'Amin', 'Bmin', 'Amin', 'Bmin', 'Amin', 'Bmin', 'Amin', 'Bmin', 'Amin', 'Bmin', 'Dsus4', 'D7', 'Gmaj', 'Amin', 'Amin', 'Gmaj', 'Amin', 'Amin', 'Gmaj', 'Amin', 'Amin', 'Gmaj', 'Amin', 'Amin', 'Gmaj', 'Amin', 'Amin', 'Gmaj', 'Amin', 'Amin', 'Gmaj', 'Amin', 'Amin', 'Gmaj', 'Amin', 'Amin', 'Gmaj', 'Amin', 'Amin', 'Gmaj', 'Amin', 'Amin', 'Gmaj', 'Amin', 'Amin', 'Gmaj', 'Amin', 'Amin', 'Gmaj', 'Amin', 'Amin', 'Gmaj', 'Amin', 'Amin', 'Gmaj', 'Amin', 'Amin', 'Gmaj', 'Amin', 'Amin', 'Gmaj', 'Amin', 'Amin', 'Gmaj', 'Amin', 'Amin', 'Gmaj', 'Amin', 'Amin', 'Gmaj', 'Amin', 'Amin', 'Gmaj', 'Amin', 'Amin', 'Gmaj', 'Amin', 'Amin', 'Gmaj', 'Amin', 'Amin', 'Gmaj', 'Amin', 'Amin', 'Gmaj', 'Amin', 'Amin', 'Gmaj', 'Amin', 'Amin', 'Gmaj', 'Amin', 'Amin', 'Gmaj', 'Amin', 'Amin', 'Gmaj', 'Amin', 'Amin', 'Gmaj', 'Amin', 'Amin', 'Gmaj', 'Amin', 'Amin', 'Gmaj', 'Amin', 'Amin', 'Gmaj', 'Amin', 'Amin', 'Gmaj', 'Amin', 'Amin', 'Gmaj', 'Amin', 'Amin', 'Gmaj', 'Amin', 'Amin', 'Gmaj', 'Amin', 'Amin', 'Gmaj', 'Amin', 'Amin', 'Gmaj', 'Amin', 'Amin', 'Gmaj', 'Amin', 'Amin', 'Gmaj', 'Amin', 'Amin', 'Gmaj', 'Amin', 'Amin', 'Gmaj', 'Amin', 'Amin', 'Gmaj', 'Amin', 'Amin', 'Gmaj', 'Amin', 'Amin', 'Gmaj', 'Amin', 'Amin', 'Gmaj', 'Amin', 'Amin', 'Gmaj', 'Amin', 'Amin', 'Gmaj', 'Amin', 'Amin', 'Gmaj', 'Amin', 'Amin', 'Gmaj', 'Amin', 'Amin', 'Gmaj', 'Amin', 'Amin', 'Gmaj', 'Amin', 'Amin', 'Gmaj', 'Amin', 'Amin', 'Gmaj', 'Amin', 'Amin', 'Gmaj', 'Amin', 'Amin', 'Gmaj', 'Amin', 'Amin', 'Gmaj', 'Amin', 'Amin', 'Gmaj', 'Amin', 'Amin', 'Gmaj', 'Amin', 'Amin', 'Gmaj', 'Amin', 'Amin', 'Gmaj', 'Amin', 'Amin']"
0798,"['Amaj', 'Emaj', 'Amaj', 'Dmaj', 'Amaj', 'Emaj', 'Amaj', 'Dmaj', 'Amaj', 'Emaj', 'Amaj', 'Dmaj', 'Amaj', 'Emaj', 'Amaj', 'Dmaj', 'Amaj', 'Dmin', 'Amaj', 'Dmin', 'Amaj', 'Dmin', 'Amaj', 'Amaj', 'Dmin', 'Amaj', 'Dmin', 'Amaj', 'Dmin', 'Bmin7', 'Emaj', 'Amaj', 'Emaj', 'Amaj', 'Dmaj', 'Amaj', 'Emaj', 'Amaj', 'Dmaj', 'C#min7', 'F#min7', 'Bmin7', 'Emaj', 'C#min7', 'F#min7', 'Bmin7', 'Dmaj', 'Emaj', 'Amaj', 'Emaj', 'Amaj', 'Dmaj', 'Amaj', 'Emaj', 'Amaj', 'Dmaj', 'Amaj', 'Dmin', 'Amaj', 'D', 'Amaj', 'Amaj', 'Dmin', 'Amaj', 'Dmin', 'Amaj', 'Dmin', 'Bmin7', 'Emaj', 'Amaj', 'Emaj', 'Amaj', 'Dmaj', 'Amaj', 'Emaj', 'Amaj', 'Dmaj', 'C#min7', 'F#min7', 'Bmin7', 'Emaj', 'C#min7', 'F#min7', 'Bmin7', 'Dmaj', 'Emaj', 'Amaj', 'Dmin', 'Amaj', 'Dmin', 'Amaj', 'Dmin', 'Amaj', 'Amaj', 'Dmin', 'Amaj', 'Dmin', 'Amaj', 'Dmin', 'Bmin7', 'Emaj', 'C#min7', 'Dmaj', 'C#min7', 'Dmaj', 'C#min7', 'Dmaj', 'Bmin7', 'Emaj', 'Amaj', 'Emaj', 'Amaj', 'Dmaj', 'Amaj', 'Emaj', 'Amaj', 'Dmaj', 'Amaj', 'Emaj', 'Amaj', 'Dmaj', 'Amaj', 'Emaj', 'Amaj', 'Dmaj', 'Amaj', 'Amaj', 'Dmaj', 'Emaj', 'Amaj', 'Amaj', 'Dmaj', 'Emaj', 'Amaj', 'Amaj', 'Dmaj', 'Emaj', 'Amaj', 'Amaj', 'Dmaj', 'Emaj', 'Amaj', 'Amaj', 'Dmaj', 'Emaj', 'Amaj', 'Amaj', 'Dmaj', 'Emaj', 'Amaj', 'Amaj', 'Dmaj', 'Emaj', 'Amaj', 'Amaj', 'Dmaj', 'Emaj', 'Amaj', 'Amaj', 'Dmaj', 'Emaj', 'Amaj', 'Amaj', 'Dmaj', 'Emaj', 'Amaj', 'Amaj', 'Dmaj', 'Emaj', 'Amaj', 'Amaj', 'Dmaj', 'Emaj', 'Amaj', 'Amaj', 'Dmaj', 'Emaj', 'Amaj', 'Amaj', 'Dmaj', 'Emaj']"
0800,"['G5', 'G5', 'G5', 'G5', 'G5', 'G5', 'Fmaj', 'Fmaj', 'G5', 'G5', 'Fmaj', 'Fmaj', 'G5', 'G5', 'Bbmaj', 'Fmaj', 'G5', 'Bbmaj', 'Fmaj', 'G5', 'Fmaj', 'Gmaj', 'Bbmaj', 'Cmaj', 'G5', 'G5', 'G5', 'G5', 'Fmaj', 'Fmaj', 'G5', 'G5', 'Fmaj', 'Fmaj', 'G5', 'G5', 'Bbmaj', 'Fmaj', 'G5', 'Bbmaj', 'Fmaj', 'G5', 'Fmaj', 'Gmaj', 'Bbmaj', 'Cmaj', 'G5', 'G5', 'G5', 'G5', 'G5', 'G5', 'G5', 'G5', 'Bbmaj', 'Fmaj', 'G5', 'Bbmaj', 'Fmaj', 'G5', 'Fmaj', 'Gmaj', 'Ebmaj', 'Emin', 'Fmaj', 'Gmaj', 'Bbmaj', 'Cmaj', 'G5', 'G5', 'F5', 'G5', 'G5', 'F5', 'G5', 'G5', 'F5', 'G5', 'G5', 'F5', 'G5', 'G5', 'F5', 'G5', 'G5', 'F5', 'G5', 'G5', 'F5', 'G5', 'G5', 'F5', 'G5', 'G5', 'F5', 'G5', 'G5', 'G5', 'F5', 'G5', 'G5', 'F5', 'G5', 'G5', 'F5', 'G5', 'G5', 'F5', 'G5', 'G5', 'F5', 'G5', 'G5', 'F5', 'G5', 'G5', 'F5', 'G5', 'F5', 'F#5', 'G5', 'G5', 'G5', 'F5', 'F#5', 'G5', 'G5', 'F5', 'F#5', 'G5', 'G5', 'G5', 'F5', 'G5', 'G5', 'F5', 'G5', 'G5', 'F5', 'G5', 'G5', 'F5', 'G5', 'G5', 'F5', 'G5', 'G5', 'F5', 'G5', 'G5', 'F5', 'G5', 'G5', 'F5', 'G5', 'G5', 'F5', 'G5', 'Fmaj', 'Fmaj', 'Fmaj', 'Fmaj', 'Bbmaj', 'Fmaj', 'G5', 'Bbmaj', 'Fmaj', 'G5', 'Fmaj', 'Gmaj', 'Bbmaj', 'Cmaj', 'Bbmaj', 'Fmaj', 'Bbmaj', 'Fmaj', 'Bbmaj', 'Fmaj']"
0802,"['C7', 'C7', 'Fmaj', 'Fmaj', 'Fmaj', 'Fmaj', 'Bb7', 'Bb7', 'Fmaj', 'C7', 'Fmaj', 'Fmaj', 'Fmaj', 'Fmaj', 'Bb7', 'Bb7', 'Fmaj', 'C7', 'Fmaj', 'Fmaj', 'C7', 'C7', 'C7', 'C7', 'C7', 'C7', 'Fmaj', 'Fmaj', 'Fmaj', 'Fmaj', 'Bb7', 'Bb7', 'Fmaj', 'C7', 'Fmaj', 'Fmaj', 'Fmaj', 'Fmaj', 'Bb7', 'Bb7', 'Fmaj', 'C7', 'Fmaj', 'Fmaj', 'C7', 'C7', 'C7', 'C7', 'C7', 'C7', 'Fmaj', 'Fmaj', 'Fmaj', 'Fmaj', 'Bb7', 'Bb7', 'Fmaj', 'C7', 'Fmaj', 'Fmaj', 'Fmaj', 'Fmaj', 'Bb7', 'Bb7', 'Fmaj', 'C7', 'Fmaj', 'Fmaj', 'Fmaj', 'Fmaj', 'Bb7', 'Bb7', 'Fmaj', 'C7', 'Fmaj', 'Fmaj']"
0803,"['Amin7', 'Gmaj', 'Cmaj7', 'Fmaj', 'Amin7', 'Gmaj', 'Cmaj7', 'Fmaj', 'Amin7', 'Gmaj', 'Cmaj', 'Cmaj', 'Fmaj', 'Fmaj', 'Amin', 'Gmaj', 'Cmaj', 'Dmin', 'Cmaj', 'Fmaj', 'Amin', 'Gmaj', 'Fmaj', 'Cmaj', 'Fmaj', 'Cmaj', 'Gsus4', 'Gmaj', 'Fmaj', 'Cmaj', 'Fmaj', 'Gmaj', 'Fmaj', 'Cmaj', 'Fmaj', 'Amin', 'Fmaj', 'Cmaj', 'Fmaj', 'Cmaj', 'Gsus4', 'Amin7', 'Gmaj', 'Cmaj7', 'Fmaj', 'Amin7', 'Gmaj', 'Cmaj7', 'Fmaj', 'Amin7', 'Gmaj', 'Cmaj', 'Cmaj', 'Fmaj', 'Fmaj', 'Amin', 'Gmaj', 'Cmaj', 'Dmin', 'Cmaj', 'Fmaj', 'Amin', 'Gmaj', 'Fmaj', 'Cmaj', 'Fmaj', 'Cmaj', 'Gsus4', 'Gmaj', 'Fmaj', 'Cmaj', 'Fmaj', 'Gmaj', 'Fmaj', 'Cmaj', 'Fmaj', 'Amin', 'Fmaj', 'Cmaj', 'Fmaj', 'Cmaj', 'Gsus4', 'Amin7', 'Gmaj', 'Cmaj7', 'Fmaj', 'Amin7', 'Gmaj', 'Cmaj7', 'Fmaj', 'Amin7', 'Gmaj', 'Cmaj', 'Cmaj', 'Fmaj', 'Fmaj', 'Amin', 'Gmaj', 'Cmaj', 'Dmin', 'Cmaj', 'Fmaj', 'Amin', 'Gmaj', 'Fmaj', 'Cmaj', 'Fmaj', 'Cmaj', 'Gsus4', 'Gmaj', 'Fmaj', 'Cmaj', 'Fmaj', 'Gmaj', 'Fmaj', 'Cmaj', 'Fmaj', 'Amin', 'Fmaj', 'Cmaj', 'Fmaj', 'Cmaj', 'Fmaj', 'Cmaj', 'Gsus4', 'Gmaj', 'Fmaj', 'Cmaj', 'Fmaj', 'Gsus4', 'Gmaj', 'Fmaj', 'Cmaj', 'Emin7', 'Amin', 'Fmaj', 'Cmaj', 'Fmaj', 'Cmaj', 'Gsus4', 'Amin7', 'Gmaj', 'Cmaj7', 'Fmaj']"
0804,"['Dmaj7', 'C#min7', 'Bmin7', 'C#min7', 'F#min7', 'Dmaj7', 'C#min7', 'Bmin7', 'C#min7', 'F#min7', 'Dmaj7', 'C#min7', 'Bmin7', 'C#7', 'F#min7', 'A', 'A', 'A', 'A', 'Dmaj7', 'C#min7', 'Bmin7', 'C#min7', 'F#min7', 'Dmaj7', 'C#min7', 'Bmin7', 'C#min7', 'F#min7', 'Dmaj7', 'C#min7', 'Bmin7', 'C#7', 'F#min7', 'A', 'A', 'Dmaj7', 'C#min7', 'Bmin7', 'C#min7', 'F#min7', 'Dmaj7', 'C#min7', 'Bmin7', 'C#min7', 'F#min7', 'Dmaj7', 'C#min7', 'Bmin7', 'C#7', 'F#min7', 'A', 'A', 'Bmin7', 'E', 'C#min7', 'F#min7', 'Bmin7', 'E', 'Amaj9', 'F#min7', 'Bmin7', 'E', 'C#min7', 'F#min7', 'Asus4', 'Asus4', 'Dmaj7', 'C#min7', 'A', 'C#min7', 'F#', 'Dmaj7', 'C#min7', 'A', 'C#min7', 'F#', 'Bmin7', 'E', 'C#min7', 'F#min7', 'A', 'A', 'Dmaj7', 'C#min7', 'Bmin7', 'C#min7', 'F#min7', 'Dmaj7', 'C#min7', 'Bmin7', 'C#min7', 'F#min7', 'Dmaj7', 'C#min7', 'Bmin7', 'C#7', 'F#min7', 'A', 'A', 'Dmaj7', 'C#min7', 'Bmin7', 'C#min7', 'F#min7', 'Dmaj7', 'C#min7', 'Bmin7', 'C#min7', 'F#min7', 'Dmaj7', 'C#min7', 'Bmin7', 'C#7', 'F#min7', 'A', 'A', 'Bmin7', 'E', 'C#min7', 'F#min7', 'Bmin7', 'E', 'Amaj9', 'F#min7', 'Bmin7', 'E', 'C#min7', 'F#min7', 'A', 'A', 'Bmin7', 'E', 'C#min7', 'F#min7', 'Bmin7', 'E', 'Amaj9', 'F#min7', 'Bmin7', 'E', 'C#min7', 'F#min7', 'A', 'A', 'B', 'B']"
0805,"['Gmaj', 'G7', 'D7', 'D7', 'D7', 'D7', 'Gmaj', 'Cmaj', 'Gmaj', 'Gmaj', 'G7', 'D7', 'D7', 'D7', 'D7', 'Gmaj', 'Cmaj', 'Gmaj', 'G7', 'G', 'Gmaj', 'Cmaj', 'Cmin', 'Gmaj', 'G7', 'Cmaj', 'Cmin', 'A7', 'D7', 'D7', 'Gmaj', 'G7', 'D7', 'D7', 'D7', 'D7', 'Gmaj', 'Cmaj', 'Gmaj', 'G7', 'G', 'Gmaj', 'Cmaj', 'Cmin', 'Gmaj', 'G7', 'Cmaj', 'Cmin', 'A7', 'D7', 'D7', 'Gmaj', 'G7', 'D7', 'D7', 'D7', 'D7', 'Gmaj', 'D7', 'Gmaj', 'D7', 'Gmaj']"
0806,"['Gmaj', 'Amin', 'Bmin', 'Amin7', 'Gmaj', 'F#min7', 'B7', 'Emin', 'G7', 'G7', 'Cmaj', 'G', 'Bbdim', 'Amin', 'D7', 'D7', 'Bmin7', 'Emin', 'Amin7', 'Gmaj', 'Gmaj', 'F#min7', 'B7', 'Emin', 'G7', 'G7', 'Cmaj', 'G', 'Bbdim', 'Amin', 'D7', 'D7', 'Bmin7', 'Emin', 'Amin7', 'Dsus4', 'Gmaj', 'Amin', 'Bmin', 'B7', 'Emin', 'Dmin7', 'G7', 'Cmaj', 'G', 'Bbdim', 'Amin', 'Dsus4', 'Gmaj', 'Amin', 'Bmin', 'Amin7', 'Gmaj', 'F#min7', 'B7', 'Emin', 'G7', 'G7', 'Cmaj', 'G', 'Bbdim', 'Amin', 'D7', 'D7', 'Bmin7', 'Emin', 'Amin7', 'Dsus4', 'Gmaj', 'Amin', 'Bmin', 'B7', 'Emin', 'Dmin7', 'G7', 'Cmaj', 'G', 'Bbdim', 'Amin', 'D7', 'D7', 'Bmin7', 'Emin', 'Amin7', 'Dsus4', 'Gmaj', 'Amin', 'Bmin', 'B7', 'Emin', 'Dmin7', 'G7', 'Cmaj', 'G', 'Bbdim', 'Amin', 'D7', 'D7', 'Bmin7', 'Emin', 'Amin7', 'Dsus4', 'Gmaj', 'Amin', 'Bmin', 'B7', 'Emin', 'Dmin7', 'G7', 'Cmaj', 'G', 'Bbdim', 'Amin', 'D7', 'D7', 'Bmin7', 'Emin', 'Amin7', 'Dsus4', 'Gmaj', 'Amin', 'Bmin', 'B7', 'Emin', 'Dmin7', 'G7']"
0807,"['Gmaj', 'Cmaj', 'Cmaj', 'Dmaj', 'Gmaj', 'Gmaj', 'Gmaj', 'Gmaj', 'Gmaj', 'Cmaj', 'Gmaj', 'Cmaj', 'Gmaj', 'Cmaj', 'Fmaj', 'Amin', 'Bmin', 'Cmaj', 'Dmaj', 'Gmaj', 'Gmaj', 'Gmaj', 'Cmaj', 'Gmaj', 'Cmaj', 'Gmaj', 'Cmaj', 'Fmaj', 'Amin', 'Bmin', 'Cmaj', 'Dmaj', 'Amin', 'Bmin', 'Cmaj', 'Dmaj', 'Amin', 'Bmin', 'Cmaj', 'Dmaj', 'Gmaj', 'Gmaj', 'Amin', 'Emin', 'Fmaj', 'Gmaj', 'Amin', 'Cmaj', 'Gmaj', 'Amin', 'Emin', 'Fmaj', 'Gmaj', 'Emin', 'Emin', 'Dmaj', 'Cmaj', 'Gmaj', 'Fmaj', 'Gmaj', 'Cmaj', 'Gmaj', 'Amin', 'Bmin', 'Cmaj', 'Dmaj', 'Emin', 'Dmaj', 'Gmaj', 'Gmaj', 'Cmaj', 'Emin', 'Dmaj', 'Cmaj', 'Gmaj', 'Fmaj', 'Gmaj', 'Cmaj', 'Gmaj', 'Amin', 'Bmin', 'Cmaj', 'Dmaj', 'Emin', 'Dmaj', 'Gmaj', 'Gmaj', 'Cmaj', 'Emin', 'Dmaj', 'Gmaj', 'Cmaj', 'Gmaj', 'Cmaj', 'Gmaj', 'Cmaj', 'Dmaj', 'Cmaj', 'Gmaj', 'Cmaj', 'Gmaj', 'Cmaj', 'Cmaj', 'Gmaj', 'Cmaj', 'Gmaj', 'Fmaj', 'Gmaj', 'Cmaj', 'Gmaj', 'Fmaj']"
0809,"['Amaj', 'Amaj', 'Emaj', 'Amaj', 'Emaj', 'Amaj', 'Dmaj', 'Dmaj', 'Amaj', 'Amaj', 'Amaj', 'Emaj', 'Amaj', 'Emaj', 'Amaj', 'Dmaj', 'Dmaj', 'Amaj', 'Emaj', 'Emaj', 'Dmaj', 'Emaj', 'Amaj', 'Emaj', 'F#min', 'F#min', 'F#min', 'Esus4', 'Emaj', 'F#min', 'Dmaj', 'Amaj', 'Amaj', 'Emaj', 'Amaj', 'Emaj', 'Amaj', 'Dmaj', 'Dmaj', 'Amaj', 'Amaj', 'Amaj', 'Emaj', 'Amaj', 'Emaj', 'Amaj', 'Dmaj', 'Dmaj', 'Amaj', 'Emaj', 'Emaj', 'Dmaj', 'Emaj', 'Amaj', 'Emaj', 'F#min', 'F#min', 'F#min', 'Esus4', 'Emaj', 'F#min', 'Dmaj', 'Amaj', 'Amaj', 'Emaj', 'Amaj', 'Emaj', 'Amaj', 'Dmaj', 'Dmaj', 'Amaj', 'Emaj', 'A7', 'Dmaj', 'Dmaj', 'Amaj', 'Emaj', 'Amaj']"
0810,"['Ab', 'Ab', 'Ab', 'Ab', 'Ab', 'Ab', 'Ab', 'Ab', 'Abmaj', 'Abmaj', 'Abmaj', 'Gbmaj', 'Dbmaj', 'Abmaj', 'Abmaj', 'Abmaj', 'Gbmaj', 'Dbmaj', 'Abmaj', 'Abmaj', 'Abmaj', 'Gbmaj', 'Dbmaj', 'Abmaj', 'Abmaj', 'Abmaj', 'Gbmaj', 'Dbmaj', 'Abmaj', 'Abmaj', 'Abmaj', 'Gbmaj', 'Dbmaj', 'Abmaj', 'Abmaj', 'Abmaj', 'Gbmaj', 'Dbmaj', 'Ebmaj', 'Ebmaj', 'Gb', 'Ebmaj', 'Ebmaj', 'Gb', 'Ebmaj', 'Ebmaj', 'Gb', 'Ebmaj', 'Ebmaj', 'Gb', 'Abmaj', 'Abmaj', 'Gbmaj', 'Dbmaj', 'Abmaj', 'Abmaj', 'Gbmaj', 'Dbmaj', 'Abmaj', 'Abmaj', 'Gbmaj', 'Dbmaj', 'Ebmaj', 'Ebmaj', 'Abmaj', 'Abmaj', 'Abmaj', 'Gbmaj', 'Dbmaj', 'Abmaj', 'Abmaj', 'Abmaj', 'Gbmaj', 'Dbmaj', 'Abmaj', 'Abmaj', 'Abmaj', 'Gbmaj', 'Dbmaj', 'Abmaj', 'Abmaj', 'Abmaj', 'Gbmaj', 'Dbmaj', 'Ebmaj', 'Ebmaj', 'Gb', 'Ebmaj', 'Ebmaj', 'Gb', 'Ebmaj', 'Ebmaj', 'Gb', 'Ebmaj', 'Ebmaj', 'Gb', 'Abmaj', 'Abmaj', 'Gbmaj', 'Dbmaj', 'Abmaj', 'Abmaj', 'Gbmaj', 'Dbmaj', 'Abmaj', 'Abmaj', 'Gbmaj', 'Dbmaj', 'Ebmaj', 'Ebmaj', 'Gb5', 'Gb5', 'G5', 'Dbmaj', 'Dbmaj', 'Abmaj', 'Abmaj', 'Dbmaj', 'Dbmaj', 'Abmaj', 'Dbmaj', 'Abmaj', 'Dbmaj', 'Dbmaj', 'Abmaj', 'Abmaj', 'Ebmaj', 'Ebmaj', 'Abmaj', 'Abmaj', 'Gbmaj', 'Dbmaj', 'Abmaj', 'Abmaj', 'Gbmaj', 'Dbmaj', 'Abmaj', 'Abmaj', 'Gbmaj', 'Dbmaj', 'Ebmaj', 'Ebmaj', 'Gb5', 'Gb5', 'G5', 'Abmaj', 'Abmaj', 'Abmaj', 'Abmaj', 'Abmaj', 'Abmaj', 'Dbmaj', 'Dbmaj', 'Gbmaj', 'Gbmaj', 'Abmaj', 'Abmaj', 'Gbmaj', 'Dbmaj', 'Abmaj', 'Abmaj', 'Gbmaj', 'Dbmaj', 'Abmaj', 'Abmaj', 'Gbmaj', 'Dbmaj', 'Abmaj', 'Abmaj', 'Gbmaj', 'Dbmaj', 'Abmaj', 'Abmaj', 'Gbmaj', 'Dbmaj', 'Abmaj', 'Abmaj', 'Gbmaj', 'Dbmaj', 'Abmaj', 'Abmaj', 'Gbmaj', 'Dbmaj', 'Abmaj', 'Abmaj', 'Gbmaj', 'Dbmaj', 'Abmaj']"
0811,"['Bbmin7', 'Ebmin7', 'Bbmin7', 'Bbmin7', 'Bbmin7', 'Ebmin7', 'Bbmin7', 'Bbmin7', 'Bbmin7', 'Ebmin7', 'Bbmin7', 'Bbmin7', 'Bbmin7', 'Ebmin7', 'Bbmin7', 'Bbmin7', 'Bbmin7', 'Ebmin7', 'Bbmin7', 'Bbmin7', 'Ebmin7', 'Dbmaj', 'Ebmin', 'Eb7', 'Absus4', 'Ab7', 'Ebmin7', 'Dbmaj', 'Ebmin', 'Eb7', 'Absus4', 'F7', 'F7', 'Bbmin7', 'Ebmin7', 'Bbmin7', 'Bbmin7', 'Bbmin7', 'Ebmin7', 'Bbmin7', 'Bbmin7', 'Ebmin7', 'Dbmaj', 'Ebmin', 'Eb7', 'Absus4', 'Ab7', 'Ebmin7', 'Dbmaj', 'Ebmin', 'Eb7', 'Absus4', 'F7', 'F7', 'Bbmin7', 'Bbmin7', 'Ebmin7', 'Dbmaj', 'Abmaj', 'Fmin7', 'Bbmin7', 'Bbmin7', 'Bbmin7', 'Ebmin7', 'Dbmaj', 'Abmaj', 'Fmin7', 'Bbmin7', 'Cbmaj7', 'Bbmin7', 'Cbmaj7', 'Bbmin7', 'Cbmaj7', 'Bbmin7', 'Abmaj', 'Gbmaj7', 'F7', 'Bbmin7', 'Ebmin7', 'Bbmin7', 'Bbmin7', 'Bbmin7', 'Ebmin7', 'Bbmin7', 'Bbmin7', 'Bbmin7', 'Ebmin7', 'Bbmin7', 'Bbmin7', 'Ebmin7', 'Dbmaj', 'Ebmin', 'Eb7', 'Absus4', 'Ab7', 'Ebmin7', 'Dbmaj', 'Ebmin', 'Eb7', 'Absus4', 'F7', 'F7', 'Bbmin7', 'Bbmin7', 'Ebmin7', 'Dbmaj', 'Abmaj', 'Fmin7', 'Bbmin7', 'Bbmin7', 'Bbmin7', 'Ebmin7', 'Dbmaj', 'Abmaj', 'Fmin7', 'Bbmin7', 'Bbmin7', 'Bbmin7', 'Ebmin7', 'Dbmaj', 'Abmaj', 'Fmin7', 'Bbmin7', 'Bbmin7', 'Bbmin7', 'Ebmin7', 'Dbmaj', 'Abmaj', 'Fmin7', 'Bbmin7', 'Bbmin7', 'Bbmin7', 'Ebmin7', 'Dbmaj', 'Abmaj', 'Fmin7', 'Bbmin7', 'Bbmin7', 'Bbmin7', 'Ebmin7', 'Dbmaj', 'Abmaj', 'Fmin7', 'Bbmin7', 'Bbmin7', 'Bbmin7', 'Ebmin7', 'Dbmaj', 'Abmaj', 'Fmin7', 'Bbmin7']"
0812,"['Amin', 'Amin', 'Gmaj', 'Amin', 'Amin', 'Amin', 'Gmaj', 'Amin', 'Amin', 'Amin', 'Gmaj', 'Amin', 'Amin', 'Amin', 'Gmaj', 'Amin', 'Amin', 'Amin', 'Gmaj', 'Amin', 'Amin', 'Amin', 'Gmaj', 'Amin', 'Amin', 'Amin', 'Gmaj', 'Amin', 'Amin', 'Amin', 'Gmaj', 'Amin', 'Amin', 'Amin', 'Gmaj', 'Amin', 'Amin', 'Amin', 'Gmaj', 'Amin', 'Amin', 'Amin', 'Gmaj', 'Amin', 'Amin', 'Amin', 'Gmaj', 'Amin', 'Amin', 'Amin', 'Gmaj', 'Amin', 'Amin', 'Amin', 'Gmaj', 'Amin', 'Amin', 'Amin', 'Gmaj', 'Amin', 'Amin', 'Amin', 'Gmaj', 'Amin', 'Fmaj', 'Gmaj', 'Amin7', 'Fmaj', 'Gmaj', 'Amin7', 'Fmaj', 'Gmaj', 'Amin7', 'Amin', 'Amin', 'Amin', 'Amaj', 'Amin', 'Amin', 'Gmaj', 'Amin', 'Amin', 'Amin', 'Gmaj', 'Amin', 'Amin', 'Amin', 'Gmaj', 'Amin', 'Amin', 'Amin', 'Gmaj', 'Amin', 'Amin', 'Amin', 'Gmaj', 'Amin', 'Amin', 'Amin', 'Gmaj', 'Amin', 'Amin', 'Amin', 'Gmaj', 'Amin', 'Amin', 'Amin', 'Gmaj', 'Amin', 'Amin', 'Amin', 'Gmaj', 'Amin', 'Amin', 'Amin', 'Gmaj', 'Amin', 'Amin', 'Amin', 'Gmaj', 'Amin', 'Amin', 'Amin', 'Gmaj', 'Amin', 'Amin', 'Amin', 'Gmaj', 'Amin', 'Amin', 'Amin', 'Gmaj', 'Amin', 'Amin', 'Amin', 'Gmaj', 'Amin', 'Amin', 'Amin', 'Gmaj', 'Amin', 'Fmaj', 'Gmaj', 'Amin7', 'Fmaj', 'Gmaj', 'Amin7', 'Fmaj', 'Gmaj', 'Amin7', 'Amin', 'Amin', 'Amin', 'Amaj', 'Amin', 'Amin', 'Gmaj', 'Amin', 'Amin', 'Amin', 'Gmaj', 'Amin', 'Amin', 'Amin', 'Gmaj', 'Amin', 'Amin', 'Amin', 'Gmaj', 'Amin', 'Amin', 'Amin', 'Gmaj', 'Amin', 'Amin', 'Amin', 'Gmaj', 'Amin', 'Amin', 'Amin', 'Gmaj', 'Amin', 'Amin', 'Amin', 'Gmaj', 'Amin', 'Amin', 'Amin', 'Gmaj', 'Amin', 'Amin', 'Amin', 'Gmaj', 'Amin', 'Amin', 'Amin', 'Gmaj', 'Amin', 'Amin', 'Amin', 'Gmaj', 'Amin', 'Amin', 'Amin', 'Gmaj', 'Amin', 'Amin', 'Amin', 'Gmaj', 'Amin', 'Amin', 'Amin', 'Gmaj', 'Amin', 'Amin', 'Amin', 'Gmaj', 'Amin']"
0813,"['Fmin', 'Fmin', 'Gbmaj', 'Gbmaj', 'Emaj', 'Emaj', 'Cmaj', 'Cmaj', 'Fmaj', 'Cmaj7', 'Fmaj', 'Emin7', 'Amin7', 'Fmaj', 'Cmaj7', 'Fmaj', 'Emin7', 'Amin7', 'Emin7', 'Amin7', 'Dmin7', 'Gmaj', 'Csus4', 'Cmaj', 'Csus4', 'Cmaj', 'Fmin', 'Cmaj', 'Fmin', 'Cmaj', 'Fmin', 'Fmin', 'Gbmaj', 'Gbmaj', 'Emaj', 'Emaj', 'Cmaj', 'Cmaj', 'Fmin', 'Fmin', 'Gbmaj', 'Gbmaj', 'Emaj', 'Emaj', 'Cmaj', 'Cmaj', 'Fmaj', 'Cmaj7', 'Fmaj', 'Emin7', 'Amin7', 'Fmaj', 'Cmaj7', 'Fmaj', 'Emin7', 'Amin7', 'Emin7', 'Amin7', 'Dmin7', 'Gmaj', 'Csus4', 'Cmaj', 'Csus4', 'Cmaj', 'Fmin', 'Cmaj', 'Fmin', 'Cmaj', 'Fmin', 'Fmin', 'Gbmaj', 'Gbmaj', 'Emaj', 'Emaj', 'Cmaj', 'Cmaj', 'Fmin', 'Fmin', 'Gbmaj', 'Gbmaj', 'Emaj', 'Emaj', 'Cmaj', 'Cmaj', 'G7', 'G7', 'G7', 'G7', 'G7', 'G7', 'G7', 'G7', 'Fmin', 'Fmin', 'Gbmaj', 'Gbmaj', 'Emaj', 'Emaj', 'Cmaj', 'Cmaj', 'Fmin', 'Fmin', 'Gbmaj', 'Gbmaj', 'Emaj', 'Emaj', 'Cmaj', 'Cmaj']"
0814,"['C#min', 'C#min', 'C#min', 'C#min', 'G#maj', 'C#min', 'Emaj', 'Emaj', 'C#min', 'C#min', 'C#min', 'C#min', 'Emaj', 'Emaj', 'Emaj', 'C#min', 'C#min', 'C#min', 'Amaj', 'Amaj', 'Emaj', 'Emaj', 'Emaj', 'Emaj', 'C#min', 'C#min', 'Amaj', 'Emaj', 'Emaj', 'Emaj', 'Emaj', 'Emaj', 'Emaj', 'C#min', 'C#min', 'C#min', 'C#min', 'Emaj', 'Emaj', 'Emaj', 'C#min', 'C#min', 'C#min', 'Amaj', 'Amaj', 'Emaj', 'Emaj', 'Emaj', 'Emaj', 'C#min', 'C#min', 'Amaj', 'Emaj', 'Emaj', 'Emaj', 'Emaj', 'Emaj', 'Emaj', 'C#min', 'C#min', 'C#min', 'C#min', 'Emaj', 'Emaj', 'Emaj', 'C#min', 'C#min', 'C#min', 'Amaj', 'Amaj', 'Emaj', 'Emaj', 'Emaj', 'Emaj', 'C#min', 'C#min', 'Amaj', 'Emaj', 'Emaj', 'Emaj', 'Emaj', 'Emaj', 'Emaj', 'C#min', 'C#min', 'C#min', 'C#min', 'Emaj', 'Emaj', 'Emaj', 'C#min', 'C#min', 'C#min', 'Amaj', 'Amaj', 'Emaj', 'Emaj', 'Emaj', 'Emaj', 'C#min', 'C#min', 'Amaj', 'Emaj', 'Emaj', 'Emaj', 'Emaj', 'Emaj', 'Emaj', 'C#min', 'C#min', 'C#min', 'C#min', 'Emaj', 'Emaj', 'Emaj', 'C#min', 'C#min', 'C#min', 'C#min', 'Amaj', 'Amaj', 'Emaj', 'Emaj', 'Emaj', 'Emaj', 'C#min', 'C#min', 'Amaj', 'Emaj', 'Emaj', 'Emaj', 'Emaj', 'Emaj', 'Emaj', 'C#min', 'C#min', 'C#min', 'C#min', 'Emaj', 'Emaj', 'Emaj', 'C#min', 'C#min', 'C#min', 'Amaj', 'Amaj', 'Emaj', 'Emaj', 'Emaj', 'Emaj', 'C#min', 'C#min', 'Amaj', 'Emaj', 'Emaj', 'Emaj', 'Emaj', 'Emaj', 'Emaj', 'C#min', 'C#min', 'C#min', 'C#min', 'Emaj', 'Emaj', 'Emaj', 'C#min', 'C#min', 'C#min', 'Amaj', 'Amaj', 'Emaj', 'Emaj', 'Emaj', 'Emaj', 'C#min', 'C#min', 'Amaj', 'Emaj', 'Emaj', 'Emaj', 'Emaj', 'Emaj', 'Emaj', 'C#min', 'C#min', 'C#min', 'C#min', 'Emaj', 'Emaj', 'Emaj', 'C#min', 'C#min', 'C#min', 'Amaj', 'Amaj', 'Emaj', 'Emaj', 'Emaj', 'Emaj', 'C#min', 'C#min', 'Amaj', 'Emaj', 'Emaj', 'Emaj', 'Emaj', 'Amaj', 'Amaj', 'Emaj', 'Emaj', 'Emaj', 'Emaj', 'C#min', 'C#min', 'Amaj', 'Emaj', 'Emaj', 'Emaj', 'Emaj', 'C#min', 'C#min', 'C#min', 'C#min']"
0816,"['Abmaj', 'Fmin', 'Dbmaj', 'Ebmaj', 'Dbmaj', 'Abmaj', 'Ab', 'Abmaj7', 'Abmaj7', 'Dbmaj', 'Dbmaj', 'Dbmaj', 'Dbmaj', 'Abmaj', 'Fmin', 'Dbmaj', 'Ebmaj', 'Abmaj', 'Ab', 'Abmaj7', 'Abmaj7', 'Dbmaj', 'Dbmaj', 'Dbmaj', 'Dbmaj', 'Abmaj7', 'Fmin', 'Dbmaj', 'C7', 'Fmin', 'Bbmin', 'G', 'C7', 'Fmin', 'Bbmin', 'Bbmin7', 'Eb7', 'Abmaj7', 'Ab', 'Abmaj7', 'Ab7', 'Bbmin', 'F7', 'Bbmin7', 'Cmin7', 'Dbmaj7', 'Eb7', 'Abmaj7', 'Fmin', 'Bbmin', 'Ebmaj', 'Dbmaj', 'Abmaj']"
0818,"['Cmaj', 'Gmaj', 'Dmaj', 'Dmaj', 'Dmaj', 'Dmaj', 'Dmaj', 'Gmaj', 'Gmaj', 'Gmaj', 'Gmaj', 'Gmaj', 'Gmaj', 'Dmaj', 'Dmaj', 'Cmaj', 'Dmaj', 'Cmaj', 'Gmaj', 'Amaj', 'Amaj', 'F#min', 'F#', 'Amaj', 'Amaj', 'F#min', 'F#', 'Amaj', 'Amaj', 'F#min', 'F#', 'Amaj', 'Amaj', 'F#min', 'F#', 'Cmaj', 'Gmaj', 'Dmaj', 'Dmaj', 'Dmaj', 'Dmaj', 'Dmaj', 'Gmaj', 'Gmaj', 'Gmaj', 'Gmaj', 'Gmaj', 'Gmaj', 'Dmaj', 'Dmaj', 'Cmaj', 'Dmaj', 'Cmaj', 'Gmaj', 'Amaj', 'Amaj', 'F#min', 'F#', 'Amaj', 'Amaj', 'F#min', 'F#', 'Amaj', 'Amaj', 'F#min', 'F#', 'Amaj', 'Amaj', 'F#min', 'F#', 'Cmaj', 'Gmaj', 'Dmaj', 'Dmaj', 'Dmaj', 'Dmaj', 'F#min', 'F#', 'Amaj', 'Amaj', 'F#min', 'F#', 'Amaj', 'Amaj', 'F#min', 'F#', 'Amaj', 'Amaj', 'F#min', 'F#', 'Amaj', 'Amaj', 'F#min', 'F#', 'Amaj', 'Amaj', 'F#min', 'F#', 'Cmaj', 'Gmaj', 'Cmaj', 'A5', 'E5']"
0819,"['Bbsus4', 'Bbsus4', 'Bsus4', 'Bsus4', 'Emaj7', 'Emaj7', 'C#min7', 'C#min7', 'F#min7', 'F#min7', 'Bsus4', 'Bsus4', 'Emaj7', 'Emaj7', 'C#min7', 'C#min7', 'F#min7', 'F#min7', 'Bsus4', 'Bsus4', 'Emaj7', 'Emaj7', 'C#min7', 'C#min7', 'F#min7', 'F#min7', 'Bsus4', 'Bsus4', 'Emaj7', 'Emaj7', 'C#min7', 'C#min7', 'F#min7', 'F#min7', 'Bsus4', 'Bsus4', 'Emaj7', 'Emaj7', 'C#min7', 'C#min7', 'F#min7', 'F#min7', 'Bsus4', 'Bsus4', 'Fmaj7', 'Fmaj7', 'Dmin7', 'Dmin7', 'Gmin7', 'Gmin7', 'Csus4', 'Csus4', 'Fmin7', 'Fmin7', 'Bmin7', 'Bmin7']"
0821,"['Abmaj', 'Ebmaj', 'Dbmaj', 'Abmaj', 'Ebmaj', 'Dbmaj', 'Abmaj', 'Ebmaj', 'Dbmaj', 'Ebmaj', 'Abmaj', 'Ebmaj', 'Dbmaj', 'Ebmaj', 'Abmaj', 'Ebmaj', 'Dbmaj', 'Ebmaj', 'Abmaj', 'Ebmaj', 'Dbmaj', 'Ebmaj', 'Fmin', 'Abmaj', 'Bbmin', 'Dbmaj', 'Ebmaj', 'Dbmaj', 'Ebmaj', 'Abmaj', 'Ebmaj', 'Dbmaj', 'Ebmaj', 'Abmaj', 'Ebmaj', 'Dbmaj', 'Ebmaj', 'Abmaj', 'Ebmaj', 'Fmin', 'Dbmaj', 'Abmaj', 'Ebmaj', 'Dbmaj', 'Abmaj', 'Ebmaj', 'Dbmaj', 'Ebmaj', 'Abmaj', 'Ebmaj', 'Dbmaj', 'Ebmaj', 'Abmaj', 'Ebmaj', 'Dbmaj', 'Ebmaj', 'Abmaj', 'Ebmaj', 'Dbmaj', 'Ebmaj', 'Abmaj', 'Ebmaj', 'Dbmaj', 'Ebmaj', 'Fmin', 'Abmaj', 'Bbmin', 'Dbmaj', 'Ebmaj', 'Dbmaj', 'Ebmaj', 'Abmaj', 'Ebmaj', 'Dbmaj', 'Ebmaj', 'Abmaj', 'Ebmaj', 'Dbmaj', 'Ebmaj', 'Abmaj', 'Ebmaj', 'Fmin', 'Dbmaj', 'Abmaj', 'Ebmaj', 'Dbmaj', 'Ebmaj', 'Abmaj', 'Ebmaj', 'Dbmaj', 'Ebmaj', 'Abmaj', 'Ebmaj', 'Dbmaj', 'Ebmaj', 'Fmin', 'Abmaj', 'Bbmin', 'Dbmaj', 'Ebmaj', 'Dbmaj', 'Dbmaj', 'Abmaj', 'Ebmaj', 'Dbmaj', 'Ebmaj', 'Abmaj', 'Ebmaj', 'Dbmaj', 'Ebmaj', 'Abmaj', 'Ebmaj', 'Fmin', 'Dbmaj', 'Abmaj', 'Ebmaj', 'Dbmaj', 'Abmaj', 'Ebmaj', 'Dbmaj', 'Ebmaj', 'Abmaj', 'Ebmaj', 'Dbmaj', 'Ebmaj', 'Abmaj', 'Ebmaj', 'Dbmaj', 'Ebmaj', 'Abmaj']"
0822,"['E7', 'Amaj', 'Amaj7', 'A', 'Amaj', 'E7', 'E7', 'Amaj', 'Asus4', 'Amaj', 'Amaj', 'Amaj', 'A7', 'Dmaj', 'Amaj', 'E7', 'Amaj', 'E7', 'Amaj', 'Amaj7', 'A', 'Amaj', 'E7', 'E7', 'Amaj', 'Asus4', 'Amaj', 'Amaj', 'Amaj', 'A7', 'Dmaj', 'Amaj', 'E7', 'Amaj', 'Amaj', 'Amaj', 'Amaj7', 'A', 'Amaj', 'E7', 'E7', 'Amaj', 'Asus4', 'Amaj', 'Amaj', 'Amaj', 'A7', 'Dmaj', 'Amaj', 'E7', 'Amaj', 'E7', 'Amaj', 'Amaj7', 'A', 'Amaj', 'E7', 'E7', 'Amaj', 'Asus4', 'Amaj', 'Amaj', 'Amaj', 'A7', 'Dmaj', 'Amaj', 'E7', 'Amaj', 'E7', 'Amaj']"
0823,"['E', 'C#', 'A', 'A', 'C', 'B', 'Emaj', 'C#min7', 'Amaj9', 'Amaj9', 'Cmaj7', 'Bsus4', 'Emaj', 'C#min7', 'Amaj9', 'Amaj9', 'Cmaj7', 'Bsus4', 'Emaj', 'C#min7', 'Amaj9', 'Cmaj7', 'Dsus4', 'Esus4', 'Amin7', 'Bmin7', 'Dsus4', 'Esus4', 'Amin7', 'Bmin7', 'Emaj', 'C#min7', 'Amaj9', 'Amaj9', 'Cmaj7', 'Bsus4', 'Emaj', 'C#min7', 'Amaj9', 'Amaj9', 'Cmaj7', 'Bsus4', 'Emaj', 'C#min7', 'Amaj9', 'Amaj9', 'Cmaj7', 'Bsus4', 'Emaj', 'C#min7', 'Amaj9', 'Cmaj7', 'Dsus4', 'Esus4', 'Amin7', 'Bmin7', 'Dsus4', 'Esus4', 'Amin7', 'Bmin7', 'Emaj', 'C#min7', 'Amaj9', 'Amaj9', 'Cmaj7', 'Bsus4', 'Emaj', 'C#min7', 'Amaj9', 'Amaj9', 'Cmaj7', 'Bsus4', 'Emaj', 'C#min7', 'Amaj9', 'Amaj9', 'Cmaj7', 'Bsus4', 'Emaj', 'C#min7', 'Amaj9', 'Cmaj7', 'Dsus4', 'Esus4', 'Amin7', 'Bmin7', 'Dsus4', 'Esus4', 'Amin7', 'Bmin7', 'Emaj', 'C#min7', 'Amaj9', 'Amaj9', 'Cmaj7', 'Bsus4', 'Emaj', 'C#min7', 'Amaj9', 'Amaj9', 'Cmaj7', 'Bsus4', 'Emaj', 'C#min7', 'Amaj9', 'Amaj9', 'Cmaj7', 'Bsus4', 'Emaj', 'C#min7', 'Amaj9', 'Amaj9', 'Cmaj7', 'Bsus4', 'Emaj', 'C#min7', 'Amaj9', 'Amaj9', 'Cmaj7', 'Bsus4', 'Emaj', 'C#min7', 'Amaj9', 'Amaj9', 'Cmaj7', 'Bsus4', 'Emaj', 'C#min7', 'Amaj9', 'Amaj9', 'Cmaj7', 'Bsus4']"
0824,"['Emin', 'Bmin', 'Cmaj7', 'B7', 'Emin', 'B7', 'B7', 'B7', 'Emin', 'Bmin', 'Cmaj7', 'B7', 'Emin', 'Amin7', 'Emin', 'Emin', 'Bmin', 'Cmaj7', 'B7', 'Emin', 'B7', 'B7', 'B7', 'Emin', 'Bmin', 'Cmaj7', 'B7', 'Emin', 'Amin7', 'Emin', 'Emin', 'Amin7', 'Emin', 'Gmaj', 'Bb', 'Cmaj', 'Gmaj', 'Gmaj', 'Bb', 'Cmaj', 'Gmaj', 'Gmaj', 'Bb', 'Cmaj', 'Gmaj', 'Gmaj', 'Bb', 'Cmaj', 'Gmaj', 'Gmaj', 'Emin', 'Bmin', 'Cmaj7', 'B7', 'Emin', 'B7', 'B7', 'B7', 'Emin', 'Bmin', 'Cmaj7', 'B7', 'Emin', 'Amin7', 'Emin', 'Emin', 'Bmin', 'Cmaj7', 'B7', 'Emin', 'B7', 'B7', 'B7', 'Emin', 'Bmin', 'Cmaj7', 'B7', 'Emin', 'Amin7', 'Emin', 'Emin', 'Amin7', 'Emin', 'Gmaj', 'Bb', 'Cmaj', 'Gmaj', 'Gmaj', 'Bb', 'Cmaj', 'Gmaj', 'Gmaj', 'Bb', 'Cmaj', 'Gmaj', 'Gmaj', 'Bb', 'Cmaj']"
0827,"['Cmaj', 'Fmaj', 'Dmin', 'Dmin', 'G7', 'Cmaj', 'Fmaj', 'Dmin', 'Dmin', 'G7', 'Cmaj', 'Fmaj', 'Dmin', 'Dmin', 'G7', 'Cmaj', 'Fmaj', 'Dmin', 'Dmin', 'G7', 'Cmaj', 'Fmaj', 'Dmin', 'Dmin', 'G7', 'Cmaj', 'Fmaj', 'Dmin', 'Dmin', 'G7', 'Cmaj', 'Fmaj', 'Dmin', 'Dmin', 'G7', 'Cmaj', 'Fmaj', 'Dmin', 'Dmin', 'G7', 'Cmaj', 'Fmaj', 'Dmin', 'Dmin', 'G7', 'Cmaj', 'Fmaj', 'Dmin', 'Dmin', 'G7', 'Cmaj', 'Fmaj', 'Dmin', 'Dmin', 'G7', 'Cmaj', 'Fmaj', 'Dmin', 'Dmin', 'G7', 'Cmaj', 'Fmaj', 'Dmin', 'Dmin', 'G7', 'Cmaj', 'Fmaj', 'Dmin', 'Dmin', 'G7', 'Cmaj', 'Fmaj', 'Dmin', 'Dmin', 'G7', 'Cmaj', 'Fmaj', 'Dmin', 'Dmin', 'G7', 'Cmaj', 'Fmaj', 'Dmin', 'Dmin', 'G7', 'Cmaj', 'Fmaj', 'Dmin', 'Dmin', 'G7', 'Cmaj', 'Fmaj', 'Dmin', 'Dmin', 'G7', 'Cmaj', 'Fmaj', 'Dmin', 'Dmin', 'G7', 'Cmaj', 'Fmaj', 'Dmin', 'Dmin', 'G7', 'Cmaj', 'Fmaj', 'Dmin', 'Dmin', 'G7']"
0828,"['Amaj', 'Amaj', 'Cmaj', 'Cmaj', 'Amaj', 'Amaj', 'Cmaj', 'Cmaj', 'Amaj', 'Amaj', 'Cmaj', 'Cmaj', 'Amaj', 'Amaj', 'Cmaj', 'Cmaj', 'Amaj', 'Amaj', 'Cmaj', 'Cmaj', 'Amaj', 'Amaj', 'Cmaj', 'Cmaj', 'Amaj', 'Amaj', 'Cmaj', 'Cmaj', 'Amaj', 'Emaj', 'Emaj', 'Emaj', 'Emaj', 'Emaj', 'Dmaj', 'Dmaj', 'Emaj', 'Emaj', 'Amaj', 'Cmaj', 'Bmaj', 'Bbmaj', 'Amaj', 'Cmaj', 'Bmaj', 'Bbmaj', 'Amaj', 'Cmaj', 'Bmaj', 'Bbmaj', 'Bmaj', 'Emaj', 'Emaj', 'Emaj', 'Emaj', 'Dmaj', 'Dmaj', 'Emaj', 'Emaj', 'Amaj', 'Cmaj', 'Bmaj', 'Bbmaj', 'Amaj', 'Cmaj', 'Bmaj', 'Bbmaj', 'Amaj', 'Cmaj', 'Bmaj', 'Bbmaj', 'Bmaj', 'Emaj', 'Emaj', 'Emaj', 'Emaj', 'C#min', 'Amaj', 'F#maj', 'Emaj', 'C#min', 'Amaj', 'F#maj', 'Bsus4', 'Bmaj', 'Bmaj', 'Bmaj', 'Amaj', 'Amaj', 'Cmaj', 'Cmaj', 'Amaj', 'Amaj', 'Cmaj', 'Cmaj', 'Amaj', 'Amaj', 'Cmaj', 'Cmaj', 'Amaj', 'Emaj', 'A', 'E', 'A', 'E', 'A', 'E', 'A', 'Emaj', 'Amaj', 'Cmaj', 'Bmaj', 'Bbmaj', 'Amaj', 'Cmaj', 'Bmaj', 'Bbmaj', 'Amaj', 'Cmaj', 'Bmaj', 'Bbmaj', 'Bmaj', 'Emaj', 'Emaj', 'Emaj', 'Emaj', 'Dmaj', 'Dmaj', 'Emaj', 'Emaj', 'Dmaj', 'Dmaj', 'Emaj', 'Emaj', 'Emaj', 'Emaj', 'Amaj', 'Amaj', 'Cmaj', 'Cmaj', 'Amaj', 'Amaj', 'Cmaj', 'Cmaj', 'Amaj', 'Amaj', 'Bmaj', 'Bmaj', 'Bmaj', 'Bmaj', 'Bmaj', 'Bmaj']"
0830,"['D7', 'D7', 'Gmaj', 'Gmaj', 'D7', 'D7', 'Gmaj', 'Gmaj', 'D7', 'D7', 'Gmaj', 'Gmaj', 'D7', 'D7', 'Gmaj', 'Gmaj', 'D7', 'D7', 'Gmaj', 'Gmaj', 'D7', 'D7', 'Gmaj', 'Gmaj', 'D7', 'D7', 'Gmaj', 'Gmaj', 'Bmin', 'Bmin', 'Gmaj', 'Amaj', 'Dmaj', 'Dmaj', 'Gmaj', 'Gmaj', 'Dmaj', 'Dmaj', 'Gmaj', 'Gmaj', 'Bmin', 'Bmin', 'Amaj', 'Gmaj', 'Bmin', 'Bmin', 'Gmaj', 'Amaj', 'Dmaj', 'Dmaj', 'Gmaj', 'Gmaj', 'Dmaj', 'Dmaj', 'Gmaj', 'Gmaj', 'Bmin', 'Bmin', 'Gmaj', 'Amaj', 'Dmaj', 'Dmaj', 'Gmaj', 'Gmaj', 'Dmaj', 'Dmaj', 'Gmaj', 'Gmaj', 'Bmin', 'Bmin', 'Amaj', 'Gmaj', 'Bmin', 'Bmin', 'Gmaj', 'Amaj', 'Dmaj', 'Dmaj', 'Gmaj', 'Gmaj', 'Dmaj', 'Dmaj', 'Gmaj', 'Gmaj', 'Dmaj', 'Dmaj', 'Gmaj', 'Gmaj', 'Dmaj', 'Dmaj', 'Gmaj', 'Gmaj', 'Bmin', 'Bmin', 'Amaj', 'Gmaj', 'Bmin', 'Bmin', 'Gmaj', 'Amaj', 'Dmaj', 'Dmaj', 'Gmaj', 'Gmaj', 'Dmaj', 'Dmaj', 'Gmaj', 'Gmaj', 'Bmin', 'Bmin', 'Amaj', 'Gmaj', 'Bmin', 'Bmin', 'Gmaj', 'Amaj', 'Dmaj']"
0831,"['Fmaj7', 'Fmaj7', 'Cmaj7', 'Amin7', 'Fmaj7', 'Fmaj7', 'Cmaj7', 'Amin7', 'Dmin7', 'G', 'Cmaj7', 'Amin7', 'Dmin7', 'G', 'Cmaj7', 'Gmin7', 'C7', 'Fmaj7', 'Emin7', 'Fmaj7', 'Gsus4', 'Fmaj7', 'Fmaj7', 'Cmaj7', 'Amin7', 'Fmaj7', 'Fmaj7', 'Cmaj7', 'Emin9', 'Asus4', 'A7', 'Fmaj7', 'Emin7', 'Fmaj7', 'Gsus4', 'Dmin7', 'G', 'Cmaj7', 'Amin7', 'Dmin7', 'G', 'Cmaj7', 'Gmin7', 'C7', 'Fmaj7', 'Emin7', 'Fmaj7', 'Gsus4', 'Fmaj7', 'Fmaj7', 'Cmaj7', 'Amin7', 'Fmaj7', 'Fmaj7', 'Cmaj7', 'Emin9', 'Asus4', 'A7', 'Fmaj7', 'Fmaj7', 'Cmaj7', 'Amin7', 'Fmaj7', 'Fmaj7', 'Cmaj7', 'Emin9', 'Asus4', 'A7', 'Dmin7', 'G', 'Cmaj7', 'Amin7', 'Dmin7', 'G', 'Cmaj7', 'Gmin7', 'C7', 'Fmaj7', 'Emin7', 'Fmaj7', 'Gsus4', 'Fmaj7', 'Fmaj7', 'Cmaj7', 'Amin7', 'Fmaj7', 'Fmaj7', 'Cmaj7', 'Emin9', 'Asus4', 'A7', 'Fmaj7', 'Fmaj7', 'Cmaj7', 'Amin7', 'Fmaj7', 'Fmaj7', 'Cmaj7', 'Emin9', 'Asus4', 'A7', 'Fmaj7', 'Fmaj7', 'Cmaj7', 'Amin7']"
0832,"['Gmaj', 'Esus4', 'Emin', 'Amin7', 'D', 'D7', 'Bmin7', 'Emin7', 'Amin7', 'Dsus4', 'Gmaj', 'F#sus4', 'B7', 'Emin', 'Dmin7', 'G7', 'Cmaj', 'D7', 'Bmin7', 'Dsus4', 'Gmaj', 'F#sus4', 'B7', 'Emin', 'Dmin7', 'G7', 'Cmaj', 'Gmaj', 'Amin7', 'Dsus4', 'Gmaj', 'Esus4', 'Emin', 'Amin7', 'D', 'Dmaj', 'Bmin7', 'Emin7', 'Amin7', 'Dsus4', 'D7', 'Bmin7', 'E7', 'Amin7', 'Dmaj', 'D7', 'Bmin7', 'E7', 'Cmaj9', 'Amin9', 'Dsus4', 'Gmaj', 'Esus4', 'Emin7', 'Csus4', 'Cmaj', 'Dsus4', 'Gmaj', 'F#sus4', 'B7', 'Emin', 'Dmin7', 'G7', 'Cmaj', 'D7', 'Bmin7', 'Dsus4', 'Gmaj', 'F#sus4', 'B7', 'Emin', 'Dmin7', 'G7', 'Cmaj', 'Gmaj', 'Amin7', 'Dsus4', 'Gmaj', 'Esus4', 'Emin', 'Amin7', 'D', 'Dmaj', 'Bmin7', 'Emin7', 'Amin7', 'Dsus4', 'D7', 'Bmin7', 'E7', 'Amin7', 'Dmaj', 'D7', 'Bmin7', 'E7', 'Cmaj9', 'Amin9', 'Dsus4', 'Gmaj', 'Eb', 'Ab', 'Abmaj', 'Fsus4', 'Fmin', 'Bbmin7', 'Eb', 'Ebmaj', 'Cmin7', 'Fmin7', 'Bbmin7', 'Ebsus4', 'Eb7', 'Cmin7', 'F7', 'Bbmin7', 'Ebmaj', 'Eb7', 'Cmin7', 'F7', 'Dbmaj9', 'Bbmin9', 'Ebsus4', 'Abmaj', 'Fsus4', 'Fmin', 'Bbmin7', 'Eb', 'Ebmaj', 'Cmin7', 'Fmin7', 'Bbmin7', 'Ebsus4', 'Eb7', 'Cmin7', 'F7', 'Bbmin7', 'Ebmaj', 'Eb7', 'Cmin7', 'F7', 'Dbmaj9', 'Bbmin9', 'Ebsus4', 'Abmaj', 'Fsus4', 'Fmin', 'Bbmin7', 'Eb', 'Ebmaj', 'Cmin7', 'Fmin7', 'Bbmin7', 'Ebsus4', 'Eb7', 'Cmin7', 'F7', 'Bbmin7', 'Ebmaj', 'Eb7', 'Cmin7', 'F7', 'Dbmaj9', 'Bbmin9', 'Ebsus4', 'Abmaj', 'Fsus4', 'Fmin', 'Bbmin7', 'Eb', 'Ebmaj', 'Cmin7', 'Fmin7', 'Bbmin7', 'Ebsus4', 'Eb7', 'Cmin7', 'F7', 'Bbmin7', 'Ebmaj', 'Eb7', 'Cmin7', 'F7', 'Dbmaj9', 'Bbmin9', 'Ebsus4']"
0833,"['Fmaj', 'Cmaj', 'Bbmaj', 'Cmaj', 'Fmaj', 'Cmaj', 'Bbmaj', 'Cmaj', 'Fmaj', 'Cmaj', 'Bbmaj', 'Cmaj', 'Fmaj', 'Cmaj', 'Bbmaj', 'Cmaj', 'Fmaj', 'Csus4', 'Bbmaj', 'Csus4', 'Fmaj', 'Csus4', 'Bbmaj', 'Csus4', 'Fmaj', 'Csus4', 'Bbmaj', 'Csus4', 'Fmaj', 'Csus4', 'Bbmaj', 'Csus4', 'Fmaj', 'Csus4', 'Bbmaj', 'Csus4', 'Fmaj', 'Csus4', 'Bbmaj', 'Csus4', 'Fmaj', 'Csus4', 'Bbmaj', 'Csus4', 'Fmaj', 'Csus4', 'Bbmaj', 'Csus4', 'Fmaj', 'Cmaj', 'Bbmaj', 'Cmaj', 'Fmaj', 'Cmaj', 'Bbmaj', 'Cmaj', 'Fmaj', 'Cmaj', 'Bbmaj', 'Cmaj', 'Fmaj', 'Cmaj', 'Bbmaj', 'Cmaj', 'Fmaj', 'Csus4', 'Bbmaj', 'Csus4', 'Fmaj', 'Csus4', 'Bbmaj', 'Csus4', 'Fmaj', 'Csus4', 'Bbmaj', 'Csus4', 'Fmaj', 'Csus4', 'Bbmaj', 'Csus4', 'Fmaj', 'Csus4', 'Bbmaj', 'Csus4', 'Fmaj', 'Csus4', 'Bbmaj', 'Csus4', 'Fmaj', 'Csus4', 'Bbmaj', 'Csus4', 'Fmaj', 'Csus4', 'Bbmaj', 'Csus4', 'Fmaj', 'Cmaj', 'Bbmaj', 'Cmaj', 'Fmaj', 'Cmaj', 'Bbmaj', 'Cmaj', 'Fmaj', 'Cmaj', 'Bbmaj', 'Cmaj', 'Fmaj', 'Cmaj', 'Bbmaj', 'Cmaj', 'Fmaj', 'Csus4', 'Bbmaj', 'Csus4', 'Fmaj', 'Csus4', 'Bbmaj', 'Csus4', 'Fmaj', 'Csus4', 'Bbmaj', 'Csus4', 'Fmaj', 'Csus4', 'Bbmaj', 'Csus4', 'Fmaj', 'Csus4', 'Bbmaj', 'Csus4', 'Fmaj', 'Csus4', 'Bbmaj', 'Csus4', 'Fmaj', 'Csus4', 'Bbmaj', 'Csus4', 'Fmaj', 'Csus4', 'Bbmaj', 'Csus4', 'Fmaj', 'Cmaj', 'Bbmaj', 'Cmaj', 'Fmaj', 'Cmaj', 'Bbmaj', 'Cmaj', 'Fmaj', 'Cmaj', 'Bbmaj', 'Cmaj', 'Fmaj', 'Cmaj', 'Bbmaj', 'Cmaj', 'Fmaj', 'Csus4', 'Bbmaj', 'Csus4', 'Fmaj', 'Csus4', 'Bbmaj', 'Csus4', 'Fmaj', 'Csus4', 'Bbmaj', 'Csus4', 'Fmaj', 'Csus4', 'Bbmaj', 'Csus4', 'Fmaj', 'Csus4', 'Bbmaj', 'Csus4', 'Fmaj', 'Csus4', 'Bbmaj', 'Csus4', 'Fmaj', 'Csus4', 'Bbmaj', 'Csus4', 'Fmaj', 'Csus4', 'Bbmaj', 'Csus4', 'Fmaj', 'Cmaj', 'Bbmaj', 'Cmaj', 'Fmaj', 'Cmaj', 'Bbmaj', 'Cmaj', 'Fmaj', 'Cmaj', 'Bbmaj', 'Cmaj', 'Fmaj', 'Cmaj', 'Bbmaj', 'Cmaj', 'Fmaj', 'Csus4', 'Bbmaj', 'Csus4', 'Fmaj', 'Csus4', 'Bbmaj', 'Csus4', 'Fmaj', 'Csus4', 'Bbmaj', 'Csus4', 'Fmaj', 'Csus4', 'Bbmaj', 'Csus4', 'Fmaj', 'Csus4', 'Bbmaj', 'Csus4', 'Fmaj', 'Csus4', 'Bbmaj', 'Csus4', 'Fmaj', 'Csus4', 'Bbmaj', 'Csus4', 'Fmaj', 'Csus4', 'Bbmaj', 'Csus4', 'Fmaj', 'Cmaj', 'Bbmaj', 'Cmaj', 'Fmaj', 'Cmaj', 'Bbmaj', 'Cmaj', 'Fmaj', 'Cmaj', 'Bbmaj', 'Cmaj', 'Fmaj', 'Cmaj', 'Bbmaj', 'Cmaj', 'Fmaj', 'Cmaj', 'Bbmaj', 'Cmaj', 'Fmaj', 'Cmaj', 'Bbmaj', 'Cmaj', 'Fmaj', 'Cmaj', 'Bbmaj', 'Cmaj', 'Fmaj', 'Cmaj', 'Bbmaj', 'Cmaj', 'Fmaj', 'Cmaj', 'Bbmaj', 'Cmaj', 'Fmaj', 'Cmaj', 'Bbmaj', 'Cmaj', 'Fmaj', 'Cmaj', 'Bbmaj', 'Cmaj', 'Fmaj', 'Cmaj', 'Bbmaj', 'Cmaj', 'Fmaj', 'Cmaj', 'Bbmaj', 'Cmaj', 'Fmaj', 'Cmaj']"
0834,"['F', 'F', 'F', 'F', 'F', 'F', 'Bbmaj', 'Bbmaj7', 'Cmin7', 'F7', 'Cmin7', 'F7', 'Bbmaj', 'Bbmaj', 'Ebmaj', 'Fmaj', 'Ebmaj', 'Fmaj', 'Ebmaj', 'Fmaj', 'Ebmaj', 'Fmaj', 'Ebmaj', 'Fmaj', 'Ebmaj', 'Fmaj', 'Bbmaj', 'Fmaj', 'Ebmaj', 'Fmaj', 'Ebmaj', 'Fmaj', 'Ebmaj', 'Fmaj', 'Ebmaj', 'D7', 'Gmin', 'Bbmaj', 'Ebmaj', 'Bbmin', 'C7', 'F7', 'Bbmaj', 'Bbmaj', 'Bbmaj', 'Cmin7', 'F7', 'Cmin7', 'F7', 'F7', 'F7', 'Bbmaj', 'Bb7', 'Ebmaj', 'D7', 'Gmin', 'Cmin', 'Bbmaj', 'F7', 'Bbmaj', 'Ebmaj', 'Fmaj', 'Ebmaj', 'Fmaj', 'Ebmaj', 'Fmaj', 'Ebmaj', 'Fmaj', 'Ebmaj', 'Fmaj', 'Ebmaj', 'Fmaj', 'Bbmaj', 'Fmaj', 'Ebmaj', 'Fmaj', 'Ebmaj', 'Fmaj', 'Ebmaj', 'Fmaj', 'Ebmaj', 'D7', 'Gmin', 'Bbmaj', 'Ebmaj', 'Bbmin', 'C7', 'F7', 'Bbmaj', 'Bbmaj', 'Bbmaj', 'Cmin7', 'F7', 'Cmin7', 'F7', 'F7', 'F7', 'Bbmaj', 'Bb7', 'Ebmaj', 'D7', 'Gmin', 'Cmin', 'Bbmaj', 'F7', 'Bbmaj', 'Abmaj', 'Abmaj', 'Abmaj', 'Abmaj', 'Ebmaj', 'Fmaj', 'Ebmaj', 'Fmaj', 'Ebmaj', 'Fmaj', 'Ebmaj', 'Fmaj', 'Bbmaj', 'Bbmaj', 'Cmin7', 'F7', 'Cmin7', 'F7', 'F7', 'F7', 'Bbmaj', 'Bbmaj', 'Ebmaj', 'D7', 'Gmin', 'Cmin', 'Bbmaj', 'Gmin', 'Cmin7', 'F7', 'Bbmaj7', 'Bbmaj7', 'Bbmaj', 'Gmin', 'Cmin7', 'F7', 'Bbmaj7', 'Bbmaj7', 'Bbmaj', 'Cmin7', 'F7', 'Bbmaj7', 'Bbmaj7', 'Bbmaj', 'Cmin7', 'F7', 'Bbmaj7', 'Bbmaj7', 'Bbmaj', 'Cmin7', 'F7', 'Bbmaj7', 'Bbmaj7', 'Bbmaj']"
0837,"['Bbmaj7', 'Gbmaj7', 'Ebmin9', 'Ab', 'F7', 'Bbmaj7', 'Gbmaj7', 'Ebmin9', 'Ab', 'F7', 'Bbmaj7', 'Ebmin9', 'Gbmaj7', 'Fmin7', 'Ab', 'F7', 'Bbmaj7', 'Ebmin9', 'Gbmaj7', 'Ab', 'F7', 'Bbmaj7', 'Ebmin9', 'Gbmaj7', 'Ab', 'F7', 'Bbmaj7', 'Ebmin9', 'Gbmaj7', 'Ab', 'F7', 'Bbmaj7', 'Ebmin9', 'Gbmaj7', 'Fmin7', 'Ab', 'F7', 'Bbmaj7', 'Ebmin9', 'Gbmaj7', 'Ab', 'F7', 'Bbmaj7', 'Ebmin9', 'Gbmaj7', 'Ab', 'F7', 'Bbmaj7', 'Ebmin9', 'Gbmaj7', 'Ab', 'F7', 'Ebmin7', 'Bbsus4', 'Bb7', 'Ebmin7', 'Bbsus4', 'Bb7', 'Ebmin7', 'Bbsus4', 'Bb7', 'Cbmaj7', 'Bbmin7', 'F', 'Bbmaj7', 'Ebmin9', 'Gbmaj7', 'Fmin7', 'Ab', 'F7', 'Bbmaj7', 'Ebmin9', 'Gbmaj7', 'Ab', 'F7', 'Bbmaj7', 'Ebmin9', 'Gbmaj7', 'Ab', 'F7', 'Bbmaj7', 'Ebmin9', 'Gbmaj7', 'Ab', 'F7', 'Bbmaj7', 'Ebmin9', 'Gbmaj7', 'Ab', 'F7', 'Bbmaj7', 'Ebmin9', 'Gbmaj7', 'Ab', 'F7', 'Bbmaj7', 'Ebmin9', 'Gbmaj7', 'Ab', 'F7', 'Bbmaj7', 'Ebmin9', 'Gbmaj7', 'Ab', 'F7', 'Bbmaj7', 'Ebmin9', 'Gbmaj7', 'Ab', 'F7', 'Bbmaj7', 'Ebmin9', 'Gbmaj7', 'Ab', 'F7', 'Bbmaj7', 'Ebmin9', 'Gbmaj7', 'Ab', 'F7', 'Bbmaj7', 'Ebmin9', 'Gbmaj7', 'Ab', 'F7']"
0838,"['Emaj', 'Dmaj', 'Bmaj', 'Emaj', 'Emaj', 'Amaj', 'Dmaj', 'Emaj', 'Amaj', 'Amaj', 'Dmaj', 'Emaj', 'Amaj', 'Amaj', 'Amaj', 'Amaj', 'Amaj', 'Dmaj', 'Dmaj', 'Amaj', 'Amaj', 'Emaj', 'Dmaj', 'Bmaj', 'Emaj', 'Emaj', 'Amaj', 'Dmaj', 'Emaj', 'Amaj', 'Amaj', 'Dmaj', 'Emaj', 'Amaj', 'Amaj', 'Amaj', 'Amaj', 'Amaj', 'Dmaj', 'Dmaj', 'Amaj', 'Amaj', 'Emaj', 'Dmaj', 'Bmaj', 'Emaj', 'Emaj', 'Amaj', 'Dmaj', 'Emaj', 'Amaj', 'Amaj', 'Dmaj', 'Emaj', 'Amaj', 'Amaj', 'Dmaj', 'Emaj', 'Amaj', 'Amaj', 'Dmaj', 'Emaj', 'Amaj', 'Amaj', 'Amaj', 'Amaj', 'Amaj', 'Dmaj', 'Dmaj', 'Amaj', 'Amaj', 'Emaj', 'Dmaj', 'Bmaj', 'Emaj', 'Emaj', 'Amaj', 'Amaj', 'Amaj', 'Amaj']"
0839,"['Emaj', 'Emaj', 'Emaj', 'Emaj', 'Emaj', 'Amaj', 'Bmaj', 'Emaj', 'Amaj', 'Bmaj', 'Emaj', 'Amaj', 'Bmaj', 'Emaj', 'Amaj', 'Bmaj', 'Emaj', 'Amaj', 'Bmaj', 'Emaj', 'Emaj', 'Amaj', 'Bmaj', 'Amaj', 'Emaj', 'Amaj', 'Bmaj', 'Dbmin7', 'Bmaj', 'Bmaj', 'Emaj', 'Amaj', 'Bmaj', 'Emaj', 'Amaj', 'Bmaj', 'Emaj', 'Amaj', 'Bmaj', 'Emaj', 'Emaj', 'Emaj', 'Amaj', 'Bmaj', 'Emaj', 'Amaj', 'Bmaj', 'Emaj', 'Amaj', 'Bmaj', 'Emaj', 'Emaj', 'Amaj', 'Bmaj', 'Amaj', 'Emaj', 'Amaj', 'Bmaj', 'Dbmin7', 'Bmaj', 'Bmaj', 'Emaj', 'Amaj', 'Bmaj', 'Emaj', 'Amaj', 'Bmaj', 'Emaj', 'Amaj', 'Bmaj', 'Emaj', 'Amaj', 'Bmaj', 'Emaj', 'Amaj', 'Bmaj', 'Emaj', 'Amaj', 'Bmaj', 'Emaj', 'Amaj', 'Bmaj', 'Amaj', 'Emaj']"
0841,"['Emaj', 'Emaj', 'Emaj', 'Emaj', 'Emaj', 'E7', 'Emaj', 'E7', 'Gmaj', 'Amaj', 'Emaj', 'Gmaj', 'Amaj', 'Emaj', 'Emaj', 'E7', 'Emaj', 'E7', 'Gmaj', 'Amaj', 'Emaj', 'Gmaj', 'Amaj', 'Emaj', 'Emaj', 'Emaj', 'Gmaj', 'Gmaj', 'Amaj', 'Gmaj', 'Emaj', 'Emaj', 'Emaj', 'Dmaj', 'Emaj', 'Dmaj', 'Emaj', 'Dmaj', 'Emaj', 'Dmaj', 'Emaj', 'Emaj', 'Emaj', 'Emaj', 'Emaj', 'E7', 'Emaj', 'E7', 'Gmaj', 'Amaj', 'Emaj', 'Gmaj', 'Amaj', 'Emaj', 'Emaj', 'Emaj', 'Gmaj', 'Gmaj', 'Amaj', 'Gmaj', 'Emaj', 'Emaj', 'Emaj', 'Dmaj', 'Emaj', 'Dmaj', 'Emaj', 'Dmaj', 'Emaj', 'Dmaj', 'Emaj', 'Emaj', 'Emaj', 'Emaj', 'Emaj', 'Emaj', 'Emaj', 'Emaj']"
0842,"['Fmaj', 'Cmaj', 'Dmin', 'Dmin', 'Bbmaj', 'Cmaj', 'Fmaj', 'Gmin7', 'Bbmaj', 'Cmaj', 'Fmaj', 'Fmaj', 'Bbmaj', 'Ebmaj', 'C7', 'Fmaj', 'Gmin7', 'Bbmaj', 'Cmaj', 'Fmaj', 'Fmaj', 'Bbmaj', 'Ebmaj', 'C7', 'Fmaj', 'Bbmin', 'Ebmaj', 'Abmaj', 'Dbmaj', 'Bbmin', 'C7', 'Fmaj', 'A7', 'Bbmaj', 'Fmaj', 'D7', 'Gmin7', 'Cmaj', 'Fmaj', 'Cmaj', 'Dmin7', 'A7', 'Bbmaj', 'Dbmaj', 'Fmaj', 'Cmaj', 'Dmin', 'Dmin', 'Bbmaj', 'Cmaj', 'Bbmin', 'Ebmaj', 'Abmaj', 'Dbmaj', 'Bbmin', 'C7', 'Fmaj', 'Gmin7', 'Bbmaj', 'Cmaj', 'Fmaj', 'Fmaj', 'Bbmaj', 'Ebmaj', 'C7', 'Fmaj', 'Gmin7', 'Bbmaj', 'Cmaj', 'Fmaj', 'Fmaj', 'Bbmaj', 'Ebmaj', 'C7', 'Fmaj', 'Bbmin', 'Ebmaj', 'Abmaj', 'Dbmaj', 'Bbmin', 'C7', 'Fmaj', 'A7', 'Bbmaj', 'Fmaj', 'D7', 'Gmin7', 'Cmaj', 'Fmaj', 'Cmaj', 'Dmin7', 'A7', 'Bbmaj', 'Dbmaj', 'Fmaj', 'Cmaj', 'Dmin', 'Dmin', 'Bbmaj', 'Cmaj', 'Bbmin', 'Ebmaj', 'Abmaj', 'Dbmaj', 'Bbmin', 'C7', 'Fmaj']"
0843,"['Bmaj', 'Bmaj', 'Bmaj', 'Bmaj', 'Bmaj', 'Bmaj', 'Emaj', 'Emaj', 'C#min', 'C#min', 'F#maj', 'F#maj', 'Bmaj', 'Emaj', 'F#maj', 'F#maj', 'Bmaj', 'Emaj', 'F#maj', 'F#maj', 'Bmaj', 'Emaj', 'F#maj', 'F#maj', 'Bmaj', 'Emaj', 'F#maj', 'Emaj', 'G#min', 'F#maj', 'F#maj', 'Emaj', 'G#min', 'F#maj', 'F#maj', 'Emaj', 'F#maj', 'Bmaj', 'Bmaj', 'Emaj', 'Emaj', 'C#min', 'C#min', 'F#maj', 'Bmaj', 'Bmaj', 'Emaj', 'Emaj', 'C#min', 'C#min', 'F#maj', 'Bmaj', 'Emaj', 'F#maj', 'F#maj', 'Bmaj', 'Emaj', 'F#maj', 'F#maj', 'Bmaj', 'Emaj', 'F#maj', 'F#maj', 'Bmaj', 'Emaj', 'F#maj', 'F#maj', 'Bmaj', 'Emaj', 'F#maj', 'F#maj', 'Bmaj', 'Emaj', 'F#maj', 'Emaj', 'G#min', 'F#maj', 'F#maj', 'Emaj', 'G#min', 'F#maj', 'F#maj', 'Emaj', 'F#maj', 'Bmaj', 'Bmaj', 'Emaj', 'Emaj', 'C#min', 'C#min', 'F#maj', 'Bmaj', 'Bmaj', 'Emaj', 'Emaj', 'C#min', 'C#min', 'F#maj', 'F#maj', 'Bmaj', 'Emaj', 'F#maj', 'F#maj', 'Bmaj', 'Emaj', 'F#maj', 'F#maj', 'Bmaj', 'Emaj', 'F#maj', 'F#maj', 'Bmaj', 'Emaj', 'F#maj', 'F#maj', 'Bmaj', 'Emaj', 'F#maj', 'Emaj', 'G#min', 'F#maj', 'F#maj', 'Emaj', 'G#min', 'F#maj', 'F#maj', 'Emaj', 'F#maj', 'Bmaj', 'Bmaj', 'Emaj', 'Emaj', 'C#min', 'C#min', 'Dmaj', 'Dmaj', 'Gmaj', 'Gmaj', 'Emin', 'Emin', 'Amaj', 'Amaj', 'Dmaj', 'Dmaj', 'Gmaj', 'Gmaj', 'Emin', 'Emin', 'Amaj', 'Dmaj', 'Dmaj', 'Gmaj', 'Gmaj']"
0844,"['Dmin', 'Dmin', 'Dmin', 'Dmin', 'Dmin', 'Dmin', 'Dmin', 'Dmin', 'Gmaj', 'Fmaj', 'Gmaj', 'Fmaj', 'Gmaj', 'Fmaj', 'Gmaj', 'Amaj', 'Fmaj', 'Gmaj', 'Fmaj', 'Gmaj', 'Fmaj', 'Gmaj', 'Fmaj', 'Gmaj', 'Amaj', 'Fmaj', 'Gsus4', 'Fsus4', 'Gsus4', 'Fsus4', 'Gsus4', 'Fsus4', 'Gsus4', 'Fsus4', 'Gmaj', 'Fmaj', 'Gmaj', 'Fmaj', 'Gmaj', 'Fmaj', 'Gmaj', 'Amaj', 'Fmaj', 'Gsus4', 'Fsus4', 'Gsus4', 'Fsus4', 'Gsus4', 'Fsus4', 'Gsus4', 'Fsus4', 'Gmaj', 'Fmaj', 'Gmaj', 'Fmaj', 'Gmaj', 'Fmaj', 'Gmaj', 'Amaj', 'Fmaj', 'Gmaj', 'Fmaj', 'Gmaj', 'Fmaj', 'Gmaj', 'Fmaj', 'Gmaj', 'Amaj', 'Fmaj', 'Gsus4', 'Fsus4', 'Gsus4', 'Fsus4', 'Gsus4', 'Fsus4', 'Gsus4', 'Fsus4', 'G', 'F', 'G', 'F', 'G', 'F', 'G', 'F', 'G5', 'F5', 'G5', 'F5', 'G5', 'F5', 'G5', 'A5', 'F5', 'Gsus4', 'Fsus4', 'Gsus4', 'Fsus4', 'Gsus4', 'Fsus4', 'Gsus4', 'Fsus4', 'Gsus4', 'Fsus4', 'Gsus4', 'Fsus4', 'Gsus4', 'Fsus4', 'Gsus4', 'Fsus4']"
0845,"['C#min', 'G#maj', 'C#min', 'Emaj', 'Bmaj', 'Emaj', 'C#min', 'G#maj', 'C#min', 'Emaj', 'Bmaj', 'Emaj', 'Emaj', 'Amaj', 'Bmaj', 'Emaj', 'Amaj', 'Bmaj', 'Emaj', 'Amaj', 'Bmaj', 'Emaj', 'Amaj', 'Bmaj', 'Emaj', 'Amaj', 'Bmaj', 'Emaj', 'Amaj', 'Bmaj', 'Emaj', 'Amaj', 'Bmaj', 'Emaj', 'Amaj', 'Emaj', 'Amaj', 'Emaj', 'Amaj', 'Emaj', 'Emaj', 'C#min', 'G#maj', 'C#min', 'Emaj', 'Bmaj', 'Emaj', 'C#min', 'G#maj', 'C#min', 'Emaj', 'Bmaj', 'Emaj', 'Emaj', 'Amaj', 'Emaj', 'Amaj', 'Emaj', 'Amaj', 'Emaj', 'Bmaj', 'Bmaj', 'C#min', 'G#maj', 'C#min', 'Emaj', 'Bmaj', 'Emaj', 'C#min', 'G#maj', 'C#min', 'Emaj', 'Bmaj', 'Emaj', 'Bmaj', 'Emaj', 'Amaj', 'Bmaj', 'Emaj', 'Amaj', 'Bmaj', 'Emaj', 'Amaj', 'Bmaj', 'Emaj', 'Amaj', 'Bmaj', 'Emaj', 'Amaj', 'Bmaj', 'Emaj', 'Amaj', 'Bmaj', 'Emaj', 'Amaj', 'Bmaj', 'Emaj', 'Amaj', 'Emaj', 'Amaj', 'Emaj', 'Amaj', 'Emaj', 'Emaj', 'C#min', 'G#maj', 'C#min', 'Emaj', 'Bmaj', 'Emaj', 'C#min', 'G#maj', 'C#min', 'Emaj', 'Bmaj', 'Emaj', 'C#min', 'G#maj', 'C#min', 'Emaj', 'Bmaj', 'Emaj', 'C#min', 'G#maj', 'C#min', 'Emaj', 'Bmaj', 'Emaj', 'Emaj', 'Amaj', 'Emaj', 'Amaj', 'Emaj', 'Amaj', 'Emaj', 'Bmaj', 'Bmaj', 'Emaj', 'Amaj', 'Bmaj', 'Emaj', 'Amaj', 'Bmaj', 'Emaj', 'Amaj', 'Bmaj', 'Emaj', 'Amaj', 'Bmaj', 'Emaj', 'Amaj', 'Bmaj', 'Emaj', 'Amaj', 'Bmaj', 'Emaj', 'Amaj', 'Bmaj', 'Emaj', 'Amaj', 'Emaj', 'Amaj', 'Emaj', 'Amaj', 'Emaj', 'Emaj', 'C#min', 'G#maj', 'C#min', 'Emaj', 'Bmaj', 'Emaj', 'C#min', 'G#maj', 'C#min', 'Emaj', 'Bmaj', 'Emaj', 'C#min', 'G#maj', 'C#min', 'Emaj', 'Bmaj', 'Emaj', 'C#min', 'G#maj', 'C#min', 'Emaj', 'Bmaj', 'Emaj', 'C#min', 'G#maj', 'C#min', 'Emaj', 'Bmaj', 'Emaj', 'C#min', 'G#maj', 'C#min', 'Emaj', 'Bmaj', 'Emaj']"
0846,"['Bbmaj', 'Bbmaj', 'Gmin', 'Fmaj', 'Ebmaj', 'Ebmaj', 'Cmaj', 'Cmaj', 'Abmaj', 'Bbmaj', 'Abmaj', 'Bbmaj', 'Ebmaj', 'Ebmaj', 'Cmaj', 'Cmaj', 'Abmaj', 'Bbmaj', 'Abmaj', 'Bbmaj', 'Abmaj', 'Bbmaj', 'Fmaj', 'Dmin', 'Bbmaj', 'Cmaj', 'Fmaj', 'Dmin', 'Bbmaj', 'Cmaj', 'Bbmaj', 'Bbmaj', 'Ebmaj', 'Ebmaj', 'Cmaj', 'Cmaj', 'Abmaj', 'Bbmaj', 'Abmaj', 'Bbmaj', 'Ebmaj', 'Ebmaj', 'Cmaj', 'Cmaj', 'Abmaj', 'Bbmaj', 'Abmaj', 'Bbmaj', 'Abmaj', 'Bbmaj', 'Fmaj', 'Dmin', 'Bbmaj', 'Cmaj', 'Fmaj', 'Dmin', 'Bbmaj', 'Cmaj', 'Fmaj', 'Dbmaj', 'Fmaj', 'Dbmaj', 'F#maj', 'F#sus4', 'F#sus4', 'F#sus4', 'Ebmaj', 'Ebmaj', 'Cmaj', 'Cmaj', 'Abmaj', 'Bbmaj', 'Abmaj', 'Bbmaj', 'Ebmaj', 'Ebmaj', 'Cmaj', 'Cmaj', 'Abmaj', 'Bbmaj', 'Abmaj', 'Bbmaj', 'Abmaj', 'Bbmaj', 'Fmaj', 'Dmin', 'Bbmaj', 'Cmaj', 'Fmaj', 'Dmin', 'Bbmaj', 'Cmaj', 'Fmaj', 'Dmin', 'Bbmaj', 'Cmaj', 'Fmaj', 'Dmin', 'Bbmaj', 'Cmaj', 'Fmaj', 'Dmin', 'Bbmaj', 'Cmaj', 'Fmaj', 'Dmin', 'Bbmaj']"
0847,"['Amaj', 'Bmin', 'Amaj', 'Bmin', 'Amaj', 'Bmin', 'Amaj', 'Bmin', 'Amaj', 'E', 'Amaj', 'E', 'Amaj', 'E', 'Amaj7', 'A7', 'Dmaj', 'Emaj', 'Dmaj', 'Emaj', 'Amaj', 'E', 'Amaj', 'E', 'Amaj', 'E', 'Amaj', 'E', 'Amaj', 'E', 'Amaj7', 'A7', 'Dmaj', 'Emaj', 'Dmaj', 'Emaj', 'F#min', 'F#min', 'Emaj', 'Dmaj', 'Emaj', 'Amaj', 'Amaj', 'Dmaj', 'Emaj', 'F#min', 'Dmaj', 'Emaj', 'Amaj', 'A7', 'Dmaj', 'Emaj', 'Dmaj', 'Emaj', 'Amaj', 'E', 'Amaj', 'E', 'Amaj', 'E', 'Amaj7', 'A7', 'Dmaj', 'Emaj', 'Dmaj', 'Emaj', 'F#min', 'F#min', 'Dmaj', 'Amaj', 'E', 'Amaj', 'E', 'Amaj', 'E', 'Amaj7', 'A7', 'Dmaj', 'Emaj', 'Dmaj', 'Emaj', 'F#min', 'F#min', 'Dmaj', 'F#min', 'F#min', 'B7', 'Dmaj', 'Emaj', 'Amaj', 'E', 'Amaj', 'E', 'Amaj', 'Dmin', 'Amaj']"
0848,"['Cmaj', 'Cmin', 'Gmin', 'Fmaj', 'Cmaj', 'Cmin', 'Gmin', 'Fmaj', 'Cmaj', 'Cmin', 'Gmin', 'Fmaj', 'Cmaj', 'Cmin', 'Gmin', 'Fmaj', 'Cmaj', 'Cmin', 'Gmin', 'Fmaj', 'Cmaj', 'Cmin', 'Gmin', 'Fmaj', 'Cmaj', 'Cmin', 'Gmin', 'Fmaj', 'Cmaj', 'Cmin', 'Gmin', 'Fmaj', 'Cmaj', 'Abmaj', 'Gmaj', 'Fmaj', 'Cmaj', 'Cmin', 'Gmin', 'Fmaj', 'Cmaj', 'Cmin', 'Gmin', 'Fmaj', 'Cmaj', 'Cmin', 'Gmin', 'Fmaj', 'Cmaj', 'Cmin', 'Gmin', 'Fmaj', 'Cmaj', 'Abmaj', 'Gmaj', 'Fmaj', 'Cmaj', 'Cmin', 'Gmin', 'Fmaj', 'Cmaj', 'Cmin', 'Gmin', 'Fmaj', 'Cmaj', 'Cmin', 'Gmin', 'Fmaj', 'Cmaj', 'Cmin', 'Gmin', 'Fmaj', 'Cmaj', 'Cmin', 'Gmin', 'Fmaj', 'Cmaj', 'Cmin', 'Gmin', 'Fmaj', 'Cmaj', 'Cmin', 'Gmin', 'Fmaj', 'Cmaj', 'Cmin', 'Gmin', 'Fmaj', 'Cmaj', 'Abmaj', 'Gmaj', 'Fmaj', 'Cmaj', 'Cmin', 'Gmin', 'Fmaj', 'Cmaj', 'Cmin', 'Gmin', 'Fmaj', 'Cmaj', 'Cmin', 'Gmin', 'Fmaj', 'Cmaj', 'Cmin', 'Gmin', 'Fmaj', 'Cmaj', 'Abmaj', 'Gmaj', 'Fmaj', 'Cmaj', 'Cmin', 'Gmin', 'Fmaj', 'Cmaj', 'Cmin', 'Gmin', 'Fmaj', 'Cmaj', 'Cmin', 'Gmin', 'Fmaj', 'Cmaj', 'Cmin', 'Gmin', 'Fmaj', 'Cmaj']"
0849,"['Fmaj', 'Bbmaj', 'Cmaj', 'Dmin', 'Cmaj', 'Cmaj', 'Fmaj', 'Fmaj', 'Bbmaj', 'Cmaj', 'Fmaj', 'Fmaj', 'Bbmaj', 'Cmaj', 'Fmaj', 'Fmaj', 'Bbmaj', 'Cmaj', 'Bbmaj', 'Bbmin', 'Cmaj', 'C7', 'C7', 'C7', 'Fmaj', 'Fmaj', 'Bbmaj', 'Cmaj', 'Fmaj', 'Fmaj', 'Bbmaj', 'Cmaj', 'Fmaj', 'Fmaj', 'Bbmaj', 'Cmaj', 'Fmaj', 'Cmaj', 'Fmaj', 'Fmaj', 'Bbmaj', 'Cmaj', 'Fmaj', 'Fmaj', 'Bbmaj', 'Cmaj', 'Fmaj', 'Fmaj', 'Bbmaj', 'Cmaj', 'Fmaj', 'Fmaj', 'Bbmaj', 'Cmaj', 'Cmaj', 'C7', 'C7', 'C7', 'Fmaj', 'Fmaj', 'Bbmaj', 'Cmaj', 'Fmaj', 'Fmaj', 'Bbmaj', 'Cmaj', 'Fmaj', 'Fmaj', 'Bbmaj', 'Cmaj', 'Bbmaj', 'Bbmin', 'Cmaj', 'C7', 'C7', 'C7', 'Fmaj', 'Fmaj', 'Bbmaj', 'Cmaj', 'Fmaj', 'Fmaj', 'Bbmaj', 'Cmaj', 'Fmaj', 'Fmaj', 'Bbmaj', 'Cmaj', 'Fmaj', 'Cmaj', 'Fmaj', 'Fmaj', 'Bbmaj', 'Cmaj', 'Fmaj', 'Fmaj', 'Bbmaj', 'Cmaj', 'Fmaj', 'Fmaj', 'Bbmaj', 'Cmaj', 'Fmaj', 'Cmaj', 'Fmaj', 'Fmaj', 'Bbmaj', 'Cmaj', 'Fmaj', 'Fmaj', 'Bbmaj', 'Cmaj', 'Fmaj', 'Fmaj', 'Bbmaj', 'Cmaj', 'Fmaj', 'Fmaj', 'Bbmaj', 'Cmaj', 'Cmaj', 'C7', 'C7', 'C7', 'Fmaj', 'Fmaj', 'Bbmaj', 'Cmaj', 'Fmaj', 'Fmaj', 'Bbmaj', 'Cmaj', 'Fmaj', 'Fmaj', 'Bbmaj', 'Cmaj', 'Cmaj', 'C7', 'C7', 'C7', 'Fmaj', 'Fmaj', 'Bbmaj', 'Cmaj', 'Fmaj', 'Fmaj', 'Bbmaj', 'Cmaj', 'Fmaj', 'Fmaj', 'Bbmaj', 'Cmaj', 'Fmaj', 'Cmaj', 'Fmaj', 'Fmaj', 'Bbmaj', 'Cmaj', 'Fmaj', 'Fmaj', 'Bbmaj', 'Cmaj', 'Fmaj', 'Fmaj', 'Bbmaj', 'Cmaj', 'Fmaj', 'Cmaj']"
0850,"['Amaj', 'A', 'A', 'A', 'Amaj', 'Dmaj', 'Emaj', 'Amaj', 'Gmaj', 'Gmaj', 'Gmaj', 'Gmaj', 'Gmaj', 'Gmaj', 'Fmaj', 'Gmaj', 'Gmaj', 'Fmaj', 'Gmaj', 'Gmaj', 'Fmaj', 'Gmaj', 'Gmaj', 'Fmaj', 'Gmaj', 'Gmaj', 'Fmaj', 'Gmaj', 'Gmaj', 'Fmaj', 'Gmaj', 'Gmaj', 'Fmaj', 'Gmaj', 'Gmaj', 'Fmaj', 'Fmaj', 'Gmaj', 'Cmaj', 'Fmaj', 'Dmin7', 'Gmaj', 'Emaj', 'Emaj', 'Amaj', 'Amaj', 'Dmaj', 'Emaj', 'Amaj', 'Amaj', 'Amaj', 'Dmaj', 'Emaj', 'Amaj', 'Amaj', 'Amaj', 'Dmaj', 'Emaj', 'Amaj', 'Amaj', 'Amaj', 'Dmaj', 'Emaj', 'Amaj', 'Amaj', 'Amaj', 'Dmaj', 'Emaj', 'Amaj', 'Amaj', 'Amaj', 'Dmaj', 'Emaj', 'Amaj', 'Amaj', 'Amaj', 'Dmaj', 'Emaj', 'Amaj', 'Amaj', 'Amaj', 'Dmaj', 'Emaj', 'Amaj', 'Gmaj', 'Gmaj', 'Gmaj', 'Gmaj', 'Gmaj', 'Gmaj', 'Fmaj', 'Gmaj', 'Gmaj', 'Fmaj', 'Gmaj', 'Gmaj', 'Fmaj', 'Gmaj', 'Gmaj', 'Fmaj', 'Fmaj', 'Gmaj', 'Cmaj', 'Fmaj', 'Dmin7', 'Gmaj', 'Emaj', 'Emaj', 'Amaj', 'Amaj', 'Dmaj', 'Emaj', 'Amaj', 'Amaj', 'Amaj', 'Dmaj', 'Emaj', 'Amaj', 'Amaj', 'Amaj', 'Dmaj', 'Emaj', 'Amaj', 'Amaj', 'Amaj', 'Dmaj', 'Emaj', 'Amaj', 'Amaj', 'Amaj', 'Dmaj', 'Emaj', 'Amaj', 'Amaj', 'Amaj', 'Dmaj', 'Emaj', 'Amaj', 'Amaj', 'Amaj', 'Dmaj', 'Emaj', 'Amaj', 'Amaj', 'Amaj', 'Dmaj', 'Emaj', 'Amaj', 'Amaj', 'Emaj', 'Amaj', 'Emaj', 'Cmaj', 'Cmaj', 'C', 'Cmaj', 'Gmaj', 'Fmaj7', 'Gmaj', 'Fmaj7', 'Emin7', 'Emin7', 'Amaj', 'Emaj', 'Amaj', 'Emaj', 'Cmaj', 'Cmaj', 'C', 'Cmaj', 'Gmaj', 'Fmaj7', 'Gmaj', 'Fmaj7', 'Emin7', 'Emin7', 'Amaj', 'Amaj', 'Dmaj', 'Emaj', 'Amaj', 'Amaj', 'Amaj', 'Dmaj', 'Emaj', 'Amaj', 'Amaj', 'Amaj', 'Dmaj', 'Emaj', 'Amaj', 'Amaj', 'Amaj', 'Dmaj', 'Emaj', 'Amaj', 'Fmaj', 'Fmaj', 'Bbmaj', 'Cmaj', 'Fmaj', 'Fmaj', 'Fmaj', 'Bbmaj', 'Cmaj', 'Fmaj', 'Fmaj', 'Fmaj', 'Bbmaj', 'Cmaj', 'Fmaj', 'Fmaj', 'Fmaj', 'Bbmaj', 'Cmaj', 'Fmaj', 'Fmaj', 'Fmaj', 'Bbmaj', 'Cmaj', 'Fmaj', 'Fmaj', 'Fmaj', 'Bbmaj', 'Cmaj', 'Fmaj', 'Fmaj', 'Fmaj', 'Bbmaj', 'Cmaj', 'Fmaj', 'Fmaj', 'Fmaj', 'Bbmaj', 'Cmaj', 'Fmaj', 'Fmaj', 'Fmaj', 'Bbmaj', 'Cmaj', 'Fmaj', 'Fmaj', 'Fmaj', 'Bbmaj', 'Cmaj', 'Fmaj', 'Fmaj', 'Fmaj', 'Bbmaj', 'Cmaj', 'Fmaj', 'Fmaj', 'Fmaj', 'Bbmaj', 'Cmaj', 'Fmaj']"
0852,"['Dmaj', 'Amaj', 'Gmaj', 'Dmaj', 'Dmaj', 'Dmaj', 'Amaj', 'Gmaj', 'Dmaj', 'Dmaj', 'Dmaj', 'Amaj', 'Gmaj', 'Dmaj', 'Dmaj', 'Dmaj', 'Amaj', 'Gmaj', 'Dmaj', 'Dmaj', 'Dmaj', 'Amaj', 'Gmaj', 'Dmaj', 'Dmaj', 'Gmaj', 'Gmaj', 'Dmaj', 'Dmaj', 'Amaj', 'Gmaj', 'Dmaj', 'Dmaj', 'Dmaj', 'Amaj', 'Gmaj', 'Dmaj', 'Dmaj', 'Dmaj', 'Amaj', 'Gmaj', 'Dmaj', 'Dmaj', 'Dmaj', 'Amaj', 'Gmaj', 'Dmaj', 'Dmaj', 'Dmaj', 'Amaj', 'Gmaj', 'Dmaj', 'Dmaj', 'Gmaj', 'Gmaj', 'Dmaj', 'Dmaj', 'Amaj', 'Gmaj', 'Dmaj', 'Dmaj', 'Dmaj', 'Amaj', 'Gmaj', 'Dmaj', 'Dmaj', 'Dmaj', 'Amaj', 'Gmaj', 'Dmaj', 'Dmaj', 'Gmaj', 'Gmaj', 'Dmaj', 'Dmaj', 'Amaj', 'Gmaj', 'Dmaj', 'Dmaj', 'Dmaj', 'Amaj', 'Gmaj', 'Dmaj', 'Dmaj', 'Dmaj', 'Amaj', 'Gmaj', 'Dmaj', 'Dmaj', 'Dmaj', 'Amaj', 'Gmaj', 'Dmaj', 'Dmaj', 'Dmaj', 'Amaj', 'Gmaj', 'Dmaj', 'Dmaj', 'Gmaj', 'Gmaj', 'Dmaj', 'Dmaj', 'Amaj', 'Gmaj', 'Dmaj', 'Dmaj', 'Gmaj', 'Gmaj', 'Dmaj', 'Dmaj', 'Amaj', 'Gmaj', 'Dmaj', 'Dmaj']"
0853,"['E7', 'E7', 'E7', 'E7', 'E7', 'E7', 'A7', 'E7', 'E7', 'E7', 'B7', 'B7', 'E7', 'E7', 'A7', 'Cmaj', 'E7', 'B7', 'E7', 'E7', 'E7', 'E7', 'A7', 'E7', 'E7', 'E7', 'B7', 'B7', 'E7', 'E7', 'A7', 'Cmaj', 'E7', 'B7', 'E7', 'E7', 'A7', 'A7', 'A7', 'A7', 'A7', 'A7', 'B7', 'B7', 'A7', 'A7', 'E7', 'E7', 'A7', 'E7', 'E7', 'E7', 'B7', 'B7', 'E7', 'E7', 'A7', 'Cmaj', 'E7', 'B7', 'E7', 'B7', 'E7', 'E7', 'A7', 'E7', 'E7', 'E7', 'B7', 'B7', 'E7', 'E7', 'E7', 'A7', 'Amin', 'E7', 'B7', 'E7', 'E7', 'A7', 'A7', 'A7', 'A7', 'A7', 'A7', 'B7', 'B7', 'A7', 'A7', 'E7', 'E7', 'A7', 'E7', 'E7', 'E7', 'B7', 'B7', 'E7', 'E7', 'A7', 'Cmaj', 'E7', 'B7', 'E7', 'E7', 'E7', 'B7', 'E7', 'E7', 'E7', 'B7', 'A7', 'E7']"
0856,"['Ebmin', 'Ebmin', 'Ebmin', 'Ebmin', 'Eb', 'Eb', 'Eb', 'Absus4', 'Fmin9', 'Bbmin9', 'Abmaj', 'Ebsus4', 'Abmaj', 'Gb', 'Ebmin7', 'C', 'F7', 'Bbmin9', 'Abmaj', 'Ebsus4', 'Abmaj', 'Gb', 'Ebmin7', 'C', 'F7', 'Eb', 'Dbmaj', 'Fmin7', 'Ebsus4', 'C', 'F7', 'Bbsus4', 'Eb', 'Dbmaj', 'Fmin7', 'Ebsus4', 'C', 'F7', 'Bbsus4', 'Eb', 'Dbmaj', 'Fmin7', 'Ebsus4', 'C', 'F7', 'Bbsus4', 'Eb', 'Dbmaj', 'Fmin7', 'Ebsus4', 'Gbmaj9', 'Absus4', 'Bbmin9', 'Abmaj', 'Ebsus4', 'Abmaj', 'Gb', 'Ebmin7', 'C', 'F7', 'Bbmin9', 'Abmaj', 'Ebsus4', 'Abmaj', 'Gb', 'Ebmin7', 'C', 'F7', 'Eb', 'Dbmaj', 'Fmin7', 'Ebsus4', 'C', 'F7', 'Bbsus4', 'Eb', 'Dbmaj', 'Fmin7', 'Ebsus4', 'C', 'F7', 'Bbsus4', 'Eb', 'Dbmaj', 'Fmin7', 'Ebsus4', 'C', 'F7', 'Bbsus4', 'Eb', 'Dbmaj', 'Fmin7', 'Ebsus4', 'Gbmaj9', 'Absus4', 'Bbmin9', 'Abmaj', 'Ebsus4', 'Abmaj', 'Gb', 'Ebmin7', 'C', 'F7', 'Bbmin9', 'Abmaj', 'Ebsus4', 'Abmaj', 'Gb', 'Ebmin7', 'C', 'F7', 'Ebsus4', 'Bbmin9', 'Ebsus4', 'Bbmin9', 'Ebsus4', 'Bbmin9', 'Ebsus4', 'Gbmaj9', 'F7', 'Bbmin9', 'Abmaj', 'Ebsus4', 'Abmaj', 'Gb', 'Ebmin7', 'C', 'F7', 'Bbmin9', 'Abmaj', 'Ebsus4', 'Abmaj', 'Gb', 'Ebmin7', 'C', 'F7', 'Bbmin9', 'Abmaj', 'Ebsus4', 'Abmaj', 'Gb', 'Ebmin7', 'C', 'F7', 'Bbmin9', 'Abmaj', 'Ebsus4', 'Abmaj', 'Gb', 'Ebmin7', 'C', 'F7', 'Bbmin9', 'Abmaj', 'Ebsus4', 'Abmaj', 'Gb', 'Ebmin7', 'C', 'F7', 'Bbmin9', 'Abmaj', 'Ebsus4', 'Abmaj', 'Gb', 'Ebmin7', 'C', 'F7', 'Bbmin7', 'Ebmin7', 'Gbmaj9']"
0857,"['Ab', 'Eb', 'Eb', 'Eb', 'Eb', 'Eb', 'Eb', 'Eb', 'Eb', 'Eb', 'Eb', 'Eb', 'Eb', 'Eb', 'Eb', 'Eb', 'Eb', 'Eb', 'Eb', 'Eb', 'Eb', 'Eb', 'Eb', 'Eb', 'Eb', 'Eb', 'Eb', 'Eb', 'Eb', 'Eb', 'Eb', 'Eb', 'Eb', 'Eb', 'Eb', 'Eb', 'Eb', 'Eb', 'Eb', 'Eb', 'Eb', 'Eb', 'Eb', 'Eb', 'Eb', 'Eb', 'Eb', 'Eb', 'Eb', 'Eb', 'Eb', 'Eb', 'Eb', 'Eb', 'Eb', 'Ab', 'Ab', 'Ab', 'Ab', 'Ab', 'Ab', 'Ab', 'Ab', 'Ab', 'Ab', 'Ab', 'Ab', 'Ab', 'Ab', 'Ab', 'Ab', 'Ab', 'Eb', 'Eb', 'Eb', 'Eb', 'Eb', 'Eb', 'Eb', 'Eb', 'Eb', 'Eb', 'Eb', 'Eb', 'Eb', 'Eb', 'Eb', 'Eb', 'Eb', 'Eb', 'Eb', 'Eb', 'Eb', 'Eb', 'Eb', 'Eb', 'Eb', 'Eb', 'Eb', 'Eb', 'Eb', 'Eb', 'Eb', 'Eb', 'Eb', 'Eb', 'Eb', 'Eb', 'Eb', 'Eb', 'Eb', 'Eb', 'Eb', 'Eb', 'Eb', 'Eb', 'Eb', 'Eb', 'Eb', 'Eb', 'Eb', 'Eb', 'Eb', 'Eb', 'Eb', 'Eb', 'Eb', 'Eb', 'Eb', 'Eb', 'Eb', 'Eb', 'Eb', 'Eb', 'Eb', 'Eb', 'Ab']"
0859,"['Fmaj', 'Fsus4', 'Fsus2', 'Fmaj', 'Fmaj', 'Bbmaj', 'Fmaj', 'Fsus4', 'Fsus2', 'Fmaj', 'Csus4', 'Csus4', 'Fmaj', 'Fmaj', 'Bbsus2', 'Csus4', 'Fmaj', 'Fmaj', 'Bbsus2', 'Csus4', 'Fmaj', 'Fmaj', 'Bbsus2', 'Csus4', 'Fmaj', 'Fmaj', 'Bbsus2', 'Csus4', 'Fmaj', 'Fmaj', 'Bbsus2', 'Csus4', 'Fmaj', 'Fmaj', 'Bbsus2', 'Csus4', 'Fmaj', 'Fmaj', 'Bbsus2', 'Csus4', 'Fmaj', 'Fmaj', 'Bbsus2', 'Csus4', 'Cmaj', 'Bbmaj', 'Bbmaj', 'Fmaj', 'Bbmaj', 'Fmaj', 'Amin7', 'Dmin', 'Gmin', 'Csus4', 'Cmaj', 'Gmin', 'Cmaj', 'Cmaj', 'Fmaj', 'Fmaj', 'Bbsus2', 'Csus4', 'Fmaj', 'Fmaj', 'Bbsus2', 'Csus4', 'Fmaj', 'Fmaj', 'Bbsus2', 'Csus4', 'Fmaj', 'Fmaj', 'Bbsus2', 'Csus4', 'Fmaj', 'Fmaj', 'Bbsus2', 'Csus4', 'Fmaj', 'Fmaj', 'Bbsus2', 'Csus4', 'Fmaj', 'Fmaj', 'Bbsus2', 'Csus4', 'Fmaj', 'Fmaj', 'Bbsus2', 'Csus4', 'Fmaj', 'Bbsus2', 'Csus4', 'Fmaj', 'Bbsus2', 'Csus4', 'Fmaj', 'Bbsus2', 'Csus4', 'Fmaj', 'Bbsus2', 'Csus4', 'Cmaj', 'Bbmaj', 'Bbmaj', 'Fmaj', 'Bbmaj', 'Fmaj', 'Amin7', 'Dmin', 'Gmin', 'Csus4', 'Cmaj', 'Csus4', 'Csus4', 'Csus4', 'Csus4', 'Fmaj', 'Fmaj', 'Bbsus2', 'Csus4', 'Fmaj', 'Fmaj', 'Bbsus2', 'Csus4', 'Fmaj', 'Fmaj', 'Bbsus2', 'Csus4', 'Fmaj', 'Fmaj', 'Bbsus2', 'Csus4', 'Fmaj', 'Fmaj', 'Bbsus2', 'Csus4', 'Fmaj', 'Fmaj', 'Bbsus2', 'Csus4', 'Fmaj', 'Fmaj', 'Bbsus2', 'Csus4', 'Fmaj', 'Fmaj', 'Bbsus2', 'Csus4', 'Fmaj', 'Fmaj', 'Bbsus2', 'Csus4', 'Fmaj', 'Fmaj', 'Bbsus2', 'Csus4', 'Fmaj', 'Fmaj', 'Bbsus2', 'Csus4', 'Fmaj', 'Fmaj', 'Bbsus2', 'Csus4', 'Fmaj', 'Fmaj', 'Bbsus2', 'Csus4', 'Fmaj', 'Fmaj', 'Bbsus2', 'Csus4', 'Fmaj', 'Fmaj', 'Bbsus2', 'Csus4', 'Fmaj', 'Fmaj', 'Bbsus2', 'Csus4', 'Fmaj', 'Fmaj', 'Bbsus2', 'Csus4', 'Fmaj', 'Fmaj', 'Bbsus2', 'Csus4', 'Fmaj', 'Fmaj', 'Bbsus2', 'Csus4', 'Fmaj', 'Fmaj', 'Bbsus2', 'Csus4', 'Fmaj', 'Fmaj', 'Bbsus2', 'Csus4', 'Fmaj', 'Fmaj', 'Bbsus2', 'Csus4', 'Fmaj', 'Fmaj']"
0861,"['F#5', 'F#5', 'F#5', 'F#5', 'Emaj', 'Bmaj', 'F#5', 'F#5', 'Emaj', 'Bmaj', 'F#5', 'F#5', 'F#5', 'F#5', 'F#5', 'F#5', 'F#5', 'F#5', 'F#5', 'F#5', 'F#5', 'F#5', 'F#5', 'F#5', 'F#5', 'F#5', 'F#5', 'F#5', 'F#maj', 'Dmaj', 'Bmaj', 'F#maj', 'F#maj', 'Dmaj', 'Bmaj', 'C#5', 'F#min', 'F#min', 'A5', 'B5', 'F#min', 'F#min', 'A5', 'B5', 'F#5', 'F#5', 'F#5', 'F#5', 'F#5', 'F#5', 'F#5', 'F#5', 'F#5', 'F#5', 'F#5', 'F#5', 'F#5', 'F#5', 'F#5', 'F#5', 'F#maj', 'Dmaj', 'Bmaj', 'F#maj', 'F#maj', 'Dmaj', 'Bmaj', 'C#5', 'F#min', 'F#min', 'A5', 'B5', 'F#min', 'F#min', 'A5', 'B5', 'F#min', 'F#min', 'A5', 'B5', 'F#min', 'F#min', 'A5', 'B5', 'Bmin7', 'Dmaj', 'Amaj', 'F#maj', 'Bmin7', 'Dmaj', 'Amaj', 'C#5', 'F#min', 'F#min', 'A5', 'B5', 'F#min', 'F#min', 'A5', 'B5', 'F#min', 'F#min', 'A5', 'B5', 'F#min', 'F#min', 'A5', 'B5', 'F#maj', 'Dmaj', 'Bmaj', 'F#maj', 'F#maj', 'Dmaj', 'Bmaj', 'C#5', 'A5', 'F#5', 'F#5', 'F#5', 'F#5', 'F#5', 'F#5', 'F#5', 'F#5', 'F#5', 'F#5', 'F#5', 'F#5', 'F#5', 'F#5', 'F#5', 'F#5', 'F#maj', 'Dmaj', 'Bmaj', 'F#maj', 'F#maj', 'Dmaj', 'Bmaj', 'C#5', 'F#min', 'F#min', 'A5', 'B5', 'F#min', 'F#min', 'A5', 'B5', 'F#min', 'F#min', 'A5', 'B5', 'F#min', 'F#min', 'A5', 'B5', 'F#min', 'F#min', 'A5', 'B5', 'F#min', 'F#min', 'A5', 'B5', 'F#min', 'F#min', 'A5', 'B5', 'F#min', 'F#min', 'A5', 'B5', 'F#sus4', 'Bmaj', 'F#5', 'F#maj', 'Amaj', 'B5', 'F#sus4', 'Bmaj', 'F#5', 'F#maj', 'Amaj', 'B5', 'F#sus4', 'Bmaj', 'F#5', 'F#maj', 'Amaj', 'B5', 'F#sus4', 'Bmaj', 'F#5', 'F#maj', 'Amaj', 'B5', 'F#sus4', 'Bmaj', 'F#5', 'F#maj', 'Amaj', 'B5', 'F#sus4', 'Bmaj', 'F#5', 'F#maj', 'Amaj', 'B5', 'F#sus4', 'Bmaj', 'F#5', 'F#maj', 'Amaj', 'B5', 'F#sus4', 'Bmaj', 'F#5', 'F#maj', 'Amaj', 'B5', 'F#sus4', 'Bmaj', 'F#5', 'F#maj', 'Amaj', 'B5', 'F#sus4', 'Bmaj', 'F#5', 'F#maj', 'Amaj', 'B5']"
0863,"['Fmaj', 'Fmaj', 'Cmaj', 'Cmaj', 'Fmaj', 'Fmaj', 'Cmaj', 'Fmaj', 'Fmaj', 'Fmaj', 'Cmaj', 'Cmaj', 'Fmaj', 'Fmaj', 'Cmaj', 'Fmaj', 'Cmaj', 'Fmaj', 'Cmaj', 'Fmaj', 'Cmaj', 'Fmaj', 'Cmaj', 'Fmaj', 'Gmaj', 'Gmaj', 'Dmaj', 'Dmaj', 'Gmaj', 'Gmaj', 'Dmaj', 'Gmaj', 'Gmaj', 'Gmaj', 'Dmaj', 'Dmaj', 'Gmaj', 'Gmaj', 'Dmaj', 'Gmaj', 'Dmaj', 'Gmaj', 'Dmaj', 'Gmaj', 'Dmaj', 'Gmaj', 'Dmaj', 'Gmaj', 'Gmaj', 'Gmaj', 'Dmaj', 'Dmaj', 'Gmaj', 'Gmaj', 'Dmaj', 'Gmaj', 'Dmaj', 'Gmaj', 'Dmaj', 'Gmaj']"
0864,"['Cmaj', 'Fmaj', 'Cmaj', 'Cmaj', 'Fmaj', 'Cmaj', 'Cmaj', 'Fmaj', 'Cmaj', 'Cmaj', 'Fmaj', 'Cmaj', 'Cmaj', 'Gmaj', 'Cmaj', 'Cmaj', 'C7', 'G7', 'C7', 'F7', 'C7', 'G7', 'C7', 'Cmaj', 'Fmaj', 'Cmaj', 'Cmaj', 'Fmaj', 'Cmaj', 'Cmaj', 'Gmaj', 'Cmaj', 'Cmaj', 'Cmaj', 'C', 'C', 'Cmaj', 'C', 'C', 'Cmaj', 'Gmaj', 'Cmaj', 'Cmaj', 'C7', 'G7', 'C7', 'F7', 'C7', 'G7', 'C7', 'Cmaj', 'Fmaj', 'Cmaj', 'Cmaj', 'Fmaj', 'Cmaj', 'Cmaj', 'Gmaj', 'Cmaj', 'Cmaj', 'Cmaj', 'C', 'C', 'Cmaj', 'C', 'C', 'Cmaj', 'Gmaj', 'Cmaj', 'Abmaj', 'Db', 'Dbmaj', 'Gbmaj', 'Dbmaj', 'Dbmaj', 'Gbmaj', 'Dbmaj', 'Dbmaj', 'Abmaj', 'Dbmaj', 'Dbmaj']"
0865,"['Gmin', 'C#', 'C#sus4', 'C#min7', 'G#min7', 'Bsus4', 'C#', 'C#sus4', 'C#min7', 'G#min7', 'Bsus4', 'C#', 'C#sus4', 'C#min7', 'G#min7', 'Bsus4', 'C#', 'C#sus4', 'C#min7', 'G#min7', 'Bsus4', 'C#', 'C#sus4', 'C#min7', 'G#min7', 'Bsus4', 'C#', 'C#sus4', 'C#min7', 'G#min7', 'Bsus4', 'C#', 'C#sus4', 'C#min7', 'G#min7', 'Bsus4', 'C#', 'C#sus4', 'C#min7', 'G#min7', 'Bsus4', 'C#', 'C#sus4', 'C#min7', 'G#min7', 'Bsus4', 'Bsus4', 'E', 'Bmaj', 'Emaj', 'C#min9', 'C#min7', 'B', 'E', 'Bmaj', 'Emaj', 'C#min9', 'C#min7', 'B', 'A5', 'Bmaj', 'Amaj9', 'Bmaj', 'Amaj9', 'B', 'C#5', 'C#sus4', 'C#min7', 'C#sus4', 'C#min7', 'B', 'A5', 'Bmaj', 'Amaj9', 'Bmaj', 'Amaj9', 'B', 'C#sus4', 'C#sus4', 'C#', 'C#sus4', 'C#min7', 'G#min7', 'Bsus4', 'C#', 'C#sus4', 'C#min7', 'G#min7', 'Bsus4', 'C#', 'C#sus4', 'C#min7', 'G#min7', 'Bsus4', 'Bsus4', 'Bsus4', 'G#min7', 'C#', 'C#sus4', 'C#min7', 'G#min7', 'Bsus4', 'C#', 'C#sus4', 'C#min7', 'G#min7', 'Bsus4', 'C#', 'C#sus4', 'C#min7', 'G#min7', 'Bsus4', 'Bsus4', 'E', 'Bmaj', 'Emaj', 'C#min9', 'C#min7', 'B', 'E', 'Bmaj', 'Emaj', 'C#min9', 'C#min7', 'B', 'A5', 'Bmaj', 'Amaj9', 'Bmaj', 'Amaj9', 'B', 'C#5', 'C#sus4', 'C#min7', 'C#sus4', 'C#min7', 'B', 'A5', 'Bmaj', 'Amaj9', 'Bmaj', 'Amaj9', 'B', 'C#sus4', 'C#sus4', 'Bmaj', 'Bmaj', 'Emaj', 'Bmaj', 'Bmaj', 'Emaj', 'Bmaj', 'Bmaj', 'Emaj', 'Amaj', 'Bmaj', 'E', 'Bmaj', 'Emaj', 'C#min9', 'C#min7', 'B', 'E', 'Bmaj', 'Emaj', 'C#min9', 'C#min7', 'B', 'A5', 'Bmaj', 'Amaj9', 'Bmaj', 'Amaj9', 'B', 'C#5', 'C#sus4', 'C#min7', 'C#sus4', 'C#min7', 'B', 'A5', 'Bmaj', 'Amaj9', 'Bmaj', 'Amaj9', 'B', 'E', 'Bmaj', 'Emaj', 'C#min9', 'C#min7', 'B', 'E', 'Bmaj', 'Emaj', 'C#min9', 'C#min7', 'B', 'E', 'Bmaj', 'Emaj', 'C#min9', 'C#min7', 'B', 'E', 'Bmaj', 'Emaj', 'C#min9', 'C#min7', 'B', 'E', 'Bmaj', 'Emaj', 'C#min9', 'C#min7', 'B', 'E', 'Bmaj', 'Emaj', 'C#min9', 'C#min7', 'B', 'E', 'Bmaj', 'Emaj', 'C#min9', 'C#min7', 'B']"
0870,"['Emaj', 'Amaj', 'Emaj', 'Emaj', 'Amaj', 'Emaj', 'Emaj', 'Amaj', 'Emaj', 'Emaj', 'Amaj', 'Emaj', 'Emaj', 'Amaj', 'Emaj', 'Emaj', 'Amaj', 'Emaj', 'Bbmaj', 'Fmaj', 'Cmaj', 'Fmaj', 'Bbmaj', 'Cmaj', 'Fmaj', 'Bbmaj', 'Fmaj', 'Cmaj', 'Fmaj', 'Bbmaj', 'Gmaj', 'Cmaj', 'Emaj', 'Amaj', 'Dmaj', 'Amaj', 'Emaj', 'Amaj', 'Dmaj', 'Amaj', 'Emaj', 'Amaj', 'Dmaj', 'Amaj', 'Emaj', 'Amaj', 'Dmaj', 'Amaj', 'Emaj', 'Amaj', 'Emaj', 'Emaj', 'Amaj', 'Emaj', 'Emaj', 'Amaj', 'Emaj', 'Emaj', 'Amaj', 'Emaj', 'Emaj', 'Amaj', 'Emaj', 'Emaj', 'Amaj', 'Emaj', 'Bbmaj', 'Fmaj', 'Cmaj', 'Fmaj', 'Bbmaj', 'Cmaj', 'Fmaj', 'Bbmaj', 'Fmaj', 'Cmaj', 'Fmaj', 'Bbmaj', 'Gmaj', 'Cmaj', 'Emaj', 'Amaj', 'Dmaj', 'Amaj', 'Emaj', 'Amaj', 'Dmaj', 'Amaj', 'Emaj', 'Amaj', 'Dmaj', 'Amaj', 'Emaj', 'Amaj', 'Dmaj', 'Amaj', 'Bmin', 'Bmin', 'Gmaj', 'Gmaj', 'Bmin', 'Bmin', 'Gmaj', 'Gmaj', 'Emaj', 'Amaj', 'Emaj', 'Emaj', 'Amaj', 'Emaj', 'Emaj', 'Amaj', 'Emaj', 'Emaj', 'Amaj', 'Emaj', 'Emaj', 'Amaj', 'Emaj', 'Emaj', 'Amaj', 'Emaj', 'Bbmaj', 'Fmaj', 'Cmaj', 'Fmaj', 'Bbmaj', 'Cmaj', 'Fmaj', 'Bbmaj', 'Fmaj', 'Cmaj', 'Fmaj', 'Bbmaj', 'Gmaj', 'Cmaj', 'Emaj', 'Amaj', 'Dmaj', 'Amaj', 'Emaj', 'Amaj', 'Dmaj', 'Amaj', 'Emaj', 'Amaj', 'Dmaj', 'Amaj', 'Emaj', 'Amaj', 'Dmaj', 'Amaj', 'Emaj', 'Amaj', 'Dmaj', 'Amaj', 'Emaj', 'Amaj', 'Dmaj', 'Amaj', 'Emaj', 'Amaj', 'Dmaj', 'Amaj', 'Emaj', 'Amaj', 'Dmaj', 'Amaj', 'Emaj', 'Amaj', 'Dmaj', 'Amaj', 'Emaj', 'Amaj', 'Dmaj', 'Amaj', 'Emaj', 'Amaj', 'Dmaj', 'Amaj', 'Emaj', 'Amaj', 'Dmaj', 'Amaj', 'Emaj', 'Amaj', 'Dmaj', 'Amaj', 'Emaj', 'Amaj', 'Dmaj', 'Amaj', 'Emaj', 'Amaj', 'Dmaj', 'Amaj', 'Emaj']"
0872,"['Gmaj', 'Gmaj', 'Gmaj', 'Gmaj', 'Gmaj', 'Gmaj', 'Amin', 'Dmaj', 'Amin', 'Dmaj', 'Amin', 'Dmaj', 'Amin', 'Dmaj', 'Gmaj', 'Gmaj', 'Gmaj', 'Gmaj', 'Gmaj', 'Gmaj', 'Gmaj', 'Gmaj', 'Amin', 'Dmaj', 'Amin', 'Dmaj', 'Amin', 'Dmaj', 'Amin', 'Dmaj', 'Gmaj', 'Gmaj', 'Emin', 'Amaj', 'Dmaj', 'Dmaj', 'Dmin', 'Gmaj', 'G7', 'Cmaj', 'Cmin', 'Gmaj', 'Gmaj', 'Gmaj', 'Fmaj', 'Emaj', 'E7', 'Amin', 'Dmaj', 'Gmaj', 'Gmaj', 'Gmaj', 'Gmaj', 'Gmaj', 'Fmaj', 'Emaj', 'Amaj', 'Dmaj', 'Gmaj', 'Gmaj', 'Emin', 'Amaj', 'Dmaj', 'Dmaj', 'Dmin', 'Gmaj', 'G7', 'Cmaj', 'Cmin', 'Gmaj', 'Gmaj', 'Gmaj', 'Fmaj', 'Emaj', 'E7', 'Amin', 'Dmaj', 'Gmaj', 'Fmaj', 'Emaj', 'E7', 'Amin', 'Dmaj', 'Gmaj', 'Gmaj', 'Gmaj', 'Gmaj']"
0873,"['Amaj', 'Dmaj', 'E7', 'Amaj', 'Amaj', 'Amaj', 'Dmaj', 'E7', 'Amaj', 'Amaj', 'Dmaj', 'E7', 'Amaj', 'Amaj', 'Amaj', 'Amaj', 'Emaj', 'Amaj', 'Amaj', 'Amaj', 'Amaj', 'Emaj', 'Amaj', 'Amaj', 'Amaj', 'Amaj', 'Dmaj', 'E7', 'Amaj', 'Amaj', 'Dmaj', 'E7', 'Amaj', 'Amaj', 'Amaj', 'Amaj', 'Emaj', 'Amaj', 'Amaj', 'Amaj', 'Amaj', 'Emaj', 'Amaj', 'Amaj', 'Amaj', 'Amaj', 'Dmaj', 'E7', 'Amaj', 'Amaj', 'Dmaj', 'E7', 'Amaj', 'Amaj', 'Amaj', 'Amaj', 'Emaj', 'Amaj', 'Amaj', 'Amaj', 'Amaj', 'Emaj', 'Amaj', 'Amaj', 'Amaj', 'Amaj', 'Amaj', 'Amaj', 'Emaj', 'Amaj', 'Amaj', 'Amaj', 'Amaj', 'Emaj', 'Amaj', 'Amaj', 'Amaj', 'Amaj', 'Amaj', 'Amaj', 'Dmaj', 'E7', 'Amaj', 'Amaj', 'Dmaj', 'E7', 'Amaj', 'Amaj', 'Amaj', 'Amaj', 'Emaj', 'Amaj', 'Amaj', 'Amaj', 'Amaj', 'Emaj', 'Amaj', 'Amaj', 'Amaj', 'Amaj', 'Amaj', 'Amaj', 'Emaj', 'Amaj', 'Amaj', 'Amaj', 'Amaj', 'Emaj', 'Amaj', 'Amaj', 'Amaj', 'Amaj', 'Amaj', 'Amaj', 'Amaj', 'Amaj', 'Amaj', 'Amaj', 'Amaj', 'Amaj', 'Amaj']"
0874,"['F#7', 'E7', 'Bmaj', 'Bmaj', 'Bmaj', 'Emaj', 'Bmaj', 'F#7', 'Bmaj', 'Emaj', 'F#7', 'Emaj', 'Bmaj', 'F#7', 'E7', 'Bmaj', 'Emaj', 'Bmaj', 'F#7', 'Emaj', 'Bmaj', 'Emaj', 'Bmaj', 'F#7', 'Emaj', 'Bmaj', 'F#7', 'E7', 'Bmaj', 'F#7', 'E7', 'Bmaj', 'Bmaj', 'Bmaj', 'Emaj', 'Bmaj', 'F#7', 'Bmaj', 'Emaj', 'F#7', 'Emaj', 'Bmaj', 'F#7', 'E7', 'Bmaj', 'Emaj', 'Bmaj', 'F#7', 'Emaj', 'Bmaj', 'Emaj', 'Bmaj', 'F#7', 'Emaj', 'Bmaj', 'F#7', 'E7', 'Bmaj', 'Emaj', 'Bmaj', 'F#7', 'Emaj', 'Bmaj', 'Emaj', 'Bmaj', 'F#7', 'Emaj', 'Bmaj']"
0875,"['Bbmaj', 'Gmin', 'F7', 'Bbmaj', 'Bbmaj', 'Bbmaj', 'Ebmaj', 'Bbmaj', 'Bbmaj', 'Bbmaj', 'F7', 'Bbmaj', 'Bbmaj', 'Bbmaj', 'Bb7', 'Ebmaj', 'Ebmaj', 'Bbmaj', 'F7', 'Bbmaj', 'Bbmaj', 'Bbmaj', 'Ebmaj', 'Bbmaj', 'Bbmaj', 'Bbmaj', 'F7', 'Bbmaj', 'Bbmaj', 'Bbmaj', 'Bb7', 'Ebmaj', 'Ebmaj', 'Bbmaj', 'F7', 'Bbmaj', 'Bbmaj', 'Bb7', 'Ebmaj', 'Ebmaj', 'Bbmaj', 'Bbmaj', 'C7', 'C7', 'F7', 'F7', 'Ebmaj', 'Ebmaj', 'Bbmaj', 'Bbmaj', 'Cmaj', 'C7', 'F7', 'F7', 'Bbmaj', 'Ebmaj', 'Bbmaj', 'Bbmaj', 'Bbmaj', 'F7', 'Bbmaj', 'Bbmaj', 'Bbmaj', 'Bb7', 'Ebmaj', 'Ebmaj', 'Bbmaj', 'F7', 'Bbmaj', 'Bb7', 'Bbmaj', 'F7', 'Bbmaj', 'Bb7', 'Bbmaj', 'F7', 'Bbmaj', 'Bb7', 'Bbmaj', 'F7', 'Bbmaj', 'Bb7']"
0879,"['E', 'E', 'E', 'E', 'Amaj', 'C7', 'C7', 'C7', 'C7', 'C7', 'C7', 'C7', 'C7', 'Amaj', 'E', 'E', 'E', 'E', 'Amaj', 'C7', 'C7', 'C7', 'C7', 'C7', 'C7', 'C7', 'C7', 'C7', 'F7', 'C7', 'F7', 'C7', 'F7', 'C7', 'F7', 'C7', 'C7', 'C7', 'C7', 'Amaj', 'E', 'E', 'E', 'E', 'Amaj', 'E', 'E', 'E', 'E', 'Amaj', 'C7', 'C7', 'C7', 'C7', 'C7', 'C7', 'C7', 'C7', 'C7', 'F7', 'C7', 'F7', 'C7', 'F7', 'C7', 'F7', 'C', 'C', 'C', 'C', 'Amaj', 'E', 'Emaj', 'E', 'Amaj', 'E', 'Emaj', 'E', 'Amaj', 'E', 'Emaj', 'E', 'Amaj', 'E', 'Emaj', 'E', 'Amaj', 'E', 'Emaj', 'E', 'Amaj', 'E', 'Emaj', 'E', 'Amaj', 'E', 'Emaj', 'E', 'Amaj', 'E', 'Emaj', 'E', 'Amaj', 'E', 'Emaj', 'E', 'Amaj', 'E', 'Emaj', 'E', 'Amaj', 'E', 'Emaj', 'E', 'Amaj', 'E', 'Emaj', 'E', 'Amaj', 'Emaj', 'Emaj', 'Amaj', 'Emaj', 'Emaj', 'Amaj', 'Emaj', 'Emaj', 'Amaj', 'Emaj', 'Emaj', 'Amaj', 'E', 'Emaj', 'E', 'Amaj', 'E', 'Emaj', 'E', 'Amaj', 'E', 'Emaj', 'E', 'Amaj', 'E', 'Emaj', 'E', 'Amaj', 'E', 'Emaj', 'E', 'Amaj', 'E', 'Emaj', 'E', 'Amaj', 'Emaj', 'Amaj', 'Emaj', 'Amaj']"
0881,"['Ebmaj', 'Ebmaj', 'Ebmaj', 'Ebmaj', 'Ebmaj', 'Ebmaj', 'Ebmaj', 'Ebmaj', 'Ebmaj', 'Ebmaj', 'Ebmaj', 'Ebmaj', 'Ebmaj', 'Ebmaj', 'Ebmaj', 'Ebmaj', 'Gmin', 'Gmin', 'Ebmaj', 'Ebmaj', 'Gmin', 'Gmin', 'Ebmaj', 'Ebmaj', 'Gmin', 'Gmin', 'Ebmaj', 'Ebmaj', 'Gmin', 'Gmin', 'Ebmaj', 'Ebmaj', 'Gmin', 'Gmin', 'Ebmaj', 'Ebmaj', 'Gmin', 'Gmin', 'Dmaj', 'Amaj', 'Dmaj', 'Amaj', 'Bmin7', 'Bmin7', 'Dmaj', 'Amaj', 'Dmaj', 'Amaj', 'Dmaj', 'Amaj', 'Bmin7', 'Bmin7', 'Dmaj', 'Amaj', 'Dmaj', 'Amaj', 'Ebmaj', 'Ebmaj', 'Gmin', 'Gmin', 'Ebmaj', 'Ebmaj', 'Gmin', 'Gmin', 'Ebmaj', 'Ebmaj', 'Gmin', 'Gmin', 'Ebmaj', 'Ebmaj', 'Gmin', 'Gmin', 'Dmaj', 'Amaj', 'Dmaj', 'Amaj', 'Bmin7', 'Bmin7', 'Dmaj', 'Amaj', 'Dmaj', 'Amaj', 'Dmaj', 'Amaj', 'Bmin7', 'Bmin7', 'Dmaj', 'Amaj', 'Dmaj', 'Amaj', 'Ebmaj', 'Ebmaj', 'Gmin', 'Gmin', 'Ebmaj', 'Ebmaj', 'Gmin', 'Gmin', 'Ebmaj', 'Ebmaj', 'Gmin', 'Gmin', 'Ebmaj', 'Ebmaj', 'Gmin', 'Gmin', 'Dmaj', 'Amaj', 'Dmaj', 'Amaj', 'Bmin7', 'Bmin7', 'Dmaj', 'Amaj', 'Dmaj', 'Amaj', 'Dmaj', 'Amaj', 'Bmin7', 'Bmin7', 'Dmaj', 'Amaj', 'Dmaj', 'Amaj', 'Dmaj', 'Amaj', 'Dmaj', 'Amaj', 'Ebmaj', 'Ebmaj', 'Gmin', 'Gmin', 'Ebmaj', 'Ebmaj', 'Gmin', 'Gmin', 'Ebmaj', 'Ebmaj', 'Gmin', 'Gmin', 'Ebmaj', 'Ebmaj', 'Gmin', 'Gmin', 'Dmaj', 'Amaj', 'Dmaj', 'Amaj', 'Bmin7', 'Bmin7', 'Dmaj', 'Amaj', 'Dmaj', 'Amaj', 'Dmaj', 'Amaj', 'Bmin7', 'Bmin7', 'Dmaj', 'Amaj', 'Dmaj', 'Amaj', 'Dmaj', 'Amaj', 'Bmin7', 'Bmin7', 'Dmaj', 'Amaj', 'Dmaj', 'Amaj', 'Dmaj', 'Amaj', 'Bmin7', 'Bmin7', 'Dmaj', 'Amaj', 'Dmaj', 'Amaj', 'Dmaj', 'Amaj', 'Bmin7', 'Bmin7', 'Dmaj', 'Amaj', 'Dmaj', 'Amaj', 'Dmaj', 'Amaj', 'Bmin7', 'Bmin7', 'Dmaj', 'Amaj', 'Dmaj', 'Amaj']"
0882,"['C#5', 'C#5', 'C#5', 'C#5', 'C#5', 'C#5', 'C#5', 'C#5', 'C#min', 'Amaj7', 'B', 'C#min', 'Amaj', 'B7', 'C#min', 'Amaj7', 'B', 'C#min', 'Amaj', 'B7', 'C#min', 'Amaj', 'C#min', 'Amaj', 'Bmaj', 'C#min', 'Amaj', 'C#min', 'Amaj', 'Bmaj', 'C#min', 'Amaj', 'Bmaj', 'C#min', 'Amaj', 'Bmaj', 'C#min', 'Amaj', 'Bmaj', 'C#min', 'Amaj', 'Bmaj', 'C#min', 'Amaj', 'C#min', 'Amaj', 'Bmaj', 'C#min', 'Amaj', 'Bmaj', 'C#min', 'Amaj', 'Bmaj', 'C#min', 'Amaj', 'Bmaj', 'C#min', 'Amaj', 'Bmaj', 'C#min', 'Amaj', 'Bmaj', 'C#min', 'Amaj', 'Bmaj', 'C#min', 'Amaj', 'Bmaj', 'C#min', 'Amaj', 'Bmaj', 'C#min', 'Amaj', 'Bmaj', 'C#min', 'Amaj', 'Bmaj', 'C#min', 'Amaj', 'Bmaj', 'C#min', 'Amaj', 'Bmaj', 'C#min', 'Amaj', 'Bmaj', 'C#min', 'Amaj', 'Bmaj', 'C#min', 'C#min', 'C#min', 'C#min', 'C#min', 'C#min', 'C#min', 'Amaj', 'Bmaj', 'C#min', 'C#min', 'C#min', 'Amaj', 'C#min', 'Amaj7', 'C#min', 'Amaj', 'Bmaj', 'C#min', 'Amaj', 'Bmaj', 'C#min', 'Amaj', 'Bmaj', 'C#min', 'Amaj', 'Bmaj', 'C#min', 'Amaj', 'Bmaj', 'C#min', 'Amaj', 'Bmaj', 'C#min', 'Amaj', 'Bmaj', 'C#min', 'Amaj', 'Bmaj', 'C#min', 'Amaj', 'Bmaj', 'C#min', 'Amaj', 'Bmaj', 'C#min', 'Amaj', 'Bmaj', 'C#min', 'Amaj', 'Bmaj', 'C#min', 'Amaj', 'Bmaj', 'C#min', 'Amaj', 'Bmaj', 'C#min', 'Amaj', 'Bmaj', 'C#min', 'Amaj', 'Bmaj', 'C#min', 'Amaj', 'Bmaj', 'C#min', 'Amaj', 'Bmaj', 'C#min', 'Amaj', 'Bmaj', 'C#min', 'Amaj', 'Bmaj', 'C#min', 'Amaj', 'Bmaj']"
0884,"['Bmin', 'Gmaj7', 'Bmin', 'Gmaj7', 'Bmin', 'Dmaj', 'Gmaj7', 'E5', 'F#sus4', 'Bmin', 'Gmaj7', 'Bmin', 'Gmaj7', 'Bmin', 'Dmaj', 'Gmaj7', 'E5', 'F#sus4', 'Bmin', 'Gmaj7', 'Bmin', 'Gmaj7', 'Bmin', 'Dmaj', 'Gmaj7', 'E5', 'F#sus4', 'E5', 'Bmin', 'Gmaj7', 'Bmin', 'Gmaj7', 'Bmin', 'Dmaj', 'Gmaj7', 'Esus2', 'F#5', 'Gmaj', 'Amaj', 'Dmaj', 'Gmaj', 'Fmaj', 'Emin', 'Dmaj', 'Gmaj', 'Fmaj', 'Emin', 'C', 'Bmin', 'Gmaj7', 'Bmin', 'Gmaj7', 'Asus4', 'Bmin', 'Dmaj', 'Gmaj7', 'Esus2', 'F#5', 'Bmin', 'Gmaj7', 'Bmin', 'Gmaj7', 'Asus4', 'Bmin', 'Dmaj', 'Gmaj7', 'Esus2', 'F#5', 'Gmaj', 'F#7', 'Bmin', 'Amaj', 'C', 'C#', 'Dmaj', 'Gmaj', 'Fmaj', 'Emin', 'Dmaj', 'Gmaj', 'Fmaj', 'Emin', 'C', 'Bmin', 'Gmaj7', 'Bmin', 'Gmaj7', 'Asus4', 'Bmin', 'Dmaj', 'Gmaj7', 'Esus2', 'F#5', 'Bmin', 'Gmaj7', 'Bmin', 'Gmaj7', 'Asus4', 'Bmin', 'Dmaj', 'Gmaj7', 'Esus2', 'F#5', 'Gmaj', 'F#7', 'Bmin', 'Amaj', 'C', 'C#', 'Dmaj', 'Gmaj', 'Fmaj', 'Emin', 'Dmaj', 'Gmaj', 'Fmaj', 'Emin', 'Dmaj', 'Gmaj', 'Fmaj', 'Emin', 'Dmaj', 'Gmaj', 'Fmaj', 'Emin', 'Gmaj', 'F#7', 'Bmin', 'Amaj', 'B', 'C#', 'Gmaj', 'F#7', 'Bmin', 'Amaj', 'B', 'C#', 'Gmaj', 'F#7', 'Bmin', 'Amin', 'Gmaj', 'Bmaj', 'C5', 'Amin', 'Gmaj', 'Bmaj', 'C5', 'Amin', 'Gmaj', 'Bmaj', 'C5', 'Amin', 'Gmaj', 'Bmaj', 'C5', 'Amin', 'Gmaj', 'Bmaj', 'C5', 'Amin', 'Gmaj', 'Bmaj', 'C5', 'Cmaj', 'Cmaj', 'E5', 'E5', 'E5', 'E5', 'F5', 'E5', 'F5', 'E5', 'F5', 'E5', 'Fmaj', 'E5', 'F5', 'Emaj', 'Emaj', 'Fmaj', 'Emaj', 'Emaj', 'Fmaj', 'E5', 'F5', 'E5', 'D', 'E', 'F', 'E5', 'F5', 'E5', 'D', 'E5', 'B5', 'E5', 'E5', 'F5', 'E5', 'Fmaj', 'E5', 'F5', 'E5', 'F5', 'E5', 'F5', 'E5', 'Fmaj', 'E5', 'F5', 'E5', 'E5', 'E5', 'F5', 'E5', 'F5', 'E5', 'Fmaj', 'E5', 'F5', 'E5', 'E5', 'E5', 'F5', 'E5', 'F5', 'E5', 'Fmaj', 'E5', 'F5', 'E5', 'E5', 'E5', 'G5', 'E5', 'E5', 'G5', 'G5', 'G5', 'Ab5', 'F5', 'G5', 'G5', 'Ab5', 'F5', 'G7', 'F5', 'G7', 'Fmaj', 'G5', 'D5', 'E5', 'F5', 'E5', 'F5', 'E5', 'F5', 'E5', 'F5', 'Emaj', 'E5', 'F5', 'E5', 'F5', 'E5', 'F5', 'E5', 'F5', 'E5', 'F5', 'E5', 'F5', 'E5', 'F5', 'E5', 'F5', 'E5', 'F5', 'E5', 'F5', 'E5', 'F5', 'E5', 'F5', 'E5', 'F5', 'G5', 'E5', 'F5', 'G5', 'E5', 'F5', 'E5', 'F5', 'E5', 'Fmaj', 'E5', 'G5', 'E5', 'F5', 'E5']"
0885,"['Abmaj', 'Dbmaj', 'Abmaj', 'Abmaj', 'Abmaj', 'Dbmaj', 'Abmaj', 'Abmaj', 'Dbmaj', 'Dbmaj', 'Abmaj', 'Abmaj', 'Abmaj', 'Dbmaj', 'Abmaj', 'Abmaj', 'Ebmaj', 'Dbmaj', 'Ebmaj', 'Dbmaj', 'Abmaj', 'Dbmaj', 'Abmaj', 'Abmaj', 'Abmaj', 'Dbmaj', 'Abmaj', 'Abmaj', 'Abmaj', 'Dbmaj', 'Abmaj', 'Abmaj', 'Dbmaj', 'Dbmaj', 'Abmaj', 'Abmaj', 'Abmaj', 'Dbmaj', 'Abmaj', 'Abmaj', 'Ebmaj', 'Dbmaj', 'Ebmaj', 'Dbmaj', 'Abmaj', 'Dbmaj', 'Abmaj', 'Abmaj', 'Abmaj', 'Dbmaj', 'Abmaj', 'Abmaj', 'Abmaj', 'Dbmaj', 'Abmaj', 'Abmaj', 'Abmaj', 'Dbmaj', 'Abmaj', 'Abmaj', 'Abmaj', 'Dbmaj', 'Abmaj', 'Abmaj', 'Ebmaj', 'Dbmaj', 'Ebmaj', 'Dbmaj', 'Abmaj', 'Dbmaj', 'Abmaj', 'Abmaj', 'Abmaj', 'Dbmaj', 'Abmaj', 'Abmaj', 'Abmaj', 'Dbmaj', 'Abmaj', 'Abmaj', 'Dbmaj', 'Dbmaj', 'Abmaj', 'Abmaj', 'Abmaj', 'Dbmaj', 'Abmaj', 'Abmaj', 'Ebmaj', 'Dbmaj', 'Ebmaj', 'Dbmaj', 'Abmaj', 'Dbmaj', 'Abmaj', 'Abmaj', 'Abmaj', 'Dbmaj', 'Abmaj', 'Abmaj', 'Abmaj', 'Dbmaj', 'Abmaj', 'Abmaj', 'Abmaj', 'Dbmaj', 'Abmaj', 'Abmaj', 'Abmaj', 'Dbmaj', 'Abmaj', 'Abmaj', 'Abmaj', 'Dbmaj', 'Abmaj', 'Abmaj', 'Abmaj', 'Dbmaj', 'Abmaj', 'Abmaj']"
0886,"['Fmaj', 'Cmaj', 'Gmaj', 'Fmaj', 'Cmaj', 'Gmaj', 'Fmaj', 'Cmaj', 'Gmaj', 'Fmaj', 'Cmaj', 'Gmaj', 'Fmaj', 'Cmaj', 'Gmaj', 'Fmaj', 'Cmaj', 'Gmaj', 'Fmaj', 'Cmaj', 'Gmaj', 'Fmaj', 'Cmaj', 'Gmaj', 'Fmaj', 'Cmaj', 'Gmaj', 'Fmaj', 'Cmaj', 'Gmaj', 'Fmaj', 'Cmaj', 'Gmaj', 'Fmaj', 'Cmaj', 'Cmin', 'Gmaj', 'Fmaj', 'Emaj', 'Amin', 'Gmaj', 'Cmaj', 'Fmaj', 'Cmaj', 'Gmaj', 'Fmaj', 'Cmaj', 'G7', 'Fmaj', 'Cmaj', 'Gmaj', 'Fmaj', 'Cmaj', 'Gmaj', 'Fmaj', 'Cmaj', 'Gmaj', 'Fmaj', 'Cmaj', 'Gmaj', 'Fmaj', 'Cmaj', 'Gmaj', 'Fmaj', 'Cmaj', 'Gmaj', 'Fmaj', 'Cmaj', 'Gmaj', 'Fmaj', 'Cmaj', 'Cmin', 'Gmaj', 'Fmaj', 'Emaj', 'Amin', 'Gmaj', 'Cmaj', 'Fmaj', 'Cmaj', 'Gmaj', 'Fmaj', 'Cmaj', 'Gmaj', 'Fmaj', 'Cmaj', 'Gmaj', 'Fmaj', 'Cmaj', 'G7', 'Fmaj', 'Cmaj', 'Gsus4', 'Fmaj', 'Cmaj', 'Gmaj', 'Fmaj', 'Cmaj', 'Gsus4', 'Fmaj', 'Cmaj', 'Gsus4', 'Fmaj', 'Cmaj', 'G7', 'Fmaj', 'Cmaj', 'G7', 'Fmaj', 'Cmaj', 'G7', 'Fmaj', 'Cmaj', 'G7', 'Fmaj', 'Cmaj', 'Gmaj', 'Fmaj', 'Cmaj', 'Gmaj', 'Fmaj', 'Cmaj', 'Gmaj', 'Fmaj', 'Cmaj', 'Cmin', 'Gmaj', 'Fmaj', 'Emaj', 'Amin', 'Gmaj', 'Cmaj', 'Fmaj', 'Cmaj', 'Gmaj', 'Fmaj', 'Cmaj', 'Gmaj', 'Fmaj', 'Cmaj', 'G7', 'Fmaj', 'Cmaj', 'G7', 'Fmaj', 'Cmaj', 'G7', 'Fmaj', 'Cmaj', 'G7', 'Fmaj', 'Cmaj', 'G7', 'Fmaj', 'Cmaj', 'G7', 'Fmaj', 'Cmaj', 'G7', 'Fmaj', 'Cmaj', 'G7']"
0887,"['Amin7', 'Amin7', 'Eaug', 'Eaug', 'Amin9', 'Amin7', 'Amin7', 'Eaug', 'Amin7', 'Amin7', 'Eaug', 'Eaug', 'Amin9', 'Amin7', 'Amin7', 'Eaug', 'Eaug', 'Amin9', 'Amin7', 'Amin7', 'Eaug', 'Eaug', 'Amin9', 'Amin7', 'Amin7', 'Eaug', 'Amin7', 'Amin7', 'Eaug', 'Eaug', 'Amin9', 'Amin7', 'Amin7', 'Eaug', 'Eaug', 'Amin9', 'Amin7', 'Amin7', 'Eaug', 'Eaug', 'Amin9', 'Amin7', 'Amin7', 'Eaug', 'Amin7', 'Amin7', 'Eaug', 'Eaug', 'Amin9', 'Amin7', 'Amin7', 'Eaug', 'Eaug', 'Amin9', 'Amin7', 'Amin7', 'Eaug', 'Eaug', 'Amin9', 'Amin7', 'Amin7', 'Eaug', 'Amin7', 'Amin7', 'Eaug', 'Eaug', 'Amin9', 'Amin7', 'Amin7', 'Eaug', 'Eaug', 'Amin9', 'Amin7', 'Amin7', 'Eaug', 'Eaug', 'Amin9', 'Amin7', 'Amin7', 'Eaug', 'Amin7', 'Amin7', 'Eaug', 'Eaug', 'Amin9', 'Amin7', 'Amin7', 'Eaug', 'Eaug', 'Amin9', 'Amin7', 'Amin7', 'Eaug', 'Eaug', 'Amin9', 'Amin7', 'Amin7', 'Eaug', 'Amin7', 'Amin7', 'Eaug', 'Eaug', 'Amin9', 'Amin7', 'Amin7', 'Eaug', 'Eaug', 'Amin9', 'Amin7', 'Amin7', 'Eaug', 'Eaug', 'Amin9', 'Amin7', 'Amin7', 'Eaug', 'Amin7', 'Amin7', 'Eaug', 'Eaug', 'Amin9', 'Amin7', 'Amin7', 'Eaug', 'Eaug', 'Amin9', 'Amin7', 'Amin7', 'Eaug', 'Eaug', 'Amin9', 'Amin7', 'Amin7', 'Eaug', 'Amin7', 'Amin7', 'Eaug', 'Eaug', 'Amin9', 'Amin7', 'Amin7', 'Eaug', 'Eaug', 'Amin9', 'Amin7', 'Amin7', 'Eaug', 'Eaug', 'Amin9', 'Amin7', 'Amin7', 'Eaug', 'Eaug', 'Amin9', 'Amin7', 'Amin7', 'Eaug', 'Eaug', 'Amin9', 'Amin7', 'Amin7', 'Eaug', 'Amin7', 'Amin7', 'Eaug', 'Eaug', 'Amin9', 'Amin7', 'Amin7', 'Eaug', 'Eaug', 'Amin9', 'Amin7', 'Amin7', 'Eaug', 'Eaug', 'Amin9', 'Amin7', 'Amin7', 'Eaug', 'Amin7', 'Amin7', 'Eaug', 'Eaug', 'Amin9', 'Amin7', 'Amin7', 'Eaug', 'Eaug', 'Amin9', 'Amin7', 'Amin7', 'Eaug', 'Eaug', 'Amin9', 'Amin7', 'Amin7', 'Eaug', 'Amin7', 'Amin7', 'Eaug', 'Eaug', 'Amin9', 'Amin7', 'Amin7', 'Eaug', 'Eaug', 'Amin9', 'Amin7', 'Amin7', 'Eaug', 'Eaug', 'Amin9', 'Amin7', 'Amin7', 'Eaug']"
0888,"['Fmaj', 'Cmaj', 'Amin7', 'Fmaj7', 'G7', 'Fmaj7', 'Cmaj', 'Cmaj', 'Gmaj', 'Fmaj', 'Cmaj', 'Amin7', 'Fmaj7', 'G7', 'Fmaj7', 'Cmaj', 'Cmaj', 'Gmaj', 'Dmin', 'Amaj', 'Amaj', 'Dmin9', 'Emin7', 'Dmin9', 'Emin7', 'Csus4', 'C7', 'Fmaj9', 'D', 'C7', 'Csus4', 'Fmaj9', 'D', 'C7', 'Csus4', 'Dsus4', 'D7', 'Gsus4', 'G7', 'Fmaj', 'Cmaj', 'Amin7', 'Fmaj7', 'G7', 'Fmaj7', 'Cmaj', 'Cmaj', 'Gmaj', 'Fmaj', 'Cmaj', 'Amin7', 'Fmaj7', 'G7', 'Fmaj7', 'Cmaj', 'Cmaj', 'Gmaj', 'Dmin', 'Amaj', 'Amaj', 'Dmin9', 'Emin7', 'Dmin9', 'Emin7', 'Csus4', 'C7', 'Fmaj9', 'D', 'C7', 'Csus4', 'Fmaj9', 'D', 'C7', 'Csus4', 'Dsus4', 'D7', 'Gsus4', 'G7', 'Fmaj', 'Cmaj', 'Amin7', 'Fmaj7', 'G7', 'Fmaj7', 'Cmaj', 'Cmaj', 'Gmaj', 'Fmaj', 'Cmaj', 'Amin7', 'Fmaj7', 'G7', 'Fmaj7', 'Cmaj', 'Cmaj', 'Gmaj', 'Dmin', 'Amaj', 'Amaj', 'Dmin9', 'Emin7', 'Dmin9', 'Emin7', 'Csus4', 'C7', 'Fmaj9', 'D', 'C7', 'Csus4', 'Fmaj9', 'D', 'C7', 'Csus4', 'Dsus4', 'D7', 'Gsus4', 'G7', 'Fmaj', 'Cmaj', 'Amin7', 'Fmaj7', 'G7', 'Fmaj7', 'Cmaj', 'Cmaj', 'Gmaj', 'Fmaj', 'Cmaj', 'Amin7', 'Fmaj7', 'G7', 'Fmaj7', 'Cmaj', 'Cmaj', 'Gmaj', 'Fmaj', 'Cmaj', 'Amin7', 'Fmaj7', 'G7', 'Fmaj7', 'Cmaj', 'Cmaj', 'Gmaj', 'Fmaj', 'Cmaj', 'Amin7', 'Fmaj7', 'G7', 'Fmaj7', 'Cmaj', 'Cmaj', 'Gmaj', 'Fmaj', 'Cmaj', 'Amin7', 'Fmaj7', 'G7', 'Fmaj7', 'Cmaj', 'Cmaj', 'Gmaj', 'Fmaj', 'Cmaj', 'Amin7', 'Fmaj7', 'G7', 'Fmaj7', 'Cmaj', 'Cmaj', 'Gmaj']"
0889,"['Amin7', 'Gmaj', 'Amin7', 'Gmaj', 'Fmaj9', 'Gmaj', 'Fmaj9', 'Gmaj', 'Amin7', 'Gmaj', 'Amin7', 'Gmaj', 'Fmaj9', 'Gmaj', 'Fmaj9', 'Gmaj', 'Cmaj', 'Fmaj', 'Fmaj', 'Cmaj', 'Fmaj', 'Cmaj', 'Fmaj', 'Fmaj', 'Cmaj', 'Gmaj', 'Cmaj', 'Gmaj', 'Cmaj', 'Fmaj', 'Fmaj', 'Cmaj', 'Gmaj', 'Fmaj', 'Cmaj', 'Fmaj', 'Cmaj', 'Gmaj', 'Amin', 'Cmaj', 'Amin', 'Fmaj', 'Gsus4', 'Amin', 'Cmaj', 'Amin', 'Fmaj', 'Gsus4', 'Gmaj', 'Cmaj', 'G7', 'Cmaj', 'Gmaj', 'Gmaj', 'Fmaj', 'Cmaj', 'Gmaj', 'Gmaj', 'Fmaj', 'Cmaj', 'Gmaj', 'Cmaj', 'Fmaj', 'Fmaj', 'Cmaj', 'Fmaj', 'Cmaj', 'Fmaj', 'Cmaj', 'Gmaj', 'Cmaj', 'Gmaj', 'Cmaj', 'Fmaj', 'Fmaj', 'Cmaj', 'Gmaj', 'Fmaj', 'Cmaj', 'Fmaj', 'Cmaj', 'Gmaj', 'Amin', 'Cmaj', 'Amin', 'Fmaj', 'Gsus4', 'Amin', 'Cmaj', 'Amin', 'Fmaj', 'Gsus4', 'Gmaj', 'Cmaj', 'G7', 'Cmaj', 'Gmaj', 'Gmaj', 'Fmaj', 'Cmaj', 'Gmaj', 'Gmaj', 'Fmaj', 'Cmaj', 'Gmaj', 'Gmaj', 'Fmaj', 'Cmaj', 'Gmaj', 'Gmaj', 'Fmaj', 'Gmaj', 'Gmaj', 'Amin7', 'Gmaj', 'Amin7', 'Gmaj', 'Fmaj9', 'Gmaj', 'Fmaj9', 'Gmaj', 'Amin7', 'Gmaj', 'Amin7', 'Gmaj', 'Fmaj9', 'Gmaj', 'Fmaj9', 'Gmaj', 'Cmaj', 'Fmaj', 'Cmaj', 'Cmaj', 'Fmaj', 'Cmaj', 'Gmaj', 'Cmaj', 'Gmaj', 'Gmaj', 'Cmaj', 'Gmaj', 'Cmaj', 'Fmaj', 'Cmaj', 'Cmaj', 'Fmaj', 'Cmaj', 'Gmaj', 'Cmaj', 'Gmaj', 'Gmaj', 'Cmaj', 'Gmaj', 'Amin', 'Cmaj', 'Amin', 'Fmaj', 'Gsus4', 'Amin', 'Cmaj', 'Amin', 'Fmaj', 'Gsus4', 'Gmaj', 'Cmaj', 'G7', 'Cmaj', 'Gmaj', 'Gmaj', 'Fmaj', 'Cmaj', 'Gmaj', 'Gmaj', 'Fmaj', 'Cmaj', 'Gmaj', 'Gmaj', 'Fmaj', 'Cmaj', 'Gmaj', 'Gmaj', 'Fmaj', 'Gmaj', 'Gmaj', 'Amin7', 'Gmaj', 'Amin7', 'Gmaj', 'Fmaj9', 'Gmaj', 'Fmaj9', 'Gmaj', 'Amin7', 'Gmaj', 'Amin7', 'Gmaj', 'Fmaj9', 'Gmaj', 'Fmaj9', 'Gmaj', 'Cmaj', 'Fmaj', 'Cmaj', 'Cmaj', 'Fmaj', 'Cmaj', 'Gmaj', 'Cmaj', 'Gmaj', 'Gmaj', 'Cmaj', 'Gmaj', 'Cmaj', 'Fmaj', 'Cmaj', 'Cmaj', 'Fmaj', 'Cmaj', 'Gmaj', 'Cmaj', 'Gmaj', 'Gmaj', 'Cmaj', 'Gmaj', 'Cmaj', 'Fmaj', 'Cmaj', 'Cmaj', 'Fmaj', 'Cmaj', 'Cmaj', 'Fmaj', 'Cmaj', 'Cmaj', 'Fmaj', 'Cmaj', 'Gmaj', 'Cmaj', 'Gmaj', 'Gmaj', 'Cmaj', 'Gmaj', 'Cmaj', 'Fmaj', 'Cmaj', 'Cmaj', 'Fmaj', 'Cmaj', 'Gmaj', 'Cmaj', 'Gmaj', 'Gmaj', 'Cmaj', 'Emin7', 'Amin', 'Amin', 'Amin', 'Gmaj', 'Amin', 'Amin', 'Gmaj', 'Amin', 'Amin', 'Gmaj', 'Amin', 'Amin', 'Gmaj', 'Amin']"
0890,"['Absus4', 'Dbmaj', 'F7', 'Bb7', 'Gb', 'Db7', 'Gbmaj', 'Absus4', 'Dbmaj', 'Ab7', 'Dbmaj', 'F7', 'Bb7', 'Gb', 'Db7', 'Gbmaj', 'Absus4', 'Dbmaj', 'Ab7', 'Db7', 'Gb7', 'Db7', 'Gb7', 'Db7', 'F7', 'Bbmin7', 'Db7', 'Gbmaj', 'Eb7', 'Absus4', 'Absus4', 'Db7', 'Ab7', 'Db7', 'Gb7', 'Db7', 'Gb7', 'Db7', 'F7', 'Bbmin7', 'Db7', 'Gbmaj', 'Eb7', 'Absus4', 'Absus4', 'Db7', 'Ab7', 'Gb7', 'Bbmin7', 'Gb7', 'Db7', 'Gb7', 'Bbmin7', 'Gb7', 'Eb7', 'Ab7', 'Dbmaj', 'F7', 'Bb7', 'Gb', 'Db7', 'Gbmaj', 'Absus4', 'Dbmaj', 'Ab7', 'Dbmaj', 'F7', 'Bb7', 'Gb', 'Db7', 'Gbmaj', 'Absus4', 'Dbmaj', 'Ab7', 'Dbmaj', 'F7', 'Bb7', 'Gb', 'Db7', 'Gbmaj', 'Absus4', 'Dbmaj', 'Ab7', 'Dbmaj', 'F7', 'Bb7', 'Gb', 'Db7', 'Gbmaj', 'Absus4', 'Dbmaj', 'Ab7']"
0891,"['Dmaj', 'Dmaj', 'Dmaj', 'Dmaj', 'Dmaj', 'Dmaj', 'Amaj', 'Dmaj', 'Dmaj', 'Dmaj', 'Dmaj', 'Dmaj', 'Dmaj', 'Amaj', 'Dmaj', 'Dmaj', 'Dmaj', 'Dmaj', 'Dmaj', 'Dmaj', 'Amaj', 'Dmaj', 'Dmaj', 'Dmaj', 'Dmaj', 'Dmaj', 'Dmaj', 'Amaj', 'Dmaj', 'Dmaj', 'Dmaj', 'Dmaj', 'Dmaj', 'Dmaj', 'Dmaj', 'Dmaj', 'Dmaj', 'Dmaj', 'Gmaj', 'Gmaj', 'Amaj', 'Amaj', 'Gmaj', 'Gmaj', 'Amaj', 'Amaj', 'Amaj', 'Amaj', 'Amaj', 'Amaj', 'Dmaj', 'Dmaj', 'Amaj', 'Dmaj', 'Dmaj', 'Dmaj', 'Dmaj', 'Dmaj', 'Dmaj', 'Amaj', 'Dmaj', 'Dmaj', 'Amaj', 'Amaj', 'Dmaj', 'Dmaj', 'Amaj', 'Amaj', 'Dmaj', 'Dmaj', 'Amaj', 'Amaj', 'Dmaj', 'Dmaj', 'Amaj', 'Amaj', 'Dmaj', 'Dmaj', 'Dmaj', 'Dmaj', 'Dmaj', 'Dmaj', 'Amaj', 'Dmaj', 'Dmaj', 'Dmaj', 'Dmaj', 'Dmaj', 'Dmaj', 'Amaj', 'Dmaj', 'Dmaj', 'Amaj', 'Amaj', 'Dmaj', 'Dmaj', 'Amaj', 'Amaj', 'Dmaj', 'Dmaj', 'Gmaj', 'Gmaj', 'Amaj', 'Dmaj', 'Gmaj', 'Gmaj', 'Amaj', 'Amaj', 'Amaj', 'Amaj', 'Amaj', 'Amaj', 'Amaj', 'Amaj', 'Gmaj', 'Gmaj', 'Amaj', 'Amaj', 'Gmaj', 'Gmaj', 'Amaj', 'Amaj', 'Amaj', 'Amaj', 'Amaj', 'Amaj', 'Dmaj', 'Dmaj', 'Amaj', 'Dmaj', 'Dmaj', 'Dmaj', 'Dmaj', 'Dmaj', 'Dmaj', 'Amaj', 'Dmaj', 'Dmaj', 'Dmaj']"
0893,"['Ebmin', 'Gbmaj', 'Eb', 'Ab', 'Gbmaj', 'Ebmin', 'Gbmaj', 'Eb', 'Ab', 'Gbmaj', 'Ebmin', 'Gbmaj', 'Eb', 'Ab', 'Gbmaj', 'Ebmin', 'Gbmaj', 'Eb', 'Ab', 'Gbmaj', 'Ebmin', 'Gbmaj', 'Eb', 'Ab', 'Gbmaj', 'Ebmin', 'Gbmaj', 'Eb', 'Ab', 'Gbmaj', 'Ebmin', 'Ebmin', 'Ebmin', 'Ebmin', 'Ebmin', 'Ebmin', 'Ebmin', 'Ebmin', 'Ebmin', 'Gbmaj', 'Eb', 'Ab', 'Gbmaj', 'Ebmin', 'Gbmaj', 'Eb', 'Ab', 'Gbmaj', 'Ebmin', 'Gbmaj', 'Eb', 'Ab', 'Gbmaj', 'Ebmin', 'Gbmaj', 'Eb', 'Ab', 'Gbmaj', 'Ebmin', 'Gbmaj', 'Eb', 'Ab', 'Gbmaj', 'Ebmin', 'Gbmaj', 'Eb', 'Ab', 'Gbmaj', 'Ebmin', 'Ebmin', 'Ebmin', 'Ebmin', 'Ebmin', 'Ebmin', 'Ebmin', 'Ebmin', 'Ebmin', 'Gbmaj', 'Eb', 'Ab', 'Gbmaj', 'Ebmin', 'Gbmaj', 'Eb', 'Ab', 'Gbmaj', 'Ebmin', 'Gbmaj', 'Eb', 'Ab', 'Gbmaj', 'Ebmin', 'Gbmaj', 'Eb', 'Ab', 'Gbmaj', 'Ebmin', 'Gbmaj', 'Eb', 'Ab', 'Gbmaj', 'Ebmin', 'Gbmaj', 'Eb', 'Ab', 'Gbmaj', 'Ebmin', 'Ebmin', 'Ebmin', 'Ebmin', 'Ebmin', 'Ebmin', 'Ebmin', 'Ebmin', 'Ebmin', 'Gbmaj', 'Eb', 'Ab', 'Gbmaj', 'Ebmin', 'Gbmaj', 'Eb', 'Ab', 'Gbmaj', 'Ebmin', 'Gbmaj', 'Eb', 'Ab', 'Gbmaj', 'Ebmin', 'Gbmaj', 'Eb', 'Ab', 'Gbmaj', 'Ebmin', 'Gbmaj', 'Eb', 'Ab', 'Gbmaj', 'Ebmin', 'Gbmaj', 'Eb', 'Ab', 'Gbmaj', 'Ebmin', 'Ebmin', 'Ebmin', 'Ebmin', 'Ebmin', 'Ebmin', 'Ebmin', 'Ebmin', 'Ebmin', 'Gbmaj', 'Eb', 'Ab', 'Gbmaj', 'Ebmin', 'Gbmaj', 'Eb', 'Ab', 'Gbmaj', 'Ebmin', 'Gbmaj', 'Eb', 'Ab', 'Gbmaj', 'Ebmin', 'Gbmaj', 'Eb', 'Ab', 'Gbmaj', 'Ebmin', 'Gbmaj', 'Eb', 'Ab', 'Gbmaj', 'Ebmin', 'Gbmaj']"
0894,"['Cmaj', 'Cmaj', 'Cmaj', 'Cmaj', 'F7', 'F7', 'C7', 'C7', 'C7', 'C7', 'C7', 'C7', 'F7', 'F7', 'C7', 'C7', 'Cmaj', 'Bbmaj', 'Cmaj', 'Cmaj', 'Bbmaj', 'Cmaj', 'Cmaj', 'Fsus4', 'Fmaj', 'Fsus4', 'Fmaj', 'Cmaj', 'Bbmaj', 'Csus4', 'Cmaj', 'Bbmaj', 'Fmaj', 'Cmaj', 'Cmaj', 'Cmaj', 'Bbmaj', 'Cmaj', 'Cmaj', 'Bbmaj', 'Cmaj', 'Cmaj', 'Fsus4', 'Fmaj', 'Fsus4', 'Fmaj', 'Cmaj', 'Bbmaj', 'Csus4', 'Cmaj', 'Bbmaj', 'Fmaj', 'Cmaj', 'Fsus4', 'Fmaj', 'Fsus4', 'Fmaj', 'Cmaj', 'Bbmaj', 'Csus4', 'Cmaj', 'Bbmaj', 'Fmaj', 'Fmaj', 'C7', 'C7', 'C7', 'C7', 'F7', 'F7', 'C7', 'C7', 'C7', 'C7', 'C7', 'C7', 'F7', 'F7', 'C7', 'C7', 'Cmaj', 'Bbmaj', 'Cmaj', 'Cmaj', 'Bbmaj', 'Cmaj', 'Cmaj', 'Fsus4', 'Fmaj', 'Fsus4', 'Fmaj', 'Cmaj', 'Bbmaj', 'Csus4', 'Cmaj', 'Bbmaj', 'Fmaj', 'Cmaj', 'Cmaj', 'Cmaj', 'Bbmaj', 'Cmaj', 'Cmaj', 'Bbmaj', 'Cmaj', 'Cmaj', 'Fsus4', 'Fmaj', 'Fsus4', 'Fmaj', 'Cmaj', 'Bbmaj', 'Csus4', 'Cmaj', 'Bbmaj', 'Fmaj', 'Cmaj', 'Fsus4', 'Fmaj', 'Fsus4', 'Fmaj', 'Cmaj', 'Bbmaj', 'Csus4', 'Cmaj', 'Bbmaj', 'Fmaj', 'Fmaj', 'C7', 'C7', 'C7', 'C7', 'F7', 'F7', 'C7', 'C7', 'C7', 'C7', 'C7', 'C7', 'F7', 'F7', 'C7', 'C7', 'C7', 'C7', 'C7', 'C7', 'F7', 'F7', 'C7', 'C7', 'C7', 'C7', 'C7', 'C7', 'F7', 'F7', 'C7', 'C7', 'C7', 'C7', 'C7', 'C7', 'F7', 'F7', 'C7', 'C7']"
0895,"['Dmin7', 'Esus4', 'Emaj', 'Amin7', 'Bsus4', 'Bmaj', 'Emin7', 'A', 'Dsus4', 'Cmaj7', 'Bmin7', 'Amin7', 'B7', 'Emin7', 'Dmin7', 'G', 'Cmaj9', 'Bmin7', 'Amin7', 'D7', 'Gmaj', 'Dmin7', 'G', 'Cmaj9', 'Bmin7', 'Amin7', 'D7', 'Gmaj', 'Dmin7', 'G7', 'Cmaj9', 'Bmin7', 'Esus4', 'E', 'D', 'Cmaj7', 'Bmin7', 'Amin7', 'B7', 'Emin7', 'Dmin7', 'G', 'Cmaj9', 'Bmin7', 'Amin7', 'D7', 'Gmaj', 'Dmin7', 'G', 'Cmaj9', 'Bmin7', 'Amin7', 'D7', 'Gmaj', 'Dmin7', 'G', 'Cmaj9', 'Bmin7', 'Amin7', 'D7', 'Gmaj', 'Dmin7', 'Esus4', 'Emaj', 'Amin7', 'Bsus4', 'Bmaj', 'Emin7', 'A', 'Dsus4', 'Cmaj7', 'Bmin7', 'Amin7', 'B7', 'Emin7', 'Dmin7', 'G', 'Cmaj9', 'Bmin7', 'Amin7', 'D7', 'Gmaj', 'Cmaj7', 'Bmin7', 'Amin7', 'B7', 'Emin7', 'Dmin7', 'G', 'Cmaj9', 'Bmin7', 'Amin7', 'D7', 'Gmaj', 'Dmin7', 'Db7', 'Cmaj7', 'Bmin7', 'Amin7', 'Dsus4', 'Gmaj', 'Dmin7', 'G', 'Cmaj9', 'Bmin7', 'Amin7', 'D7', 'Gmaj', 'Dmin7', 'G', 'Cmaj9', 'Bmin7', 'Amin7', 'D7', 'Gmaj', 'Dmin7', 'G', 'Cmaj9', 'Bmin7', 'Amin7', 'D7', 'Gmaj']"
0896,"['Fmin', 'Fmin', 'Gbmaj', 'Gbmaj', 'Emaj', 'Emaj', 'Cmaj', 'Cmaj', 'Fmaj', 'Cmaj7', 'Fmaj', 'Emin7', 'Amin7', 'Fmaj', 'Cmaj7', 'Fmaj', 'Emin7', 'Amin7', 'Emin7', 'Amin7', 'Dmin7', 'Gmaj', 'Csus4', 'Cmaj', 'Csus4', 'Cmaj', 'Fmin', 'Cmaj', 'Fmin', 'Cmaj', 'Fmin', 'Fmin', 'Gbmaj', 'Gbmaj', 'Emaj', 'Emaj', 'Cmaj', 'Cmaj', 'Fmin', 'Fmin', 'Gbmaj', 'Gbmaj', 'Emaj', 'Emaj', 'Cmaj', 'Cmaj', 'Fmaj', 'Cmaj7', 'Fmaj', 'Emin7', 'Amin7', 'Fmaj', 'Cmaj7', 'Fmaj', 'Emin7', 'Amin7', 'Emin7', 'Amin7', 'Dmin7', 'Gmaj', 'Csus4', 'Cmaj', 'Csus4', 'Cmaj', 'Fmin', 'Cmaj', 'Fmin', 'Cmaj', 'Fmin', 'Fmin', 'Gbmaj', 'Gbmaj', 'Emaj', 'Emaj', 'Cmaj', 'Cmaj', 'Fmin', 'Fmin', 'Gbmaj', 'Gbmaj', 'Emaj', 'Emaj', 'Cmaj', 'Cmaj', 'G7', 'G7', 'G7', 'G7', 'G7', 'G7', 'G7', 'G7', 'Fmin', 'Fmin', 'Gbmaj', 'Gbmaj', 'Emaj', 'Emaj', 'Cmaj', 'Cmaj', 'Fmin', 'Fmin', 'Gbmaj', 'Gbmaj', 'Emaj', 'Emaj', 'Cmaj', 'Cmaj']"
0898,"['Dmin', 'Amin', 'Gmaj', 'Gmaj', 'Dmin', 'Amin', 'Gmaj', 'Gmaj', 'Dmin', 'Amin', 'Gmaj', 'Gmaj', 'Dmin', 'Amin', 'Gmaj', 'Gmaj', 'Amin', 'Fmaj', 'Gmaj', 'Amin', 'Fmaj', 'Gmaj', 'Amin', 'Fmaj', 'Gmaj', 'Amin', 'Amin', 'Dmin', 'Amin', 'Gmaj', 'Gmaj', 'Dmin', 'Amin', 'Gmaj', 'Gmaj', 'Amin', 'Fmaj', 'Gmaj', 'Amin', 'Fmaj', 'Gmaj', 'Amin', 'Fmaj', 'Gmaj', 'Amin', 'Amin', 'Dmin', 'Amin', 'Gmaj', 'Gmaj', 'Dmin', 'Amin', 'Gmaj', 'Gmaj', 'Amin', 'Fmaj', 'Gmaj', 'Amin', 'Fmaj', 'Gmaj', 'Amin', 'Fmaj', 'Gmaj', 'Amin', 'Amin', 'Dmin7', 'Amin7', 'G7', 'G7', 'Dmin7', 'Amin7', 'G7', 'G7', 'Amin', 'Fmaj', 'Gmaj', 'Amin', 'Fmaj', 'Gmaj', 'Amin', 'Fmaj', 'Gmaj', 'Amin', 'Fmaj', 'Gmaj', 'Amin', 'Fmaj', 'Gmaj', 'Amin', 'Fmaj', 'Gmaj', 'Amin', 'Fmaj', 'Gmaj', 'Amin', 'Fmaj', 'Gmaj', 'Amin', 'Fmaj', 'Gmaj', 'Amin', 'Fmaj', 'Gmaj', 'Amin', 'Fmaj', 'Gmaj', 'Amin', 'Fmaj', 'Gmaj', 'Amin', 'Fmaj', 'Gmaj', 'Amin', 'Fmaj', 'Gmaj', 'Amin', 'Fmaj', 'Gmaj', 'Amin', 'Fmaj', 'Gmaj', 'Amin', 'Fmaj', 'Gmaj', 'Amin', 'Fmaj', 'Gmaj', 'Amin', 'Fmaj', 'Gmaj', 'Amin', 'Fmaj', 'Gmaj', 'Amin', 'Fmaj', 'Gmaj', 'Amin', 'Fmaj', 'Gmaj', 'Amin', 'Fmaj', 'Gmaj', 'Amin', 'Fmaj', 'Gmaj', 'Amin', 'Fmaj', 'Gmaj', 'Amin', 'Fmaj', 'Gmaj', 'Amin', 'Fmaj', 'Gmaj', 'Amin', 'Fmaj', 'Gmaj', 'Amin', 'Fmaj', 'Gmaj', 'Amin', 'Fmaj', 'Gmaj']"
0900,"['Bbmaj', 'Ebmaj', 'Bbmaj', 'Ebmaj', 'Bbmaj', 'Bbmaj', 'Bb', 'Bb', 'Bb', 'Bb', 'Eb', 'Eb', 'Bb', 'Bb', 'F', 'Eb', 'Bbmaj', 'Ebmaj', 'Bbmaj', 'Bbmaj', 'Bbmaj', 'Bbmaj', 'Ebmaj', 'Ebmaj', 'Bbmaj', 'Bbmaj', 'F7', 'Ebmaj', 'Bbmaj', 'Ebmaj', 'Bbmaj', 'Ebmaj', 'Bbmaj', 'Ebmaj', 'Bbmaj', 'Ebmaj', 'Bbmaj', 'Ebmaj', 'Bbmaj', 'Ebmaj', 'Bbmaj', 'Bbmaj', 'Bbmaj', 'Bbmaj', 'Ebmaj', 'Ebmaj', 'Bbmaj', 'Bbmaj', 'F7', 'Ebmaj', 'Bbmaj', 'Ebmaj', 'Bbmaj', 'Ebmaj', 'Bbmaj', 'Ebmaj', 'Bbmaj', 'Ebmaj', 'Bbmaj', 'Ebmaj', 'Bbmaj', 'Ebmaj', 'Bbmaj', 'Ebmaj']"
0901,"['Dmaj', 'Dmaj', 'Cmaj', 'Gmaj', 'Gmaj', 'Dmaj', 'Dmaj', 'Cmaj', 'Gmaj', 'Dmaj', 'Dmaj', 'Dmaj', 'Dmaj', 'Cmaj', 'Cmaj', 'Gmaj', 'Dmaj', 'Dmaj', 'Cmaj', 'Cmaj', 'Dmaj', 'Emin7', 'A7', 'Bmin', 'Cmaj', 'Cmaj', 'Dmaj', 'Dmaj', 'Cmaj', 'Gmaj', 'Gmaj', 'Dmaj', 'Dmaj', 'Cmaj', 'Dmaj', 'Dmaj', 'Dmaj', 'Dmaj', 'Cmaj', 'Cmaj', 'Gmaj', 'Dmaj', 'Dmaj', 'Cmaj', 'Cmaj', 'Dmaj', 'Emin7', 'A7', 'Bmin', 'Cmaj', 'Cmaj', 'Dmaj', 'Dmaj', 'Cmaj', 'Gmaj', 'Gmaj', 'Dmaj', 'Dmaj', 'Cmaj', 'Dmaj', 'Dmaj', 'Fmaj', 'Fmaj', 'Gmaj', 'Dmaj', 'Dmaj', 'Cmaj', 'Cmaj', 'Cmaj', 'Cmaj', 'Dmaj', 'Dmaj', 'Cmaj', 'Gmaj', 'Gmaj', 'Dmaj', 'Dmaj', 'Cmaj', 'Dmaj', 'Dmaj', 'Dmaj', 'Dmaj', 'Cmaj', 'Cmaj', 'Gmaj', 'Dmaj', 'Dmaj', 'Cmaj', 'Cmaj', 'Dmaj', 'Emin7', 'A7', 'Bmin', 'Cmaj', 'Cmaj', 'Dmaj', 'Dmaj', 'Cmaj', 'Gmaj', 'Gmaj', 'Dmaj', 'Dmaj', 'Cmaj', 'Dmaj', 'Dmaj', 'Dmaj', 'Dmaj', 'Cmaj', 'Cmaj', 'Dmaj', 'Dmaj', 'Cmaj', 'Gmaj', 'Gmaj', 'Dmaj', 'Dmaj', 'Cmaj', 'Gmaj', 'Gmaj', 'Dmaj', 'Dmaj', 'Cmaj', 'Gmaj', 'Gmaj', 'Dmaj', 'Dmaj', 'Cmaj', 'Gmaj', 'Gmaj', 'Dmaj', 'Dmaj', 'Cmaj', 'Gmaj', 'Gmaj', 'Dmaj', 'Dmaj', 'Cmaj', 'Gmaj', 'Gmaj', 'Dmaj', 'Dmaj', 'Cmaj', 'Gmaj', 'Gmaj', 'Dmaj', 'Dmaj', 'Cmaj', 'Gmaj', 'Gmaj']"
0902,"['Fmaj', 'Fmaj', 'Bbmaj', 'Bbmaj', 'Cmaj', 'Fmaj', 'Fmaj', 'Bbmaj', 'Bbmaj', 'Fmaj', 'Dmin', 'Fmaj', 'Dmin', 'Fmaj', 'Dmin', 'Bbmaj', 'Bbmaj', 'Cmaj', 'Fmaj', 'Fmaj', 'Bbmaj', 'Bbmaj', 'Fmaj', 'Dmin', 'Fmaj', 'Dmin', 'Fmaj', 'Dmin', 'Bbmaj', 'Csus4', 'C7', 'Cmin', 'Fmaj', 'Bbmaj', 'Fmaj', 'Gmin', 'Cmin', 'Fmaj', 'Bbmaj', 'Bbmaj', 'Fmin', 'Bbmaj', 'Ebmaj', 'Bbmaj', 'Abmaj', 'Abmaj', 'Dbmaj', 'Gmin7', 'Cmaj', 'Fmaj', 'Fmaj', 'Bbmaj', 'Bbmaj', 'Fmaj', 'Dmin', 'Fmaj', 'Dmin', 'Fmaj', 'Dmin', 'Bbmaj', 'Csus4', 'C7', 'Cmin', 'Fmaj', 'Bbmaj', 'Fmaj', 'Gmin', 'Cmin', 'Fmaj', 'Bbmaj', 'Bbmaj', 'Fmin', 'Bbmaj', 'Ebmaj', 'Bbmaj', 'Abmaj', 'Abmaj', 'Dbmaj', 'Gmin7', 'Cmaj', 'Fmaj', 'Fmaj', 'Bbmaj', 'Bbmaj', 'Fmaj', 'Dmin', 'Fmaj', 'Dmin', 'Fmaj', 'Dmin', 'Bbmaj', 'Bbmaj']"
0903,"['Emaj', 'Emaj', 'Emaj', 'Emaj', 'F#min', 'Bmaj', 'G#7', 'G#7', 'C#7', 'C#7', 'F#7', 'F#7', 'Bmaj', 'Bmaj', 'Emaj', 'Emaj', 'C#min', 'C#min', 'Amaj', 'Amaj', 'B7', 'B7', 'Emaj', 'Emaj', 'F#min', 'Bmaj', 'G#7', 'G#7', 'C#7', 'C#7', 'F#7', 'F#7', 'Bmaj', 'Bmaj', 'Emaj', 'Emaj', 'C#min', 'C#min', 'Amaj', 'Amaj', 'B7', 'B7', 'Emaj', 'Emaj', 'F#min', 'Bmaj', 'Emaj', 'Emaj', 'C#min', 'C#min', 'Amaj', 'Amaj', 'B7', 'B7', 'Emaj', 'Emaj', 'C#min', 'C#min', 'Amaj', 'Amaj', 'B7', 'B7', 'Emaj', 'Emaj', 'C#min', 'C#min', 'Amaj', 'Amaj', 'B7', 'B7']"
0904,"['D5', 'C5', 'A5', 'C5', 'D5', 'F5', 'C5', 'D5', 'C5', 'D5', 'F5', 'C5', 'D5', 'F5', 'G5', 'Bb5', 'A5', 'C5', 'D5', 'F5', 'C5', 'D5', 'C5', 'D5', 'F5', 'C5', 'D5', 'C5', 'D5', 'C5', 'F5', 'C5', 'D5', 'C5', 'F5', 'C5', 'D5', 'C5', 'F5', 'A5', 'D5', 'C5', 'D5', 'C5', 'Bb5', 'F5', 'G5', 'Bb5', 'A5', 'C5', 'D5', 'F5', 'C5', 'D5', 'C5', 'D5', 'F5', 'C5', 'D5', 'C5', 'D5', 'C5', 'F5', 'C5', 'D5', 'C5', 'F5', 'C5', 'D5', 'C5', 'F5', 'A5', 'D5', 'C5', 'D5', 'C5', 'Bb5', 'F5', 'G5', 'Bb5', 'A5', 'D5', 'C5', 'D5', 'C5', 'D5', 'C5', 'D5', 'C5', 'D5', 'C5', 'F5', 'C5', 'D5', 'C5', 'F5', 'C5', 'D5', 'C5', 'F5', 'A5', 'D5', 'C5', 'D5', 'C5', 'Bb5', 'F5', 'G5', 'Bb5', 'A5', 'D5', 'C5', 'D5', 'C5', 'D5', 'C5', 'D5', 'C5', 'D5', 'C5', 'D5', 'C5', 'D5', 'C5', 'D5', 'C5', 'A5', 'Bb5', 'A5', 'Bb5', 'A5', 'Bb5', 'A5', 'Bb5', 'A5', 'Bb5', 'A5', 'Bb5', 'Amaj']"
0905,"['Dmaj', 'Dmaj', 'Gmaj', 'Gmaj', 'Dmaj', 'Dmaj', 'Amaj', 'Amaj', 'Dmaj', 'Dmaj', 'Gmaj', 'Gmaj', 'Dmaj', 'Dmaj', 'Amaj', 'Amaj', 'Dmaj', 'Dmaj', 'Gmaj', 'Gmaj', 'Dmaj', 'Dmaj', 'Amaj', 'Amaj', 'Dmaj', 'Dmaj', 'Gmaj', 'Gmaj', 'Dmaj', 'Dmaj', 'Amaj', 'Amaj', 'Dmaj', 'Dmaj', 'Gmaj', 'Gmaj', 'Dmaj', 'Dmaj', 'Amaj', 'Amaj', 'Dmaj', 'Dmaj', 'Gmaj', 'Gmaj', 'Dmaj', 'Dmaj', 'Bmin', 'Bmin', 'Gmaj', 'Amaj', 'Dmaj', 'Dmaj', 'Gmaj', 'Gmaj', 'Dmaj', 'Dmaj', 'Amaj', 'Amaj', 'Dmaj', 'Dmaj', 'Gmaj', 'Gmaj', 'Dmaj', 'Dmaj', 'Amaj', 'Amaj', 'Dmaj', 'Dmaj', 'Gmaj', 'Gmaj', 'Dmaj', 'Dmaj', 'Amaj', 'Amaj', 'Dmaj', 'Dmaj', 'Gmaj', 'Gmaj', 'Dmaj', 'Dmaj', 'Amaj', 'Amaj', 'Dmaj', 'Dmaj', 'Gmaj', 'Gmaj', 'Dmaj', 'Dmaj', 'Amaj', 'Amaj', 'Dmaj', 'Dmaj', 'Gmaj', 'Gmaj', 'Dmaj', 'Dmaj', 'Bmin', 'Bmin', 'Gmaj', 'Amaj', 'Dmaj', 'Dmaj', 'Gmaj', 'Gmaj', 'Dmaj', 'Amaj', 'Dmaj', 'Dmaj']"
0909,"['D', 'C', 'D', 'Bb', 'D', 'C', 'D', 'Bb', 'D', 'C', 'D', 'Bb', 'D', 'C', 'D', 'Bb', 'Gmin7', 'Ebmaj7', 'Gmin9', 'Amin', 'Amin', 'Dmaj', 'Fmaj', 'Cmaj', 'Dmaj', 'Fmaj', 'Cmaj', 'Dmaj', 'F5', 'Cmaj', 'Fmaj', 'Cmaj', 'Gmaj', 'Bmin7', 'C', 'Bmin7', 'Bbmaj7', 'Bmin7', 'C', 'Bmin7', 'Bb', 'Gmin9', 'Ebmaj9', 'Gmin9', 'Amin7', 'A', 'Dmaj', 'Csus4', 'Cmaj', 'Dmaj', 'Csus4', 'Cmaj', 'Dmaj', 'Fmaj', 'Cmaj', 'Fmaj', 'Cmaj', 'Gmaj', 'Emin', 'Emin', 'Emin9', 'Emin9', 'Dmin', 'Dmin', 'Dmin7', 'Dmin7', 'Emin', 'Emin', 'Emin9', 'Emin9', 'Dmin7', 'Dmin7', 'Gmin7', 'Ebmaj7', 'Gmin9', 'Amin', 'Amin', 'Dmaj', 'Fmaj', 'Cmaj', 'Dmaj', 'Fmaj', 'Cmaj', 'Dmaj', 'Fmaj', 'Cmaj', 'Fmaj', 'Cmaj', 'Gmaj', 'Dmaj', 'Fmaj', 'Cmaj', 'Dmaj', 'Fmaj', 'Cmaj', 'Dmaj', 'Fmaj', 'Cmaj', 'Fmaj', 'Cmaj', 'Gmaj', 'Dmaj', 'Fmaj', 'Cmaj', 'Dmaj', 'Fmaj', 'Cmaj', 'Dmaj', 'Fmaj', 'Cmaj', 'Fmaj', 'Cmaj', 'Gmaj', 'Dmaj', 'Fmaj', 'Cmaj', 'Dmaj', 'Fmaj', 'Cmaj', 'Dmaj', 'Fmaj', 'Cmaj', 'Fmaj', 'Cmaj', 'Gmaj', 'Dmaj']"
0910,"['Dmaj', 'Gmaj', 'Amaj', 'Gmaj', 'Dmaj', 'Gmaj', 'Amaj', 'Gmaj', 'Dmaj', 'Amaj', 'G', 'Dmaj', 'Dmaj', 'Amaj', 'G', 'Dmaj', 'Asus4', 'Amaj', 'Gmaj', 'Dmaj', 'Amaj', 'Gmaj', 'Dmaj', 'Gmaj', 'Dmaj', 'Gmaj', 'Dmaj', 'Amaj', 'Dmaj', 'Gmaj', 'Amaj', 'Gmaj', 'Dmaj', 'Gmaj', 'Amaj', 'Gmaj', 'Dmaj', 'Asus4', 'Amaj', 'Gmaj', 'Dmaj', 'Dmaj', 'Asus4', 'Amaj', 'Gmaj', 'Dmaj', 'Amaj', 'Gmaj', 'Dmaj', 'Amaj', 'Gmaj', 'Dmaj', 'Gmaj', 'Dmaj', 'Gmaj', 'Dmaj', 'Amaj', 'Dmaj', 'Gmaj', 'Dmaj', 'Amaj', 'Gmaj', 'Dmaj', 'Amaj', 'Gmaj', 'Dmaj', 'Gmaj', 'Amaj', 'Gmaj', 'Amaj', 'Dmaj', 'Dmaj', 'Gmaj', 'Gmaj', 'Asus4', 'Amaj', 'Dmaj', 'Gmaj', 'Dmaj', 'Amaj', 'Gmaj', 'Dmaj', 'Amaj', 'Gmaj', 'Dmaj', 'Gmaj', 'Asus4', 'Amaj', 'Gmaj', 'Amaj', 'Gmaj', 'Amaj', 'Dmaj', 'Gmaj', 'Amaj', 'Gmaj', 'Dmaj', 'Gmaj', 'Amaj', 'Gmaj', 'Dmaj', 'Gmaj', 'Amaj', 'Gmaj', 'Gmaj', 'Dmaj']"
0911,"['Fmaj', 'Fmaj', 'Cmaj', 'Bbmaj', 'Cmaj', 'Fmaj', 'Cmaj', 'Bbmaj', 'Bbmaj', 'Bbmaj', 'Dmin', 'Amin7', 'Bbmaj', 'Csus4', 'Fmaj', 'Cmaj', 'Bbmaj', 'Cmaj', 'Fmaj', 'Cmaj', 'Bbmaj', 'Cmaj', 'Fmaj', 'Cmaj', 'Bbmaj', 'Cmaj', 'Dmin', 'Amin7', 'Bbmaj', 'Cmaj', 'Fmaj', 'Bbmaj', 'Cmaj', 'Fmaj', 'Fmaj', 'Bbmaj', 'Cmaj', 'Fmaj', 'Fmaj', 'Bbmaj', 'Cmaj', 'Fmaj', 'Bbmaj', 'Fmaj', 'Gmin7', 'Csus4', 'Bbmaj', 'Fmaj', 'Gmin7', 'Csus4', 'Fmaj', 'Cmaj', 'Bbmaj', 'Cmaj', 'Fmaj', 'Cmaj', 'Bbmaj', 'Cmaj', 'Fmaj', 'Cmaj', 'Bbmaj', 'Amin', 'Dmin', 'Bbmaj', 'Csus4', 'Fmaj', 'Cmaj', 'Bbmaj', 'Cmaj', 'Fmaj', 'Cmaj', 'Bbmaj', 'Cmaj', 'Fmaj', 'Cmaj', 'Bbmaj', 'Amin', 'Dmin', 'Amin7', 'Bbmaj', 'Csus4', 'Fmaj', 'Bbmaj', 'Cmaj', 'Fmaj', 'Fmaj', 'Bbmaj', 'Cmaj', 'Fmaj', 'Fmaj', 'Bbmaj', 'Cmaj', 'Fmaj', 'Bbmaj', 'Fmaj', 'Gmin7', 'Csus4', 'Bbmaj', 'Fmaj', 'Gmin7', 'Csus4', 'Fmaj', 'Cmaj', 'Bbmaj', 'Cmaj', 'Fmaj', 'Cmaj', 'Bbmaj', 'Fmaj', 'Cmaj', 'Bbmaj', 'Cmaj', 'Fmaj', 'Cmaj', 'Bbmaj', 'F', 'F', 'Bbmaj', 'Fmaj', 'Gmin7', 'Csus4', 'Fmaj', 'Bbmaj', 'Cmaj', 'Fmaj', 'Fmaj', 'Bbmaj', 'Cmaj', 'Fmaj', 'Fmaj', 'Bbmaj', 'Cmaj', 'Fmaj', 'Bbmaj', 'Fmaj', 'Gmin7', 'Csus4', 'Fmaj', 'Bbmaj', 'Csus4', 'Fmaj', 'Fmaj', 'Bbmaj', 'Csus4', 'Fmaj']"
0913,"['Bbmin', 'Gbmaj', 'Gbmaj', 'Abmaj', 'Ab', 'Abmaj', 'Ab', 'Bbmin', 'Gbmaj', 'Gbmaj', 'Abmaj', 'Ab', 'Abmaj', 'Ab', 'Bbmin', 'Gbmaj', 'Gbmaj', 'Abmaj', 'Ab', 'Abmaj', 'Ab', 'Bb', 'Gb', 'Ab', 'Ab', 'Bb', 'Gb', 'Ab', 'Ab', 'Bbmin', 'Gbmaj', 'Absus4', 'Absus4', 'Bbmin', 'Gbmaj', 'Gbsus2', 'Gbmaj', 'Gbsus2', 'Gbmaj', 'Abmaj', 'Ab', 'Abmaj', 'Ab', 'Abmaj', 'Ab', 'Bbmin', 'Gbmaj', 'Abmaj', 'Abmaj', 'Bbmin', 'Gbmaj', 'Gbmaj', 'Abmaj', 'Ab', 'Abmaj', 'Ab', 'Bbmin', 'Gbmaj', 'Gbmaj', 'Abmaj', 'Ab', 'Abmaj', 'Ab', 'Bbmin', 'Gbmaj', 'Gbmaj', 'Abmaj', 'Ab', 'Abmaj', 'Ab', 'Bb', 'Gb', 'Ab', 'Ab', 'Bb', 'Gb', 'Ab', 'Ab', 'Bbmin', 'Gbmaj', 'Absus4', 'Absus4', 'Bbmin', 'Gbmaj', 'Gbsus2', 'Gbmaj', 'Gbsus2', 'Gbmaj', 'Abmaj', 'Ab', 'Abmaj', 'Ab', 'Abmaj', 'Ab', 'Bbmin', 'Gbmaj', 'Abmaj', 'Abmaj', 'Bbmin', 'Gbmaj', 'Gbmaj', 'Abmaj', 'Ab', 'Abmaj', 'Ab', 'Bbmin', 'Gbmaj', 'Gbmaj', 'Abmaj', 'Ab', 'Abmaj', 'Ab', 'Bbmin', 'Gbmaj', 'Gbmaj', 'Abmaj', 'Ab', 'Abmaj', 'Ab', 'Bb', 'Bb', 'Bbmin', 'Gbmaj', 'Gbmaj', 'Abmaj', 'Ab', 'Abmaj', 'Ab', 'Bbmin', 'Gbmaj', 'Gbmaj', 'Abmaj', 'Ab', 'Abmaj', 'Ab', 'Bbmin', 'Gbmaj', 'Gbmaj', 'Abmaj', 'Ab', 'Abmaj', 'Ab', 'Bbmin']"
0914,"['Dmaj', 'Dmaj', 'Dmaj', 'Dmaj', 'Dmaj', 'Dmaj', 'Emin', 'A7', 'Dmaj', 'Gmaj', 'A7', 'A7', 'Dmaj', 'Dmaj', 'Emin', 'A7', 'Dmaj', 'Gmaj', 'A7', 'A7', 'Gmaj', 'A7', 'Dmaj', 'Bmin', 'Gmaj', 'A7', 'Dmaj', 'Dmaj', 'Dmaj', 'Dmaj', 'Emin', 'A7', 'Dmaj', 'Gmaj', 'Asus4', 'A7', 'Gmaj', 'A7', 'Dmaj', 'Bmin', 'Gmaj', 'A7', 'Dmaj', 'Dmaj', 'Dmaj', 'Dmaj', 'Emin', 'A7', 'Dmaj', 'Gmaj', 'Amaj', 'Amaj', 'Dmaj', 'Dmaj', 'Emin', 'Amaj', 'Dmaj', 'Gmaj', 'Amaj', 'A7', 'Gmaj', 'A7', 'Dmaj', 'Bmin', 'Gmaj', 'A7', 'Dmaj', 'D7', 'Gmaj', 'A7', 'Dmaj', 'Bmin', 'Gmaj', 'A7', 'Dmaj', 'Dmaj']"
0915,"['B7', 'B7', 'B7', 'B7', 'B7', 'B', 'B7', 'B', 'B7', 'Emaj', 'E7', 'Amaj', 'Amaj', 'Emaj', 'Emaj', 'Bmaj', 'Bmaj', 'Emaj', 'Emaj', 'E7', 'Amaj', 'Amaj', 'Emaj', 'Emaj', 'Bmaj', 'Bmaj', 'Emaj', 'Emaj', 'E', 'E', 'Bmaj', 'Bmaj', 'Amaj', 'Amaj', 'B7', 'B', 'B7', 'Emaj', 'Amaj', 'Amaj7', 'Amaj', 'Amaj', 'Bmaj', 'Bmaj', 'Emaj', 'Amaj', 'Amaj7', 'Amaj', 'Amaj', 'Bmaj', 'Amaj', 'G#min', 'F#min', 'Emaj', 'E7', 'Amaj', 'Amaj', 'Emaj', 'Emaj', 'Bmaj', 'Bmaj', 'Emaj', 'Emaj', 'E7', 'Amaj', 'Amaj', 'Emaj', 'Emaj', 'Bmaj', 'Bmaj', 'Emaj', 'Emaj', 'E', 'E', 'Bmaj', 'Bmaj', 'Amaj', 'Amaj', 'B7', 'B', 'B7', 'Emaj', 'Amaj', 'Amaj7', 'Amaj', 'Amaj', 'Bmaj', 'Bmaj', 'Emaj', 'Amaj', 'Amaj7', 'Amaj', 'Amaj', 'Bmaj', 'Bmaj', 'B7', 'B7', 'B7', 'B7', 'B7', 'B', 'B7', 'B', 'B7', 'Emaj', 'Amaj', 'Amaj7', 'Amaj', 'Amaj', 'Bmaj', 'Bmaj', 'Emaj', 'Amaj', 'Amaj7', 'Amaj', 'Amaj', 'Bmaj', 'Bmaj']"
0916,"['Gmaj', 'Gmaj', 'Dmaj', 'Gmaj', 'Gmaj', 'Dmaj', 'Gmaj', 'Gmaj', 'Dmaj', 'Cmaj', 'Cmaj', 'Gmaj', 'Gmaj', 'Cmaj', 'Dmaj', 'Dmaj', 'Gmaj', 'Gmaj', 'Gmaj', 'Gmaj', 'Cmaj', 'Cmaj', 'Gmaj', 'Gmaj', 'Dmaj', 'Dmaj', 'Gmaj', 'Gmaj', 'Cmaj', 'Bmin', 'Dmaj', 'Dmaj', 'Cmaj', 'Bmin', 'Dmaj', 'Dmaj', 'Gmaj', 'Gmaj', 'Gmaj', 'Gmaj', 'Cmaj', 'Cmaj', 'Gmaj', 'Gmaj', 'Dmaj', 'Dmaj', 'Gmaj', 'Gmaj', 'Cmaj', 'Cmaj', 'Gmaj', 'Gmaj', 'Amin7', 'Amin7', 'Gmaj', 'Gmaj', 'Cmaj', 'Cmaj', 'Gmaj', 'Gmaj', 'Amin7', 'Amin7', 'Gmaj', 'Gmaj', 'Cmaj', 'Bmin', 'Dmaj', 'Dmaj', 'Cmaj', 'Bmin', 'Dmaj', 'Dmaj', 'Gmaj', 'Gmaj', 'Gmaj', 'Gmaj', 'Cmaj', 'Cmaj', 'Gmaj', 'Gmaj', 'Dmaj', 'Dmaj', 'Gmaj', 'Gmaj', 'Cmaj', 'Cmaj', 'Gmaj', 'Gmaj', 'Amin7', 'Amin7', 'Gmaj', 'Gmaj', 'Cmaj', 'Cmaj', 'Gmaj', 'Gmaj', 'Amin7', 'Amin7', 'Gmaj', 'Gmaj', 'Cmaj', 'Bmin', 'Dmaj', 'Dmaj', 'Cmaj', 'Bmin', 'Dmaj', 'Dmaj', 'Cmaj', 'Bmin', 'Dmaj', 'Dmaj', 'Cmaj', 'Bmin', 'Dmaj', 'Dmaj', 'Cmaj', 'Bmin', 'Dmaj', 'Dmaj', 'Cmaj', 'Bmin']"
0917,"['Gmaj', 'Gmaj', 'Gmaj', 'Gmaj', 'Amin', 'Dmaj', 'Amin', 'Dmaj', 'Gmaj', 'Gmaj', 'Gmaj', 'Gmaj', 'Amin', 'Dmaj', 'Amin', 'Dmaj', 'Gmaj', 'Gmaj', 'Amin', 'Dmaj', 'Amin', 'Dmaj', 'Gmaj', 'Gmaj', 'Gmaj', 'Gmaj', 'Amin', 'Dmaj', 'Amin', 'Dmaj', 'Gmaj', 'Gmaj', 'Gmaj', 'Gmaj', 'Gmaj', 'Gmaj', 'Amin', 'Dmaj', 'Amin', 'Dmaj', 'Gmaj', 'Gmaj', 'Gmaj', 'Gmaj', 'Amin', 'Dmaj', 'Amin', 'Dmaj', 'Cmaj', 'Dmaj', 'Gmaj', 'Gmaj', 'Amin', 'Dmaj', 'Amin', 'Dmaj', 'Gmaj', 'Gmaj', 'Gmaj', 'Gmaj', 'Amin', 'Dmaj', 'Amin', 'Dmaj', 'Gmaj', 'Gmaj', 'Amin', 'Dmaj', 'Cmaj', 'Gmaj']"
0920,"['Cmaj', 'Cmaj', 'Cmaj', 'Cmaj', 'Cmaj', 'Cmaj', 'Cmaj', 'Cmaj', 'Cmaj', 'Cmaj', 'Cmaj', 'Cmaj', 'Cmaj', 'Cmaj', 'Cmaj', 'Cmaj', 'Gmaj', 'Gmaj', 'Gmaj', 'Gmaj', 'Gmaj', 'Cmaj', 'Amin', 'Cmaj', 'Amin', 'Cmaj', 'Amin', 'Cmaj', 'Amin', 'Cmaj', 'Amin', 'Cmaj', 'Amin', 'Cmaj', 'Amin', 'Cmaj', 'Amin', 'Gmaj', 'Gmaj', 'Cmaj', 'Cmaj', 'Cmaj', 'Cmaj', 'Cmaj', 'Cmaj', 'Cmaj', 'Cmaj', 'Cmaj', 'Cmaj', 'Cmaj', 'Cmaj', 'Gmaj', 'Gmaj', 'Gmaj', 'Gmaj', 'Gmaj', 'Cmaj', 'Amin', 'Cmaj', 'Amin', 'Cmaj', 'Amin', 'Cmaj', 'Amin', 'Cmaj', 'Amin', 'Cmaj', 'Amin', 'Cmaj', 'Amin', 'Cmaj', 'Amin', 'Gmaj', 'G', 'G7', 'G', 'Gmaj', 'G', 'G7', 'Gmaj', 'Gmaj', 'G', 'G7', 'G', 'Gmaj', 'G', 'G7', 'Gmaj', 'Gmaj', 'G', 'G7', 'G', 'Gmaj', 'G', 'G7', 'Gmaj', 'Gmaj', 'G', 'G7', 'G', 'Gmaj', 'G', 'G7', 'Gmaj', 'Gmaj', 'G', 'G7', 'G', 'Fmaj', 'Fmaj', 'Cmaj', 'Amin', 'Cmaj', 'Amin', 'Cmaj', 'Amin', 'Cmaj', 'Amin', 'Cmaj', 'Amin', 'Cmaj', 'Amin', 'Cmaj', 'Amin', 'Cmaj', 'Amin', 'Cmaj', 'Amin', 'Cmaj', 'Amin', 'Cmaj', 'Amin', 'Cmaj', 'Amin', 'Cmaj', 'Amin', 'Cmaj', 'Amin', 'Cmaj', 'Amin', 'Cmaj', 'Amin', 'Cmaj', 'Amin', 'Cmaj', 'Amin', 'Cmaj', 'Amin', 'Cmaj', 'Amin', 'Cmaj', 'Amin', 'Cmaj', 'Amin', 'Cmaj', 'Amin', 'Cmaj', 'Amin']"
0923,"['D7', 'D7', 'Gmaj', 'Gmaj', 'Gmaj', 'Gmaj', 'Gmaj', 'Gmaj', 'D7', 'D7', 'Gmaj', 'G7', 'Cmaj', 'Cmaj', 'A7', 'A7', 'D7', 'D7', 'Gmaj', 'Gmaj', 'Gmaj', 'Gmaj', 'Gmaj', 'D7', 'D7', 'D7', 'D7', 'D7', 'D7', 'Gmaj', 'Gmaj', 'Gmaj', 'Gmaj', 'Gmaj', 'Gmaj', 'Cmaj', 'Cmaj', 'D7', 'D7', 'D7', 'D7', 'Gmaj', 'Gmaj', 'Gmaj', 'Gmaj', 'Gmaj', 'Gmaj', 'Dmaj', 'Dmaj', 'D7', 'D7', 'D7', 'Gmaj', 'Gmaj', 'Gmaj', 'Gmaj', 'Gmaj', 'Gmaj', 'Cmaj', 'Cmaj', 'D7', 'D7', 'D7', 'D7', 'Gmaj', 'Gmaj', 'D7', 'D7', 'D7', 'D7', 'Gmaj', 'Gmaj', 'D7', 'D7', 'D7', 'D7']"
0925,"['Abmaj', 'Dbmaj', 'Abmaj', 'Dbmaj', 'Abmaj', 'Fmin7', 'Dbmaj', 'Abmaj', 'Bbmin7', 'Abmaj', 'Dbmaj', 'Ebmaj', 'Abmaj', 'Fmin7', 'Dbmaj', 'Abmaj', 'Bbmin7', 'Abmaj', 'Dbmaj', 'Ebmaj', 'Bbmin7', 'Eb7', 'Bbmin7', 'Eb7', 'Bbmin7', 'Eb7', 'Bbmin7', 'Abmaj', 'Dbmaj', 'Bb7', 'Ebsus4', 'Eb7', 'Abmaj', 'Fmin7', 'Dbmaj', 'Abmaj', 'Bbmin7', 'Abmaj', 'Dbmaj', 'Ebmaj', 'Abmaj', 'Fmin7', 'Dbmaj', 'Abmaj', 'Bbmin7', 'Abmaj', 'Dbmaj', 'Ebmaj', 'Bbmin7', 'Eb7', 'Bbmin7', 'Eb7', 'Bbmin7', 'Eb7', 'Bbmin7', 'Abmaj', 'Dbmaj', 'Bb7', 'Ebsus4', 'Eb7', 'Abmaj', 'Dbmaj', 'Abmaj', 'Dbmaj', 'Abmaj', 'Dbmaj', 'Abmaj', 'Abmaj', 'Dbmin', 'Abmaj', 'Abmaj', 'Fmin7', 'Bbsus4', 'Bbmaj', 'Fmin7', 'Gmin7', 'Fmin7', 'Gmin7', 'Fmin7', 'Gmin7', 'Fmin7', 'Gmin7', 'Cmin7', 'Cmin7', 'Fsus4', 'Fmaj', 'Fsus4', 'Bb', 'Ebmaj', 'Cmin7', 'Fmin7', 'Ebmaj', 'Bb7', 'Fsus4', 'Bb', 'Ebmaj', 'Ebmaj', 'Cmin7', 'Cmin7', 'Fsus4', 'Fsus4', 'Fsus4', 'Abmaj', 'Amin7', 'D7', 'Gmaj7', 'Gmaj7', 'Gbmaj', 'Fmaj', 'Emaj', 'Ebmaj', 'Dmaj', 'Dbmaj', 'Cmaj', 'Bmaj', 'Bbmaj', 'Amaj', 'Abmaj', 'Dbmaj', 'Abmaj', 'Dbmaj', 'Abmaj', 'Dbmaj', 'Abmaj', 'Bbmin', 'Abmaj', 'Dbmaj', 'Ebmaj', 'Abmaj', 'Dbmaj', 'Abmaj', 'Bbmin', 'Abmaj', 'Dbmaj', 'Ebmaj', 'Bbmin', 'Ebmaj', 'Bbmin', 'Ebmaj', 'Bbmin', 'Ebmaj']"
0926,"['G', 'A', 'B', 'Cmaj', 'Emin', 'Fmaj', 'Gmaj', 'Cmaj', 'Emin', 'Fmaj', 'Gmaj', 'Cmaj', 'Amin', 'Dmin', 'Gmaj', 'Cmaj', 'Amin', 'Dmin', 'Gmaj', 'Cmaj', 'Amin', 'Dmin', 'Gmaj', 'E7', 'Gmaj', 'Cmaj', 'Amin', 'Dmin', 'Gmaj', 'Cmaj', 'Amin', 'Dmin', 'Gmaj', 'Cmaj', 'Amin', 'Dmin', 'Gmaj', 'Cmaj', 'Fmaj', 'Cmaj', 'Fmaj', 'Fmaj', 'E7', 'E7', 'Fmaj', 'Fmaj', 'E7', 'Gmaj', 'Cmaj', 'Amin', 'Dmin', 'Gmaj', 'Cmaj', 'Amin', 'Dmin', 'Gmaj', 'Cmaj', 'Amin', 'Dmin', 'Gmaj', 'Cmaj', 'Fmaj', 'Cmaj', 'Gmaj', 'Cmaj', 'Cmaj', 'Emin', 'Fmaj', 'Gmaj', 'Dmaj', 'F#min', 'Gmaj', 'Amaj', 'Dmaj', 'Bmin', 'Emin', 'Amaj', 'Dmaj', 'Bmin', 'Emin', 'Amaj', 'Dmaj', 'Bmin', 'Emin', 'Amaj', 'F#7', 'Amaj', 'Dmaj', 'Bmin', 'Emin', 'Amaj', 'Dmaj', 'Bmin', 'Emin', 'Amaj', 'Dmaj', 'Bmin', 'Emin', 'Amaj', 'Dmaj', 'Gmin', 'Dmaj', 'Gmaj', 'Gmaj', 'F#maj', 'F#maj', 'Gmaj', 'Gmaj', 'F#maj', 'Amaj', 'Dmaj', 'Bmin', 'Emin', 'Amaj', 'Dmaj', 'Bmin', 'Emin', 'Amaj', 'Dmaj', 'Bmin', 'Emin', 'Amaj', 'Dmaj', 'Gmin', 'Dmaj']"
0927,"['Abmaj', 'Ebmaj', 'Abmaj', 'Ebmaj', 'Ebmaj', 'Abmaj', 'Abmaj7', 'Fmin', 'Adim', 'Bbmin', 'Bb', 'Bbmin7', 'Ebmaj', 'Ebmaj', 'Ebmaj', 'Abmaj', 'Dbmaj', 'Ebmaj', 'Abmaj', 'Abmaj7', 'Fmin', 'Adim', 'Bbmin', 'Bb', 'Bbmin7', 'Ebmaj', 'Ebmaj', 'Ebmaj', 'Abmaj', 'Ebmaj', 'Dbmaj', 'Abmaj', 'Fmin', 'Bbmin7', 'Ebmaj', 'Abmaj', 'C7', 'Fmin', 'Bb7', 'Eb7', 'Ebmaj', 'Abmaj', 'Abmaj7', 'Fmin', 'Adim', 'Bbmin', 'Bb', 'Bbmin7', 'Ebmaj', 'Ebmaj', 'Ebmaj', 'Gb', 'F7', 'Bbmin7', 'Eb', 'Abmaj7', 'Gbmaj9', 'Abmaj7']"
0928,"['Amaj', 'Amaj', 'Dmaj', 'Amaj', 'Amaj', 'Amaj', 'Dmaj', 'Amaj', 'Amaj', 'Amaj', 'Dmaj', 'Amaj', 'Amaj', 'Dmaj', 'Emaj', 'Emaj', 'Emaj', 'Emaj', 'Amaj', 'Gmaj', 'Amaj', 'Dmaj', 'Cmaj', 'Dmaj', 'Emaj', 'Emaj', 'Emaj', 'Emaj', 'Amaj', 'Amaj', 'Dmaj', 'Amaj', 'Amaj', 'Amaj', 'Dmaj', 'Amaj', 'Amaj', 'Amaj', 'Dmaj', 'Amaj', 'Amaj', 'Dmaj', 'Emaj', 'Emaj', 'Emaj', 'Emaj', 'Amaj', 'Gmaj', 'Amaj', 'Dmaj', 'Cmaj', 'Dmaj', 'Emaj', 'Emaj', 'Emaj', 'Emaj', 'Amaj', 'D', 'Emaj', 'Emaj', 'Emaj', 'Emaj', 'Amaj', 'Gmaj', 'Amaj', 'Dmaj', 'Cmaj', 'Dmaj', 'Emaj', 'Emaj', 'Emaj', 'Emaj']"
0929,"['Dsus4', 'Gmaj', 'Gmaj', 'Dmin7', 'Cmaj', 'Gmaj', 'Gmaj', 'Dmin7', 'Cmaj', 'Gmaj', 'Gmaj', 'Dmin7', 'Cmaj', 'Gmaj', 'Gmaj', 'Dmin7', 'Cmaj', 'Emin', 'Emin', 'Ebmaj', 'Ebmaj', 'Emin', 'Emin', 'Ebmaj', 'Ebmaj', 'Emin', 'Emin', 'Ebmaj', 'Ebmaj', 'Emin', 'Emin', 'Ebmaj', 'Ebmaj', 'Gmaj', 'Gmaj', 'Dmin7', 'Cmaj', 'Gmaj', 'Gmaj', 'Dmin7', 'Cmaj', 'Gmaj', 'Gmaj', 'Dmin7', 'Cmaj', 'Gmaj', 'Gmaj', 'Dmin7', 'Cmaj', 'Emin', 'Emin', 'Ebmaj', 'Ebmaj', 'Emin', 'Emin', 'Ebmaj', 'Ebmaj', 'Emin', 'Emin', 'Ebmaj', 'Ebmaj', 'Emin', 'Emin', 'Ebmaj', 'Ebmaj', 'Gmaj', 'Gmaj', 'Dmin7', 'Cmaj', 'Gmaj', 'Gmaj', 'Dmin7', 'Cmaj', 'Gmaj', 'Gmaj', 'Dmin7', 'Cmaj', 'Gmaj', 'Gmaj', 'Dmin7', 'Cmaj', 'Gmaj', 'Gmaj', 'D', 'Cmaj', 'Gmaj', 'Gmaj', 'D', 'Cmaj', 'Gmaj', 'Gmaj', 'D', 'Cmaj', 'Gmaj', 'Gmaj', 'D', 'Cmaj', 'Gmaj', 'Gmaj', 'Dmin7', 'Cmaj', 'Gmaj', 'Gmaj', 'Dmin7', 'Cmaj', 'Gmaj', 'Gmaj', 'Dmin7', 'Cmaj', 'Gmaj', 'Gmaj', 'Dmin7', 'Cmaj']"
0932,"['F#maj', 'Amaj', 'Bmaj', 'F#maj', 'F#maj', 'Amaj', 'Bmaj', 'F#maj', 'F#maj', 'F#maj', 'F#maj', 'F#maj', 'F#maj', 'F#maj', 'F#maj', 'F#maj', 'Amaj', 'Bmin', 'Amaj', 'Bmin', 'Amaj', 'Bmin', 'F#maj', 'F#maj', 'F#maj', 'F#maj', 'F#maj', 'F#maj', 'F#maj', 'F#maj', 'F#maj', 'F#maj', 'F#maj', 'F#maj', 'Amaj', 'Bmin', 'Amaj', 'Bmin', 'Amaj', 'Bmin', 'F#maj', 'F#maj', 'F#maj', 'F#maj', 'F#maj', 'Amaj', 'Bmaj', 'F#maj', 'F#maj', 'Amaj', 'Bmaj', 'F#maj', 'F#maj', 'Amaj', 'Bmaj', 'F#maj', 'F#maj', 'Amaj', 'Bmaj', 'F#maj', 'F#maj', 'F#maj', 'F#maj', 'F#maj', 'F#maj', 'F#maj', 'F#maj', 'F#maj', 'F#maj', 'F#maj', 'F#maj', 'F#maj', 'Amaj', 'Bmin', 'Amaj', 'Bmin', 'Amaj', 'Bmin', 'F#maj', 'F#maj', 'F#maj', 'F#maj', 'Amaj', 'Bmin', 'Amaj', 'Bmin', 'Amaj', 'Bmin', 'F#maj', 'F#maj', 'F#maj', 'F#maj']"
0933,"['Emin', 'Emin', 'Emin', 'Emin', 'C7', 'C7', 'Emin', 'Emin', 'Emin', 'C7', 'C7', 'Emin', 'Emin7', 'E', 'Emin', 'Emin', 'Emin7', 'E', 'Emin', 'Emin', 'C7', 'C7', 'Emin', 'Emin', 'Amin', 'Amin', 'Emin', 'Emin', 'Emin', 'Emin', 'C7', 'C7', 'Emin', 'Emin', 'Emin', 'C7', 'C7', 'Emin', 'Emin7', 'E', 'Emin', 'Emin', 'Emin7', 'E', 'Emin', 'Emin', 'C7', 'C7', 'Emin', 'Emin', 'Amin', 'Amin', 'Emin', 'Emin', 'Emin', 'Emin', 'C7', 'C7', 'Emin', 'Emin', 'Emin', 'C7', 'C7', 'Emin', 'Emin7', 'E', 'Emin', 'Emin', 'Emin7', 'E', 'Emin', 'Emin', 'C7', 'C7', 'Emin', 'Emin', 'Amin', 'Amin', 'Emin', 'Emin', 'Emin7', 'E', 'Emin', 'Emin', 'Emin7', 'E', 'Emin', 'Emin']"
0935,"['Bmin', 'Bmin', 'Bmin', 'Bmin', 'Dmaj', 'Dmaj', 'Dmaj', 'Dmaj', 'Dmaj', 'Dmaj', 'Dmaj', 'Dmaj', 'Gmaj', 'Gmaj', 'Amaj', 'Gmaj', 'Dmaj', 'F#maj', 'F#maj', 'Dmaj', 'Amaj', 'Gmaj', 'Dmaj', 'Dmaj', 'Dmaj', 'Dmaj', 'Dmaj', 'Dmaj', 'Dmaj', 'Dmaj', 'Dmaj', 'Gmaj', 'Gmaj', 'Amaj', 'Gmaj', 'Dmaj', 'Dmaj', 'Emin', 'Emin', 'Bmin', 'Amaj', 'G7', 'Emin', 'Emin', 'Bmin', 'Amaj', 'Gmaj', 'Gmaj', 'Dmaj', 'Dmaj', 'Dmaj', 'Dmaj', 'Dmaj', 'F#maj', 'F#maj', 'Dmaj', 'Dmaj', 'Dmaj', 'Dmaj', 'Dmaj', 'Dmaj', 'Dmaj', 'Dmaj', 'Gmaj', 'Gmaj', 'Dmaj', 'Dmaj', 'Dmaj', 'Dmaj', 'Dmaj', 'Dmaj', 'Dmaj', 'Dmaj', 'Dmaj', 'Dmaj', 'Dmaj', 'D7', 'Dmaj', 'Dmaj', 'Dmaj', 'D7', 'Dmaj', 'Dmaj', 'Dmaj', 'D7', 'Dmaj', 'Dmaj', 'Dmaj', 'D7', 'Dmaj', 'Dmaj', 'Dmaj']"
0940,"['Fmin9', 'Bbsus4', 'Ebmaj7', 'Db7', 'C7', 'Fmin9', 'Bbsus4', 'Ebmaj7', 'A7', 'Abmaj7', 'Gmin7', 'Fmin7', 'Cmin', 'Abmaj7', 'Gmin7', 'Db7', 'Cmin', 'F7', 'Fmin9', 'Bbsus4', 'Ebmaj7', 'Db7', 'C7', 'Fmin9', 'Bbsus4', 'Ebmaj7', 'A7', 'Abmaj7', 'Gmin7', 'Fmin7', 'Cmin', 'Abmaj7', 'Gmin7', 'Db7', 'Cmin', 'F7', 'Fmin9', 'Bbsus4', 'Ebmaj7', 'Db7', 'C7', 'Fmin9', 'Bbsus4', 'Ebmaj7', 'A7', 'Abmaj7', 'Gmin7', 'Fmin7', 'Cmin', 'Abmaj7', 'Gmin7', 'Db7', 'Cmin', 'F7', 'Fmin9', 'Bbsus4', 'Ebmaj7', 'Db7', 'C7', 'Fmin9', 'Bbsus4', 'Ebmaj7', 'A7', 'Abmaj7', 'Gmin7', 'Fmin7', 'Cmin', 'Abmaj7', 'Gmin7', 'Db7', 'Cmin', 'F7']"
0941,"['Abmaj', 'Dbmaj', 'Abmaj', 'Abmaj', 'Abmaj', 'Dbmaj', 'Dbmaj', 'Gbmaj', 'Dbmaj', 'Abmaj', 'Dbmaj', 'Abmaj', 'Abmaj', 'Abmaj', 'Dbmaj', 'Dbmaj', 'Gbsus2', 'Dbmaj', 'Abmaj', 'Dbmaj', 'Abmaj', 'Abmaj', 'Abmaj', 'Dbmaj', 'Dbmaj', 'Gbmaj', 'Dbmaj', 'Abmaj', 'Dbmaj', 'Abmaj', 'Abmaj', 'Abmaj', 'Dbmaj', 'Dbmaj', 'Gbmaj', 'Dbmaj', 'Abmaj', 'Dbmaj', 'Abmaj', 'Fmin', 'Fmin', 'Abmaj', 'Abmaj', 'Dbmaj', 'Dbmaj', 'Bbmin', 'Ebmaj', 'Abmaj', 'Abmaj', 'Dbmaj', 'Dbmaj', 'Gbmaj', 'Dbmaj', 'Abmaj', 'Dbmaj', 'Abmaj', 'Abmaj', 'Abmaj', 'Dbmaj', 'Dbmaj', 'Gbmaj', 'Dbmaj', 'Abmaj', 'Dbmaj', 'Abmaj', 'Abmaj', 'Dbmaj', 'Abmaj', 'Abmaj', 'Abmaj', 'Dbmaj', 'Dbmaj', 'Gbmaj', 'Dbmaj', 'Abmaj', 'Dbmaj', 'Abmaj', 'Abmaj', 'Abmaj', 'Dbmaj', 'Dbmaj', 'Gbmaj', 'Dbmaj', 'Abmaj', 'Dbmaj', 'Abmaj', 'Abmaj', 'Abmaj', 'Dbmaj', 'Dbmaj', 'Gbmaj', 'Dbmaj', 'Abmaj', 'Dbmaj', 'Abmaj', 'Abmaj', 'Abmaj', 'Dbmaj', 'Dbmaj', 'Gbmaj', 'Dbmaj', 'Abmaj', 'Dbmaj', 'Abmaj', 'Abmaj', 'Abmaj', 'Dbmaj', 'Dbmaj', 'Gbmaj', 'Dbmaj', 'Abmaj', 'Dbmaj', 'Abmaj', 'Abmaj', 'Abmaj', 'Dbmaj', 'Dbmaj', 'Gbmaj', 'Dbmaj', 'Abmaj', 'Dbmaj', 'Abmaj', 'Abmaj', 'Abmaj', 'Dbmaj', 'Dbmaj', 'Gbmaj', 'Dbmaj', 'Abmaj', 'Dbmaj', 'Abmaj']"
0943,"['Cmaj', 'Fmaj', 'Cmaj', 'Cmaj', 'C7', 'Cmaj', 'C7', 'F7', 'F7', 'Cmaj', 'C7', 'Cmaj', 'C7', 'C7', 'C7', 'Amin', 'Gmaj', 'Cmaj', 'Cmaj', 'Cmaj', 'C7', 'Cmaj', 'C7', 'F7', 'F7', 'Cmaj', 'C7', 'Cmaj', 'C7', 'Cmaj', 'C7', 'Amin', 'Gmaj', 'Cmaj', 'C7', 'Cmaj', 'F7', 'Cmaj', 'Cmaj', 'Cmaj', 'F7', 'Cmaj', 'Cmaj', 'Cmaj', 'F7', 'Cmaj', 'Cmaj', 'Cmaj', 'F7', 'Cmaj', 'Cmaj', 'Cmaj', 'F7', 'Cmaj', 'Cmaj', 'Cmaj', 'F7', 'Cmaj', 'Cmaj', 'Cmaj', 'F7', 'Cmaj', 'Cmaj', 'Cmaj', 'F7', 'Cmaj', 'Cmaj', 'Cmaj', 'Gmaj', 'F7', 'Cmaj', 'Gmaj', 'Cmaj', 'Gmaj', 'F7', 'Cmaj', 'Gmaj', 'Cmaj', 'Gmaj', 'F7', 'Cmaj', 'Gmaj', 'Cmaj', 'Gmaj', 'F7', 'Cmaj', 'Gmaj']"
0944,"['C', 'Fmaj', 'Fsus4', 'Fmaj', 'Bbmaj', 'Fmaj', 'Cmin7', 'Fsus4', 'Bbmaj', 'Fmaj', 'Cmin7', 'Fsus4', 'Bbmaj', 'Dmin7', 'Ebmaj', 'Dmin7', 'Bbmaj', 'Fmaj', 'Fsus4', 'Fsus4', 'Bbmaj', 'Fmaj', 'Cmin7', 'Fsus4', 'Bbmaj', 'Fmaj', 'Cmin7', 'Fsus4', 'Bbmaj', 'Fmaj', 'Cmin7', 'Fsus4', 'Bbmaj', 'Fmaj', 'Fsus4', 'Fsus4', 'Bbmaj', 'Fmaj', 'Cmin7', 'Fsus4', 'Bbmaj', 'Fmaj', 'Cmin7', 'Fsus4', 'Bbmaj', 'Fmaj', 'Cmin7', 'Fsus4', 'Bbmaj', 'Dmin7', 'Ebmaj', 'Dmin7', 'Bbmaj', 'Fmaj', 'Fsus4', 'Fsus4', 'Bbmaj', 'Fmaj', 'Cmin7', 'Fsus4', 'Bbmaj', 'Fmaj', 'Cmin7', 'Fsus4', 'Bbmaj', 'Fmaj', 'Cmin7', 'Dmin7', 'Fsus4', 'Fsus4', 'Fsus4', 'Fsus4', 'Fsus4', 'D7', 'Gmin7', 'Fmaj', 'Ebmaj', 'Fsus2', 'Gmin7', 'Fmaj', 'Ebmaj', 'C7', 'Fsus4', 'Fmaj', 'Bbmaj', 'Fmaj', 'Cmin7', 'Fsus4', 'Bbmaj', 'Fmaj', 'Cmin7', 'Fsus4', 'Bbmaj', 'Fmaj', 'Cmin7', 'Fsus4', 'Bbmaj', 'Fmaj', 'Cmin7', 'Fsus4', 'Fsus4', 'Bbmaj', 'Fmaj', 'Cmin7', 'Dmin7', 'Bbmaj', 'Fmaj', 'Cmin7', 'Dmin7', 'Ebmaj', 'Fsus4', 'Bbmaj', 'Bbmaj']"
0945,"['Emin', 'Emin', 'Emin', 'Emin', 'Emin', 'Emin', 'Dmaj', 'Emin', 'Dmaj', 'Emin', 'Dmaj', 'Emin', 'Dmaj', 'Emin', 'Dmaj', 'Emin', 'Dmaj', 'Emin', 'Dmaj', 'Emin', 'Amin', 'Bmin', 'Cmaj', 'Dmaj', 'Emin', 'Dmaj', 'Emin', 'Dmaj', 'Gmaj7', 'Dmaj', 'Dmaj', 'Cmaj', 'Emin', 'F#min', 'Gmaj', 'F#min', 'Emin', 'F#min', 'Gmaj', 'F#min', 'Emin', 'F#min', 'Gmaj', 'F#min', 'Amin', 'Bmin', 'Cmaj', 'Dmaj', 'Emin', 'Dmaj', 'Emin', 'Dmaj', 'Gmaj7', 'Dmaj', 'Dmaj', 'Cmaj', 'Emin', 'Dmaj', 'Emin', 'Dmaj', 'Emin', 'Emin', 'Emin', 'Emin', 'Amin', 'Bmin', 'Cmaj', 'Dmaj', 'Emin', 'Dmaj', 'Emin', 'Dmaj', 'Gmaj7', 'Dmaj', 'Dmaj', 'Cmaj', 'Emin', 'F#min', 'Gmaj', 'F#min', 'Emin', 'F#min', 'Gmaj', 'F#min', 'Emin', 'F#min', 'Gmaj', 'F#min', 'Emin', 'F#min', 'Gmaj', 'F#min', 'Amin', 'Bmin', 'Cmaj', 'Dmaj', 'Emin', 'F#min', 'Gmaj', 'F#min', 'Gmaj7', 'Dmaj', 'Dmaj', 'Cmaj', 'Emin', 'F#min', 'Gmaj', 'F#min', 'Emin', 'Emin', 'Emin', 'Emin', 'Emin', 'Dmaj', 'Emin', 'Dmaj', 'Emin', 'Dmaj', 'Emin', 'Emin', 'F#min', 'Gmaj', 'F#min', 'Emin', 'F#min', 'Gmaj', 'F#min', 'Amin', 'Bmin', 'Cmaj', 'Dmaj', 'Emin', 'F#min', 'Gmaj', 'F#min', 'Gmaj7', 'Dmaj', 'Dmaj', 'Cmaj', 'Emin', 'F#min', 'Gmaj', 'F#min', 'Emin', 'Emin', 'Emin', 'Emin', 'Emin', 'Emin', 'Emin', 'Emin', 'Emin', 'Emin', 'Emin', 'Emin', 'Emin', 'Emin', 'Emin', 'Emin', 'Emin', 'Emin', 'Emin', 'Emin', 'Emin', 'Emin', 'Emin', 'Emin']"
0946,"['Amaj', 'Gmaj', 'Gmaj', 'Dmaj', 'Dmaj', 'Dmaj', 'Dmaj', 'Dmaj', 'Dmaj', 'Dmaj', 'Dmaj', 'Gmaj', 'Amaj', 'Dmaj', 'Gmaj', 'Dmaj', 'Gmaj', 'Dmaj', 'Dmaj', 'Amaj', 'Gmaj', 'Gmaj', 'Dmaj', 'Dmaj', 'Amaj', 'Gmaj', 'Gmaj', 'Dmaj', 'Amaj', 'Gmaj', 'Dmaj', 'Dmaj', 'Dmaj', 'Dmaj', 'Dmaj', 'Dmaj', 'Gmaj', 'Amaj', 'Dmaj', 'Gmaj', 'Dmaj', 'Gmaj', 'Dmaj', 'Dmaj', 'Amaj', 'Gmaj', 'Gmaj', 'Dmaj', 'Dmaj', 'Amaj', 'Gmaj', 'Gmaj', 'Dmaj', 'Amaj', 'Gmaj', 'Dmaj', 'Amaj', 'Gmaj', 'Gmaj', 'Dmaj', 'Gmaj', 'Dmaj', 'Gmaj', 'Dmaj', 'Dmaj', 'Amaj', 'Gmaj', 'Gmaj', 'Dmaj', 'Dmaj', 'Amaj', 'Gmaj', 'Gmaj', 'Dmaj', 'Amaj', 'Gmaj', 'Dmaj', 'Amaj', 'Gmaj', 'Dmaj']"
0947,"['Emaj', 'Emaj', 'Emaj', 'Emaj', 'Emaj', 'Emaj', 'Emaj', 'Amaj', 'G#min', 'Amaj', 'G#maj', 'C#maj', 'C#maj', 'F#maj', 'C#maj', 'C#maj', 'F#7', 'Amaj', 'Emaj', 'F#min', 'Emaj', 'F#min', 'Emaj', 'Amaj', 'Emaj', 'F#min', 'Emaj', 'Emaj', 'Emaj', 'Emaj', 'Emaj', 'Amaj', 'G#min', 'Amaj', 'G#maj', 'C#maj', 'C#maj', 'F#maj', 'C#maj', 'C#maj', 'F#7', 'Amaj', 'Emaj', 'F#min', 'Emaj', 'F#min', 'Emaj', 'Amaj', 'Emaj', 'F#min', 'Emaj', 'Emaj', 'Emaj', 'Emaj', 'Emaj', 'Amaj', 'G#min', 'Amaj', 'G#maj', 'C#maj', 'C#maj', 'F#maj', 'C#maj', 'C#maj', 'F#7', 'Amaj', 'Emaj', 'F#min', 'Emaj', 'F#min', 'Emaj', 'Amaj', 'Emaj', 'F#min', 'Emaj', 'F#min', 'Emaj', 'Amaj', 'Emaj', 'F#min', 'Emaj', 'F#min', 'Emaj', 'Amaj', 'Emaj', 'F#min', 'Emaj', 'Emaj', 'Emaj', 'Emaj', 'Emaj', 'Amaj', 'G#min', 'Amaj', 'G#maj', 'C#maj', 'C#maj', 'F#maj', 'C#maj', 'C#maj', 'F#7', 'Amaj', 'Emaj', 'F#min', 'Amaj', 'F#min', 'Emaj', 'F#min', 'Emaj', 'Amaj', 'Emaj', 'F#min', 'Emaj', 'F#min', 'Emaj', 'Amaj', 'Emaj', 'F#min', 'Emaj', 'F#min', 'Emaj', 'Amaj', 'Emaj', 'F#min', 'Emaj', 'F#min', 'Emaj', 'Amaj', 'Emaj', 'F#min', 'Emaj', 'F#min', 'Emaj', 'Amaj', 'Emaj', 'F#min', 'Emaj', 'F#min', 'Emaj', 'Amaj', 'Emaj', 'F#min', 'Emaj', 'Emaj', 'Emaj', 'Emaj', 'Emaj', 'Emaj', 'Emaj', 'Emaj']"
0948,"['Bmaj', 'Amaj', 'Emaj', 'Emaj', 'Emaj', 'Emaj', 'Emaj', 'Emaj', 'Amaj', 'Amaj', 'Emaj', 'Emaj', 'Bmaj', 'Amaj', 'Emaj', 'Emaj', 'Emaj', 'Emaj', 'Emaj', 'Emaj', 'Amaj', 'Amaj', 'Emaj', 'Emaj', 'Bmaj', 'Amaj', 'Emaj', 'Emaj', 'Emaj', 'Emaj', 'Emaj', 'Emaj', 'Amaj', 'Amaj', 'Emaj', 'Emaj', 'Bmaj', 'Amaj', 'Emaj', 'Emaj', 'Emaj', 'Emaj', 'Emaj', 'Emaj', 'Amaj', 'Amaj', 'Emaj', 'Emaj', 'Bmaj', 'Amaj', 'Emaj', 'Emaj', 'Emaj', 'Emaj', 'Emaj', 'Emaj', 'Amaj', 'Amaj', 'Emaj', 'Emaj', 'Bmaj', 'Amaj', 'Emaj', 'Emaj', 'Emaj', 'Emaj', 'Emaj', 'Emaj', 'Amaj', 'Amaj', 'Emaj', 'Emaj', 'Bmaj', 'Amaj', 'Emaj', 'Emaj', 'Emaj', 'Emaj', 'Emaj', 'Emaj', 'Amaj', 'Amaj', 'Emaj', 'Emaj', 'Bmaj', 'Amaj', 'Emaj', 'Emaj', 'Emaj', 'Emaj', 'Emaj', 'Emaj', 'Amaj', 'Amaj', 'Emaj', 'Emaj', 'Bmaj', 'Amaj', 'Emaj', 'E']"
0950,"['Bbmaj', 'Bbmaj', 'Bbmaj', 'D7', 'Gmin', 'Bb7', 'Ebmaj', 'Bbmaj', 'Gmin', 'C7', 'F7', 'Fsus4', 'F7', 'Bbmaj', 'D7', 'Gmin', 'Bb7', 'Ebmaj', 'Bbmaj', 'Gmin', 'C7', 'F7', 'Bbmaj', 'Ebmaj', 'Fmaj', 'Ebmaj', 'Dmin7', 'Ebmaj', 'Bbmaj', 'Fmaj', 'Gmin', 'Fmaj', 'Ebmaj', 'Ebmaj', 'Csus4', 'Fmaj', 'Bbmaj', 'D7', 'Gmin', 'Bb7', 'Ebmaj', 'Bbmaj', 'Gmin', 'C7', 'F7', 'Fsus4', 'F7', 'Bbmaj', 'D7', 'Gmin', 'Bb7', 'Ebmaj', 'Bbmaj', 'Gmin', 'C7', 'F7', 'Bbmaj', 'Bbmaj', 'Bbmaj', 'D7', 'Gmin', 'Bb7', 'Ebmaj', 'Bbmaj', 'Gmin', 'C7', 'F7', 'Fsus4', 'F7']"
0952,"['Bmaj', 'Emaj', 'Bmaj', 'Emaj', 'Bmaj', 'Emaj', 'Bmaj', 'Amaj', 'Amaj', 'Emaj', 'Emaj', 'Dmaj', 'Amaj', 'Dmaj', 'Amaj', 'Emaj', 'Emaj', 'Dmaj', 'Amaj', 'Emaj', 'Bmaj', 'C#min', 'G#min', 'Amaj', 'Dmaj', 'Amaj', 'Emaj', 'Amaj', 'Emaj', 'Amaj', 'Emaj', 'Bmaj', 'Amaj', 'Amaj', 'C#min', 'Bmaj', 'Amaj', 'Emaj', 'Bmaj', 'Amaj', 'G#min', 'F#min', 'Amaj', 'Emaj', 'C#min', 'Bmaj', 'Amaj', 'Emaj', 'Bmaj', 'Amaj', 'G#min', 'F#min', 'Amaj', 'Emaj', 'C#min', 'Bmaj', 'Amaj', 'Emaj', 'Bmaj', 'Amaj', 'G#min', 'F#min', 'Amaj', 'Emaj', 'C#min', 'Bmaj', 'Amaj', 'Emaj', 'Bmaj', 'Amaj', 'G#min', 'F#min', 'Amaj', 'Emaj', 'C#min', 'Bmaj', 'Amaj', 'Emaj', 'Bmaj', 'Amaj', 'G#min', 'F#min', 'Amaj', 'Emaj', 'C#min', 'Bmaj', 'Amaj', 'Emaj', 'Bmaj', 'Amaj', 'G#min', 'F#min', 'Amaj', 'Emaj', 'Bmaj', 'Emaj', 'Bmaj', 'Emaj', 'Bmaj', 'Emaj', 'Bmaj', 'Amaj', 'Amaj', 'Emaj', 'Emaj', 'Dmaj', 'Amaj', 'Dmaj', 'Amaj', 'Emaj', 'Emaj', 'Dmaj', 'Amaj', 'Emaj', 'Bmaj', 'C#min', 'G#min', 'Amaj', 'Dmaj', 'Amaj', 'Emaj', 'Amaj', 'Emaj', 'Amaj', 'Emaj', 'Bmaj', 'Amaj', 'Amaj', 'C#min', 'Bmaj', 'Amaj', 'Emaj', 'Bmaj', 'Amaj', 'G#min', 'F#min', 'Amaj', 'Emaj', 'C#min', 'Bmaj', 'Amaj', 'Emaj', 'Bmaj', 'Amaj', 'G#min', 'F#min', 'Amaj', 'Emaj', 'C#min', 'Bmaj', 'Amaj', 'Emaj', 'Bmaj', 'Amaj', 'G#min', 'F#min', 'Amaj', 'Emaj', 'C#min', 'Bmaj', 'Amaj', 'Emaj', 'Bmaj', 'Amaj', 'G#min', 'F#min', 'Amaj', 'Emaj', 'C#min', 'Bmaj', 'Amaj', 'Emaj', 'Bmaj', 'Amaj', 'G#min', 'F#min', 'Amaj', 'Emaj', 'C#min', 'Bmaj', 'Amaj', 'Emaj', 'Bmaj', 'Amaj', 'G#min', 'F#min', 'Amaj', 'Emaj', 'C#min', 'Bmaj', 'Amaj', 'Emaj', 'Bmaj', 'Amaj', 'G#min', 'F#min', 'Amaj', 'Emaj', 'C#min', 'Bmaj', 'Amaj', 'Emaj', 'Bmaj', 'Amaj', 'G#min', 'F#min', 'Amaj', 'Emaj', 'C#min', 'Bmaj', 'Amaj', 'Emaj', 'Bmaj', 'Amaj', 'G#min', 'F#min', 'Amaj', 'Emaj', 'C#min', 'Bmaj', 'Amaj', 'Emaj', 'Bmaj', 'Amaj', 'G#min', 'F#min', 'Amaj', 'Emaj', 'C#min', 'Bmaj', 'Amaj', 'Emaj', 'Bmaj', 'Amaj', 'G#min', 'F#min', 'Amaj', 'Emaj', 'C#min', 'Bmaj', 'Amaj', 'Emaj', 'Bmaj', 'Amaj', 'G#min', 'F#min', 'Amaj', 'Emaj', 'C#min', 'Bmaj', 'Amaj', 'Emaj', 'Bmaj', 'Amaj', 'G#min', 'F#min', 'Amaj', 'Emaj', 'C#min', 'Bmaj', 'Amaj', 'Emaj', 'Bmaj', 'Amaj', 'G#min', 'F#min', 'Amaj', 'Emaj']"
0954,"['E7', 'Amaj', 'Amaj7', 'A', 'Amaj', 'E7', 'E7', 'Amaj', 'Asus4', 'Amaj', 'Amaj', 'Amaj', 'A7', 'Dmaj', 'Amaj', 'E7', 'Amaj', 'E7', 'Amaj', 'Amaj7', 'A', 'Amaj', 'E7', 'E7', 'Amaj', 'Asus4', 'Amaj', 'Amaj', 'Amaj', 'A7', 'Dmaj', 'Amaj', 'E7', 'Amaj', 'Amaj', 'Amaj', 'Amaj7', 'A', 'Amaj', 'E7', 'E7', 'Amaj', 'Asus4', 'Amaj', 'Amaj', 'Amaj', 'A7', 'Dmaj', 'Amaj', 'E7', 'Amaj', 'E7', 'Amaj', 'Amaj7', 'A', 'Amaj', 'E7', 'E7', 'Amaj', 'Asus4', 'Amaj', 'Amaj', 'Amaj', 'A7', 'Dmaj', 'Amaj', 'E7', 'Amaj', 'E7', 'Amaj']"
0956,"['Bmin', 'Bmin', 'Gmaj', 'Gmaj', 'Bmin', 'Bmin', 'Gmaj', 'Gmaj', 'Amaj', 'Dmaj', 'Amaj', 'Dmaj', 'Bmin9', 'Bmin9', 'Amaj', 'Dmaj', 'Amaj', 'Dmaj', 'Bmin9', 'Bmin9', 'G', 'G', 'Bmin7', 'E', 'Dmaj', 'Gmaj7', 'Dmaj', 'Dmaj', 'Amaj', 'Dmaj', 'Amaj', 'Dmaj', 'Bmin9', 'Bmin9', 'Amaj', 'Dmaj', 'Amaj', 'Dmaj', 'Bmin9', 'Bmin9', 'G', 'G', 'Bmin7', 'E', 'Dmaj', 'Gmaj7', 'Dmaj', 'Dmaj', 'Amaj', 'Dmaj', 'Amaj', 'Dmaj', 'F#min', 'F#min', 'Amaj', 'Dmaj', 'Amaj', 'Dmaj', 'F#min', 'F#min', 'G', 'G', 'Bmin7', 'Bmin7', 'Gmaj', 'Gmaj', 'Bmin7', 'Bmin7', 'Gmaj', 'Gmaj', 'Amaj', 'Dmaj', 'Amaj', 'Dmaj', 'Bmin9', 'Bmin9', 'Amaj', 'Dmaj', 'Amaj', 'Dmaj', 'Bmin9', 'Bmin9', 'G', 'G', 'Bmin7', 'E', 'Dmaj', 'Gmaj7', 'Dmaj', 'Dmaj', 'Amaj', 'Dmaj', 'Amaj', 'Dmaj', 'F#min', 'F#min', 'Amaj', 'Dmaj', 'Amaj', 'Dmaj', 'F#min', 'F#min', 'G', 'G', 'Bmin7', 'Bmin7', 'Gmaj', 'Gmaj', 'Bmin7', 'Bmin7', 'Gmaj', 'Gmaj', 'Amaj', 'Dmaj', 'Amaj', 'Dmaj', 'F#min', 'F#min', 'Amaj', 'Dmaj', 'Amaj', 'Dmaj', 'F#min', 'F#min', 'G', 'G', 'Bmin7', 'Bmin7', 'Gmaj', 'Gmaj', 'Bmin7', 'Bmin7', 'Gmaj', 'Gmaj']"
0958,"['Amin7', 'Amin7', 'Dmin7', 'Dmin7', 'Amin7', 'Amin7', 'Dmin7', 'Dmin7', 'Amin7', 'Amin7', 'Dmin7', 'Dmin7', 'Amin7', 'Amin7', 'Dmin7', 'Dmin7', 'Amin7', 'Amin7', 'Dmin7', 'Dmin7', 'Amin7', 'Amin7', 'Dmin7', 'Dmin7', 'Amin7', 'Amin7', 'Dmin7', 'Dmin7', 'Amin7', 'Amin7', 'Dmin7', 'Dmin7', 'Amin7', 'Amin7', 'Dmin7', 'Dmin7', 'Amin7', 'Amin7', 'Dmin7', 'Dmin7', 'Amin7', 'Amin7', 'Dmin7', 'Dmin7', 'Amin7', 'Amin7', 'Dmin7', 'Dmin7', 'Amin7', 'Amin7', 'Dmin7', 'Dmin7', 'Fmaj', 'Emin7', 'Dmin7', 'Dmin7', 'Fmaj', 'Emin7', 'Dmin7', 'E7', 'Amin7', 'Amin7', 'Dmin7', 'Dmin7', 'Amin7', 'Amin7', 'Dmin7', 'Dmin7', 'Amin7', 'Amin7', 'Dmin7', 'Dmin7', 'Amin7', 'Amin7', 'Dmin7', 'Dmin7', 'Amin7', 'Amin7', 'Dmin7', 'Dmin7', 'Amin7', 'Amin7', 'Dmin7', 'Dmin7', 'Amin7', 'Amin7', 'Dmin7', 'Dmin7', 'Amin7', 'Amin7', 'Dmin7', 'Dmin7', 'Amin7', 'Amin7', 'Dmin7', 'Dmin7', 'Amin7', 'Amin7', 'Dmin7', 'Dmin7', 'Amin7', 'Amin7', 'Dmin7', 'Dmin7', 'Amin7', 'Amin7', 'Dmin7', 'Dmin7', 'Amin7', 'Amin7', 'Dmin7', 'Dmin7', 'Amin7', 'Amin7', 'Dmin7', 'Dmin7', 'Amin7', 'Amin7', 'Dmin7', 'Dmin7', 'Amin7', 'Amin7', 'Dmin7', 'Dmin7', 'Amin7', 'Amin7', 'Dmin7', 'Dmin7', 'Amin7', 'Amin7', 'Dmin7', 'Dmin7']"
0961,"['Bmaj', 'Bmaj', 'Bmaj', 'Bmaj', 'Bmaj', 'Bmaj', 'F#maj', 'F#maj', 'F#maj', 'F#maj', 'Bmaj', 'C#min7', 'F#maj', 'C#min7', 'F#maj', 'C#min7', 'C#min7', 'Bmaj', 'Bmaj', 'C#min7', 'C#min7', 'Bmaj', 'Bmaj', 'G#min', 'Emaj', 'G#min', 'Emaj', 'F#maj', 'G#min', 'Emaj', 'C#min7', 'F#maj', 'C#min7', 'F#maj', 'Bmaj', 'Bmaj', 'Bmaj', 'F#maj', 'F#maj', 'F#maj', 'F#maj', 'Bmaj', 'Bmaj', 'Bmaj', 'Bmaj', 'Bmaj', 'F#maj', 'F#maj', 'F#maj', 'F#maj', 'Bmaj', 'C#', 'F#maj', 'C#', 'F#maj', 'C#min7', 'C#min7', 'Bmaj', 'Bmaj', 'C#min7', 'C#min7', 'Bmaj', 'Bmaj', 'G#min', 'Emaj', 'G#min', 'Emaj', 'F#maj', 'G#min', 'Emaj', 'C#min7', 'F#maj', 'C#min7', 'F#maj', 'Bmaj', 'Bmaj', 'Bmaj', 'F#maj', 'F#maj', 'F#maj', 'F#maj', 'Bmaj', 'Bmaj', 'Bmaj', 'Bmaj', 'Bmaj', 'F#maj', 'F#maj', 'F#maj', 'F#maj', 'Bmaj', 'Bmaj', 'Bmaj', 'Bmaj', 'Bmaj', 'F#maj', 'F#maj', 'F#maj', 'F#maj', 'Bmaj', 'Bmaj', 'Bmaj', 'Bmaj', 'Bmaj', 'F#maj', 'F#maj', 'F#maj', 'F#maj', 'Bmaj', 'Bmaj']"
0963,"['G5', 'G5', 'D5', 'D5', 'G5', 'G5', 'A5', 'G', 'F#', 'E', 'Dmin', 'Cmaj', 'Dmin', 'Cmaj', 'Dmin', 'Cmaj', 'G5', 'G5', 'Dmin', 'Cmaj', 'Dmin', 'Cmaj', 'Dmin', 'Cmaj', 'G5', 'F5', 'Dmin', 'Dmin', 'Dmin', 'G5', 'G5', 'Dmin', 'Dmin', 'Dmin', 'Dmin', 'G5', 'G5', 'D5', 'D5', 'G5', 'G5', 'A5', 'G', 'F#', 'E', 'Cmaj', 'Dmin', 'Dmin', 'Dmin', 'G5', 'F5', 'Cmaj', 'Dmin', 'Dmin', 'Dmin', 'G5', 'F5', 'Cmaj', 'Dmin', 'Dmin', 'Dmin', 'G5', 'F5', 'Cmaj', 'Dmin', 'Dmin', 'Dmin', 'Dmin', 'Dmin', 'Cmaj', 'Dmin', 'Cmaj', 'Dmin', 'Cmaj', 'G5', 'G5', 'Dmin', 'Cmaj', 'Dmin', 'Cmaj', 'Dmin', 'Cmaj', 'G5', 'F5', 'Dmin', 'Dmin', 'Dmin', 'G5', 'G5', 'Dmin', 'Dmin', 'Dmin', 'Dmin', 'G5', 'G5', 'D5', 'D5', 'G5', 'G5', 'A5', 'G', 'F#', 'E', 'Cmaj', 'Dmin', 'Dmin', 'Dmin', 'G5', 'F5', 'Cmaj', 'Dmin', 'Dmin', 'Dmin', 'G5', 'F5', 'Cmaj', 'Dmin', 'Dmin', 'Dmin', 'G5', 'F5', 'Cmaj', 'Dmin', 'Dmin', 'Dmin', 'Dmin', 'Dmin', 'Cmaj', 'Dmin', 'Cmaj', 'Dmin', 'Cmaj', 'G5', 'G5', 'Dmin', 'Cmaj', 'Dmin', 'Cmaj', 'Dmin', 'Cmaj', 'G5', 'F5', 'Dmin', 'Dmin', 'Dmin', 'G5', 'G5', 'Dmin', 'Dmin', 'Dmin', 'Dmin', 'G5', 'G5', 'D5', 'D5', 'G5', 'G5', 'A5', 'G', 'F#', 'E', 'Dmin', 'Dmin', 'Dmin', 'Dmin', 'Dmin', 'Dmin', 'Dmin', 'Dmin', 'Dmin', 'Dmin', 'Dmin', 'Dmin', 'Dmin', 'Dmin', 'Dmin', 'Dmin', 'Cmaj', 'Dmin', 'Dmin', 'Dmin', 'G5', 'G5', 'Cmaj', 'Dmin', 'Dmin', 'Dmin', 'G5', 'F5', 'Cmaj', 'Dmin', 'Dmin', 'Dmin', 'G5', 'G5', 'Cmaj', 'Dmin', 'Dmin', 'Dmin', 'G5', 'F5']"
0964,"['Bmaj', 'Cmaj', 'Cmaj', 'Amin', 'Amin', 'Fmaj', 'Gmaj', 'Cmaj', 'C', 'G7', 'Cmaj', 'Fmaj', 'Cmaj', 'Fmaj', 'Cmaj', 'Fmaj', 'Cmaj', 'Fmaj', 'Gmaj', 'Amin', 'Amin', 'Dmaj', 'Fmaj', 'D7', 'Cmaj', 'Gmaj', 'Cmaj', 'Cmaj', 'G', 'A', 'Bb', 'B7', 'Emin', 'B7', 'Amin', 'Gmaj', 'Cmaj', 'Fmaj', 'D7', 'G7', 'Cmaj', 'Cmaj', 'Fmaj', 'Cmaj', 'Cmaj', 'Fmaj', 'Cmaj', 'Fmaj', 'Cmaj', 'Fmaj', 'Gmaj', 'Amin', 'Amin', 'Dmaj', 'Fmaj', 'D7', 'Cmaj', 'Gmaj', 'Cmaj', 'Cmaj', 'G', 'A', 'Bb', 'B7', 'Emin', 'B7', 'Amin', 'Gmaj', 'Cmaj', 'Fmaj', 'D7', 'G7', 'Cmaj', 'Fmaj', 'Cmaj', 'Fmaj', 'Cmaj', 'Fmaj', 'Cmaj', 'Fmaj', 'Gmaj', 'Amin', 'Amin', 'Dmaj', 'Fmaj', 'D7', 'Cmaj', 'G7', 'Cmaj', 'Bmaj', 'Bbmaj', 'A7', 'D7', 'G7', 'Cmaj', 'Cdim', 'Bdim', 'Bbdim', 'Adim', 'Abdim', 'Gdim', 'Gbdim', 'Fdim', 'C7']"
0965,"['Cmaj', 'Cmaj', 'Cmaj', 'Cmaj', 'Cmaj', 'Cmaj', 'Fmaj', 'Fmaj', 'Cmaj', 'Cmaj', 'Fmaj', 'Amin', 'Gmaj', 'Fmaj', 'Cmaj', 'Cmaj', 'Fmaj', 'Fmaj', 'Cmaj', 'Cmaj', 'Fmaj', 'Amin', 'Gmaj', 'Fmaj', 'Cmaj', 'Cmaj', 'Fmaj', 'Fmaj', 'Cmaj', 'Cmaj', 'Fmaj', 'Amin', 'Gmaj', 'Fmaj', 'Cmaj', 'Cmaj', 'Fmaj', 'Fmaj', 'Cmaj', 'Cmaj', 'Fmaj', 'Amin', 'Gmaj', 'Fmaj', 'Cmaj', 'Cmaj', 'Fmaj', 'Fmaj', 'Cmaj', 'Cmaj', 'Fmaj', 'Amin', 'Gmaj', 'Fmaj', 'Cmaj', 'Cmaj', 'Fmaj', 'Fmaj', 'Cmaj', 'Cmaj', 'Fmaj', 'Amin', 'Gmaj', 'Fmaj', 'Cmaj', 'Cmaj', 'Cmaj', 'Cmaj', 'Fmaj', 'Cmaj', 'Fmaj', 'Cmaj', 'Fmaj', 'Cmaj', 'Fmaj', 'Fmaj', 'Cmaj', 'Cmaj', 'Fmaj', 'Amin', 'Gmaj', 'Fmaj', 'Cmaj', 'Cmaj', 'Fmaj', 'Fmaj', 'Cmaj', 'Cmaj', 'Fmaj', 'Amin', 'Gmaj', 'Fmaj', 'Cmaj', 'Cmaj', 'Cmaj', 'Cmaj', 'Cmaj', 'Cmaj', 'Cmaj', 'Cmaj', 'Cmaj', 'Cmaj', 'Cmaj', 'Cmaj', 'Cmaj', 'Cmaj', 'Cmaj', 'Cmaj', 'Cmaj']"
0967,"['Dmaj9', 'Fmaj9', 'Amaj9', 'Fmaj9', 'Dmaj9', 'Dmaj', 'Bmin7', 'Emin', 'Asus4', 'Dmaj', 'Bmin7', 'Emin', 'Asus4', 'Dmaj', 'Bmin7', 'Emin', 'Asus4', 'Dmaj', 'Bmin7', 'Emin', 'Asus4', 'Dmaj', 'Bmin7', 'Emin', 'Asus4', 'Dmaj', 'Bmin7', 'Emin', 'Asus4', 'Dmaj', 'Bmin7', 'Emin', 'Asus4', 'Dmaj', 'Bmin7', 'Emin', 'Asus4', 'Dmaj', 'Dmaj', 'Amaj', 'Dmaj', 'Dmaj', 'Amaj', 'Dmaj', 'Dmaj', 'Amaj', 'Dmaj', 'Dmaj', 'Amaj', 'Dmaj', 'Dmaj', 'Amaj', 'Dmaj', 'Dmaj', 'Amaj', 'Dmaj', 'Dmaj', 'Amaj', 'Dmaj', 'Dmaj', 'Amaj', 'Dmaj', 'Dmaj', 'Amaj', 'Dmaj', 'Dmaj', 'Amaj', 'Dmaj', 'Dmaj', 'Amaj', 'Dmaj', 'Dmaj', 'Amaj', 'Dmaj', 'Dmaj', 'Amaj', 'Dmaj', 'Dmaj', 'Amaj', 'Dmaj', 'Dmaj', 'Amaj', 'Dmaj', 'Dmaj', 'Amaj', 'Dmaj', 'Dmaj', 'Amaj', 'Dmaj', 'Dmaj', 'Amaj', 'Dmaj', 'Dmaj', 'Amaj', 'Dmaj', 'Dmaj', 'Amaj', 'Dmaj', 'Dmaj', 'Amaj', 'Dmaj', 'Dmaj', 'Amaj', 'Dmaj', 'Dmaj', 'Amaj', 'Dmaj', 'Dmaj', 'Amaj', 'Dmaj', 'Dmaj', 'Amaj', 'Dmaj', 'Dmaj', 'Amaj', 'Dmaj', 'Dmaj', 'Amaj', 'Dmaj', 'Dmaj', 'Amaj', 'Dmaj', 'Dmaj', 'Amaj', 'Dmaj', 'Dmaj', 'Amaj', 'Dmaj', 'Dmaj', 'Amaj', 'Dmaj', 'Dmaj', 'Amaj', 'Dmaj', 'Dmaj', 'Amaj', 'Dmaj', 'Dmaj', 'Amaj', 'Dmaj', 'Dmaj', 'Amaj', 'Dmaj', 'Dmaj', 'Amaj', 'Dmaj', 'Dmaj', 'Amaj', 'Dmaj', 'Dmaj', 'Amaj', 'Dmaj', 'Dmaj', 'Amaj', 'Dmaj', 'Dmaj', 'Amaj', 'Dmaj', 'Dmaj', 'Amaj', 'Dmaj', 'Dmaj', 'Amaj', 'Dmaj', 'Dmaj', 'Amaj', 'Dmaj', 'Dmaj', 'Amaj', 'Dmaj', 'Dmaj', 'Amaj']"
0968,"['Cmaj', 'Cmaj', 'Gsus4', 'Gsus4', 'Cmaj', 'Cmaj', 'Gsus4', 'Gsus4', 'Cmaj', 'Cmaj', 'Amin', 'Amin', 'Fmaj', 'Cmaj', 'Cmaj', 'G7', 'G7', 'Fmaj', 'Fmaj', 'Cmaj', 'Amin', 'Fmaj', 'G7', 'Cmaj', 'Cmaj', 'Gmaj', 'Cmaj', 'Gmaj', 'Cmaj', 'Gmaj', 'Cmaj', 'Gmaj', 'Cmaj', 'Gmaj', 'Cmaj', 'Gmaj', 'Cmaj', 'Gmaj', 'Cmaj', 'Gmaj', 'Dmaj', 'Gmaj', 'Dmaj', 'Gmaj', 'Dmaj', 'Gmaj', 'Dmaj', 'Gmaj', 'Dmaj', 'Gmaj', 'Dmaj', 'Gmaj', 'Dmaj', 'Gmaj', 'Dmaj', 'Emaj', 'Amaj', 'Emaj', 'Amaj', 'Emaj', 'Amaj', 'Emaj', 'Amaj', 'Emaj', 'Amaj', 'Emaj', 'Amaj', 'Gmaj', 'Gmaj', 'Cmaj', 'Cmaj', 'Amin', 'Amin', 'Fmaj', 'Cmaj', 'Cmaj', 'G7', 'G7', 'Fmaj', 'Fmaj', 'Cmaj', 'Amin', 'Fmaj', 'G7', 'Cmaj', 'Fmaj', 'Cmaj', 'Fmaj', 'Cmaj', 'Fmaj', 'Cmaj', 'Fmaj', 'Cmaj', 'Fmaj', 'Cmaj', 'Fmaj']"
0969,"['Bbmaj', 'Eb7', 'Bbmaj', 'Eb7', 'Bbmaj', 'Eb7', 'Bbmaj', 'Eb7', 'Bbmaj', 'Eb7', 'Bbmaj', 'Eb7', 'Bbmaj', 'C7', 'F7', 'Bbmaj', 'Ebmaj', 'Bbmaj', 'C7', 'F7', 'Bbmaj', 'D7', 'Gmin', 'Bb7', 'E', 'Fsus4', 'Bbmaj', 'Eb7', 'Bbmaj', 'Eb7', 'Bbmaj', 'Eb7', 'Bbmaj', 'Eb7', 'Bbmaj', 'C7', 'F7', 'Bbmaj', 'Ebmaj', 'Bbmaj', 'C7', 'F7', 'Bbmaj', 'D7', 'Gmin', 'Bb7', 'E', 'Fsus4', 'Bbmaj', 'Eb7', 'Bbmaj', 'Eb7', 'Bbmaj', 'Eb7', 'Bbmaj', 'Eb7', 'Fmaj', 'Ebmaj', 'Fmaj', 'Bbmaj', 'Gmaj', 'Cmaj', 'Gmaj', 'C7', 'F7', 'Bbmaj', 'C7', 'F7', 'Bbmaj', 'Ebmaj', 'Bbmaj', 'C7', 'F7', 'Bbmaj', 'D7', 'Gmin', 'Bb7', 'E', 'Fsus4', 'Bbmaj', 'Eb7', 'Bbmaj', 'Eb7', 'Bbmaj', 'Eb7', 'Bbmaj', 'Eb7', 'Fmaj', 'Ebmaj', 'Fmaj', 'Bbmaj', 'Gmaj', 'Cmaj', 'Gmaj', 'C7', 'F7', 'Bbmaj', 'C7', 'F7', 'Bbmaj', 'Ebmaj', 'Bbmaj', 'C7', 'F7', 'Bbmaj', 'D7', 'Gmin', 'Bb7', 'E', 'Fsus4', 'Bbmaj', 'Eb7', 'Bbmaj', 'Eb7', 'Bbmaj', 'Eb7', 'Bbmaj', 'Eb7', 'Bbmaj', 'Eb7', 'Bbmaj', 'Eb7', 'Bbmaj', 'Eb7', 'Bbmaj']"
0970,"['Dmaj', 'Emin', 'Emin', 'Dmaj', 'Cmaj', 'Cmaj', 'Cmaj', 'Dsus4', 'Dsus4', 'Dmaj', 'Emin', 'Emin', 'Cmaj', 'Cmaj', 'Cmaj', 'Cmaj', 'Gmaj', 'Gmaj', 'Amin7', 'Amin', 'E7', 'E7', 'Fmaj', 'Fmaj', 'Cmaj', 'Cmaj', 'Gmaj', 'Gmaj', 'Emin7', 'Emin', 'Emin', 'Cmaj', 'Cmaj', 'Cmaj', 'Cmaj', 'Gmaj', 'Gmaj', 'Amin7', 'Amin', 'E7', 'E7', 'Fmaj', 'Fmaj', 'Cmaj', 'Cmaj', 'Gmaj', 'Gmaj', 'Emin7', 'Emin', 'Emin', 'Cmaj', 'Cmaj', 'Dmaj', 'Dmaj', 'Emin', 'Emin', 'Fmaj', 'Fmaj', 'Cmaj', 'Cmaj', 'Dmaj', 'Dmaj', 'Emin', 'Emin', 'Fmaj', 'Fmaj', 'Cmaj', 'Cmaj', 'Dmaj', 'Dmaj', 'Emin', 'Emin', 'Fmaj', 'Fmaj', 'Dmaj', 'Emin', 'Emin', 'Dmaj', 'Cmaj', 'Cmaj', 'Cmaj', 'Dsus4', 'Dsus4', 'Dmaj', 'Emin', 'Emin', 'Cmaj', 'Cmaj', 'Cmaj', 'Cmaj', 'Gmaj', 'Gmaj', 'Amin7', 'Amin', 'E7', 'E7', 'Fmaj', 'Fmaj', 'Cmaj', 'Cmaj', 'Gmaj', 'Gmaj', 'Emin7', 'Emin', 'Emin', 'Cmaj', 'Cmaj', 'Cmaj', 'Cmaj', 'Gmaj', 'Gmaj', 'Amin7', 'Amin', 'E7', 'E7', 'Fmaj', 'Fmaj', 'Cmaj', 'Cmaj', 'Gmaj', 'Gmaj', 'Emin7', 'Emin', 'Emin', 'Cmaj', 'Cmaj', 'Dmaj', 'Dmaj', 'Emin', 'Emin', 'Fmaj', 'Fmaj', 'Cmaj', 'Cmaj', 'Dmaj', 'Dmaj', 'Emin', 'Emin', 'Fmaj', 'Fmaj', 'Cmaj', 'Cmaj', 'Dmaj', 'Dmaj', 'Emin', 'Emin', 'Fmaj', 'Fmaj', 'Cmaj', 'Cmaj', 'Dmaj', 'Dmaj', 'Emin', 'Emin', 'Fmaj', 'Fmaj', 'Cmaj', 'Cmaj', 'Dmaj', 'Dmaj', 'Emin', 'Emin', 'Fmaj', 'Fmaj', 'Cmaj', 'Cmaj', 'Dmaj', 'Dmaj', 'Emin', 'Emin', 'Fmaj', 'Fmaj', 'Cmaj', 'Cmaj', 'Dmaj', 'Dmaj', 'Emin', 'Emin', 'Fmaj', 'Fmaj', 'Cmaj', 'Cmaj', 'Dmaj', 'Dmaj', 'Emin', 'Emin', 'Fmaj', 'Fmaj', 'Cmaj', 'Cmaj', 'Dmaj', 'Dmaj', 'Emin', 'Emin', 'Fmaj', 'Fmaj', 'Cmaj', 'Cmaj', 'Dmaj', 'Dmaj', 'Emin', 'Emin', 'Fmaj', 'Fmaj', 'Cmaj', 'Cmaj', 'Dmaj', 'Dmaj', 'Emin', 'Emin', 'Fmaj', 'Fmaj', 'Cmaj', 'Cmaj', 'Dmaj', 'Dmaj', 'Emin', 'Emin', 'Fmaj']"
0973,"['Bmaj', 'Emaj', 'Amaj', 'Bmaj', 'Emaj', 'Amaj', 'Bmaj', 'Emaj', 'Amaj', 'Bmaj', 'Emaj', 'Amaj', 'Emaj', 'Amaj', 'C#min', 'Dmaj', 'Amaj', 'Emaj', 'Amaj', 'C#min', 'Dmaj', 'Amaj', 'Bmaj', 'Emaj', 'Amaj', 'Bmaj', 'Emaj', 'Amaj', 'Emaj', 'Amaj', 'Emaj', 'Amaj', 'Emaj', 'Amaj', 'Bmaj', 'Bsus4', 'Bmaj', 'Bsus4', 'Bmaj', 'Emaj', 'Emaj', 'Emaj', 'Emaj', 'Amaj', 'A', 'Amaj', 'Amaj', 'G#min', 'F#min7', 'G#min7', 'Bmaj', 'Emaj', 'Bmaj', 'Emaj', 'Emaj', 'Emaj', 'Emaj', 'Amaj', 'A', 'Amaj', 'Amaj', 'G#min', 'F#min7', 'G#min7', 'Bmaj', 'Emaj', 'Bmaj', 'Emaj', 'Emaj', 'Amaj', 'C#min', 'Dmaj', 'Amaj', 'Emaj', 'Amaj', 'C#min', 'Dmaj', 'Amaj', 'Bmaj', 'Emaj', 'Amaj', 'Bmaj', 'Emaj', 'Amaj', 'Emaj', 'Amaj', 'Emaj', 'Amaj', 'Emaj', 'Amaj', 'Bmaj', 'Bsus4', 'Bmaj', 'Bsus4', 'Bmaj', 'Emaj', 'Emaj', 'Emaj', 'Emaj', 'Amaj', 'A', 'Amaj', 'Amaj', 'G#min', 'F#min7', 'G#min7', 'Bmaj', 'Emaj', 'Bmaj', 'Emaj', 'Emaj', 'Emaj', 'Emaj', 'Amaj', 'A', 'Amaj', 'Amaj', 'G#min', 'F#min7', 'G#min7', 'Bmaj', 'Emaj', 'Bmaj', 'Emaj', 'Bmaj', 'Emaj', 'Amaj', 'Bmaj', 'Emaj', 'Amaj', 'Bmaj', 'Emaj', 'Amaj', 'Bmaj', 'Emaj', 'Amaj', 'Emaj', 'Emaj', 'Emaj', 'Emaj', 'Amaj', 'A', 'Amaj', 'Amaj', 'G#min', 'F#min7', 'G#min7', 'Bmaj', 'Emaj', 'Bmaj', 'Emaj', 'Emaj', 'Emaj', 'Emaj', 'Amaj', 'A', 'Amaj', 'Amaj', 'G#min', 'F#min7', 'G#min7', 'Bmaj', 'Emaj', 'Bmaj', 'Emaj', 'E', 'E', 'Amaj', 'G#min', 'F#min7', 'G#min7', 'Bmaj', 'Emaj', 'Emaj', 'Emaj', 'Emaj', 'Amaj', 'A', 'Amaj', 'Amaj', 'G#min', 'F#min7', 'G#min7', 'Bmaj', 'Emaj', 'Bmaj', 'Emaj', 'Emaj', 'Emaj', 'Emaj', 'Amaj', 'A', 'Amaj', 'Amaj', 'G#min', 'F#min7', 'G#min7', 'Bmaj', 'F#min7', 'G#min7', 'Bmaj', 'F#min7', 'G#min7', 'Bmaj', 'Emaj', 'Emaj']"
0974,"['Cmaj', 'Cmaj7', 'Gmin7', 'Fmaj', 'Fmin', 'Cmaj', 'D7', 'G7', 'Cmaj', 'Cmaj7', 'Gmin7', 'Fmaj', 'Fmin', 'Cmaj', 'D7', 'G7', 'Cmaj', 'Cmaj', 'Fmaj', 'Fmaj', 'Cmaj', 'Cmaj', 'Fmaj', 'Fmin', 'Cmaj', 'Amin', 'Dmin', 'Gmaj', 'Cmaj', 'Cmaj', 'Cmaj7', 'Gmin7', 'Fmaj', 'Fmin', 'Cmaj', 'D7', 'G7', 'Cmaj', 'Cmaj7', 'Gmin7', 'Fmaj', 'Fmin', 'Cmaj', 'D7', 'G7', 'Cmaj', 'Cmaj', 'Fmaj', 'Fmaj', 'Cmaj', 'Cmaj', 'Fmaj', 'Fmin', 'Cmaj', 'Amin', 'Dmin', 'Gmaj', 'Cmaj', 'Cmaj', 'Cmaj7', 'Gmin7', 'Fmaj', 'Fmin', 'Cmaj', 'D7', 'G7', 'Cmaj', 'Cmaj7', 'Gmin7', 'Fmaj', 'Fmin', 'Cmaj', 'D7', 'G7', 'Cmaj', 'Cmaj', 'Fmaj', 'Fmaj', 'Cmaj', 'Cmaj', 'Fmaj', 'Fmin', 'Cmaj', 'Amin', 'Dmin', 'Gmaj', 'Cmaj', 'Cmaj', 'Fmaj', 'Fmaj', 'Cmaj', 'Cmaj', 'Fmaj', 'Fmin']"
0978,"['C#min', 'G#min', 'G#min', 'Amaj7', 'C#min', 'G#min', 'G#min', 'Amaj7', 'C#min', 'G#min', 'G#min', 'Amaj7', 'C#min', 'G#min', 'G#min', 'Amaj7', 'C#min', 'G#min', 'G#min', 'Amaj7', 'C#min', 'G#min', 'G#min', 'Amaj7', 'C#min', 'G#min', 'G#min', 'Amaj7', 'C#min', 'Bmaj', 'C#min', 'Bmaj', 'C#min', 'Bmaj', 'C#min', 'Bmaj', 'C#min', 'Bmaj', 'C#min', 'Bmaj', 'C#min', 'Bmaj', 'C#min', 'Bmaj', 'C#min', 'Bmaj', 'C#min', 'Bmaj', 'C#min', 'Bmaj', 'C#min', 'Bmaj', 'C#min', 'Bmaj', 'G#min', 'C#min', 'C#min', 'Bmaj', 'G#min', 'C#min', 'C#min', 'Bmaj', 'G#min', 'C#min', 'C#min', 'Bmaj', 'G#min', 'C#min', 'G#sus4', 'G#sus4', 'C#min', 'C#min9', 'C#min9', 'C#min', 'Amaj7', 'Amaj7', 'G#maj', 'G#maj', 'C#min', 'C#min', 'C#min', 'Amaj7', 'Amaj7', 'Amaj7', 'Emaj', 'E7', 'Amaj7', 'Amaj7', 'G#min', 'C#min', 'F#7', 'C#min', 'Bsus4', 'Bsus4', 'Bsus4', 'C#min', 'Bsus4', 'Bsus4', 'C#min', 'C#min9', 'C#min9', 'C#min', 'Amaj7', 'Amaj7', 'G#maj', 'G#maj', 'C#min', 'C#min', 'C#min', 'Amaj7', 'Amaj7', 'Amaj7', 'Emaj', 'E7', 'Amaj7', 'Amaj7', 'G#min', 'C#min', 'F#7', 'C#min', 'Bsus4', 'Bsus4', 'Bsus4', 'C#min', 'Bsus4', 'Bsus4', 'C#min7', 'F#', 'C#min7', 'F#', 'C#min7', 'F#', 'C#min7', 'F#', 'C#min7', 'F#', 'C#min7', 'F#', 'C#min7', 'F#', 'C#min7', 'F#', 'C#min7', 'F#', 'C#min7', 'F#', 'C#min7', 'F#', 'C#min7', 'F#', 'C#min7', 'F#', 'C#min7', 'F#', 'C#min7', 'F#', 'C#min7', 'F#', 'C#min7', 'F#', 'C#min7', 'F#', 'C#min7', 'F#', 'C#min7', 'F#', 'C#min7', 'F#', 'C#min7', 'F#', 'C#min7', 'F#', 'C#min7', 'F#', 'C#min7', 'F#', 'C#min7', 'F#', 'C#min7', 'F#', 'C#min7', 'F#', 'C#min7', 'F#', 'C#min7', 'F#', 'C#min7', 'F#', 'C#min7', 'F#', 'C#min7', 'F#', 'C#min7', 'F#', 'C#min7', 'F#', 'C#min7', 'F#', 'C#min7', 'F#', 'C#min7', 'F#', 'C#min7', 'F#', 'C#min7', 'F#', 'C#min7', 'F#', 'C#min7', 'F#', 'C#min7', 'F#', 'C#min7', 'F#', 'C#min7', 'F#', 'C#min7', 'F#', 'C#min7', 'F#', 'C#min7', 'F#', 'C#min7', 'F#', 'C#min7', 'F#', 'C#min7', 'F#', 'C#min7', 'F#', 'C#min7', 'F#', 'G#min', 'C#min', 'F#maj', 'G#min', 'C#min', 'F#maj', 'G#min', 'C#min', 'F#maj', 'G#min', 'C#min', 'F#maj', 'G#min', 'C#min', 'F#maj', 'G#min', 'C#min', 'F#maj', 'C#min', 'Bsus4', 'Bsus4', 'Bsus4', 'C#min', 'Bsus4', 'Bsus4', 'C#min', 'G#min', 'G#min', 'Amaj7', 'C#min', 'G#min', 'G#min', 'Amaj7', 'C#min', 'G#min', 'G#min', 'Amaj7', 'C#min', 'G#min', 'G#min', 'Amaj7', 'C#min', 'G#min', 'G#min', 'Amaj7', 'C#min', 'G#min', 'G#min', 'Amaj7', 'C#min', 'G#min', 'G#min', 'Amaj7', 'C#min', 'G#min', 'G#min', 'Amaj7', 'C#min', 'G#min', 'G#min', 'Amaj7', 'C#min', 'G#min', 'G#min', 'Amaj7', 'C#min', 'G#min', 'G#min', 'Amaj7', 'C#min', 'G#min', 'G#min', 'Amaj7']"
0979,"['F', 'F', 'Bb', 'F', 'F', 'Bbmaj', 'Bbmaj', 'Bbmaj', 'Bbmaj', 'Bbmaj', 'Fmaj', 'Bbmaj', 'Bbmaj', 'Bbmaj', 'Fmaj', 'Bbmaj', 'Bbmaj', 'Ebmaj', 'Ebmaj', 'Fmaj', 'Fmaj', 'Ebmaj', 'Ebmaj', 'Fmaj', 'Fmaj', 'Ebmaj', 'Ebmaj', 'Fmaj', 'Fmaj', 'Cmin7', 'Cmin7', 'Gmin', 'Fmaj', 'Bbmaj', 'Fmaj7', 'Gmin', 'Gmin', 'Cmin7', 'Cmin7', 'Fsus4', 'Fmaj', 'Bbmaj', 'Dmin7', 'Gmin', 'Gmin', 'Cmin7', 'Cmin7', 'Fsus4', 'Fmaj', 'Bbmaj', 'Fmaj', 'Bbmaj', 'Bbmaj', 'Bbmaj', 'Fmaj', 'Bbmaj', 'Bbmaj', 'Ebmaj', 'Ebmaj', 'Fmaj', 'Fmaj', 'Ebmaj', 'Ebmaj', 'Fmaj', 'Fmaj', 'Ebmaj', 'Ebmaj', 'Fmaj', 'Fmaj', 'Cmin7', 'Cmin7', 'Gmin', 'Fmaj', 'Bbmaj', 'Fmaj7', 'Gmin', 'Gmin', 'Cmin7', 'Cmin7', 'Fsus4', 'Fmaj', 'Bbmaj', 'Dmin7', 'Gmin', 'Gmin', 'Cmin7', 'Cmin7', 'Fsus4', 'Fmaj', 'Ebmaj', 'Ebmaj', 'Dmin7', 'Dmin7', 'Cmin', 'Cmin', 'Gmin7', 'Gmin7', 'Ebmaj', 'Ebmaj', 'Dmin7', 'Dmin7', 'Cmin', 'Cmin', 'Gmin7', 'Fmaj', 'Bbmaj', 'Fmaj', 'Bbmaj', 'Bbmaj', 'Bbmaj', 'Fmaj', 'Bbmaj', 'Bbmaj', 'Ebmaj', 'Ebmaj', 'Fmaj', 'Fmaj', 'Ebmaj', 'Ebmaj', 'Fmaj', 'Fmaj', 'Ebmaj', 'Ebmaj', 'Fmaj', 'Fmaj', 'Cmin7', 'Cmin7', 'Gmin', 'Fmaj', 'Bbmaj', 'Fmaj7', 'Gmin', 'Gmin', 'Cmin7', 'Cmin7', 'Fsus4', 'Fmaj', 'Bbmaj', 'Dmin7', 'Gmin', 'Gmin', 'Cmin7', 'Cmin7', 'Fsus4', 'Fmaj', 'Bbmaj', 'Fmaj7', 'Gmin', 'Gmin', 'Cmin7', 'Cmin7', 'Fsus4', 'Fmaj', 'Bbmaj', 'Dmin7', 'Gmin', 'Gmin', 'Cmin7', 'Cmin7', 'Fsus4', 'Fmaj', 'Bbmaj', 'Fmaj7', 'Gmin', 'Gmin', 'Cmin7', 'Cmin7', 'Fsus4', 'Fmaj', 'Bbmaj', 'Dmin7', 'Gmin', 'Gmin', 'Cmin7', 'Cmin7', 'Fsus4', 'Fmaj', 'Bbmaj', 'Fmaj7', 'Gmin', 'Gmin', 'Cmin7', 'Cmin7', 'Fsus4', 'Fmaj', 'Bbmaj', 'Dmin7', 'Gmin', 'Gmin', 'Cmin7', 'Cmin7', 'Fsus4', 'Fmaj']"
0981,"['Bsus4', 'Bsus4', 'Emin', 'A', 'Emin', 'A', 'Bsus4', 'Bsus4', 'Emin', 'A', 'Emin', 'A', 'Emin', 'A', 'Emin', 'A', 'Emin', 'A', 'Emin', 'A', 'Emin', 'A', 'Emin', 'A', 'Emin', 'A', 'Emin', 'A', 'Emin', 'A', 'Emin', 'Amin7', 'D', 'Amin7', 'D', 'Emin', 'A', 'Emin', 'A', 'Cmaj', 'Bsus4', 'B7', 'Emin', 'A', 'Emin', 'A', 'Cmaj', 'Bsus4', 'B7', 'Emin', 'A', 'Emin', 'A', 'Emin', 'A', 'Emin', 'A', 'Emin', 'A', 'Emin', 'A', 'Emin', 'A', 'Emin', 'A', 'Emin', 'A', 'Emin', 'Amin7', 'D', 'Amin7', 'D', 'Emin', 'A', 'Emin', 'A', 'Cmaj', 'Bsus4', 'B7', 'Emin', 'A', 'Emin', 'A', 'Cmaj', 'Bsus4', 'B7', 'Emin', 'A', 'Emin', 'A', 'Bsus4', 'Bsus4', 'Emin', 'A', 'Emin', 'A', 'Emin', 'A', 'Emin', 'A', 'Emin', 'A', 'Emin', 'A', 'Emin', 'A', 'Emin', 'Amin7', 'D', 'Amin7', 'D', 'Emin', 'A', 'Emin', 'A', 'Cmaj', 'Bsus4', 'B7', 'Emin', 'A', 'Emin', 'A', 'Cmaj', 'Bsus4', 'B7', 'Emin', 'A', 'Emin', 'A', 'Emin', 'Amaj', 'Emin7', 'Amaj', 'Emin', 'Amaj', 'Emin7', 'Amaj', 'Emin', 'Amaj', 'Emin7', 'Amaj', 'Emin', 'Amaj', 'Emin7', 'Amaj', 'Amin7', 'D', 'Amin7', 'D', 'Emin', 'A', 'Emin', 'A', 'Cmaj', 'Bsus4', 'B7', 'Emin', 'A', 'Emin', 'A', 'Cmaj', 'Bsus4', 'B7', 'Emin', 'A', 'Emin', 'A', 'Bsus4', 'Bsus4', 'Bsus4', 'Bsus4', 'Emin', 'A', 'Emin', 'A', 'Emin', 'A', 'Emin', 'A', 'Emin', 'A', 'Emin', 'A', 'Emin', 'A', 'Emin', 'A', 'Emin', 'A', 'Emin', 'A', 'Emin', 'A', 'Emin', 'A', 'Emin', 'A', 'Emin', 'A', 'Emin', 'A', 'Emin', 'A']"
0982,"['Fmaj', 'Dmin7', 'Fmaj7', 'Gmin7', 'C7', 'Bb', 'C', 'F', 'Ddim', 'Csus4', 'Gmin7', 'Cdim', 'Gmin', 'D7', 'F', 'F', 'E7', 'E7', 'C7', 'C7', 'G7', 'G7', 'Cmin7', 'Ebmin7', 'Bbmaj', 'Ddim', 'G7', 'C', 'C', 'B7', 'C7', 'C7', 'F', 'F', 'E7', 'E7', 'C7', 'C7', 'G7', 'G7', 'Cmin7', 'Ebmin7', 'Bbmaj', 'Ab', 'G7', 'Csus4', 'C7', 'Fsus4', 'F7', 'Bbmaj', 'Gmin', 'Ebmin7', 'Ab7', 'Db', 'Db', 'Db', 'C7', 'C7', 'Gb', 'Gb', 'Eb7', 'Eb7', 'Abmin9', 'Cb', 'Gb', 'Bbsus4', 'Bb', 'Eb7', 'Ab', 'Abmaj', 'Ab', 'G7', 'Ab7', 'Ab7', 'C', 'Bb', 'Ab', 'Bb', 'Fmaj7', 'Fmaj7', 'E7', 'E7', 'C7', 'C7', 'G7', 'G7', 'Cmin7', 'Ebmin7', 'Bbmaj', 'Ab', 'G7', 'Csus4', 'C7', 'Fsus4', 'F7', 'Bbmaj', 'Db', 'E', 'Db', 'Bbmaj']"
0984,"['Cmaj', 'Cmaj', 'Dmin7', 'G7', 'Cmaj9', 'Cmaj9', 'Dmin7', 'Dmin7', 'Emin7', 'Emin7', 'Dmin7', 'Dmin7', 'Gmaj', 'Cmaj9', 'Cmaj9', 'Dmin7', 'Dmin7', 'Gmaj', 'Cmaj9', 'Cmaj9', 'Dmin7', 'G7', 'Cmaj9', 'Cmaj9', 'Dmin7', 'Dmin7', 'Emin7', 'Emin7', 'Dmin7', 'Dmin7', 'Gmaj', 'Cmaj9', 'Cmaj9', 'Dmin7', 'Dmin7', 'Gmaj', 'Cmaj7', 'Cmaj7', 'Dmin7', 'G7', 'Cmaj9', 'Cmaj9', 'Dmin7', 'Dmin7', 'Emin7', 'Emin7', 'Dmin7', 'Dmin7', 'Gmaj', 'Cmaj9', 'Cmaj9', 'Dmin7', 'Dmin7', 'Cmaj7', 'Cmaj7', 'Dmin7', 'G7', 'Cmaj9', 'Cmaj9', 'Dmin7', 'Dmin7', 'Emin7', 'Emin7', 'Dmin7', 'Dmin7', 'Gmaj', 'Cmaj9', 'Cmaj9', 'Dmin7', 'Dmin7', 'Emin7', 'Emin7', 'Dmin7', 'Dmin7', 'Gmaj']"
0985,"['Ab', 'Ab', 'Cb', 'Db', 'Ab', 'Ab', 'Abmin7', 'Abmin7', 'Abmin7', 'Abmin7', 'Abmin7', 'Abmin7', 'Abmin7', 'Abmin7', 'Ebmin7', 'E7', 'F', 'Db7', 'Abmin7', 'Abmin7', 'Abmin7', 'Abmin7', 'Abmin7', 'Abmin7', 'Abmin7', 'Abmin7', 'Abmin7', 'Abmin7', 'Ab', 'Ab', 'Cb', 'Db', 'Ab', 'Ab', 'Ab', 'Ab', 'Cb', 'Db', 'Ab', 'Ab', 'Abmin7', 'Db7', 'Gbmaj', 'Db7', 'Ab7', 'Abmin7', 'Db7', 'Gbmaj', 'Db7', 'Ab7', 'Abmin7', 'Db7', 'Gbmaj', 'Db7', 'Ab7', 'Abmin7', 'Db7', 'Gbmaj', 'Db7', 'Ab7', 'Abmin7', 'Db7', 'Gbmaj', 'Db7', 'Ab7', 'Abmin7', 'Db7', 'Gbmaj', 'Db7', 'Ab7', 'Abmin7', 'Db7', 'Gbmaj', 'Db7', 'Ab7', 'Abmin7', 'Db7']"
0986,"['Emaj', 'C#min7', 'F#min9', 'B', 'Emaj', 'C#min7', 'F#min9', 'B', 'Emaj', 'C#min7', 'F#min9', 'B', 'Emaj', 'C#min7', 'F#min9', 'B', 'Emaj', 'C#min7', 'F#min9', 'B', 'Emaj', 'C#min7', 'F#min9', 'B', 'Emaj', 'C#min7', 'F#min9', 'B', 'Dmaj', 'Emaj', 'Gb', 'Gbmaj', 'Ebmin7', 'Abmin7', 'Db7', 'Gbmaj', 'Ebmin7', 'Abmin7', 'Db7', 'Gbmaj', 'Ebmin7', 'Abmin7', 'Db7', 'F#min7', 'F#min7', 'Bsus4', 'Bsus4', 'Emaj', 'C#min7', 'F#min9', 'B', 'Emaj', 'C#min7', 'F#min9', 'B', 'Emaj', 'C#min7', 'F#min9', 'B', 'Emaj', 'C#min7', 'F#min9', 'B', 'Dmaj', 'Emaj', 'Gb', 'Gbmaj', 'Ebmin7', 'Abmin7', 'Db7', 'Gbmaj', 'Ebmin7', 'Abmin7', 'Db7', 'Gbmaj', 'Ebmin7', 'Abmin7', 'Db7', 'F#min7', 'F#min7', 'Bsus4', 'Bsus4', 'F#min7', 'F#min7', 'Bsus4', 'Bsus4', 'Emaj', 'C#min7', 'F#min9', 'B', 'Emaj', 'C#min7', 'F#min9', 'B', 'Emaj', 'C#min7', 'F#min9', 'B', 'Dmaj', 'Emaj', 'Gb', 'Gbmaj', 'Ebmin7', 'Abmin7', 'Db7', 'Gbmaj', 'Ebmin7', 'Abmin7', 'Db7', 'Gbmaj', 'Ebmin7', 'Abmin7', 'Db7', 'Gbmaj', 'Ebmin7', 'Abmin7', 'Db7', 'Gbmaj', 'Ebmin7', 'Abmin7', 'Db7', 'Gbmaj', 'Ebmin7', 'Abmin7', 'Db7']"
0987,"['Bmaj', 'Bmaj', 'Bmaj', 'Bmaj', 'Bmaj', 'Bmaj', 'Bmaj', 'Bmaj', 'Bmaj', 'Emaj', 'Bmaj', 'Emaj', 'Emaj', 'Bmaj', 'Bmaj', 'Emaj', 'Bmaj', 'Emaj', 'Emaj', 'Bmaj', 'Bmaj', 'Emaj', 'Bmaj', 'Emaj', 'Emaj', 'Bmaj', 'Bmaj', 'Emaj', 'Bmaj', 'Emaj', 'Emaj', 'Bmaj', 'Emaj', 'Bmaj', 'F#maj', 'Bmaj', 'Emaj', 'Bmaj', 'F#maj', 'Bmaj', 'Emaj', 'Bmaj', 'F#maj', 'Bmaj', 'Emaj', 'Bmaj', 'F#maj', 'Bmaj', 'Bmaj', 'Bmaj', 'Bmaj', 'Bmaj', 'Emaj', 'Bmaj', 'Emaj', 'Emaj', 'Bmaj', 'Bmaj', 'Emaj', 'Bmaj', 'Emaj', 'Emaj', 'Bmaj', 'F#maj', 'Bmaj', 'F#maj', 'Bmaj', 'Emaj', 'Bmaj', 'F#maj', 'Bmaj', 'Emaj', 'Bmaj', 'F#maj', 'Bmaj', 'Emaj', 'Bmaj', 'F#maj', 'Bmaj', 'B7', 'B7', 'B7', 'B7', 'Cmaj', 'Gmaj', 'Cmaj', 'Fmaj', 'Cmaj', 'Gmaj', 'Cmaj', 'Fmaj', 'Cmaj', 'Gmaj', 'Cmaj', 'Fmaj', 'Cmaj', 'Gmaj', 'Cmaj', 'Gmaj', 'Cmaj', 'Gmaj', 'Cmaj', 'Fmaj', 'Cmaj', 'Gmaj', 'Cmaj', 'Fmaj', 'Cmaj', 'Gmaj', 'Cmaj', 'Fmaj', 'Cmaj', 'Gmaj', 'Cmaj', 'Gmaj', 'Cmaj', 'Gmaj', 'Cmaj', 'Fmaj', 'Cmaj', 'Gmaj', 'Cmaj', 'Fmaj', 'Cmaj', 'Gmaj', 'Cmaj', 'Fmaj', 'Cmaj', 'Gmaj', 'Cmaj', 'Gmaj', 'Cmaj', 'Gmaj', 'Cmaj', 'Fmaj', 'Cmaj', 'Gmaj', 'Cmaj', 'Fmaj', 'Cmaj', 'Gmaj', 'Cmaj', 'Fmaj', 'Cmaj', 'Gmaj', 'Cmaj']"
0988,"['Amaj', 'Emaj', 'Asus2', 'D', 'Dmin9', 'Amaj', 'D', 'E7', 'Amaj', 'Emaj', 'Asus2', 'D', 'Dmin9', 'Amaj', 'D', 'E7', 'Amaj', 'Emaj', 'Asus2', 'D', 'Dmin9', 'Amaj', 'D', 'E7', 'F#min', 'F#min', 'F#min', 'D', 'C#', 'F#7', 'Bmin7', 'E7', 'Amaj', 'Emaj', 'Asus2', 'D', 'Dmin9', 'Amaj', 'D', 'E7', 'Amaj', 'Emaj', 'Asus2', 'D', 'Dmin9', 'Amaj', 'D', 'E7', 'F#min', 'F#min', 'F#min', 'D', 'C#', 'F#7', 'Bmin7', 'E7', 'Amaj', 'Dmaj', 'Dmin', 'Amaj']"
0990,"['Fmaj', 'Fmaj', 'Gmaj', 'Dmin7', 'Fmaj', 'Fmaj', 'Gmaj', 'Dmin7', 'Fmaj', 'Fmaj', 'Cmaj', 'Bbmaj', 'Cmaj', 'Bbmaj', 'Cmaj', 'Bbmaj', 'Bbmaj', 'Dmaj', 'Dmaj', 'Gmaj', 'Dmin7', 'Fmaj', 'Fmaj', 'Gmaj', 'Dmin7', 'Fmaj', 'Fmaj', 'Cmaj', 'Bbmaj', 'Cmaj', 'Bbmaj', 'Cmaj', 'Bbmaj', 'Bbmaj', 'Dmaj', 'Dmaj', 'Gmaj', 'Fmaj', 'Gmaj', 'Fmaj', 'Gmaj', 'Fmaj', 'Gmaj', 'Fmaj', 'Gmaj', 'Fmaj', 'Gmaj', 'Fmaj', 'Gmaj', 'Fmaj', 'Bbmaj', 'Dmaj', 'Dmaj', 'Gmaj', 'Dmin7', 'Fmaj', 'Fmaj', 'Gmaj']"
0991,"['Ab', 'Abmaj', 'Abmaj', 'Dbmaj', 'Abmaj', 'Abmaj', 'Dbmaj', 'Abmaj', 'Abmaj', 'Dbmaj', 'Abmaj', 'Abmaj', 'Dbmaj', 'Abmaj', 'Abmaj', 'Abmaj', 'Ebmaj', 'Abmaj', 'Gbmaj', 'Dbmaj', 'Abmaj', 'Abmaj', 'Abmaj', 'Abmaj', 'Dbmaj', 'Abmaj', 'Dbmaj', 'Abmaj', 'Abmaj', 'Dbmaj', 'Abmaj', 'Dbmaj', 'Abmaj', 'Abmaj', 'Abmaj', 'Abmaj', 'Ebmaj', 'Abmaj', 'Gbmaj', 'Dbmaj', 'Abmaj', 'Abmaj', 'Abmaj', 'Abmaj', 'Dbmaj', 'Abmaj', 'Dbmaj', 'Abmaj', 'Ebmaj', 'Ebmaj', 'Fmin', 'Dbmaj', 'Ebmaj', 'Ebmaj', 'Gbmaj', 'Ebmaj', 'Abmaj', 'Abmaj', 'Dbmaj', 'Abmaj', 'Abmaj', 'Dbmaj', 'Abmaj', 'Abmaj', 'Dbmaj', 'Abmaj', 'Abmaj', 'Dbmaj', 'Abmaj', 'Abmaj', 'Abmaj', 'Ebmaj', 'Abmaj', 'Gbmaj', 'Dbmaj', 'Abmaj', 'Abmaj', 'Abmaj', 'Abmaj', 'Dbmaj', 'Abmaj', 'Dbmaj', 'Abmaj', 'Ebmaj', 'Ebmaj', 'Fmin', 'Dbmaj', 'Ebmaj', 'Ebmaj', 'Gbmaj', 'Ebmaj', 'Abmaj', 'Abmaj', 'Dbmaj', 'Abmaj', 'Abmaj', 'Dbmaj', 'Abmaj', 'Abmaj', 'Abmaj', 'Ebmaj', 'Abmaj', 'Gbmaj', 'Dbmaj', 'Abmaj', 'Abmaj', 'Abmaj', 'Abmaj', 'Dbmaj', 'Abmaj', 'Dbmaj', 'Abmaj', 'Ebmaj', 'Ebmaj', 'Fmin', 'Dbmaj', 'Ebmaj', 'Ebmaj', 'Gbmaj', 'Ebmaj', 'Abmaj', 'Abmaj', 'Dbmaj', 'Abmaj', 'Abmaj', 'Dbmaj', 'Abmaj', 'Gbmaj', 'Dbmaj', 'Abmaj', 'Gbmaj', 'Dbmaj', 'Abmaj', 'Gbmaj', 'Dbmaj', 'Abmaj', 'Gbmaj', 'Dbmaj', 'Abmaj', 'Gbmaj', 'Dbmaj', 'Abmaj', 'Gbmaj', 'Dbmaj', 'Abmaj', 'Gbmaj', 'Dbmaj', 'Abmaj', 'Gbmaj', 'Dbmaj', 'Abmaj', 'Gbmaj', 'Dbmaj', 'Abmaj', 'Gbmaj', 'Dbmaj', 'Abmaj', 'Gbmaj', 'Dbmaj', 'Abmaj', 'Gbmaj', 'Dbmaj', 'Abmaj', 'Gbmaj', 'Dbmaj', 'Abmaj', 'Gbmaj', 'Dbmaj']"
0992,"['Abmaj', 'Fmin', 'Dbmaj', 'Ebmaj', 'Ebmaj', 'Dbmaj', 'Dbmaj', 'Abmaj', 'Abmaj', 'Ebmaj', 'Abmaj', 'Fmin', 'Dbmaj', 'Ebmaj', 'Ebmaj', 'Dbmaj', 'Dbmaj', 'Ebmaj', 'Ebmaj', 'Abmaj', 'Fmin', 'Dbmaj', 'Ebmaj', 'Ebmaj', 'Dbmaj', 'Dbmaj', 'Ebmaj', 'Ebmaj', 'Fmin', 'Bbmin', 'Ebmaj', 'Ebmaj', 'Fmin', 'Bbmin', 'Dbmaj7', 'Dbmaj7', 'Abmaj', 'Fmin', 'Dbmaj', 'Ebmaj', 'Ebmaj', 'Dbmaj', 'Dbmaj', 'Abmaj', 'Abmaj', 'Ebmaj', 'Abmaj', 'Fmin', 'Dbmaj', 'Ebmaj', 'Ebmaj', 'Dbmaj', 'Ebmaj', 'Abmaj', 'Fmin', 'Dbmaj', 'Ebmaj', 'Abmaj', 'Fmin', 'Dbmaj', 'Ebmaj', 'Ebmaj', 'Abmaj', 'Fmin', 'Dbmaj', 'Ebmaj', 'Ebmaj', 'Dbmaj', 'Dbmaj', 'Ebmaj', 'Ebmaj', 'Abmaj', 'Fmin', 'Dbmaj', 'Ebmaj', 'Ebmaj', 'Dbmaj', 'Dbmaj', 'Ebmaj', 'Ebmaj', 'Fmin', 'Bbmin', 'Ebmaj', 'Ebmaj', 'Fmin', 'Bbmin', 'Dbmaj7', 'Abmaj', 'Abmaj', 'Fmin', 'Dbmaj', 'Ebmaj', 'Ebmaj', 'Dbmaj', 'Dbmaj', 'Abmaj', 'Abmaj', 'Abmaj', 'Fmin', 'Dbmaj', 'Ebmaj', 'Ebmaj', 'Dbmaj', 'Ebmaj', 'Fmin', 'Abmaj', 'Fmin', 'Dbmaj', 'Ebmaj', 'Ebmaj', 'Dbmaj', 'Dbmaj', 'Abmaj', 'Abmaj', 'Abmaj', 'Fmin', 'Dbmaj', 'Ebmaj', 'Ebmaj', 'Dbmaj', 'Dbmaj', 'Abmaj', 'Abmaj', 'Ebmaj', 'Abmaj']"
0993,"['Ebmaj', 'Dbmaj', 'Eb7', 'Abmaj', 'Ab7', 'Bbmin', 'Ab7', 'Dbmaj', 'Dbmaj', 'Cmin', 'Bbmin', 'Abmaj', 'Eb7', 'Abmaj', 'Abmaj', 'Abmaj', 'Dbmaj', 'Abmaj', 'Abmaj', 'Abmaj', 'Eb7', 'Abmaj', 'Abmaj', 'Abmaj', 'Dbmaj', 'Abmaj', 'Abmaj', 'Abmaj', 'Eb7', 'Abmaj', 'Abmaj', 'Abmaj', 'Eb7', 'Abmaj', 'Ab7', 'Dbmaj', 'Eb7', 'Abmaj', 'Abmaj', 'Abmaj', 'Ab7', 'Bbmin', 'Ab7', 'Dbmaj', 'Dbmaj', 'Cmin', 'Bbmin', 'Abmaj', 'Eb7', 'Abmaj', 'Abmaj', 'Abmaj', 'Dbmaj', 'Abmaj', 'Abmaj', 'Abmaj', 'Eb7', 'Abmaj', 'Abmaj', 'Abmaj', 'Dbmaj', 'Abmaj', 'Abmaj', 'Abmaj', 'Eb7', 'Abmaj', 'Abmaj', 'Abmaj', 'Eb7', 'Abmaj', 'Ab7', 'Dbmaj', 'Eb7', 'Abmaj', 'Abmaj', 'Abmaj', 'Ab7', 'Bbmin', 'Ab7', 'Dbmaj', 'Dbmaj', 'Cmin', 'Bbmin', 'Abmaj', 'Eb7', 'Abmaj', 'Abmaj', 'Abmaj', 'Ab7', 'Bbmin', 'Ab7', 'Dbmaj', 'Dbmaj', 'Cmin', 'Bbmin', 'Abmaj', 'Eb7', 'Dbmaj', 'Abmaj']"
0995,"['Amaj', 'Amaj', 'Amaj', 'Amaj', 'Amaj', 'Emaj', 'Amaj', 'Emaj', 'Amaj', 'Emaj', 'Amaj', 'Emaj', 'Amaj', 'Emaj', 'Amaj', 'Emaj', 'Dmaj', 'Amaj', 'Dmaj', 'Amaj', 'Dmaj', 'Amaj', 'Dmaj', 'Amaj', 'Dmaj', 'Amaj', 'Dmaj', 'Amaj', 'Amaj', 'Emaj', 'Amaj', 'Emaj', 'Amaj', 'Emaj', 'Dmaj', 'Amaj', 'Dmaj', 'Amaj', 'Dmaj', 'Amaj', 'F#min', 'Bmaj', 'Emaj', 'Amaj9', 'Dmaj', 'Emaj', 'Dmaj', 'Amaj', 'Dmaj', 'Amaj', 'Dmaj', 'Amaj', 'Emaj', 'Emaj', 'Amaj', 'Amaj', 'Emaj', 'Gmaj', 'Dmaj', 'Emaj', 'Dmaj', 'Amaj', 'Dmaj', 'Amaj', 'Dmaj', 'Amaj', 'Amaj', 'Emaj', 'Amaj', 'Emaj', 'Amaj', 'Emaj', 'Dmaj', 'Amaj', 'Dmaj', 'Amaj', 'Dmaj', 'Amaj', 'F#min', 'Bmaj', 'Emaj', 'Amaj9', 'Dmaj', 'Emaj', 'Dmaj', 'Amaj', 'Dmaj', 'Amaj', 'Dmaj', 'Amaj', 'Amaj', 'Emaj', 'Amaj', 'Emaj', 'Amaj', 'Emaj', 'Amaj', 'Emaj', 'Amaj', 'Emaj', 'Amaj', 'Emaj', 'Dmaj', 'Amaj', 'Dmaj', 'Amaj', 'Dmaj', 'Amaj', 'Dmaj', 'Amaj', 'Dmaj', 'Amaj', 'Dmaj', 'Amaj', 'Amaj', 'Emaj', 'Amaj', 'Emaj', 'Amaj', 'Emaj', 'Dmaj', 'Amaj', 'Dmaj', 'Amaj', 'Dmaj', 'Amaj', 'F#min', 'Bmaj', 'Emaj', 'Amaj9', 'Dmaj', 'Emaj', 'Dmaj', 'Amaj', 'Dmaj', 'Amaj', 'Dmaj', 'Amaj', 'Amaj', 'Emaj', 'Amaj', 'Emaj', 'Amaj', 'Emaj', 'Dmaj', 'Amaj', 'Dmaj', 'Amaj', 'Dmaj', 'Amaj', 'F#min', 'Bmaj', 'Emaj', 'Amaj9', 'Dmaj', 'Emaj', 'Dmaj', 'Amaj', 'Dmaj', 'Amaj', 'Dmaj', 'Amaj', 'Amaj', 'Emaj', 'Amaj', 'Emaj', 'Amaj', 'Emaj', 'Dmaj', 'Amaj', 'Dmaj', 'Amaj', 'Dmaj', 'Amaj', 'Amaj', 'Emaj', 'Amaj', 'Emaj', 'Amaj', 'Emaj', 'Dmaj', 'Amaj', 'Dmaj', 'Amaj', 'Dmaj', 'Amaj', 'Amaj', 'Emaj', 'Amaj', 'Emaj', 'Amaj', 'Emaj', 'Dmaj', 'Amaj', 'Dmaj', 'Amaj', 'Dmaj', 'Amaj']"
0996,"['Ab7', 'Ab7', 'Ab7', 'Ab7', 'Ab7', 'Ab7', 'Ab7', 'Ab7', 'Ab7', 'Ab7', 'Ab7', 'Ab7', 'Ab7', 'Ab7', 'Ab7', 'Ab7', 'Ab7', 'Ab7', 'Ab7', 'Ab7', 'Ab7', 'Ab7', 'Ab7', 'Ab7', 'Ab7', 'Ab7', 'Ab7', 'Ab7', 'Ab7', 'Ab7', 'Ab7', 'Ab7', 'Ab7', 'Ab7', 'Ab7', 'Ab7', 'Ab7', 'Ab7', 'Ab7', 'Ab7', 'Ab7', 'Ab7', 'Ab7', 'Ab7', 'Ab7', 'Ab7', 'Ab7', 'Ab7', 'Ab7', 'Ab7', 'Ab7', 'Ab7', 'Ab7', 'Ab7', 'Ab7', 'Ab7', 'Ab7', 'Ab7', 'Ab7', 'Ab7', 'Ab7', 'Ab7', 'Ab7', 'Ab7', 'Ab7', 'Ab7', 'Ab7', 'Ab7', 'Ab7', 'Ab7', 'Ab7', 'Ab7', 'Ab7', 'Ab7', 'Ab7', 'Ab7', 'Ab7', 'Ab7', 'Ab7', 'Ab7']"
0999,"['A5', 'A5', 'Emaj', 'Fmaj7', 'Cmaj', 'Cmaj', 'Bbmaj', 'Amin7', 'A5', 'A5', 'Emaj', 'Fmaj', 'Dmaj', 'Dmaj', 'Bmaj', 'Emaj', 'A5', 'A5', 'Emaj', 'Fmaj7', 'Cmaj', 'Cmaj', 'Bbmaj', 'Amin7', 'A5', 'A5', 'Emaj', 'Fmaj', 'Dmaj', 'Dmaj', 'Bmaj', 'Emaj', 'A5', 'A5', 'Emaj', 'Fmaj7', 'Cmaj', 'Cmaj', 'Bbmaj', 'Amin7', 'A5', 'A5', 'Emaj', 'Fmaj', 'Dmaj', 'Dmaj', 'Bmaj', 'Emaj', 'A5', 'A5', 'Emaj', 'Fmaj7', 'Cmaj', 'Cmaj', 'Bbmaj', 'Amin7', 'A5', 'A5', 'Emaj', 'Fmaj', 'Dmaj', 'Dmaj', 'Bmaj', 'Emaj', 'Amin', 'Cmaj', 'Dmaj', 'Dmaj', 'Dmin', 'Fmaj', 'Gmaj', 'Gmaj', 'Emin7', 'Amin7', 'Emin7', 'Fmaj', 'Cmaj', 'Dmin', 'Amin7', 'Bmaj', 'Emaj', 'Amin7', 'Emin7', 'Fmaj', 'Cmaj', 'Dmin', 'Amin7', 'Bmaj', 'Emaj', 'Amaj', 'Bbmaj', 'Cmaj', 'Dmin', 'Emin', 'Fmaj', 'Gmaj', 'Amaj', 'Amaj', 'A5', 'A5', 'Emaj', 'Fmaj7', 'Cmaj', 'Cmaj', 'Bbmaj', 'Amin7', 'A5', 'A5', 'Emaj', 'Fmaj', 'Dmaj', 'Dmaj', 'Bmaj', 'Emaj', 'A5', 'A5', 'Emaj', 'Fmaj7', 'Cmaj', 'Cmaj', 'Bbmaj', 'Amin7', 'A5', 'A5', 'Emaj', 'Fmaj', 'Dmaj', 'Dmaj', 'Bmaj', 'Emaj', 'Amin', 'Cmaj', 'Dmaj', 'Dmaj', 'Dmin', 'Fmaj', 'Gmaj', 'Gmaj', 'Emin7', 'Amin', 'A5', 'A5', 'Emaj', 'Fmaj7', 'Cmaj', 'Cmaj', 'Bbmaj', 'Amin7', 'A5', 'A5', 'Emaj', 'Fmaj', 'Dmaj', 'Dmaj', 'Bmaj', 'Emaj', 'A5', 'A5', 'Emaj', 'Fmaj7', 'Cmaj', 'Cmaj', 'Bbmaj', 'Amin7', 'A5', 'A5', 'Emaj', 'Fmaj', 'Dmaj', 'Dmaj', 'Bmaj', 'Emaj', 'Amin', 'Cmaj', 'Dmaj', 'Dmaj', 'Dmin', 'Fmaj', 'Gmaj', 'Gmaj', 'Emin7', 'Amin7', 'Emin7', 'Fmaj', 'Cmaj', 'Dmin', 'Amin7', 'Bmaj', 'Emaj', 'Amin7', 'Emin7', 'Fmaj', 'Cmaj', 'Dmin', 'Amin7', 'Bmaj', 'Emaj', 'Amaj', 'Bbmaj', 'Cmaj', 'Dmin', 'Emin', 'Fmaj', 'Gmaj', 'Amaj', 'Amaj', 'A5', 'A5', 'Emaj', 'Fmaj7', 'Cmaj', 'Cmaj', 'Bbmaj', 'Amin7', 'A5', 'A5', 'Emaj', 'Fmaj', 'Dmaj', 'Dmaj', 'Bmaj', 'Emaj', 'A5', 'A5', 'Emaj', 'Fmaj7', 'Cmaj', 'Cmaj', 'Bbmaj', 'Amin7', 'A5', 'A5', 'Emaj', 'Fmaj', 'Dmaj', 'Dmaj', 'Bmaj', 'Emaj', 'Amin', 'Cmaj', 'Dmaj', 'Dmaj', 'Dmin', 'Fmaj', 'Gmaj', 'Gmaj', 'Emin7', 'Amin']"
1002,"['Cmaj', 'Cmaj', 'Bbmaj', 'Fmaj', 'Cmaj', 'Cmaj', 'Bbmaj', 'Fmaj', 'Cmaj', 'Cmaj', 'Bbmaj', 'Fmaj', 'Cmaj', 'Cmaj', 'Bbmaj', 'Fmaj', 'Cmaj', 'Cmaj', 'Bbmaj', 'Fmaj', 'Cmaj', 'Cmaj', 'Bbmaj', 'Fmaj', 'Cmaj', 'Cmaj', 'Bbmaj', 'Fmaj', 'Cmaj', 'Cmaj', 'Bbmaj', 'Fmaj', 'Gmaj', 'Gmaj', 'Fmaj', 'Fmaj', 'Gmaj', 'Abmaj', 'Amaj', 'Abmaj', 'Gmaj', 'Abmaj', 'Bbmaj', 'Bmaj', 'Cmaj', 'Cmaj', 'Bbmaj', 'Fmaj', 'Cmaj', 'Cmaj', 'Bbmaj', 'Fmaj', 'Cmaj', 'Cmaj', 'Bbmaj', 'Fmaj', 'Cmaj', 'Cmaj', 'Bbmaj', 'Fmaj', 'Gmaj', 'Gmaj', 'Fmaj', 'Fmaj', 'Gmaj', 'Abmaj', 'Amaj', 'Abmaj', 'Gmaj', 'Abmaj', 'Bbmaj', 'Bmaj', 'Cmaj', 'Cmaj', 'Cmaj', 'Cmaj', 'Gmaj', 'Cmaj', 'Cmaj', 'Bbmaj', 'Fmaj', 'Cmaj', 'Cmaj', 'Bbmaj', 'Fmaj', 'Cmaj', 'Cmaj', 'Bbmaj', 'Fmaj', 'Cmaj', 'Cmaj', 'Bbmaj', 'Fmaj', 'Gmaj', 'Gmaj', 'Fmaj', 'Fmaj', 'Gmaj', 'Abmaj', 'Amaj', 'Abmaj', 'Gmaj', 'Abmaj', 'Bbmaj', 'Bmaj', 'Cmaj', 'Cmaj', 'Cmaj', 'Cmaj', 'Gmaj', 'C7', 'C7', 'C7', 'C7', 'Cmaj', 'Cmaj', 'Bbmaj', 'Fmaj', 'Cmaj', 'Cmaj', 'Bbmaj', 'Fmaj', 'Cmaj', 'Bbmaj', 'Fmaj', 'Cmaj', 'Bbmaj', 'Fmaj', 'Gmaj', 'Gmaj', 'Fmaj', 'Fmaj', 'Gmaj', 'Abmaj', 'Amaj', 'Abmaj', 'Gmaj', 'Abmaj', 'Bbmaj', 'Bmaj', 'Cmaj', 'Cmaj', 'Cmaj', 'Cmaj', 'Gmaj', 'Cmaj', 'Cmaj', 'Bbmaj', 'Fmaj', 'Cmaj', 'Cmaj', 'Bbmaj', 'Fmaj', 'Cmaj', 'Cmaj', 'Bbmaj', 'Fmaj', 'Cmaj', 'Cmaj', 'Bbmaj', 'Fmaj', 'Cmaj', 'Cmaj', 'Bbmaj', 'Fmaj', 'Cmaj', 'Cmaj', 'Bbmaj', 'Fmaj', 'Cmaj', 'Cmaj', 'Bbmaj', 'Fmaj', 'Cmaj', 'Cmaj', 'Bbmaj', 'Fmaj']"
1003,"['Bb', 'G', 'Abmaj', 'Gmin7', 'Abmaj', 'Gmin7', 'Abmaj', 'Gmin7', 'Cmin', 'Abmaj', 'Gmin7', 'Abmaj', 'Csus4', 'C7', 'Abmaj7', 'Gmin7', 'Cmin', 'Fmin7', 'Gmin7', 'Cmin', 'Abmaj7', 'Gmin7', 'Cmin', 'Fmin7', 'Gmin7', 'Cmin', 'Dbmaj7', 'Abmaj', 'Gmin7', 'Abmaj', 'Gmin7', 'Abmaj', 'Csus4', 'C7', 'Abmaj7', 'Gmin7', 'Cmin', 'Fmin7', 'Gmin7', 'Cmin', 'Abmaj7', 'Gmin7', 'Cmin', 'Fmin7', 'Gmin7', 'Cmin', 'Dbmaj7', 'Bbsus4', 'Bb7', 'Gbmaj7', 'Dbmaj7', 'Gbmaj7', 'Fmin7', 'Bbmin', 'Bbsus4', 'Bbsus4', 'Abmaj7', 'Gmin7', 'Cmin', 'Fmin7', 'Gmin7', 'Cmin', 'Abmaj7', 'Gmin7', 'Cmin', 'Fmin7', 'Gmin7', 'Cmin', 'Fmin7', 'Gmin7', 'Cmin', 'Abmaj7', 'Gmin7', 'Cmin', 'Fmin7', 'Gmin7', 'Cmin', 'Abmaj7', 'Gmin7', 'Cmin', 'Fmin7', 'Gmin7', 'Cmin']"
1006,"['Dbmaj', 'Db7', 'Gbmaj', 'Gbmaj', 'Dbmaj', 'Ab7', 'Dbmaj', 'Dbmaj', 'Dbmaj', 'Ab7', 'Dbmaj', 'Dbmaj', 'Dbmaj', 'Dbmaj', 'Ab7', 'Ab7', 'Dbmaj', 'Db7', 'Gbmaj', 'Gbmaj', 'Dbmaj', 'Ab7', 'Dbmaj', 'Dbmaj', 'Dbmaj', 'Ab7', 'Dbmaj', 'Dbmaj', 'Dbmaj', 'Dbmaj', 'Ab7', 'Ab7', 'Dbmaj', 'Db7', 'Gbmaj', 'Gbmaj', 'Dbmaj', 'Ab7', 'Dbmaj', 'Dbmaj', 'Dbmaj', 'Db7', 'Gbmaj', 'Gbmaj', 'Dbmaj', 'Ab7', 'Dbmaj', 'Dbmaj', 'Dbmaj', 'Ab7', 'Dbmaj', 'Dbmaj', 'Dbmaj', 'Dbmaj', 'Ab7', 'Ab7', 'Dbmaj', 'Db7', 'Gbmaj', 'Gbmaj', 'Dbmaj', 'Ab7', 'Dbmaj', 'Dbmaj', 'Dbmaj', 'Ab7', 'Dbmaj', 'Dbmaj', 'Dbmaj', 'Dbmaj', 'Ab7', 'Ab7', 'Dbmaj', 'Db7', 'Gbmaj', 'Gbmaj', 'Dbmaj', 'Ab7', 'Dbmaj', 'Dbmaj']"
1007,"['Cmaj', 'Amin', 'Fmaj', 'Gmaj', 'Cmaj', 'Amin', 'Gmaj', 'Gmaj', 'Cmaj', 'Amin', 'Fmaj', 'Gmaj', 'Cmaj', 'Amin', 'Gmaj', 'Gmaj', 'Cmaj', 'Gmaj', 'Amin', 'Emin', 'Fmaj', 'Gmaj', 'Cmaj', 'C7', 'Fmaj', 'Gmaj', 'Fmaj', 'Ebmaj', 'Fmaj', 'Gmaj', 'Cmaj', 'Fmaj', 'Gmaj', 'Fmaj', 'Ebmaj', 'Fmaj', 'Gmaj', 'Cmaj', 'Cmaj', 'Amin', 'Fmaj', 'Gmaj', 'Cmaj', 'Amin', 'Gmaj', 'Gmaj', 'Cmaj', 'Amin', 'Fmaj', 'Gmaj', 'Cmaj', 'Amin', 'Gmaj', 'Gmaj', 'Cmaj', 'Gmaj', 'Amin', 'Emin', 'Fmaj', 'Gmaj', 'Cmaj', 'Amin', 'Fmaj', 'Fmin', 'Cmaj']"
1009,"['Ebmaj', 'Bbmaj', 'Ebmaj', 'Bbmaj', 'Ebmaj', 'Bbmaj', 'Ebmaj', 'Bbmaj', 'Cmin', 'Gmin', 'Fmin', 'Bbmaj', 'Ebmaj', 'Bbmaj', 'Ebmaj', 'Bbmaj', 'Cmin', 'Gmin', 'Fmin', 'Bbmaj', 'Bbmaj', 'Ebmaj', 'Bbmaj', 'Cmin', 'Gmin', 'Abmaj', 'Bbmaj', 'Ebmaj', 'Bbmaj', 'Cmin', 'Gmin', 'Abmaj', 'Ebmaj', 'Abmaj', 'Abmaj', 'Fmin', 'Bbmaj', 'Ebmaj', 'Bbmaj', 'Ebmaj', 'Bbmaj', 'Ebmaj', 'Bbmaj', 'Ebmaj', 'Bbmaj', 'Cmin', 'Gmin', 'Fmin', 'Bbmaj', 'Ebmaj', 'Bbmaj', 'Ebmaj', 'Bbmaj', 'Cmin', 'Gmin', 'Fmin', 'Bbmaj', 'Bbmaj', 'Ebmaj', 'Bbmaj', 'Cmin', 'Gmin', 'Abmaj', 'Bbmaj', 'Ebmaj', 'Bbmaj', 'Cmin', 'Gmin', 'Abmaj', 'Ebmaj', 'Abmaj', 'Abmaj', 'Fmin', 'Bbmaj', 'Ebmaj', 'Ebmaj', 'Abmaj', 'Bbmaj', 'Ebmaj', 'Eb7', 'Gmaj', 'Cmin', 'Fmin', 'Abmaj', 'Abmin', 'Ebmaj', 'Ebmaj', 'Cmin', 'Abmaj', 'Adim', 'Bbmaj', 'Ebmaj', 'Bbmaj', 'Cmin', 'Gmin', 'Abmaj', 'Bbmaj', 'Ebmaj', 'Bbmaj', 'Cmin', 'Gmin', 'Abmaj', 'Ebmaj', 'Abmaj', 'Abmaj', 'Fmin', 'Bbmaj', 'Ebmaj', 'Abmaj', 'Ebmaj', 'Bbmaj', 'Ebmaj', 'Bbmaj', 'Ebmaj', 'Bbmaj', 'Ebmaj', 'Bbmaj', 'Ebmaj', 'Bbmaj', 'Ebmaj', 'Bbmaj', 'Ebmaj', 'Bbmaj', 'Ebmaj', 'Bbmaj', 'Ebmaj', 'Bbmaj']"
1011,"['Ebmaj', 'Ebmaj', 'Dbmaj', 'Dbmaj', 'Abmaj', 'Abmaj', 'Ebmaj', 'Ebmaj', 'Dbmaj', 'Dbmaj', 'Ebmaj', 'Ebmaj', 'Dbmaj', 'Fmin', 'Abmaj', 'Dbmaj', 'Ebmaj', 'Ebmaj', 'Dbmaj', 'Dbmaj', 'Ebmaj', 'Ebmaj', 'Dbmaj', 'Dbmaj', 'Abmaj', 'Abmaj', 'Cmin', 'Dbmaj', 'Abmaj', 'Fmin', 'Ebmaj', 'Ebmaj', 'Cmin', 'Dbmaj', 'Abmaj', 'Fmin', 'Ebmaj', 'Ebmaj', 'Dbmaj', 'Dbmaj', 'Dbmaj', 'Dbmaj', 'Abmaj', 'Abmaj', 'Ebmaj', 'Ebmaj', 'Dbmaj', 'Dbmaj', 'Ebmaj', 'Ebmaj', 'Dbmaj', 'Fmin', 'Abmaj', 'Dbmaj', 'Ebmaj', 'Ebmaj', 'Dbmaj', 'Dbmaj', 'Ebmaj', 'Ebmaj', 'Dbmaj', 'Dbmaj', 'Abmaj', 'Abmaj', 'Cmin', 'Dbmaj', 'Abmaj', 'Fmin', 'Ebmaj', 'Ebmaj', 'Cmin', 'Dbmaj', 'Abmaj', 'Fmin', 'Ebmaj', 'Ebmaj', 'Dbmaj', 'Dbmaj', 'Dbmaj', 'Dbmaj', 'Fmin', 'Dbmaj', 'Abmaj', 'Cmin', 'Dbmaj', 'Ebmaj', 'Fmin', 'Dbmaj', 'Abmaj', 'Cmin', 'Dbmaj', 'Ebmaj', 'Dbmaj', 'Dbmaj', 'Ebmaj', 'Ebmaj', 'Dbmaj', 'Dbmaj', 'Abmaj', 'Abmaj', 'Cmin', 'Dbmaj', 'Abmaj', 'Fmin', 'Ebmaj', 'Ebmaj', 'Cmin', 'Dbmaj', 'Abmaj', 'Fmin', 'Ebmaj', 'Ebmaj', 'Dbmaj', 'Dbmaj', 'Abmaj', 'Fmin', 'Ebmaj', 'Ebmaj', 'Dbmaj', 'Dbmaj', 'Ebmaj', 'Ebmaj', 'Dbmaj', 'Dbmaj', 'Fmin', 'Dbmaj', 'Abmaj', 'Cmin', 'Dbmaj', 'Ebmaj', 'Fmin', 'Dbmaj', 'Abmaj', 'Cmin', 'Dbmaj', 'Ebmaj']"
1012,"['Gmaj', 'E', 'Gmaj', 'Cmaj', 'Dmaj', 'Gmaj', 'Dmaj', 'Gmaj', 'Gmaj', 'Emin', 'Gmaj', 'Cmaj', 'Gmaj', 'Emin', 'Dmaj', 'Cmaj', 'Emin', 'Emin', 'A7', 'Cmaj', 'Dsus4', 'Dmaj', 'Dsus4', 'Dmaj', 'Gmaj', 'Emin', 'Gmaj', 'Cmaj', 'Gmaj', 'Emin', 'Gmaj', 'Cmaj', 'Gmaj', 'Emin', 'Dmaj', 'Cmaj', 'Emin', 'Emin', 'A7', 'Cmaj', 'Dsus4', 'Dmaj', 'Dsus4', 'Dmaj', 'Gmaj', 'Emin', 'Gmaj', 'Emin', 'Emin', 'A7', 'Cmaj', 'Dsus4', 'Dmaj', 'Dsus4', 'Dmaj', 'Gmaj', 'Emin', 'Gmaj', 'Cmaj', 'Gmaj', 'Emin', 'Gmaj', 'Cmaj', 'Gmaj', 'Emin', 'Dmaj', 'Cmaj', 'Emin', 'Emin', 'A7', 'Cmaj', 'Dsus4', 'Dmaj', 'Dsus4', 'Dmaj', 'Gmaj', 'Emin', 'Gmaj', 'Emin', 'Emin', 'A7', 'Cmaj', 'Dsus4', 'Dmaj', 'Dsus4', 'Dmaj', 'Gmaj', 'Emin', 'Gmaj', 'Cmaj', 'Dmaj', 'Gmaj', 'Dmaj', 'Gmaj', 'Amaj', 'Amaj', 'Amaj', 'Amaj', 'Amaj', 'Amaj', 'F#min', 'F#min', 'Bmaj', 'Dmaj', 'Esus4', 'Emaj', 'Esus4', 'Emaj', 'Amaj', 'F#min', 'Amaj', 'F#min', 'F#min', 'Bmaj', 'Dmaj', 'Esus4', 'Emaj', 'Esus4', 'Emaj', 'Amaj', 'Amaj', 'Amaj', 'Amaj', 'Amaj', 'Amaj', 'Amaj', 'Amaj']"
1013,"['Fmin', 'Cmaj', 'Fmin', 'Cmaj', 'F', 'Cmaj7', 'F', 'Cmaj7', 'F', 'Cmaj9', 'F', 'Bmin7', 'E7', 'Amin7', 'D7', 'G7', 'Amin7', 'D7', 'Bmin7', 'F', 'Cmaj7', 'F', 'Cmaj7', 'F', 'Cmaj9', 'F', 'Bmin7', 'E7', 'Amin7', 'D7', 'Gsus4', 'G7', 'Amin7', 'D7', 'Gsus4', 'G7', 'Amin7', 'D7', 'Gmaj7', 'Csus4', 'Fmaj7', 'Bbsus4', 'Dmin7', 'Emin7', 'Fmaj7', 'Gsus4', 'Csus4', 'Cmaj', 'Emin7', 'Fmaj7', 'Fmaj', 'G#dim', 'Amin7', 'Emin7', 'F#min7', 'B7', 'Baug', 'Emin7', 'Amin7', 'Dmin7', 'G7', 'Fmin', 'Cmaj7', 'F', 'Cmaj7', 'F', 'Cmaj7', 'F', 'Cmaj7', 'F', 'Cmaj9', 'F', 'Bmin7', 'E7', 'Amin7', 'D7', 'Gsus4', 'G7', 'Amin7', 'D7', 'Gsus4', 'G7', 'Amin7', 'D7', 'Gmaj7', 'Csus4', 'Fmaj7', 'Bbsus4', 'Dmin7', 'Emin7', 'Fmaj7', 'Gsus4', 'Csus4', 'Cmaj', 'Emin7', 'Fmaj7', 'Fmaj', 'G#dim', 'Amin7', 'Emin7', 'F#min7', 'B7', 'Baug', 'Emin7', 'Amin7', 'Dmin7', 'G7', 'Csus4', 'Cmaj', 'Emin7', 'Fmaj7', 'Fmaj', 'G#dim', 'Amin7', 'Emin7', 'F#min7', 'B7', 'Baug', 'Emin7', 'Amin7', 'Dmin7', 'G7', 'Fmin', 'Cmaj7', 'F', 'Cmaj7', 'F', 'Fmin', 'Cmaj', 'F', 'Fmin', 'Cmaj', 'F', 'Fmin', 'Cmaj', 'Fmin', 'F', 'Bmin7', 'Emin7', 'Amin7', 'D7', 'Gsus4', 'G7', 'Amin7', 'D7', 'Gsus4', 'G7', 'Amin7', 'D7', 'Gmaj7', 'Csus4', 'Fmaj7', 'Bbsus4', 'Dmin7', 'Emin7', 'Fmaj7', 'Gsus4', 'Csus4', 'Cmaj', 'Emin7', 'Fmaj7', 'Fmaj', 'G#dim', 'Amin7', 'Emin7', 'F#min7', 'B7', 'Baug', 'Emin7', 'Amin7', 'Dmin7', 'G7', 'Csus4', 'Cmaj', 'Emin7', 'Fmaj7', 'Fmaj', 'G#dim', 'Amin7', 'Emin7', 'F#min7', 'B7', 'Baug', 'Emin7', 'Amin7', 'Dmin7', 'G7', 'Csus4', 'Cmaj', 'Emin7', 'Fmaj7', 'Fmaj', 'G#dim', 'Amin7', 'Emin7']"
1014,"['E', 'E', 'E', 'E', 'E', 'E', 'E', 'E', 'E', 'E', 'E', 'E', 'E', 'E', 'E', 'E', 'E', 'E', 'E', 'E', 'E', 'E', 'E', 'E', 'E7', 'E7', 'E7', 'E7', 'G', 'G', 'G', 'G', 'G', 'Bb', 'B7', 'B7', 'E', 'E', 'E', 'E', 'E', 'E', 'E', 'E', 'E', 'E', 'E', 'E', 'E', 'E', 'E', 'E', 'E', 'E', 'E', 'E', 'E', 'E', 'E', 'E', 'E', 'E', 'E', 'E', 'E7', 'E7', 'E7', 'E7', 'G', 'G', 'G', 'G', 'G', 'Bb', 'B7', 'B7', 'E', 'E', 'E', 'E', 'G', 'G', 'G', 'G', 'G', 'G', 'G', 'G']"
1016,"['Cmin7', 'Fmaj', 'Bbmaj', 'Gmin', 'Cmaj', 'Cmaj', 'Fmaj', 'Bbmaj', 'Gmin', 'Cmaj', 'Cmaj', 'Gmin', 'Fmaj7', 'Cmin7', 'Fmaj', 'Bbmaj', 'Gmin', 'Cmaj', 'Cmaj', 'Fmaj', 'Bbmaj', 'Gmin', 'Cmaj', 'Cmaj', 'Gmin', 'Fmaj7', 'Cmin7', 'Fmaj', 'Bbmaj', 'Gmin', 'Cmaj', 'Cmaj', 'Fmaj', 'Bbmaj', 'Gmin', 'Cmaj', 'Cmaj', 'Gmin', 'Fmaj7', 'Bbmaj7', 'Bbmaj7', 'Cmaj', 'Cmaj', 'Bbmaj7', 'Bbmaj7', 'Cmaj', 'Gmin', 'Gmin', 'Cmin7', 'Fmaj', 'Bbmaj', 'Gmin', 'Cmaj', 'Cmaj', 'Fmaj', 'Bbmaj', 'Gmin', 'Cmaj', 'Cmaj', 'Fmaj', 'Bbmaj', 'Gmin', 'Cmaj', 'Cmaj', 'Fmaj', 'Bbmaj', 'Gmin', 'Cmaj', 'Cmaj']"
1018,"['Dmaj', 'Bmaj', 'Amaj', 'Gmaj', 'Emaj', 'Amaj', 'Emaj', 'Amaj', 'Emaj', 'Amaj', 'Emaj', 'Amaj', 'Emaj', 'Amaj', 'Emaj', 'Amaj', 'Emaj', 'Amaj', 'Emaj', 'Amaj', 'Emaj', 'Amaj', 'Emaj', 'Amaj', 'B7', 'A7', 'B7', 'A7', 'Emaj', 'Amaj', 'Emaj', 'Amaj', 'Emaj', 'Amaj', 'Dmaj', 'Bmaj', 'Emaj', 'Amaj', 'Emaj', 'Amaj', 'Emaj', 'Amaj', 'Emaj', 'Amaj', 'Emaj', 'Amaj', 'Emaj', 'Amaj', 'Emaj', 'Amaj', 'Emaj', 'Amaj', 'B7', 'A7', 'B7', 'A7', 'Emaj', 'Amaj', 'Emaj', 'Amaj', 'Emaj', 'Amaj', 'Dmaj', 'Bmaj', 'Emaj', 'Amaj', 'Emaj', 'Amaj', 'Emaj', 'Dmaj', 'Bmaj', 'Emaj', 'Amaj', 'Emaj', 'Amaj', 'Emaj', 'Amaj', 'Bmaj', 'Emaj', 'Amaj', 'Emaj', 'Amaj', 'Emaj', 'Amaj', 'Emaj', 'Amaj', 'Emaj', 'Amaj', 'Emaj', 'Amaj', 'Emaj', 'Amaj', 'Emaj', 'Amaj', 'Emaj', 'Amaj', 'Emaj', 'Amaj', 'Emaj', 'Amaj', 'Emaj', 'Amaj', 'Emaj', 'Amaj', 'Emaj', 'Amaj', 'Emaj', 'Amaj', 'Emaj', 'Amaj', 'Emaj', 'Amaj', 'Emaj', 'Amaj', 'Emaj', 'Amaj', 'Emaj', 'Amaj']"
1019,"['D5', 'D5', 'D5', 'D5', 'Dmaj', 'Bmin7', 'Amaj', 'Amaj', 'Gmaj', 'Dmaj', 'Emin7', 'Asus4', 'Asus4', 'Dmaj', 'F#', 'G', 'Dmaj', 'G', 'Dmaj', 'Emin7', 'Asus4', 'A7', 'Dmaj', 'F#', 'G', 'Dmaj', 'Gmaj', 'Dmaj', 'Emin7', 'C', 'Bmin9', 'A', 'A', 'Dmaj', 'Amaj', 'Dmaj', 'G', 'Emin7', 'Dmaj', 'Amaj', 'Dmaj', 'G', 'Emin7', 'C', 'Bmin7', 'A', 'Amaj', 'Dmaj', 'F#', 'G', 'Dmaj', 'Gmaj', 'Dmaj', 'Emin', 'Asus4', 'A7', 'Dmaj', 'F#', 'G', 'Dmaj', 'Gmaj', 'Dmaj', 'Emin7', 'C', 'Bmin9', 'A', 'A7', 'Dmaj', 'Amaj', 'Dmaj', 'G', 'Emin7', 'Dmaj', 'Amaj', 'Dmaj', 'G', 'Emin7', 'C', 'Bmin7', 'A', 'Amaj', 'Gmaj', 'Bmin7', 'F#', 'Gmaj', 'C', 'B', 'A', 'Amaj', 'Dmaj', 'F#', 'G', 'Dmaj', 'Gmaj', 'Dmaj', 'Emin', 'Asus4', 'A7', 'Dmaj', 'F#', 'G', 'Dmaj', 'Gmaj', 'Dmaj', 'Emin', 'Asus4', 'A7', 'Dmaj', 'F#', 'G', 'Dmaj', 'Gmaj', 'Dmaj', 'Emin', 'Asus4', 'A7', 'Dmaj', 'Amaj', 'Dmaj', 'G', 'Emin7', 'Dmaj', 'Amaj', 'Dmaj', 'G', 'Emin7', 'C', 'Bmin7', 'A', 'Amaj', 'Dmaj', 'Amaj', 'Dmaj', 'G', 'Emin7', 'Dmaj', 'Amaj', 'Dmaj', 'G', 'Emin7', 'C', 'Bmin7', 'A', 'Amaj', 'Dmaj', 'Amaj', 'Dmaj', 'G', 'Emin7', 'Dmaj', 'Amaj', 'Dmaj', 'G', 'Emin7', 'C', 'Bmin7', 'A', 'Amaj']"
1020,"['A', 'F#min', 'A', 'F#min', 'A', 'F#min', 'A', 'F#min', 'A', 'F#min', 'A', 'A', 'Amaj', 'Dmaj9', 'Dmaj9', 'A', 'A', 'Dmaj9', 'Dmaj9', 'A', 'A', 'A', 'F#min7', 'B7', 'A', 'F#min7', 'B7', 'A', 'F#min7', 'Gmaj7', 'A', 'A', 'F#min', 'A', 'F#min', 'A', 'F#min', 'A', 'A', 'A', 'A', 'A', 'Dmaj9', 'Dmaj9', 'A', 'A', 'Dmaj9', 'Dmaj9', 'A', 'A', 'A', 'F#min7', 'B7', 'A', 'F#min7', 'B7', 'A', 'F#min7', 'Gmaj7', 'A', 'A', 'F#min', 'A', 'F#min', 'A', 'F#min', 'A', 'F#min', 'A', 'F#min', 'A', 'F#min']"
1021,"['E7', 'E7', 'E7', 'E7', 'E7', 'E7', 'E7', 'E7', 'E7', 'E7', 'E7', 'E7', 'E7', 'E7', 'E7', 'E7', 'E7', 'E7', 'Gmaj', 'Fmaj', 'Bmaj', 'Emaj', 'E7', 'E7', 'E7', 'E7', 'E7', 'E7', 'E7', 'E7', 'E7', 'E7', 'Gmaj', 'Fmaj', 'Bmaj', 'Emaj', 'E7', 'E7', 'E7', 'E7', 'E7', 'E7', 'E7', 'E7', 'E7', 'E7', 'E7', 'E7', 'E7', 'E7', 'E7', 'E7', 'E7', 'E7', 'E7', 'E7', 'E7', 'E7', 'E7', 'E7', 'E7', 'E7', 'E7', 'E7', 'E7', 'E7', 'E7', 'E7', 'E7', 'E7', 'E7', 'E7']"
1022,"['Bbsus4', 'Bbsus4', 'Bbmaj', 'Bbmaj', 'Bbsus4', 'Bbsus4', 'Bbmaj', 'Bbmaj', 'Bmaj', 'F#maj', 'Emaj', 'Bmaj', 'Bmaj', 'F#maj', 'Emaj', 'Bmaj', 'Emaj', 'F#maj', 'Bmaj', 'Bmaj', 'Emaj', 'F#maj', 'Bmaj', 'Bmaj', 'Bmaj', 'G#min7', 'F#maj', 'Emaj', 'Bmaj', 'G#min7', 'F#maj', 'Emaj', 'Emaj', 'Emaj', 'Emaj', 'Bsus4', 'Bsus4', 'Bmaj', 'Bmaj', 'Bsus4', 'Bsus4', 'Bmaj', 'Bmaj', 'Bmaj', 'F#maj', 'Emaj', 'Bmaj', 'Bmaj', 'F#maj', 'Emaj', 'Bmaj', 'Emaj', 'F#maj', 'Bmaj', 'Bmaj', 'Emaj', 'F#maj', 'Bmaj', 'Bmaj', 'Bmaj', 'G#min7', 'F#maj', 'Emaj', 'Bmaj', 'G#min7', 'F#maj', 'Emaj', 'Emaj', 'Emaj', 'Emaj', 'Bsus4', 'Bsus4', 'Bmaj', 'Bmaj', 'Bsus4', 'Bsus4', 'Bmaj', 'Bmaj', 'Cmaj', 'Gmaj', 'Fmaj', 'Cmaj', 'Cmaj', 'Gmaj', 'Fmaj', 'Cmaj', 'Fmaj', 'Gmaj', 'Cmaj', 'Cmaj', 'Fmaj', 'Gmaj', 'Cmaj', 'Cmaj', 'Cmaj', 'Amin7', 'Gmaj', 'Fmaj', 'Cmaj', 'Amin7', 'Gmaj', 'Fmaj', 'Fmaj', 'Fmaj', 'Fmaj', 'Cmaj', 'Fmaj', 'Cmaj', 'Gmaj', 'Cmaj', 'Fmaj', 'Cmaj', 'Gmaj', 'Cmaj', 'Amin7', 'Gmaj', 'Fmaj', 'Cmaj', 'Amin7', 'Gmaj', 'Fmaj', 'Cmaj', 'Amin7', 'Gmaj', 'Fmaj', 'Cmaj', 'Amin7', 'Gmaj', 'Fmaj', 'Cmaj', 'Amin7', 'Gmaj', 'Fmaj', 'Cmaj', 'Amin7', 'Gmaj', 'Fmaj', 'Cmaj', 'Amin7', 'Gmaj', 'Fmaj']"
1024,"['E7', 'E7', 'E7', 'E7', 'E7', 'E7', 'A7', 'A7', 'E7', 'E7', 'B7', 'B7', 'B7', 'B7', 'E7', 'E7', 'B7', 'E7', 'E7', 'E7', 'E7', 'A7', 'A7', 'E7', 'E7', 'B7', 'B7', 'B7', 'B7', 'E7', 'E7', 'B7', 'E7', 'E7', 'E7', 'E7', 'A7', 'A7', 'E7', 'E7', 'B7', 'B7', 'B7', 'B7', 'E7', 'E7', 'B7', 'E7', 'E7', 'E7', 'E7', 'A7', 'A7', 'E7', 'E7', 'B7', 'B7', 'B7', 'B7', 'E7', 'E7', 'B7', 'E7', 'E7', 'E7', 'E7', 'A7', 'A7', 'E7', 'E7']"
1025,"['Gmaj', 'Dmaj', 'Gmaj', 'Dmaj', 'Gmaj', 'Dmaj', 'Cmaj', 'Gmaj', 'Bb', 'Cmaj', 'Gmaj', 'Dmaj', 'Gmaj', 'Dmaj', 'Gmaj', 'Dmaj', 'Cmaj', 'Gmaj', 'Dmaj', 'Gmaj', 'Dmaj', 'Gmaj', 'Dmaj', 'Gmaj', 'Dmaj', 'Gmaj', 'Dmaj', 'Gmaj', 'Dmaj', 'Cmaj', 'Gmaj', 'Dmaj', 'Gmaj', 'Dmaj', 'Gmaj', 'Dmaj', 'Amaj', 'Gmaj', 'Amaj', 'Gmaj', 'Amaj', 'Gmaj', 'Amaj', 'Gmaj', 'Dmaj', 'Amaj', 'Gmaj', 'Amaj', 'Gmaj', 'Dmaj', 'Amaj', 'Gmaj', 'Amaj', 'Gmaj', 'Amaj', 'Gmaj', 'Amaj', 'Gmaj', 'Amaj', 'Gmaj', 'Amaj', 'Gmaj', 'Dmaj', 'Amaj', 'Gmaj', 'Amaj', 'Gmaj', 'Dmaj', 'Amaj', 'Gmaj', 'Amaj', 'Gmaj', 'Amaj', 'Gmaj', 'Amaj', 'Gmaj', 'Amaj', 'Gmaj', 'Amaj', 'Gmaj', 'Dmaj', 'Amaj', 'Gmaj', 'Amaj', 'Gmaj', 'Dmaj', 'Amaj', 'Gmaj', 'Amaj', 'Gmaj', 'Amaj', 'Gmaj', 'Dmaj', 'Amaj', 'Emaj', 'Gmaj', 'Dmaj', 'Amaj', 'Emaj', 'Gmaj', 'Dmaj', 'Amaj', 'Emaj', 'F#5', 'F#5', 'F#5', 'F#5', 'F#5', 'F#5', 'F#5', 'F#5', 'F#5', 'F#5', 'F#5', 'F#5', 'F#5', 'F#5', 'F#5', 'F#5', 'F#5', 'F#5', 'F#5', 'F#5', 'F#5', 'F#5', 'F#5', 'F#7', 'F#maj', 'F#maj', 'A', 'D', 'A', 'D', 'A', 'D', 'A', 'D', 'Dmaj', 'Amaj', 'Gmaj', 'Amaj', 'Gmaj', 'Dmaj', 'Amaj', 'Gmaj', 'Amaj', 'Gmaj', 'Dmaj', 'Amaj', 'Gmaj', 'Amaj', 'Gmaj', 'Amaj', 'Gmaj', 'Amaj', 'Gmaj', 'Dmaj', 'Amaj', 'Gmaj', 'Amaj', 'Gmaj', 'Dmaj', 'Amaj', 'Gmaj', 'Amaj', 'Gmaj', 'Dmaj', 'Gmaj', 'Dmaj', 'Gmaj', 'Dmaj', 'Gmaj', 'Dmaj', 'Gmaj', 'Gmaj', 'Dmaj', 'Gmaj', 'Dmaj', 'Gmaj', 'Dmaj', 'Cmaj', 'Gmaj', 'Bb', 'Cmaj', 'Gmaj']"
1027,"['Amin', 'Amin', 'Amin', 'Amin', 'Amin', 'Amin', 'Amin', 'Amin', 'Amin', 'Gmin7', 'C7', 'Fmaj7', 'Gmin7', 'C7', 'Amin', 'Gmin7', 'C7', 'Fmaj7', 'Gmin7', 'C7', 'Amin', 'Gmin7', 'C7', 'Fmaj7', 'Gmin7', 'C7', 'Amin', 'Gmin7', 'C7', 'Fmaj7', 'Gmin7', 'C7', 'Fmaj7', 'Gmin7', 'C7', 'Fmaj7', 'Gmin7', 'C7', 'Fmaj7', 'Gmin7', 'C7', 'Fmaj7', 'Emaj', 'E7', 'Dmin', 'Emin', 'Dmin7', 'Dmin7', 'Dmin', 'Emin', 'Dmin7', 'Dmin7', 'Amin', 'Gmin7', 'C7', 'Fmaj7', 'Gmin7', 'C7', 'Fmaj7', 'Gmin7', 'C7', 'Fmaj7', 'Emaj', 'E7', 'Dmin', 'Emin', 'Dmin7', 'Dmin7', 'Dmin', 'Emin', 'Dmin7', 'Dmin7', 'Dmin', 'Emin', 'Dmin7', 'Dmin7', 'Dmin', 'Emin', 'Dmin7', 'Dmin7', 'Amin', 'Gmin7', 'C7', 'Fmaj7', 'Gmin7', 'C7', 'Fmaj7', 'Gmin7', 'C7', 'Fmaj7', 'Emaj', 'E7', 'Dmin', 'Emin', 'Dmin7', 'Dmin7', 'Dmin', 'Emin', 'Dmin7', 'Dmin7', 'Dmin', 'Emin', 'Dmin7', 'Dmin7', 'Dmin', 'Emin', 'Dmin7', 'Dmin7', 'Amin', 'Gmin7', 'C7', 'Fmaj7', 'Gmin7', 'C7', 'Fmaj7', 'Gmin7', 'C7', 'Fmaj7', 'Emaj', 'E7', 'Dmin', 'Emin', 'Dmin7', 'Dmin7', 'Dmin', 'Emin', 'Dmin7', 'Dmin7', 'Dmin', 'Emin', 'Dmin7', 'Dmin7', 'Dmin', 'Emin', 'Dmin7', 'Dmin7', 'Amin', 'Gmin7', 'C7', 'Fmaj7', 'Gmin7', 'C7', 'Amin', 'Gmin7', 'C7', 'Fmaj7', 'Gmin7', 'C7', 'Amin', 'Gmin7', 'C7', 'Fmaj7', 'Gmin7', 'C7', 'Amin', 'Gmin7', 'C7', 'Fmaj7', 'Emaj', 'E7', 'Dmin', 'Emin', 'Dmin7']"
1031,"['Bmaj', 'F#maj', 'Bmaj', 'F#maj', 'C#', 'F#maj', 'C#maj', 'C#maj', 'Bmaj', 'F#maj', 'Bmaj', 'F#maj', 'C#', 'F#maj', 'C#maj', 'C#maj', 'Bmaj', 'F#maj', 'Bmaj', 'F#maj', 'C#', 'F#maj', 'C#maj', 'C#maj', 'Emaj', 'F#maj', 'C#min9', 'C#min9', 'Emaj', 'F#maj', 'C#min9', 'F#maj', 'Emaj', 'F#maj', 'Emaj', 'F#maj', 'F#maj', 'Emaj', 'F#maj', 'Emaj', 'F#maj', 'F#maj', 'Bmaj', 'F#maj', 'Emaj', 'F#maj', 'C#min', 'C#min', 'Bmaj', 'F#maj', 'Bmaj', 'F#maj', 'C#', 'F#maj', 'C#maj', 'C#maj', 'Bmaj', 'F#maj', 'Bmaj', 'F#maj', 'C#', 'F#maj', 'C#maj', 'C#maj', 'Emaj', 'F#maj', 'C#min9', 'C#min9', 'Emaj', 'F#maj', 'C#min9', 'C#min9', 'F#maj', 'Emaj', 'F#maj', 'Emaj', 'F#maj', 'F#maj', 'Emaj', 'F#maj', 'Emaj', 'F#maj', 'F#maj', 'Bmaj', 'F#maj', 'Emaj', 'F#maj', 'C#min', 'Bmaj', 'Amaj', 'F#maj', 'Amaj', 'C#min', 'Dmaj', 'Emaj', 'Dmaj', 'E7', 'E7', 'Emaj', 'F#maj', 'F#maj', 'Emaj', 'F#maj', 'Emaj', 'F#maj', 'F#maj', 'F#maj', 'Bmaj', 'F#maj', 'Emaj', 'F#maj', 'F#maj', 'Emaj', 'F#maj', 'Emaj', 'F#maj', 'F#maj', 'Emaj', 'F#maj', 'Emaj', 'F#maj', 'F#maj', 'Emaj', 'F#maj', 'Emaj', 'F#maj', 'F#maj', 'Bmaj', 'F#maj', 'Emaj', 'F#maj', 'C#min', 'C#min', 'F#maj', 'Emaj', 'F#maj', 'Emaj', 'F#maj', 'F#maj', 'Emaj', 'F#maj', 'Emaj', 'F#maj', 'F#maj', 'Bmaj', 'F#maj', 'Emaj', 'F#maj', 'C#min', 'C#min', 'C#min', 'C#min', 'C#min', 'C#min']"
1032,"['Dbmin7', 'Gb7', 'Dbmin7', 'Gb7', 'Ebmin7', 'Ebmin7', 'Ebmin7', 'Ebmin7', 'Ebmin7', 'Ebmin7', 'Ebmin7', 'Ebmin7', 'Gbmaj', 'Dbmaj', 'Abmaj', 'Dbmin7', 'Gb7', 'Dbmin7', 'Gb7', 'Ebmin7', 'Ebmin7', 'Ebmin7', 'Ebmin7', 'Ebmin7', 'Ebmin7', 'Ebmin7', 'Ebmin7', 'Gbmaj', 'Dbmaj', 'Abmaj', 'Gbmaj', 'Dbmaj', 'Abmaj', 'Ebmin', 'Gbmaj', 'Dbmaj', 'Abmaj', 'Ebmin', 'Gbmaj', 'Dbmaj', 'Abmaj', 'Ebmin', 'Db7', 'Abmin7', 'Dbmin7', 'Gb7', 'Dbmin7', 'Gb7', 'Dbmin7', 'Gb7', 'Dbmin7', 'Gb7', 'Dbmin7', 'Gb7', 'Dbmin7', 'Gb7', 'Dbmin7', 'Gb7', 'Dbmin7', 'Gb7', 'Ebmin7', 'Ebmin7', 'Ebmin7', 'Ebmin7', 'Ebmin7', 'Ebmin7', 'Ebmin7', 'Ebmin7', 'Gbmaj', 'Dbmaj', 'Abmaj', 'Gbmaj', 'Dbmaj', 'Abmaj', 'Ebmin', 'Gbmaj', 'Dbmaj', 'Abmaj', 'Ebmin', 'Gbmaj', 'Dbmaj', 'Abmaj', 'Ebmin', 'Db7', 'Abmin7', 'Eb', 'Eb', 'Dbmin7', 'Gb7', 'Dbmin7', 'Gb7', 'Dbmin7', 'Gb7', 'Dbmin7', 'Gb7', 'Dbmin7', 'Gb7', 'Dbmin7', 'Gb7', 'Dbmin7', 'Gb7', 'Dbmin7', 'Gb7', 'Dbmin7', 'Gb7', 'Dbmin7', 'Gb7', 'Dbmin7', 'Gb7', 'Dbmin7', 'Gb7', 'Dbmin7', 'Gb7', 'Dbmin7', 'Gb7', 'Dbmin7', 'Gb7', 'Dbmin7', 'Gb7', 'Dbmin7', 'Gb7', 'Dbmin7', 'Gb7', 'Dbmin7', 'Gb7', 'Dbmin7', 'Gb7', 'Dbmin7', 'Gb7', 'Dbmin7', 'Gb7', 'Dbmin7', 'Gb7', 'Dbmin7', 'Gb7', 'Dbmin7', 'Gb7', 'Dbmin7', 'Gb7', 'Dbmin7', 'Gb7', 'Dbmin7', 'Gb7', 'Dbmin7', 'Gb7', 'Dbmin7', 'Gb7', 'Dbmin7', 'Gb7', 'Dbmin7', 'Gb7', 'Dbmin7', 'Gb7', 'Dbmin7', 'Gb7', 'Dbmin7', 'Gb7', 'Dbmin7', 'Gb7', 'Dbmin7', 'Gb7', 'Dbmin7', 'Gb7', 'Dbmin7', 'Gb7', 'Dbmin7', 'Gb7']"
1033,"['Emaj', 'Emaj', 'Emaj', 'Emaj', 'Emaj', 'Emaj', 'D', 'D', 'Emaj', 'Emaj', 'Emaj', 'Emaj', 'D', 'D', 'Emaj', 'Emaj', 'C#min', 'C#min', 'G#min', 'G#min', 'C#min', 'C#min', 'Emaj', 'Emaj', 'Amaj', 'Bsus4', 'Emaj', 'Emaj', 'Amaj', 'Bsus4', 'Emaj', 'Emaj', 'Emaj', 'Emaj', 'D', 'D', 'Emaj', 'Emaj', 'Emaj', 'Emaj', 'D', 'D', 'Emaj', 'Emaj', 'C#min', 'C#min', 'G#min', 'G#min', 'C#min', 'C#min', 'Emaj', 'Emaj', 'Amaj', 'Bsus4', 'Emaj', 'Emaj', 'Amaj', 'Bsus4', 'Emaj', 'Emaj', 'Asus4', 'Bsus4', 'Emaj', 'Emaj', 'Asus4', 'Bsus4', 'Emaj', 'Emaj', 'C#min', 'C#min', 'G#min', 'G#min', 'C#min', 'C#min', 'Emaj', 'Emaj', 'Amaj', 'Bsus4', 'Emaj', 'Emaj', 'Amaj', 'Bsus4', 'Bsus4', 'Bsus4', 'Asus4', 'Bsus4', 'Emaj', 'Emaj', 'Asus4', 'Bsus4', 'Emaj', 'Emaj', 'C#min', 'C#min', 'G#min', 'G#min', 'C#min', 'C#min', 'Emaj', 'Emaj']"
1034,"['Amaj', 'Amaj', 'Dmaj', 'Amaj', 'Amaj', 'Emaj', 'Amaj', 'Amaj', 'Emaj', 'Amaj', 'Amaj', 'Amaj', 'Dmaj', 'Amaj', 'Amaj', 'Gmaj', 'Emaj', 'Amaj', 'Amaj', 'C#min', 'F#min', 'Emaj', 'Dmaj', 'Amaj', 'Amaj', 'Emaj', 'Amaj', 'Amaj', 'Amaj', 'Dmaj', 'Amaj', 'Amaj', 'Gmaj', 'Emaj', 'Amaj', 'Amaj', 'C#min', 'F#min', 'Emaj', 'Dmaj', 'Amaj', 'Amaj', 'Emaj', 'Amaj', 'Dmaj', 'Gmaj', 'Dmaj', 'Dmaj', 'Amaj', 'Dmaj', 'Dmaj', 'Gmaj', 'Dmaj', 'Dmaj', 'Emaj', 'Amaj', 'Amaj', 'Emaj', 'Amaj', 'Amaj', 'Amaj', 'Dmaj', 'Amaj', 'Amaj', 'Emaj', 'Amaj', 'Amaj', 'Amaj', 'Dmaj', 'Amaj', 'Amaj', 'Emaj', 'Amaj', 'Amaj', 'Emaj', 'Amaj', 'Amaj', 'Amaj', 'Dmaj', 'Amaj', 'Amaj', 'Gmaj', 'Emaj', 'Amaj', 'Amaj', 'C#min', 'F#min', 'Emaj', 'Dmaj', 'Amaj', 'Amaj', 'Emaj', 'Amaj', 'Amaj', 'Amaj', 'Dmaj', 'Amaj', 'Amaj', 'Gmaj', 'Emaj', 'Amaj', 'Amaj', 'C#min', 'F#min', 'Emaj', 'Dmaj', 'Amaj', 'Amaj', 'Emaj', 'Amaj', 'Amaj', 'Gmaj', 'Dmaj', 'Amaj', 'Amaj', 'Emaj', 'Gmaj', 'Dmaj', 'Dmaj', 'Dmaj', 'Amaj', 'Emaj', 'Amaj', 'Dmaj', 'Gmaj', 'Dmaj', 'Dmaj', 'Amaj', 'Dmaj', 'Dmaj', 'Gmaj', 'Dmaj', 'Dmaj', 'Emaj', 'Amaj', 'Amaj', 'Emaj', 'Amaj', 'Amaj', 'Amaj', 'Dmaj', 'Amaj', 'Bmaj', 'Bmaj', 'Emaj', 'Bmaj', 'Bmaj', 'F#maj', 'Emaj', 'Dmaj', 'Amaj', 'Emaj', 'Bmaj', 'Amaj', 'Emaj', 'Bmaj', 'Bmaj', 'Bmaj', 'Bmaj', 'Emaj', 'Bmaj', 'F#maj', 'Emaj', 'Bmaj', 'Bmaj', 'Emaj', 'Bmaj', 'F#maj', 'Emaj']"
1037,"['Bmin', 'Emin', 'G', 'F#sus4', 'F#7', 'Bmin', 'Bmin', 'Emin', 'Emin', 'F#', 'B7', 'Emin', 'Emin', 'Dmaj', 'F#sus4', 'F#7', 'Bmin', 'Bmin', 'Emin', 'Emin', 'F#', 'B7', 'Emin', 'Emin', 'Dmaj', 'A7', 'Dmaj', 'Gmaj', 'G', 'Gmaj', 'G', 'Gmaj', 'Esus4', 'E7', 'Amaj', 'A', 'Amaj7', 'F#min7', 'Bmin', 'Emaj', 'Amaj', 'Amaj', 'Bmin', 'Bmin', 'Emin', 'Emin', 'F#', 'B7', 'Emin', 'Emin', 'Dmaj', 'Gmaj', 'F#sus4', 'F#7', 'Emin', 'Amaj', 'Dmaj', 'G7', 'Cmin', 'Cmin', 'Fmin', 'Fmin', 'G', 'C7', 'Fmin', 'Fmin', 'Ebmaj', 'Gsus4', 'G7', 'Ab7', 'Gsus4', 'G7', 'Cmin', 'Gmaj', 'Gmin', 'Fmaj', 'Fmin', 'Gmaj', 'Cmin', 'Fmin', 'C']"
1039,"['Amaj', 'Amaj', 'Emaj', 'Emaj', 'Amaj', 'Amaj', 'Emaj', 'Emaj', 'Amaj', 'Amaj', 'Emaj', 'Emaj', 'Amaj', 'Amaj', 'Emaj', 'Emaj', 'Dmaj', 'Dmaj', 'Amaj', 'Dmaj', 'Amaj', 'Bmin', 'Amaj', 'Dmaj', 'Dmaj', 'Emaj', 'Emaj', 'Dmaj', 'Emaj', 'Amaj', 'Emaj', 'Bmin', 'Amaj', 'Dmaj', 'F#min', 'Emaj', 'Amaj', 'Emaj', 'Bmin', 'Amaj', 'Dmaj', 'F#min', 'Emaj', 'Emaj', 'Amaj', 'Amaj', 'Emaj', 'Emaj', 'Amaj', 'Amaj', 'Emaj', 'Emaj', 'Amaj', 'Amaj', 'Emaj', 'Emaj', 'Amaj', 'Amaj', 'Emaj', 'E7', 'Dmaj', 'Dmaj', 'Amaj', 'Dmaj', 'Amaj', 'Bmin', 'Amaj', 'Dmaj', 'Dmaj', 'Emaj', 'Emaj', 'Dmaj', 'Emaj', 'Amaj', 'Emaj', 'Bmin', 'Amaj', 'Dmaj', 'F#min', 'Emaj', 'Amaj', 'Emaj', 'Bmin', 'Amaj', 'Dmaj', 'F#min', 'Emaj', 'Amaj', 'Emaj', 'Bmin', 'Amaj', 'Dmaj', 'F#min', 'Emaj']"
1040,"['Amaj', 'A7', 'Amaj', 'Amaj', 'Amaj', 'A7', 'Amaj', 'Amaj', 'A7', 'A7', 'A7', 'A7', 'A7', 'A7', 'A7', 'A7', 'A7', 'A7', 'A7', 'A7', 'Dmaj', 'Dmaj', 'A7', 'A7', 'A7', 'A7', 'Dmaj', 'Dmaj', 'Emaj', 'Emaj', 'Amaj', 'Amaj', 'Dmaj', 'Dmaj', 'Emaj', 'Emaj', 'Amaj', 'Amaj', 'Amaj', 'Amaj', 'Dmaj', 'Dmaj', 'Emaj', 'Emaj', 'Amaj', 'Amaj', 'A7', 'A7', 'A7', 'A7', 'A7', 'A7', 'A7', 'A7', 'A7', 'A7', 'A7', 'A7', 'Dmaj', 'Dmaj', 'A7', 'A7', 'A7', 'A7', 'Dmaj', 'Dmaj', 'Emaj', 'Emaj', 'Amaj', 'Amaj', 'Dmaj', 'Dmaj', 'Emaj', 'Emaj', 'Amaj', 'Amaj', 'Amaj', 'Amaj', 'Dmaj', 'Dmaj', 'Emaj', 'Emaj', 'Amaj', 'Amaj', 'A7', 'A7', 'A7', 'A7', 'A7', 'A7', 'A7', 'A7', 'A7', 'A7', 'A7', 'A7', 'A7', 'A7', 'A7', 'A7', 'A7', 'A7', 'A7', 'A7', 'A7', 'A7', 'A7', 'A7', 'A7', 'A7', 'A7', 'A7', 'A7', 'A7', 'A7', 'A7', 'A7', 'A7', 'A7', 'A7', 'Dmaj', 'Dmaj', 'A7', 'A7', 'A7', 'A7', 'Dmaj', 'Dmaj', 'Emaj', 'Emaj', 'Amaj', 'Amaj', 'Dmaj', 'Dmaj', 'Emaj', 'Emaj', 'Amaj', 'Amaj', 'Amaj', 'Amaj', 'Dmaj', 'Dmaj', 'Emaj', 'Emaj', 'Amaj', 'Amaj', 'Amaj', 'Amaj', 'Dmaj', 'Dmaj', 'Emaj', 'Emaj', 'Amaj', 'Amaj', 'Amaj', 'Amaj', 'Dmaj', 'Dmaj', 'Emaj', 'Emaj', 'Amaj', 'Amaj', 'A7', 'A7', 'A7', 'A7', 'A7', 'A7', 'A7', 'A7', 'A7', 'A7', 'A7', 'A7', 'A7', 'A7', 'A7', 'A7']"
1041,"['E7', 'E7', 'Amaj', 'Dmaj', 'Amaj', 'Emaj', 'Amaj', 'A7', 'Dmaj', 'Dmaj', 'Amaj', 'Amaj', 'E7', 'E7', 'Amaj', 'A7', 'Dmaj', 'Dmaj', 'E7', 'E7', 'Amaj', 'Dmaj', 'Amaj', 'E7', 'E7', 'Dmaj', 'Dmaj', 'E7', 'E7', 'Dmaj', 'Amaj', 'Amaj', 'A7', 'Dmaj', 'Dmaj', 'E7', 'E7', 'Amaj', 'Dmaj', 'Amaj', 'Emaj', 'Amaj', 'A7', 'Dmaj', 'Dmaj', 'Amaj', 'Amaj', 'E7', 'E7', 'Amaj', 'A7', 'Dmaj', 'Dmaj', 'E7', 'E7', 'Amaj', 'Dmaj', 'Amaj', 'E7', 'E7', 'Dmaj', 'Dmaj', 'E7', 'E7', 'Dmaj', 'Amaj', 'Amaj', 'A7', 'Dmaj', 'Dmaj', 'E7', 'E7', 'Amaj', 'Dmaj', 'Dmaj', 'Amaj', 'Bmin7', 'Amaj']"
1042,"['Fsus4', 'Bbmaj7', 'Fsus4', 'Bbmaj7', 'Fsus4', 'F7', 'Bbmaj9', 'Cmin7', 'Bbmaj', 'Eb', 'F7', 'Bbmaj7', 'Cmin7', 'Bb7', 'Ebmaj', 'F7', 'Bbmaj', 'Gmin7', 'Gbmaj', 'Fsus4', 'F7', 'Fsus4', 'F7', 'Bbmaj9', 'Cmin7', 'Bbmaj', 'Ebmaj7', 'F7', 'Bbmaj7', 'Cmin7', 'Bb7', 'Ebmaj7', 'F7', 'Bbmaj7', 'Dmin7', 'Gmin7', 'Gbmaj', 'Fsus4', 'Ebmaj', 'F7', 'Bbmaj', 'Dmin7', 'Gmin7', 'Ebmaj', 'F7', 'Bbmaj', 'Dmin7', 'Gmin7', 'Ebmaj', 'F7', 'Bbmaj', 'Dmin7', 'Gmin7', 'Gbmaj', 'Fsus4', 'Fsus4', 'F7', 'Bbmaj7', 'Cmin7', 'Bbmaj', 'Ebmaj7', 'F7', 'Bbmaj7', 'Cmin7', 'Bb7', 'Ebmaj7', 'F7', 'Bbmaj7', 'Dmin7', 'Gmin7', 'Gbmaj', 'Fsus4', 'Ebmaj', 'F7', 'Bbmaj', 'Dmin7', 'Gmin7', 'Ebmaj', 'F7', 'Bbmaj', 'Dmin7', 'Gmin7', 'Ebmaj', 'F7', 'Bbmaj', 'Dmin7', 'Gmin7', 'Gbmaj', 'Fsus4', 'Gbmaj', 'Fsus4', 'Gbmaj', 'Fsus4', 'Ebmaj', 'F7', 'Bbmaj', 'Dmin7', 'Gmin7', 'Ebmaj', 'F7', 'Bbmaj', 'Dmin7', 'Gmin7']"
1043,"['Dmaj', 'Dmaj', 'Dmaj', 'Dmaj', 'Dmaj', 'Dmaj', 'Dmaj', 'Dmaj', 'Dmaj', 'Dmaj', 'Dmaj', 'Dmaj', 'Gmaj', 'Cmaj', 'Dmaj', 'Dmaj', 'Dmaj', 'Dmaj', 'Dmaj', 'Dmaj', 'Dmaj', 'Dmaj', 'Dmaj', 'Dmaj', 'Dmaj', 'Dmaj', 'Gmaj', 'Cmaj', 'Dmaj', 'Dmaj', 'Dmaj', 'Dmaj', 'Dmaj', 'Dmaj', 'Dmaj', 'Dmaj', 'Dmaj', 'Dmaj', 'Dmaj', 'Dmaj', 'Dmaj', 'Dmaj', 'Dmaj', 'Dmaj', 'Dmaj', 'Dmaj', 'Dmaj', 'Dmaj', 'Gmaj', 'Cmaj', 'Dmaj', 'Dmaj', 'Gmaj', 'Cmaj', 'Fmaj', 'Cmaj', 'Dmaj', 'Fmaj', 'Cmaj', 'A5', 'Gsus4', 'Gmaj', 'Gmaj', 'Cmaj', 'Dmaj', 'Dmaj', 'Dmaj', 'Dmaj', 'Dmaj', 'Dmaj', 'Dmaj', 'Dmaj', 'Dmaj', 'Dmaj', 'Dmaj', 'Dmaj', 'Dmaj', 'Dmaj', 'Dmaj', 'Dmaj', 'Gmaj', 'Cmaj', 'Dmaj', 'Dmaj', 'Dmaj', 'Dmaj', 'Dmaj', 'Dmaj', 'Dmaj', 'Dmaj', 'Dmaj', 'Dmaj', 'Dmaj', 'Dmaj', 'Dmaj', 'Dmaj', 'Dmaj', 'Dmaj', 'Dmaj', 'Dmaj', 'Dmaj', 'Dmaj', 'Gmaj', 'Cmaj', 'Dmaj', 'Dmaj', 'Gmaj', 'Cmaj', 'Fmaj', 'Cmaj', 'Dmaj', 'Fmaj', 'Cmaj', 'A5', 'Gsus4', 'Gmaj', 'Gmaj', 'Cmaj', 'Dmaj', 'Dmaj', 'Dmaj', 'Dmaj', 'Bmin', 'Cmaj', 'Dmaj', 'Emin', 'Bmin', 'Cmaj', 'Dmaj', 'Cmaj', 'Cmaj', 'Dsus4', 'Gmaj', 'Cmaj', 'Dsus4', 'Gmaj', 'Cmaj']"
1044,"['Ebmaj', 'Fmaj', 'Bbmaj', 'Bbmaj', 'Ebmaj', 'Fmaj', 'Bbmaj', 'Dmin', 'Dmin', 'Cmin', 'Cmin', 'Cmin', 'Ebmaj', 'Fmaj', 'Bbmaj', 'Bbmaj', 'Dmin', 'Dmin', 'Cmin', 'Cmin', 'Cmin', 'Ebmaj', 'Fmaj', 'Bbmaj', 'Ebmaj', 'Fmaj', 'Bbmaj', 'Dmin', 'Gmin', 'Ebmaj', 'Fmaj', 'Bbmaj', 'Dmin', 'Gmin', 'Gmaj', 'Cmaj', 'Emin', 'Emin', 'Dmin', 'Dmin', 'Dmin', 'Fmaj', 'Gmaj', 'Cmaj', 'Cmaj', 'Emin', 'Amin', 'Fmaj', 'Gmaj', 'Cmaj', 'Cmaj', 'Gmaj', 'Gmaj', 'Abmaj', 'Db', 'Dbmaj', 'Fmin', 'Fmin', 'Ebmin', 'Ebmin', 'Ebmin', 'Gbmaj', 'Abmaj', 'Dbmaj', 'Dbmaj', 'Fmin', 'Fmin', 'Ebmin', 'Ebmin', 'Ebmin', 'Gbmaj', 'Abmaj', 'Dbmaj', 'Dbmaj', 'Fmin', 'Fmin', 'Ebmin', 'Ebmin', 'Ebmin', 'Gbmaj', 'Abmaj', 'Dbmaj']"
1045,"['Emaj', 'F#min', 'Emaj', 'Amaj', 'Emaj', 'Dmaj', 'F#7', 'Bmin7', 'Emaj', 'Amaj', 'Emaj', 'Dmaj', 'F#7', 'Bmin7', 'Emaj', 'Amaj', 'Emaj', 'Dmaj', 'F#7', 'Bmin7', 'Emaj', 'Amaj', 'Dmaj', 'Emaj', 'Amaj', 'Dmaj', 'Emaj', 'Amaj', 'Dmaj', 'Emaj', 'Amaj', 'Dmaj', 'Emaj', 'Dmaj', 'Dmaj', 'Amaj', 'Emaj', 'Dmaj', 'F#7', 'Bmin7', 'Emaj', 'Amaj', 'Emaj', 'Dmaj', 'F#7', 'Bmin7', 'Emaj', 'Amaj', 'Dmaj', 'Emaj', 'Amaj', 'Dmaj', 'Emaj', 'Amaj', 'Dmaj', 'Emaj', 'Amaj', 'Dmaj', 'Emaj', 'Dmaj', 'Dmaj', 'C#maj', 'C#maj', 'F#min', 'F#min', 'Bmin7', 'Emaj', 'Amaj', 'Emaj', 'Dmaj', 'F#7', 'Bmin7', 'Emaj', 'Amaj', 'Emaj', 'Dmaj', 'F#7', 'Bmin7', 'Emaj', 'Amaj', 'Emaj', 'Dmaj', 'F#7', 'Bmin7', 'Emaj', 'Amaj', 'Dmaj', 'Emaj', 'Amaj', 'Dmaj', 'Emaj', 'Amaj', 'Dmaj', 'Emaj', 'Amaj', 'Dmaj', 'Emaj', 'Amaj', 'Dmaj', 'Emaj', 'Amaj', 'Dmaj', 'Emaj', 'Amaj', 'Dmaj', 'Emaj', 'Amaj', 'Dmaj', 'Emaj']"
1046,"['Bb7', 'Bb7', 'Ebmaj', 'Cmin', 'Fmin7', 'Bb7', 'Ebmaj', 'Cmin', 'Fmin7', 'Bb7', 'Ebmaj', 'Bb7', 'Ebmaj', 'Eb7', 'Abmaj', 'Abmaj', 'F7', 'F7', 'Ebmaj', 'Cmin', 'Abmaj', 'Bb7', 'Ebmaj', 'Cmin', 'Abmaj', 'Bb7', 'Ebmaj', 'Cmin', 'Abmaj', 'Bb7', 'Bb7', 'Ebmaj', 'Bb7', 'Ebmaj', 'Eb7', 'Abmaj', 'Abmaj', 'F7', 'F7', 'Ebmaj', 'Cmin', 'Abmaj', 'Bb7', 'Ebmaj', 'Cmin', 'Abmaj', 'Bb7', 'Ebmaj', 'Cmin', 'Abmaj', 'Bb7', 'Ebmaj', 'Abmaj', 'Eb7', 'Abmaj', 'Abmaj', 'Gmaj', 'Gmaj', 'Abmaj', 'Abmaj', 'Fmaj', 'Bb7', 'Bb7', 'Ebmaj', 'Bb7', 'Ebmaj', 'Eb7', 'Abmaj', 'Abmaj', 'F7', 'F7', 'Ebmaj', 'Cmin', 'Abmaj', 'Bb7', 'Ebmaj', 'Cmin', 'Abmaj', 'Bb7', 'Ebmaj', 'Cmin', 'Abmaj', 'Bb7', 'Ebmaj', 'Abmaj', 'Eb7', 'Ebmaj', 'Cmin', 'Abmaj', 'Bb7', 'Ebmaj', 'Cmin', 'Abmaj', 'Bb7', 'Ebmaj', 'Cmin', 'Abmaj', 'Bb7']"
1048,"['A5', 'E', 'A7', 'Dmaj', 'Dmin', 'Amaj', 'Esus4', 'E5', 'Amaj', 'Emaj', 'A7', 'Dmaj', 'Dmin', 'Amaj', 'Esus4', 'E5', 'Amaj', 'C#7', 'F#min', 'A7', 'Dmaj', 'E7', 'Amaj', 'Amaj7', 'F#min', 'Emaj', 'Amaj', 'Amaj7', 'F#min7', 'Emaj', 'Amaj', 'Emaj', 'A7', 'Dmaj', 'Dmin', 'Amaj', 'Esus4', 'E5', 'Amaj', 'Emaj', 'A7', 'Dmaj', 'Dmin', 'Amaj', 'Esus4', 'Emaj', 'Esus4', 'Emaj', 'Amaj', 'C#7', 'F#min', 'A7', 'Dmaj', 'E7', 'Amaj', 'Amaj7', 'F#min', 'Emaj', 'Amaj', 'Amaj7', 'F#min7', 'Emaj', 'Emaj', 'Amaj', 'Emaj', 'A7', 'Dmaj', 'Dmin', 'Amaj', 'C#7', 'F#min', 'A7', 'Dmaj', 'E7', 'Amaj', 'Amaj7', 'F#min', 'Emaj', 'Amaj', 'Amaj7', 'F#min7', 'Emaj', 'Amaj', 'Emaj', 'A7', 'Dmaj', 'Dmin', 'Amaj', 'Esus4', 'E5', 'Amaj', 'Emaj', 'A7', 'Dmaj', 'Dmin', 'Amaj', 'Esus4', 'E5', 'Amaj', 'Emaj', 'A7', 'Dmaj', 'Dmin', 'Amaj', 'Esus4', 'E5']"
1051,"['Cmaj', 'Cmaj', 'Cmaj', 'Cmaj', 'Gmaj', 'Gmaj', 'Cmaj', 'Cmaj', 'Gmaj', 'Gmaj', 'Amin', 'Fmaj', 'Gmaj', 'Amin', 'Fmaj', 'Gmaj', 'Amin', 'Fmaj', 'Gmaj', 'Amin', 'Amin', 'Fmaj', 'Gmaj', 'Amin', 'Amin', 'Cmaj', 'Cmaj', 'Gmaj', 'Gmaj', 'Cmaj', 'Cmaj', 'Gmaj', 'Gmaj', 'Amin', 'Fmaj', 'Gmaj', 'Amin', 'Fmaj', 'Gmaj', 'Amin', 'Fmaj', 'Gmaj', 'Amin', 'Amin', 'Fmaj', 'Gmaj', 'Amin', 'Gmaj', 'Fmaj', 'Gmaj', 'Fmaj', 'Gmaj', 'Fmaj', 'Gmaj', 'Fmaj', 'Fmaj', 'Cmaj', 'Cmaj', 'Gmaj', 'Gmaj', 'Cmaj', 'Cmaj', 'Gmaj', 'Gmaj', 'Amin', 'Fmaj', 'Gmaj', 'Amin', 'Fmaj', 'Gmaj', 'Amin', 'Fmaj', 'Gmaj', 'Amin', 'Amin', 'Fmaj', 'Gmaj', 'Amin', 'Amin', 'Fmaj', 'Gmaj', 'Amin', 'Amin', 'Fmaj', 'Gmaj', 'Amin', 'Amin', 'Fmaj', 'Gmaj', 'Amin']"
1052,"['Dmin', 'Dmin', 'Dmin', 'Dmin', 'Dmin', 'Dmin', 'Dmin', 'Dmin', 'Dmin', 'Dmin', 'Dmin', 'Dmin', 'Dmin', 'Dmin', 'Gmaj', 'Gmaj', 'Gmaj', 'Gmaj', 'Dmin', 'Dmin', 'Fmaj', 'Cmaj', 'Dmin', 'Dmin', 'Fmaj', 'Cmaj', 'Dmin', 'Dmin', 'Dmin', 'Dmin', 'Dmin', 'Dmin', 'Dmin', 'Dmin', 'Dmin', 'Dmin', 'Dmin', 'Dmin', 'Dmin', 'Gmaj', 'Gmaj', 'Gmaj', 'Gmaj', 'Dmin', 'Dmin', 'Fmaj', 'Cmaj', 'Dmin', 'Dmin', 'Fmaj', 'Cmaj', 'Dmin', 'Dmin', 'Dmin', 'Dmin', 'Dmin', 'Dmin', 'Dmin', 'Dmin', 'Dmin', 'Dmin', 'Cmaj', 'Cmaj', 'Dmin', 'Dmin', 'Cmaj', 'Cmaj', 'Dmin', 'Dmin', 'G7', 'G7', 'Dmin', 'Dmin', 'G7', 'G7', 'Dmin', 'Dmin', 'Dsus4', 'Dsus4', 'Bbmaj', 'Bbmaj', 'Dsus4', 'Dsus4', 'D']"
1053,"['Abmaj', 'Fmin', 'Fmaj', 'Abmaj', 'Fmin', 'Fmaj', 'Abmaj', 'Fmin', 'Fmin', 'F5', 'Eb5', 'Db5', 'Bb5', 'Cmaj', 'Ebmaj', 'F5', 'Eb5', 'Db5', 'Bb5', 'Cmaj', 'Ebmaj', 'Fmin', 'Ebmaj', 'Dbmaj', 'Bbmaj', 'Cmaj', 'Fmin', 'Ebmaj', 'Dbmaj', 'Bbmaj', 'C5', 'Cmaj', 'Fmin', 'Gmin', 'Abmaj', 'Bbmaj', 'Cmaj', 'Dbmaj', 'Cmaj', 'Fmin', 'Gmin', 'Abmaj', 'Bbmaj', 'Cmaj', 'Dbmaj', 'Cmaj', 'Fmin', 'Fmin', 'Abmaj', 'Fmin', 'Fmin', 'Abmaj', 'F5', 'Eb5', 'Db5', 'Bb5', 'Cmaj', 'Ebmaj', 'F5', 'Eb5', 'Db5', 'Bb5', 'Cmaj', 'Ebmaj', 'Fmin', 'Ebmaj', 'Dbmaj', 'Bbmaj', 'Cmaj', 'Fmin', 'Ebmaj', 'Dbmaj', 'Bbmaj', 'C5', 'Cmaj', 'Fmin', 'Gmin', 'Abmaj', 'Bbmaj', 'Cmaj', 'Dbmaj', 'Cmaj', 'Fmin', 'Gmin', 'Abmaj', 'Bbmaj', 'Cmaj', 'Dbmaj', 'Cmaj', 'Fmin', 'Fmin', 'Abmaj', 'Fmin', 'Fmin', 'Abmaj', 'Ebmaj', 'Fmaj', 'Cmaj', 'Bbmaj', 'Abmaj', 'Gbmaj', 'Fmin', 'Ebmaj', 'Dmaj', 'Ebmaj', 'Fmaj', 'Cmaj', 'Bbmaj', 'Ab', 'Eb', 'C', 'G', 'F', 'C', 'C', 'C', 'Cmaj', 'F', 'Db', 'Bb', 'C', 'Bb', 'Ab', 'Gb', 'F', 'Db', 'Bb', 'C5', 'Cmaj', 'Fmin', 'Gmin', 'Abmaj', 'Bbmaj', 'Cmaj', 'Dbmaj', 'Cmaj', 'Fmin', 'Abmaj', 'Bbmaj', 'Dbmaj', 'Cmaj', 'Fmin', 'Abmaj', 'Bbmaj', 'Dbmaj', 'Cmaj', 'Fmin', 'Abmaj', 'Bbmaj', 'Dbmaj', 'Cmaj', 'Fmin', 'Abmaj', 'Bbmaj', 'Dbmaj', 'Cmaj', 'Fmin', 'Abmaj', 'Bbmaj', 'Dbmaj', 'Cmaj', 'Fmin', 'Abmaj', 'Bbmaj', 'Dbmaj', 'Cmaj', 'Fmin', 'Abmaj', 'Bbmaj', 'Dbmaj', 'Cmaj', 'Fmin', 'Abmaj', 'Bbmaj', 'Dbmaj', 'Cmaj', 'Fmin', 'Fmin']"
1054,"['Cmaj', 'Gmaj', 'Cmaj', 'Cmaj', 'Cmaj', 'C7', 'Fmaj', 'Fmaj', 'Cmaj', 'Cmaj', 'G7', 'G7', 'Cmaj', 'Cmaj', 'Fmaj', 'Fmaj', 'Cmaj', 'G7', 'Cmaj', 'C7', 'Fmaj', 'Fmaj', 'Cmaj', 'Cmaj', 'Cmaj', 'Cmaj', 'Gmaj', 'Gmaj', 'Cmaj', 'C7', 'Fmaj', 'Fmaj', 'Cmaj', 'G7', 'Cmaj', 'Cmaj', 'Cmaj', 'G7', 'Cmaj', 'C7', 'Fmaj', 'Fmaj', 'Cmaj', 'Cmaj', 'Cmaj', 'Cmaj', 'D7', 'G7', 'Cmaj', 'C7', 'Fmaj', 'Fmaj', 'Cmaj', 'Gmaj', 'Gmaj', 'Gmaj', 'Cmaj', 'Cmaj', 'Fmaj', 'C7']"
1055,"['Dmaj', 'A7', 'Dmaj', 'Dmaj', 'D', 'Gmaj', 'Gmaj', 'Dmaj', 'A7', 'Dmaj', 'E7', 'A7', 'Gmaj', 'G#', 'A7', 'Dmaj', 'A7', 'Dmaj', 'Dmaj', 'D', 'Gmaj', 'Gmaj', 'Dmaj', 'A7', 'Dmaj', 'Emin7', 'A7', 'Dmaj', 'Gmaj', 'Dmaj', 'Asus4', 'A7', 'Dmaj', 'Dmaj', 'C#', 'C#', 'F#min', 'A7', 'Dmaj', 'A7', 'Dmaj', 'Dmaj', 'D', 'Gmaj', 'Gmaj', 'Dmaj', 'A7', 'Dmaj', 'E7', 'A7', 'Gmaj', 'G#', 'A7', 'Dmaj', 'A7', 'Dmaj', 'Dmaj', 'D7', 'Gmaj', 'Gmaj', 'Amaj', 'Dmaj', 'Dmaj', 'D', 'Gmaj', 'Gmaj', 'Dmaj', 'A7', 'Dmaj', 'Emin', 'A7', 'Dmaj', 'Dmaj7']"
1056,"['Fmaj', 'Amin7', 'Bbmaj', 'Csus4', 'Fmaj', 'Gmin7', 'Fmaj', 'Bbmaj7', 'Gmin7', 'Csus4', 'Fmaj', 'Bbmin', 'Fmaj', 'Bb', 'Fmaj', 'B7', 'Bbmin7', 'Abmaj7', 'Fmaj', 'Bb', 'Fmaj', 'Bb', 'Fmaj', 'B7', 'Bbmin7', 'Dbmaj9', 'Fmaj', 'Fmaj', 'Bb', 'Fmaj', 'Bb', 'Fmaj', 'B7', 'Bbmin7', 'Dbmaj9', 'Fmaj', 'Fmaj', 'Faug', 'Fmaj', 'Amin7', 'Dmin', 'Bbmaj7', 'Ebmaj7', 'Bbmaj', 'C7', 'Fmaj', 'Faug', 'Fmaj', 'Amin7', 'Dmin9', 'Bbsus2', 'Ebmaj9', 'Csus4', 'Baug', 'Bbmaj9', 'Amin7', 'Dmin7', 'Gmin9', 'Fmaj9', 'Bsus4', 'Emaj9', 'Abmin7', 'Abmin7', 'Dbmin9', 'Bmaj9', 'Cmin9', 'Fmin9', 'Bbmin9', 'Ab', 'Abmin9', 'Gbmaj', 'Gbmaj9', 'Abmin7', 'Bbmin7', 'Cmin9', 'Fmin9', 'Bbmin9', 'Ab', 'Abmin9', 'Gbmaj', 'Gbmaj9', 'Abmin7', 'Bbmin7', 'Bmaj7', 'Dbmin7', 'Ebmin7', 'Fmin9', 'Bbmin9', 'Ebmin9', 'Db', 'Dbmin9', 'Bmaj', 'Bmaj9', 'Dbmin7', 'Ebmin7', 'Fmin9', 'Bbmin9', 'Ebmin9', 'Db', 'Dbmin9', 'Bmaj', 'Bmaj9', 'Dbmin7', 'Ebmin7', 'Fmin9', 'Bbmin9', 'Ebmin9', 'Db', 'Dbmin9', 'Bmaj', 'Bmaj9', 'Dbmin7', 'Ebmin7', 'Fmin9', 'Bbmin9', 'Ebmin9', 'Db', 'Dbmin9', 'Bmaj', 'Bmaj9', 'Dbmin7', 'Ebmin7', 'Fmin9', 'Bbmin9', 'Ebmin9', 'Db', 'Dbmin9', 'Bmaj', 'Bmaj9', 'Dbmin7', 'Ebmin7', 'Fmin9', 'Bbmin9', 'Ebmin9', 'Db', 'Dbmin9', 'Bmaj', 'Bmaj9', 'Dbmin7', 'Ebmin7', 'Fmin9', 'Bbmin9', 'Ebmin9', 'Db', 'Dbmin9', 'Bmaj', 'Bmaj9', 'Dbmin7', 'Ebmin7', 'Fmin9', 'Bbmin9', 'Ebmin9', 'Db', 'Dbmin9', 'Bmaj', 'Bmaj9', 'Dbmin7', 'Ebmin7', 'Fmin9']"
1058,"['Amin7', 'Emin7', 'G7', 'Amin7', 'Amin7', 'Emin7', 'G7', 'Amin7', 'Emin7', 'Dmin7', 'Amin7', 'Emin7', 'G7', 'Amin7', 'Amin7', 'Emin7', 'G7', 'Amin7', 'Amin7', 'Emin7', 'G7', 'Amin7', 'Emin7', 'Dmin7', 'Amin7', 'Emin7', 'G7', 'Amin7', 'Amin7', 'Emin7', 'G7', 'Amin7', 'Amin7', 'Emin7', 'G7', 'Amin7', 'Amin7', 'Emin7', 'G7', 'Amin7', 'Emin7', 'Dmin7', 'Amin7', 'Emin7', 'G7', 'Amin7', 'Amin7', 'Emin7', 'G7', 'Amin7', 'Amin7', 'Emin7', 'G7', 'Amin7', 'Amin7', 'Emin7', 'G7', 'Amin7', 'Amin7', 'Emin7', 'G7', 'Amin9']"
1059,"['Dbmaj', 'Dbdim', 'Ebmin7', 'Dbmaj', 'Dbmaj', 'Dbmaj', 'Dbmaj', 'Gb7', 'Gb7', 'Dbmaj', 'Dbmaj', 'Ab7', 'Ab7', 'Dbmaj', 'Dbmaj', 'Dbmaj', 'Dbmaj', 'Dbmaj', 'Gb7', 'Gb7', 'Dbmaj', 'Dbmaj', 'Ab7', 'Ab7', 'Ab7', 'Dbmaj', 'Dbmaj', 'Dbmaj', 'Dbmaj', 'Dbmaj', 'Dbmaj', 'Gb7', 'Gb7', 'Dbmaj', 'Dbmaj', 'Ab7', 'Ab7', 'Dbmaj', 'Dbmaj', 'Dbmaj', 'Dbmaj', 'Dbmaj', 'Dbmaj', 'Gb7', 'Gb7', 'Dbmaj', 'Dbmaj', 'Ab7', 'Ab7', 'Ab7', 'Dbmaj', 'Dbmaj', 'Dmaj', 'Dmaj', 'Dmaj', 'Dmaj', 'Dmaj', 'Dmaj', 'G7', 'G7', 'Dmaj', 'Dmaj', 'A7', 'A7', 'Dmaj', 'Dmaj', 'Dmaj', 'Dmaj', 'Dmaj', 'Dmaj', 'G7', 'G7', 'Dmaj', 'Dmaj', 'A7', 'A7', 'A7', 'Dmaj', 'Dmaj', 'Eb', 'Ebmaj', 'Ebmaj', 'Ebmaj', 'Ebmaj', 'Ebmaj', 'Ebmaj', 'Ab7', 'Ab7', 'Ebmaj', 'Ebmaj', 'Bb7', 'Bb7', 'Ebmaj', 'Ebmaj', 'Ebmaj', 'Ebmaj', 'Ebmaj', 'Ebmaj', 'Ab7', 'Ab7', 'Ebmaj', 'Ebmaj', 'Bb7', 'Bb7', 'Bb7', 'Ebmaj', 'Ebmaj', 'Emaj', 'Emaj', 'Emaj', 'Emaj', 'Emaj', 'Emaj', 'A7', 'A7', 'Emaj', 'Emaj', 'B7', 'B7', 'Emaj', 'Emaj', 'Emaj', 'Emaj', 'Emaj', 'Emaj', 'A7', 'A7', 'Emaj', 'Emaj', 'B7', 'B7', 'Emaj']"
1061,"['Cmaj7', 'Cmaj', 'Cmaj7', 'Cmaj', 'G', 'Gsus4', 'G', 'Gsus4', 'Cmaj7', 'Cmaj', 'Cmaj7', 'Cmaj', 'G', 'Gsus4', 'G', 'Gsus4', 'Cmaj7', 'Cmaj', 'Cmaj7', 'Cmaj', 'D', 'Dmin7', 'D', 'Dmin7', 'Cmaj7', 'Cmaj', 'Cmaj7', 'Cmaj', 'D', 'Dmin7', 'D', 'Dmin7', 'Cmaj7', 'Cmaj', 'Cmaj7', 'Cmaj', 'D', 'Dmin7', 'Dmin7', 'Emin7', 'Dmin7', 'Emin7', 'Gsus4', 'Cmaj7', 'Cmaj', 'Cmaj7', 'Cmaj', 'D', 'Dmin7', 'D', 'Dmin7', 'Cmaj7', 'Cmaj', 'Cmaj7', 'Cmaj', 'D', 'Dmin7', 'Dmin7', 'Emin7', 'Dmin7', 'Emin7', 'Dmin7', 'G7', 'Cmaj7', 'Cmaj', 'D', 'Dmin7', 'Cmaj7', 'Cmaj', 'Gmaj', 'Fmaj', 'Emin', 'Dsus4', 'Cmaj', 'Cmaj', 'Fmaj', 'Fmaj', 'Cmaj', 'Cmaj', 'Fmaj', 'Fmaj', 'F', 'F', 'Cmaj', 'Cmaj', 'F', 'F', 'Dmin7', 'G7', 'Cmaj7', 'Cmaj', 'Cmaj7', 'Cmaj', 'D', 'Dmin7', 'D', 'Dmin7', 'Cmaj7', 'Cmaj', 'Cmaj7', 'Cmaj', 'D', 'Dmin7', 'D', 'Dmin7', 'Emin7', 'Dmin7', 'Emin7', 'Dmin7', 'G7', 'Cmaj7', 'Cmaj', 'D', 'Dmin7', 'Cmaj7', 'Cmaj', 'Gmaj', 'Fmaj', 'Emin', 'Dsus4', 'Cmaj', 'Cmaj', 'Fmaj', 'Fmaj', 'Cmaj', 'Cmaj', 'Fmaj', 'Fmaj', 'Cmaj', 'Cmaj', 'Fmaj', 'Fmaj', 'Cmaj', 'Cmaj', 'Fmaj', 'Fmaj', 'Cmaj', 'Cmaj', 'Fmaj', 'Fmaj', 'Cmaj', 'Cmaj', 'Fmaj', 'Fmaj', 'Cmaj', 'Cmaj', 'Fmaj', 'Fmaj']"
1062,"['Dmaj', 'Emaj', 'Bmaj', 'Bmaj', 'Dmaj', 'Emaj', 'Bmaj', 'Bmaj', 'Dmaj', 'Emaj', 'Bmaj', 'Bmaj', 'Bmaj', 'Bmaj', 'Bmaj', 'Bmaj', 'Bmaj', 'Bmaj', 'Bmaj', 'Bmaj', 'Bmaj', 'Bmaj', 'Bmaj', 'Bmaj', 'Dmaj', 'Emaj', 'Bmaj', 'Bmaj', 'Dmaj', 'Emaj', 'Bmaj', 'Bmaj', 'Dmaj', 'Emaj', 'Bmaj', 'Bmaj', 'Dmaj', 'Amaj', 'Bmaj', 'Bmaj', 'Bmaj', 'Bmaj', 'Bmaj', 'Bmaj', 'Bmaj', 'Bmaj', 'Bmaj', 'Bmaj', 'Dmaj', 'Emaj', 'Bmaj', 'Bmaj', 'Dmaj', 'Emaj', 'Bmaj', 'Bmaj', 'Dmaj', 'Emaj', 'Bmaj', 'Bmaj', 'Dmaj', 'Dmaj', 'Emaj', 'Bmaj', 'Bmaj', 'Dmaj', 'Dmaj', 'Emaj', 'Bmaj', 'Bmaj', 'Bmaj', 'Bmaj', 'Bmaj', 'Bmaj', 'Bmaj', 'Bmaj', 'Bmaj', 'Bmaj', 'Bmaj', 'Bmaj', 'Dmaj', 'Emaj', 'Bmaj', 'Bmaj', 'Dmaj', 'Emaj', 'Bmaj', 'Bmaj', 'Dmaj', 'Emaj', 'Bmaj', 'Bmaj', 'Dmaj', 'Amaj', 'Bmaj', 'Bmaj', 'Bmaj', 'Bmaj', 'Bmaj', 'Bmaj', 'Bmaj', 'Bmaj', 'Dmaj', 'Dmaj', 'Emaj', 'Bmaj', 'Bmaj', 'Bmaj', 'Bmaj', 'Dmaj', 'Emaj', 'Bmaj', 'Bmaj', 'Dmaj', 'Emaj', 'Bmaj', 'Bmaj', 'Dmaj', 'Emaj', 'Bmaj', 'Bmaj', 'Dmaj', 'Dmaj', 'Dmaj', 'Dmaj', 'Dmaj', 'Dmaj', 'Dmaj', 'Dmaj', 'Dmaj', 'Dmaj', 'Dmaj', 'Dmaj']"
1063,"['Bbmaj', 'Gmin', 'Ebmaj', 'Fmaj', 'Bbmaj', 'Gmin', 'Ebmaj', 'Fmaj', 'Bbmaj', 'Ebmaj', 'Bbmaj', 'Ebmaj', 'Bbmaj', 'Ebmaj', 'Fmaj', 'Bbmaj', 'Ebmaj', 'Bbmaj', 'Fmaj', 'Bbmaj', 'Ebmaj', 'Bbmaj', 'Ebmaj', 'Bbmaj', 'Ebmaj', 'Bbmaj', 'Bbmaj', 'Ebmaj', 'Abmaj', 'Ebmaj', 'Ebmin', 'Bbmaj', 'F7', 'Bbmaj', 'Ebmaj', 'Bbmaj', 'Ebmaj', 'Bbmaj', 'Ebmaj', 'Bbmaj', 'Ebmaj', 'Bbmaj', 'Bbmaj', 'Ebmaj', 'Abmaj', 'Ebmaj', 'Ebmin', 'Bbmaj', 'F7', 'Bbmaj', 'Ebmaj', 'Ebmaj', 'Eb', 'Bbmaj', 'Bbmaj', 'C7', 'C7', 'Fmaj', 'Ebmaj', 'Dmin', 'Cmin', 'Bbmaj', 'Ebmaj', 'Bbmaj', 'Ebmaj', 'Bbmaj', 'Ebmaj', 'Bbmaj', 'Bbmaj', 'Ebmaj', 'Abmaj', 'Ebmaj', 'Ebmin', 'Bbmaj', 'F7', 'Bbmaj', 'Ebmaj', 'Bbmaj', 'Ebmaj', 'Bbmaj', 'Ebmaj', 'Bbmaj', 'Ebmaj']"
1064,"['Cmaj', 'Csus2', 'Dmin', 'Dmin', 'Fmaj7', 'F', 'Cmaj', 'Cmaj', 'Dmin', 'Dmin', 'Fmaj7', 'F', 'Fmaj', 'Cmaj', 'Dmin', 'Dmin', 'Fmaj7', 'F', 'Cmaj', 'Fmaj', 'Cmaj', 'Dmin', 'Fmaj', 'Cmaj', 'Fmaj', 'Cmaj', 'Dmin', 'Fmaj', 'Gsus4', 'Gsus4', 'G7', 'Dmin', 'Fmaj', 'Cmaj', 'Cmaj7', 'Dmin7', 'Fmaj7', 'F', 'Cmaj', 'Fmaj', 'Cmaj', 'Cmaj7', 'Dmin7', 'Fmaj7', 'F', 'Cmaj', 'Fmaj', 'Cmaj', 'Dmin', 'Fmaj', 'Cmaj', 'Fmaj', 'Cmaj', 'Dmin', 'Fmaj', 'Gsus4', 'Gsus4', 'G7', 'Dmin', 'Fmaj', 'Cmaj', 'Cmaj7', 'Dmin7', 'Fmaj7', 'F', 'Cmaj', 'Fmaj', 'Cmaj', 'Cmaj7', 'Dmin7', 'Fmaj7', 'F', 'Cmaj', 'Fmaj', 'Cmaj', 'Cmaj7', 'Dmin7', 'Fmaj7', 'F', 'Cmaj', 'Fmaj', 'Cmaj', 'Cmaj7', 'Dmin7', 'Fmaj7', 'F', 'Cmaj', 'Fmaj', 'Cmaj', 'Cmaj7', 'Dmin7', 'Fmaj7', 'F', 'Cmaj', 'Fmaj', 'Cmaj', 'Cmaj7', 'Dmin7', 'Fmaj7', 'F', 'Cmaj', 'Fmaj', 'Dmaj', 'Dmaj7', 'Emin7', 'Gmaj7', 'G', 'Dmaj', 'Gmaj', 'Dmaj', 'Dmaj7', 'Emin7', 'Gmaj7', 'G', 'Dmaj', 'Gmaj', 'Dmaj', 'Dmaj7', 'Emin7', 'Gmaj7', 'G', 'Dmaj', 'Gmaj']"
1066,"['Amaj', 'Amaj', 'Dmaj', 'Amaj', 'Emaj', 'Esus4', 'Emaj', 'Esus4', 'Emaj', 'Amaj', 'Amaj', 'Dmaj', 'Amaj', 'Amaj', 'Dmaj', 'Amaj', 'Emaj', 'Esus4', 'Emaj', 'Esus4', 'Emaj', 'Amaj', 'Amaj', 'Dmaj', 'Amaj', 'Amaj', 'Dmaj', 'Amaj', 'Emaj', 'Esus4', 'Emaj', 'Esus4', 'Emaj', 'Amaj', 'Amaj', 'Dmaj', 'Amaj', 'Amaj', 'Dmaj', 'Amaj', 'Emaj', 'Esus4', 'Emaj', 'Esus4', 'Emaj', 'Amaj', 'Amaj', 'Dmaj', 'Amaj', 'Amaj', 'Amaj', 'Amaj', 'Dmaj', 'Amaj', 'Emaj', 'Emaj', 'Emaj', 'Amaj', 'Dmaj', 'Amaj', 'Amaj', 'Dmaj', 'Amaj', 'Emaj', 'Emaj', 'Emaj', 'Amaj', 'Dmaj', 'Amaj', 'Amaj', 'Dmaj', 'Amaj', 'Emaj', 'Emaj', 'Emaj', 'Amaj', 'Dmaj', 'Amaj', 'Amaj', 'F#min', 'F#min', 'Amaj', 'Amaj', 'F#min', 'F#min', 'Amaj', 'Amaj', 'Dmaj', 'Dmaj', 'Amaj', 'Amaj', 'Dmaj', 'Dmaj', 'Amaj', 'Emaj', 'Amaj', 'Amaj', 'Dmaj', 'Amaj', 'Emaj', 'Emaj', 'Emaj', 'Amaj', 'Dmaj', 'Amaj', 'Amaj', 'Amaj', 'Amaj', 'Dmaj', 'Amaj', 'Emaj', 'Emaj', 'Emaj', 'Amaj', 'Dmaj', 'Amaj', 'Amaj', 'Dmaj', 'Amaj', 'Emaj', 'Emaj', 'Emaj', 'Amaj', 'Dmaj', 'Dmaj', 'Amaj', 'Amaj', 'Dmaj', 'Amaj', 'Emaj', 'Emaj', 'Emaj', 'Amaj', 'Dmaj', 'Amaj', 'Amaj', 'Dmaj', 'Amaj', 'Emaj', 'Emaj', 'Emaj', 'Amaj', 'Dmaj', 'Amaj', 'Amaj', 'Dmaj', 'Amaj', 'Emaj', 'Emaj', 'Emaj', 'Amaj', 'Dmaj', 'Amaj', 'Amaj', 'Dmaj', 'Amaj', 'Emaj', 'Emaj', 'Emaj']"
1067,"['Cmaj7', 'D', 'Cmaj7', 'D', 'Cmaj7', 'D', 'Cmaj7', 'D', 'Dmaj', 'Emin', 'Dmaj', 'Emin', 'Dmaj', 'Emin', 'Dmaj', 'Emaj', 'Cmaj7', 'D', 'Cmaj7', 'D', 'Cmaj7', 'B7', 'Dmaj', 'Emin', 'Dmaj', 'Emin', 'Dmaj', 'Emin', 'Dmaj', 'Emaj', 'Cmaj7', 'D', 'Cmaj7', 'D', 'Cmaj7', 'B7', 'Emin', 'Dmaj', 'Cmaj', 'Dsus4', 'Dmaj', 'Bsus4', 'Bmin7', 'Emin', 'Dmaj', 'Cmaj', 'Amin', 'Bsus4', 'Cmaj7', 'D', 'Cmaj7', 'D', 'Dmaj', 'Emin', 'Dmaj', 'Emin', 'Dmaj', 'Emin', 'Dmaj', 'Emaj', 'Cmaj7', 'D', 'Cmaj7', 'D', 'Cmaj7', 'B7', 'Cmaj7', 'D', 'Cmaj7', 'D', 'Cmaj7', 'D', 'Cmaj7', 'D', 'Cmaj7', 'D', 'Cmaj7', 'D', 'Cmaj7', 'D', 'Cmaj7', 'D']"
1068,"['Fmaj7', 'Fmaj7', 'Dmin7', 'Gsus4', 'Cmaj', 'Cmaj', 'Fmaj7', 'Fmaj7', 'Gsus4', 'Gsus4', 'Fmaj7', 'Fmaj7', 'Gsus4', 'G7', 'Cmaj7', 'Cmaj7', 'Cmin7', 'Cmin7', 'Cmaj7', 'Cmaj7', 'Cmin7', 'Cmin7', 'Cmaj7', 'Cmaj7', 'Cmin7', 'C7', 'Fmaj7', 'Fmaj7', 'Dmin7', 'Gsus4', 'Cmaj', 'Cmaj', 'Cmin7', 'Cmin7', 'Dmaj', 'Dbmaj7', 'Cmaj', 'Cmaj', 'Fmaj7', 'Fmaj7', 'Gsus4', 'Gsus4', 'Fmaj7', 'Fmaj7', 'Gsus4', 'G7', 'Cmaj7', 'Cmaj7', 'Cmin7', 'Cmin7', 'Cmaj7', 'Cmaj7', 'Cmin7', 'Cmin7', 'Cmaj7', 'Cmaj7', 'Cmin7', 'C7', 'Fmaj7', 'Fmaj7', 'Dmin7', 'Gsus4', 'Cmaj', 'Cmaj', 'Cmin7', 'Cmin7', 'Dmaj', 'Dbmaj7', 'Cmaj', 'Cmaj', 'Cmaj', 'Cmaj', 'Cmin7', 'Cmin7', 'Dmaj', 'Dbmaj7', 'Cmaj', 'Cmaj', 'Fmaj7', 'Fmaj7', 'Dmin7', 'Gsus4', 'Cmaj', 'Cmaj', 'Cmin7', 'Cmin7', 'Dmaj', 'Dbmaj7', 'Cmaj', 'Cmaj', 'Cmaj', 'Cmaj', 'Cmin7', 'Cmin7']"
1069,"['Cmaj', 'Fmaj', 'Cmaj', 'Fmaj', 'Cmaj', 'Gmin', 'Fmaj', 'Cmaj', 'Gmin', 'Fmaj', 'Cmaj', 'Gmin', 'Fmaj', 'Emin', 'Dmin', 'Gmaj', 'Cmaj', 'Cmaj', 'Gmin', 'Fmaj', 'Cmaj', 'Gmin', 'Fmaj', 'Cmaj', 'Gmin', 'Fmaj', 'Emin', 'Dmin', 'Gmaj', 'Cmaj', 'Cmaj', 'Fmaj', 'Cmaj', 'Dmin7', 'Fmaj', 'Gmaj', 'Cmaj', 'Fmaj', 'Cmaj', 'Cmaj', 'Fmaj', 'Cmaj', 'Dmin7', 'Fmaj', 'Gmaj', 'Cmaj', 'Fmaj', 'Cmaj', 'Cmaj', 'Gmin', 'Fmaj', 'Cmaj', 'Gmin', 'Fmaj', 'Cmaj', 'Gmin', 'Fmaj', 'Emin', 'Dmin', 'Gmaj', 'Cmaj', 'Cmaj', 'Fmaj', 'Cmaj', 'Dmin7', 'Fmaj', 'Gmaj', 'Cmaj', 'Fmaj', 'Cmaj', 'Cmaj', 'Fmaj', 'Cmaj', 'Dmin7', 'Fmaj', 'Gmaj', 'Cmaj', 'Fmaj', 'Cmaj', 'Cmaj', 'Fmaj', 'Cmaj', 'Fmaj', 'Cmaj', 'Fmaj', 'Cmaj', 'Fmaj', 'Cmaj', 'Dmin7', 'Fmaj', 'Gmaj', 'Cmaj', 'Fmaj', 'Cmaj', 'Cmaj', 'Fmaj', 'Cmaj', 'Dmin7', 'Fmaj', 'Gmaj', 'Cmaj', 'Fmaj', 'Cmaj', 'Cmaj', 'Fmaj', 'Cmaj', 'Dmin7', 'Fmaj', 'Gmaj', 'Cmaj', 'Fmaj', 'Cmaj', 'Cmaj', 'Fmaj', 'Cmaj', 'Dmin7', 'Fmaj', 'Gmaj', 'Cmaj', 'Fmaj', 'Cmaj']"
1070,"['Gmaj', 'Gmaj', 'Gmaj', 'Cmin', 'Cmaj', 'Gmaj', 'Dmaj', 'Emin', 'Bmin', 'Dmin7', 'Ebmaj', 'Gmaj', 'Cmin', 'Cmaj', 'Gmaj', 'Dmaj', 'Emin', 'Bmin', 'Dmin7', 'Ebmaj', 'Bbmaj', 'Dmin7', 'Ebmaj', 'Ebmaj', 'Dbmaj', 'Fmin7', 'Gbmaj', 'Gbmaj', 'Bbmaj', 'Ebmin', 'Bbmaj', 'Ebmin', 'Bbmaj', 'Ebmin', 'Gmaj', 'Gmaj', 'Gmaj', 'Cmin', 'Cmaj', 'Gmaj', 'Dmaj', 'Emin', 'Bmin', 'Cmaj', 'Dmaj', 'Gmaj', 'Cmin', 'Cmaj', 'Gmaj', 'Dmaj', 'Emin', 'Bmin', 'Cmaj', 'Dmaj', 'Bbmaj', 'Dmin7', 'Ebmaj', 'Ebmaj', 'Dbmaj', 'Fmin7', 'Gbmaj', 'Gbmaj', 'Bbmaj', 'Ebmin', 'Bbmaj', 'Ebmin', 'Bbmaj', 'Ebmin', 'Gmaj', 'Gmaj', 'Gmaj', 'Cmin', 'Cmaj', 'Gmaj', 'Dmaj', 'Emin', 'Bmin', 'Cmaj', 'Dmaj', 'Gmaj', 'Cmin', 'Cmaj', 'Gmaj', 'Dmaj', 'Emin', 'Bmin', 'Cmaj', 'Dmaj', 'Bbmaj', 'Dmin7', 'Ebmaj', 'Ebmaj', 'Dbmaj', 'Fmin7', 'Gbmaj', 'Gbmaj', 'Gmaj', 'Cmin', 'Gmaj', 'Cmin', 'Gmaj', 'Cmin', 'Gmaj', 'Cmin', 'Gmaj', 'Cmin', 'Gmaj', 'Cmin', 'Gmaj', 'Cmin', 'Gmaj', 'Cmin', 'Gmaj', 'Cmin', 'Gmaj', 'Cmin', 'Gmaj', 'Cmin', 'Gmaj', 'Cmin', 'Gmaj', 'Cmin', 'Gmaj', 'Cmin', 'Gmaj', 'Cmin', 'Gmaj', 'Cmin']"
1071,"['Emaj', 'Emaj', 'Amaj', 'Emin', 'Emaj', 'Emaj', 'Emaj', 'Amaj', 'Emin', 'Emaj', 'F#7', 'F#7', 'Emaj', 'Emaj', 'F#7', 'F#7', 'Emaj', 'Emaj', 'Amaj', 'Emaj', 'Amaj', 'Emaj', 'Amaj', 'Emaj', 'B7', 'B7', 'F#7', 'F#7', 'F#maj', 'Bmaj', 'Emaj', 'Emaj', 'F#7', 'F#7', 'Emaj', 'Emaj', 'F#7', 'F#7', 'Emaj', 'Emaj', 'Amaj', 'Emaj', 'Amaj', 'Emaj', 'Amaj', 'Emaj', 'B7', 'B7', 'F#7', 'F#7', 'F#maj', 'Bmaj', 'Emaj', 'Emaj', 'Amaj', 'Emaj', 'Amaj', 'Emaj', 'Amaj', 'Emaj', 'B7', 'B7', 'B7', 'B7', 'F#7', 'F#7', 'Emaj', 'Emaj', 'F#7', 'F#7', 'Emaj', 'Emaj', 'Amaj', 'Emaj', 'Amaj', 'Emaj', 'Amaj', 'Emaj', 'B7', 'B7', 'F#7', 'F#7', 'F#maj', 'Bmaj', 'Emaj', 'Emaj', 'F#maj', 'Bmaj', 'Emaj', 'Emaj', 'F#maj', 'Bmaj', 'Emaj', 'Emaj', 'Emaj', 'Emaj', 'Amaj', 'Emin', 'Emaj', 'Emaj', 'Emaj', 'Amaj', 'Emin', 'Emaj', 'Emaj', 'Emaj', 'Amaj', 'Emaj', 'Emaj', 'Emaj', 'Amaj', 'Emaj', 'Emaj', 'Emaj', 'Amaj', 'Emaj', 'Emaj', 'Emaj', 'Amaj', 'Emaj', 'Emaj', 'Emaj', 'Amaj', 'Emaj', 'Emaj', 'Emaj', 'Amaj', 'Emaj', 'Emaj', 'Emaj', 'Amaj', 'Emaj', 'Emaj', 'Emaj', 'Amaj', 'Amaj', 'Emaj', 'Emaj', 'Emaj', 'Emaj', 'Emaj', 'Cmaj']"
1072,"['Bbmaj', 'Ebmaj', 'Bbmaj', 'F7', 'Bbmaj', 'Ebmaj', 'Bbmaj', 'F7', 'Bbmaj', 'Bbmaj', 'Ebmaj', 'Bbmaj', 'F7', 'Bbmaj', 'Ebmaj', 'Bbmaj', 'F7', 'Bbmaj', 'Ebmaj', 'Bbmaj', 'F7', 'Bbmaj', 'Ebmaj', 'Bbmaj', 'F7', 'Bbmaj', 'Bbmaj', 'Ebmaj', 'Bbmaj', 'F7', 'Bbmaj', 'Ebmaj', 'Bbmaj', 'F7', 'Bbmaj', 'Bbmaj', 'Ebmaj', 'F7', 'Bbmaj', 'Bbmaj', 'Ebmaj', 'F7', 'Bbmaj', 'Bbmaj', 'Ebmaj', 'F7', 'Bbmaj', 'Bbmaj', 'Ebmaj', 'F7', 'Bbmaj', 'Ebmaj', 'Bbmaj', 'F7', 'Bbmaj', 'Ebmaj', 'Bbmaj', 'F7', 'Bbmaj', 'Bbmaj', 'Ebmaj', 'Bbmaj', 'F7', 'Bbmaj', 'Ebmaj', 'Bbmaj', 'F7', 'Bbmaj', 'Bbmaj', 'Ebmaj', 'F7', 'Bbmaj', 'Bbmaj', 'Ebmaj', 'F7', 'Bbmaj', 'Bbmaj', 'Ebmaj', 'F7', 'Bbmaj', 'Bbmaj', 'Ebmaj', 'F7', 'Bbmaj', 'Bbmaj', 'Ebmaj', 'F7', 'Bbmaj']"
1073,"['Dmaj', 'G5', 'F5', 'C', 'D5', 'Dmaj', 'G5', 'F5', 'C', 'D5', 'Dmaj', 'G5', 'F5', 'C', 'D5', 'Dmaj', 'G5', 'F5', 'C', 'D5', 'Cmaj', 'Dmin', 'Cmaj', 'Dmin', 'Cmaj', 'Dmin', 'Cmaj', 'Bbmaj', 'Amaj', 'Dmin', 'Dmin', 'Dmin', 'Bbmaj', 'Cmaj', 'Dmin', 'Dmin', 'Dmin', 'Bbmaj', 'Cmaj', 'Dmaj', 'G5', 'F5', 'C', 'D5', 'Dmaj', 'G5', 'F5', 'C', 'D5', 'Dmaj', 'G5', 'F5', 'C', 'D5', 'Cmaj', 'Dmin', 'Cmaj', 'Dmin', 'Cmaj', 'Dmin', 'Cmaj', 'Bbmaj', 'Amaj', 'Dmin', 'Dmin', 'Dmin', 'Bbmaj', 'Cmaj', 'Dmin', 'Dmin', 'Dmin', 'Bbmaj', 'Cmaj', 'Bbmaj', 'Cmaj', 'Bbmaj', 'Cmaj', 'Dmaj', 'G5', 'F5', 'C', 'D5', 'Dmaj', 'G5', 'F5', 'C', 'D5', 'Dmaj', 'G5', 'F5', 'C', 'D5', 'Cmaj', 'Dmin', 'Cmaj', 'Dmin', 'Cmaj', 'Dmin', 'Cmaj', 'Bbmaj', 'Amaj', 'Dmin', 'Dmin', 'Dmin', 'Bbmaj', 'Cmaj', 'Dmin', 'Dmin', 'Dmin', 'Bbmaj', 'Cmaj', 'Dmin', 'Dmin', 'Dmin', 'Bbmaj', 'Cmaj', 'Dmin', 'Dmin', 'Dmin', 'Bbmaj', 'Cmaj', 'Dmin', 'Dmin', 'Dmin', 'Bbmaj', 'Cmaj']"
1076,"['C#min9', 'C#min9', 'C#min9', 'C#min9', 'C#min9', 'C#min9', 'C#min9', 'C#min9', 'Amaj7', 'Amaj7', 'C#min9', 'C#min9', 'C#min9', 'Amaj7', 'Amaj7', 'C#min9', 'C#min9', 'C#min9', 'Amaj7', 'G#7', 'F#min7', 'Bsus4', 'B7', 'Emaj7', 'E7', 'Amaj7', 'G#min7', 'F#sus4', 'F#7', 'Bsus4', 'B', 'Amaj7', 'Amaj7', 'C#min9', 'C#min9', 'C#min9', 'Amaj7', 'Amaj7', 'C#min9', 'C#min9', 'C#min9', 'Amaj7', 'G#7', 'F#min7', 'Bsus4', 'B7', 'Emaj7', 'E7', 'Amaj7', 'G#min7', 'F#sus4', 'F#7', 'Bsus4', 'B', 'C#min9', 'C#min9', 'G#min7', 'G#min7', 'F#min7', 'F#min7', 'Bmaj', 'Bmaj', 'Bsus4', 'Bmaj', 'C#min9', 'C#min9', 'G#min9', 'G#min9', 'F#min9', 'F#min9', 'Bsus4', 'Bsus4', 'Bmaj', 'Amaj7', 'Amaj7', 'C#min9', 'C#min9', 'C#min9', 'Amaj7', 'Amaj7', 'C#min9', 'C#min9', 'C#min9', 'Amaj7', 'G#7', 'F#min7', 'Bsus4', 'B7', 'Emaj7', 'E7', 'Amaj7', 'G#min7', 'F#sus4', 'F#7', 'Bsus4', 'Bsus4', 'B', 'B', 'C#min9', 'C#min9', 'G#min9', 'G#min9', 'F#min7', 'F#min7', 'Bmaj', 'Bmaj', 'Asus2', 'Bmaj', 'C#min9', 'C#min9', 'G#min9', 'G#min9', 'F#min7', 'F#min7', 'Bmaj', 'Bmaj', 'Asus2', 'Bmaj', 'C#min9', 'C#min9', 'G#min9', 'G#min9', 'F#min7', 'F#min7', 'Bmaj', 'Bmaj', 'Asus2', 'Bmaj', 'C#min9', 'C#min9', 'G#min9', 'G#min9', 'F#min7', 'F#min7', 'Bmaj', 'Bmaj', 'Asus2', 'Bmaj']"
1078,"['D', 'D', 'Gmaj7', 'Emin7', 'D', 'D', 'Bmin7', 'E', 'D', 'D', 'Emin', 'Cmin', 'Cmin7', 'C', 'Gmaj', 'C#', 'Cmaj', 'Bmin', 'Emin', 'A', 'A', 'D', 'D', 'Gmaj7', 'Emin7', 'D', 'D', 'Bmin7', 'E', 'D', 'D', 'Emin', 'Cmin', 'Cmin7', 'C', 'Gmaj', 'C#', 'Cmaj', 'Bmin', 'Emin', 'A', 'A', 'D', 'D', 'G7', 'G7', 'G7', 'Gmaj7', 'Emin7', 'D', 'D', 'Bmin7', 'E', 'D', 'D', 'Emin', 'Cmin', 'Cmin7', 'C', 'Gmaj', 'C#', 'Cmaj', 'Bmin', 'Emin', 'A', 'A', 'D', 'D', 'G7', 'G7', 'G7', 'G7', 'G7', 'G7', 'G7', 'G7', 'G7']"
1082,"['Cmaj', 'Cmaj', 'Fmaj', 'Fmaj', 'C', 'Cmaj', 'Fmaj', 'F', 'Fmaj', 'Cmaj', 'Cmaj', 'Cmaj', 'Cmaj', 'Gmaj', 'Dmin7', 'Cmaj', 'Cmaj', 'Gsus4', 'Cmaj', 'Cmaj', 'Gsus4', 'Cmaj', 'Cmaj', 'Gmaj', 'Dmin7', 'Cmaj', 'Cmaj', 'B', 'Amin', 'Dmin', 'Amin', 'Dmin', 'Emin', 'Fmaj', 'Gsus4', 'Cmaj', 'Gmaj', 'Amin', 'Emin', 'Fmaj', 'Fmaj7', 'F', 'Cmaj', 'Cmaj', 'Fmaj', 'F', 'Fmaj', 'Cmaj', 'Cmaj', 'Cmaj', 'Cmaj', 'Gmaj', 'Dmin7', 'Cmaj', 'Cmaj', 'Gsus4', 'Cmaj', 'Cmaj', 'Gsus4', 'Cmaj', 'Cmaj', 'Gmaj', 'Dmin7', 'Cmaj', 'Cmaj', 'Fmaj7', 'F', 'Fmaj7', 'F', 'Cmaj', 'Cmaj', 'Fmaj7', 'F', 'Fmaj7', 'F', 'Dmin7', 'Emaj', 'Amin', 'Dmin', 'Amin', 'Dmin', 'Emin', 'Fmaj', 'Gsus4', 'Cmaj', 'Gmaj', 'Amin', 'Emin', 'Fmaj', 'Fmaj7', 'F', 'Cmaj', 'Gmaj', 'Fmaj7', 'Fmaj7', 'Cmaj', 'Gmaj', 'Fmaj7', 'Fmaj7', 'Cmaj', 'Gmaj', 'Fmaj7', 'Fmaj7']"
1084,"['Abmaj', 'Abmaj', 'Abmaj', 'Ebmaj', 'Ebmaj', 'Ebmaj', 'Abmaj', 'Abmaj', 'Ebmaj', 'Ebmaj', 'Ebmaj', 'Abmaj', 'Fmin', 'Fmin', 'Cmin', 'Cmin', 'Dbmaj', 'Bbmin', 'Abmaj', 'Fmin', 'Dbmaj', 'Bbmin', 'Ebsus4', 'Abmaj', 'Fmin', 'Dbmaj', 'Bbmin', 'Ebsus4', 'Abmaj', 'Fmin', 'Cmin', 'Abmaj', 'Ebmaj', 'Ebmaj', 'Ebmaj', 'Abmaj', 'Abmaj', 'Ebmaj', 'Ebmaj', 'Ebmaj', 'Abmaj', 'Fmin', 'Fmin', 'Cmin', 'Cmin', 'Dbmaj', 'Bbmin', 'Abmaj', 'Fmin', 'Dbmaj', 'Bbmin', 'Ebsus4', 'Abmaj', 'Fmin', 'Dbmaj', 'Bbmin', 'Ebsus4', 'Abmaj', 'Fmin', 'Cmin', 'Abmaj', 'Ebmaj', 'Ebmaj', 'Ebmaj', 'Abmaj', 'Abmaj', 'Ebmaj', 'Ebmaj', 'Ebmaj', 'Abmaj', 'Fmin', 'Fmin', 'Cmin', 'Cmin', 'Dbmaj', 'Bbmin', 'Ebmaj', 'Abmaj', 'Fmin', 'Dbmaj', 'Bbmin', 'Ebsus4', 'Abmaj', 'Fmin', 'Dbmaj', 'Bbmin', 'Ebsus4', 'Abmaj', 'Fmin', 'Dbmaj', 'Bbmin', 'Ebsus4', 'Abmaj', 'Fmin', 'Dbmaj', 'Bbmin', 'Ebsus4', 'Abmaj', 'Fmin', 'Cmin', 'Abmaj', 'Fmin', 'Dbmaj', 'Bbmin', 'Ebsus4', 'Abmaj', 'Fmin', 'Dbmaj', 'Bbmin', 'Ebsus4', 'Abmaj', 'Fmin', 'Dbmaj', 'Bbmin', 'Ebsus4', 'Abmaj', 'Fmin', 'Dbmaj', 'Bbmin', 'Ebsus4', 'Abmaj', 'Fmin', 'Dbmaj', 'Bbmin', 'Ebsus4', 'Abmaj', 'Fmin']"
1085,"['Abmaj7', 'Abmaj7', 'Cbmaj', 'Cbmaj', 'Abmaj7', 'Abmaj7', 'Cbmaj', 'Cbmaj', 'Csus2', 'Csus2', 'Bbsus4', 'Bbsus4', 'Bbsus4', 'Bbsus4', 'Bbsus4', 'Bbsus4', 'Emaj7', 'Emaj7', 'Gmaj7', 'Gmaj7', 'Absus4', 'Absus4', 'Cmin', 'Abmaj', 'Ebmaj', 'Bbmaj', 'G7', 'Cmin', 'Abmaj', 'Ebmaj', 'Bbmaj', 'G7', 'Cmin', 'Bbmaj', 'Ebmaj', 'Fmin', 'Gsus4', 'G7', 'Ebsus4', 'Ebmaj', 'Dbmaj', 'Abmaj', 'Ebsus4', 'Ebmaj', 'Dbmaj', 'Abmaj', 'Ebsus4', 'Ebmaj', 'Dbmaj', 'Abmaj', 'Ebsus4', 'Ebmaj', 'Dbmaj', 'Abmaj', 'Ebmaj', 'Cmin', 'Bbsus4', 'Bbmaj', 'Absus4', 'Abmaj', 'Cmin', 'Abmaj', 'Ebmaj', 'Bbmaj', 'G7', 'Cmin', 'Abmaj', 'Ebmaj', 'Bbmaj', 'G7', 'Cmin', 'Bbmaj', 'Ebmaj', 'Fmin', 'Gsus4', 'G7', 'Ebsus4', 'Ebmaj', 'Dbmaj', 'Abmaj', 'Ebsus4', 'Ebmaj', 'Dbmaj', 'Abmaj', 'Ebsus4', 'Ebmaj', 'Dbmaj', 'Abmaj', 'Ebsus4', 'Ebmaj', 'Dbmaj', 'Abmaj', 'Ebmaj', 'Cmin', 'Bbsus4', 'Bbmaj', 'Abmaj', 'Bmaj', 'Emin7', 'A7', 'Emin7', 'A7', 'Emin7', 'A7', 'Emin7', 'A7', 'Emin7', 'A7', 'Emin7', 'A7', 'Emin7', 'A7', 'Emin7', 'A7', 'Emin7', 'A7', 'Emin7', 'A7', 'Emin7', 'A7', 'Emin7', 'A7', 'Emin7', 'A7', 'Emin7', 'A7', 'Emin7', 'A7', 'Emin7', 'A7', 'Csus2', 'Csus2', 'Bbsus4', 'Bbsus4', 'Ebsus4', 'Ebmaj', 'Dbmaj', 'Abmaj', 'Ebsus4', 'Ebmaj', 'Dbmaj', 'Abmaj', 'Ebsus4', 'Ebmaj', 'Dbmaj', 'Abmaj', 'Ebsus4', 'Ebmaj', 'Dbmaj', 'Abmaj', 'Ebmaj', 'Cmin', 'Bbsus4', 'Bbmaj', 'Absus4', 'Absus4', 'Cmaj', 'Fmaj', 'Bbmaj', 'Ebmaj', 'Gmaj', 'Cmaj', 'Fmaj', 'Bbmaj', 'Ebmaj', 'Gmaj', 'Cmaj', 'Fmaj', 'Bbmaj', 'Ebmaj', 'Gmaj', 'Cmaj', 'Fmaj', 'Bbmaj', 'Ebmaj', 'Gmaj', 'Cmaj', 'Cmaj']"
1086,"['C', 'Cmin7', 'Abmaj', 'Abmaj', 'Ebmaj', 'Bbmaj', 'Cmin', 'Ebmaj', 'Ebmaj', 'Cmin', 'Cmin', 'Abmaj', 'Abmaj', 'Ebmaj', 'Bbmaj', 'Cmin', 'Ebmaj', 'Bb7', 'Cmin7', 'Fmaj', 'Bbmaj', 'Bb7', 'Ebmaj', 'Bbmaj', 'Cmin', 'Fmin', 'Bbsus4', 'Cmin7', 'Fmaj', 'Bbmaj', 'Bb7', 'Ebmaj', 'Bbmaj', 'Cmin', 'Fmin', 'Bbsus4', 'Cmaj', 'Cmaj', 'Cmaj', 'Bbmaj', 'Fmaj', 'Cmaj', 'Bbmaj', 'Fmaj', 'Cmaj', 'Bbmaj', 'Fmaj', 'Cmaj', 'Bbmaj', 'Fmaj', 'Cmaj', 'Bbmaj', 'Fmaj', 'Cmaj', 'Bbmaj', 'Fmaj', 'Gmaj', 'Gmaj', 'Cmin7', 'Fmaj', 'Bbmaj', 'Bb7', 'Ebmaj', 'Bbmaj', 'Cmin', 'Fmin', 'Bbsus4', 'Cmin7', 'Fmin7', 'Bb7', 'Cmin7', 'Fmaj', 'Bbmaj', 'Bb7', 'Ebmaj', 'Bbmaj', 'Cmin', 'Fmin', 'Bbsus4', 'Cmaj', 'Cmaj', 'Cmaj', 'Bbmaj', 'Fmaj', 'Cmaj', 'Bbmaj', 'Fmaj', 'Cmaj', 'Bbmaj', 'Fmaj', 'Cmaj', 'Bbmaj', 'Fmaj', 'Cmaj', 'Bbmaj', 'Fmaj', 'Cmaj', 'Bbmaj', 'Fmaj', 'Cmaj', 'Bbmaj', 'Fmaj', 'Cmaj', 'Bbmaj', 'Fmaj', 'Cmaj', 'Bbmaj', 'Fmaj', 'Cmaj', 'Bbmaj', 'Fmaj', 'Cmaj', 'Bbmaj', 'Fmaj', 'Cmaj', 'Bbmaj', 'Fmaj', 'Cmaj', 'Bbmaj', 'Fmaj', 'Cmaj', 'Bbmaj', 'Fmaj', 'Cmaj', 'Bbmaj', 'Fmaj', 'Cmaj', 'Bbmaj', 'Fmaj', 'Cmaj', 'Bbmaj', 'Fmaj', 'Cmaj', 'Bbmaj', 'Fmaj', 'Cmaj', 'Bbmaj', 'Fmaj', 'Cmaj', 'Bbmaj', 'Fmaj', 'Cmaj', 'Bbmaj', 'Fmaj', 'Cmaj', 'Bbmaj', 'Fmaj']"
1087,"['Bbmaj', 'Ebmin', 'Bbmaj', 'Ebmin', 'Bbmaj', 'Ebmin', 'Bbmaj', 'Ebmin', 'Bbmaj', 'Gmin', 'Cmaj', 'Fmaj', 'Bbmaj', 'Gmin', 'Ebmaj', 'Cmin', 'Dmin', 'Gmin', 'Cmaj', 'Fmaj', 'Bbmaj', 'Ebmin', 'Bbmaj', 'Bbmaj', 'Ebmin', 'Bbmaj', 'Ebmin', 'Bbmaj', 'Gmin', 'Cmaj', 'Fmaj', 'Bbmaj', 'Gmin', 'Ebmaj', 'Cmin', 'Dmin', 'Gmin', 'Cmaj', 'Fmaj', 'Bbmaj', 'Ebmin', 'Bbmaj', 'Bbmaj', 'Ebmin', 'Bbmaj', 'Ebmin', 'Bbmaj', 'Gmin', 'Cmaj', 'Fmaj', 'Bbmaj', 'Gmin', 'Ebmaj', 'Cmin', 'Dmin', 'Gmin', 'Cmaj', 'Fmaj', 'Bbmaj', 'Ebmin', 'Bbmaj', 'Bbmaj', 'Ebmin', 'Bbmaj', 'Ebmin', 'Bbmaj', 'Gmin', 'Cmaj', 'Fmaj', 'Bbmaj', 'Gmin', 'Ebmaj', 'Cmin', 'Dmin', 'Gmin', 'Cmaj', 'Fmaj', 'Bbmaj', 'Ebmin', 'Bbmaj', 'Bbmaj']"
1089,"['Amaj', 'Amaj', 'Amaj', 'Amaj', 'Gmaj', 'Gmaj', 'Amaj', 'Amaj', 'Dmaj', 'Dmaj', 'Amaj', 'Amaj', 'Dmaj', 'Dmaj', 'Gmaj', 'Dmaj', 'Emaj', 'F#min', 'Dmaj', 'Dmaj', 'Gmaj', 'Dmaj', 'Emaj', 'Dmaj', 'Emaj', 'Dmaj', 'Amaj', 'Emaj', 'Dmaj', 'Gmaj', 'Amaj', 'Emaj', 'Dmaj', 'Gmaj', 'Amaj', 'Amaj', 'Amaj', 'Amaj', 'Gmaj', 'Gmaj', 'Amaj', 'Amaj', 'Dmaj', 'Dmaj', 'Amaj', 'Amaj', 'Dmaj', 'Dmaj', 'Gmaj', 'Dmaj', 'Emaj', 'F#min', 'Dmaj', 'Dmaj', 'Gmaj', 'Dmaj', 'Emaj', 'Dmaj', 'Emaj', 'Dmaj', 'Amaj', 'Emaj', 'Dmaj', 'Gmaj', 'Amaj', 'Emaj', 'Dmaj', 'Gmaj', 'Amaj', 'Amaj', 'Amaj', 'Amaj', 'Gmaj', 'Gmaj', 'Amaj', 'Amaj', 'Amaj', 'Amaj', 'Gmaj', 'Gmaj', 'Emaj', 'Dmaj', 'Emaj', 'Dmaj', 'Dmaj', 'Amaj', 'Emaj', 'Dmaj', 'Gmaj', 'Amaj', 'Emaj', 'Gmaj', 'Gmaj', 'Amaj', 'Amaj', 'Amaj', 'Emaj', 'Gmaj', 'Gmaj', 'Amaj', 'Emaj', 'Gmaj', 'Gmaj', 'Amaj', 'Emaj', 'Gmaj', 'Gmaj', 'Amaj', 'Emaj', 'Gmaj', 'Gmaj', 'Amaj', 'Emaj', 'Gmaj', 'Gmaj', 'Amaj', 'Emaj', 'Gmaj', 'Gmaj', 'Amaj', 'Emaj', 'Gmaj', 'Gmaj', 'Amaj', 'Emaj', 'Gmaj', 'Gmaj']"
1091,"['Fmaj', 'Fmaj', 'Fmaj', 'Fmaj', 'Fmaj', 'Fmaj', 'Fmaj', 'Fmaj', 'Dmin', 'Bbmaj', 'Cmaj', 'Cmaj', 'Fmaj', 'Fmaj', 'Fmaj', 'Fmaj', 'Dmin', 'Bbmaj', 'Gmaj', 'Cmaj', 'Dbmaj', 'Gb', 'Gbmaj', 'Ebmin', 'Gbmaj', 'Db7', 'Bmaj', 'Bbmaj', 'Ebmin', 'Bmaj', 'Abmaj', 'Gbmaj', 'Ebmin', 'Bmaj', 'Db7', 'Gbmaj', 'Dbmaj', 'Gbmaj', 'Ebmin', 'Gbmaj', 'Ebmin', 'Bmaj', 'Dbmaj', 'Bmaj', 'Dbmaj', 'Ebmin', 'Bmaj', 'Abmaj', 'Db7', 'Gbmaj', 'Ebmin', 'Gbmaj', 'Db7', 'Bmaj', 'Bbmaj', 'Ebmin', 'Bmaj', 'Abmaj', 'Gbmaj', 'Ebmin', 'Bmaj', 'Db7', 'Gbmaj', 'Ebmin', 'Gbmaj', 'Ebmin', 'Gbmaj', 'Ebmin', 'Gbmaj', 'Ebmin', 'Gbmaj', 'Ebmin', 'Gbmaj', 'Ebmin', 'Gbmaj', 'Ebmin', 'Gbmaj', 'Ebmin', 'Gbmaj', 'Ebmin', 'Gbmaj', 'Ebmin']"
1093,"['Gaug', 'Cmaj', 'Cmaj', 'Cmaj', 'Cmaj', 'Gmaj', 'Gmaj', 'Cmaj', 'Cmaj', 'Cmaj', 'Cmaj', 'Cmaj', 'Cmaj', 'Fmaj', 'Fmaj', 'Cmaj', 'Cmaj', 'Gmaj', 'Bbmaj', 'Fmaj', 'Gmaj', 'Cmaj', 'Cmaj', 'Cmaj', 'Cmaj', 'Cmaj', 'Cmaj', 'Fmaj', 'Fmaj', 'Cmaj', 'Cmaj', 'Gmaj', 'Bbmaj', 'Fmaj', 'Gmaj', 'Cmaj', 'Cmaj', 'Fmaj', 'Gmaj', 'Cmaj', 'C7', 'Fmaj', 'D7', 'G7', 'Gaug', 'Cmaj', 'Cmaj', 'Cmaj', 'Cmaj', 'Fmaj', 'Fmaj', 'Cmaj', 'Cmaj', 'Gmaj', 'Bbmaj', 'Fmaj', 'Gmaj', 'Cmaj', 'Cmaj', 'Cmaj', 'Cmaj', 'Cmaj', 'Cmaj', 'Gmaj', 'Gmaj', 'Cmaj', 'Cmaj', 'Fmaj', 'Gmaj', 'Cmaj', 'C7', 'Fmaj', 'D7', 'G7', 'Gaug', 'Cmaj', 'Cmaj', 'Cmaj', 'Cmaj', 'Fmaj', 'Fmaj', 'Cmaj', 'Cmaj', 'Gmaj', 'Bbmaj', 'Fmaj', 'Gmaj', 'Cmaj', 'Cmaj', 'Cmaj', 'Cmaj', 'Cmaj', 'Cmaj', 'Gmaj', 'Gmaj', 'Cmaj', 'Cmaj', 'Fmaj', 'Dmaj', 'Gmaj', 'Cmaj']"
1094,"['Dmaj', 'Gmaj', 'Amaj', 'Dmaj', 'Gmaj', 'Amaj', 'Dmaj', 'Bmin', 'Gmaj', 'Amaj', 'Dmaj', 'Gmaj', 'Dmaj', 'Amaj', 'Dmaj', 'Bmin', 'Gmaj', 'Amaj', 'Dmaj', 'Gmaj', 'Dmaj', 'Amaj', 'Dmaj', 'Bmin', 'Gmaj', 'Amaj', 'Dmaj', 'Bmin', 'Gmaj', 'Amaj', 'Dmaj', 'Bmin', 'Gmaj', 'Amaj', 'Dmaj', 'Gmaj', 'Dmaj', 'Amaj', 'Dmaj', 'Bmin', 'Gmaj', 'Amaj', 'Dmaj', 'Bmin', 'Gmaj', 'Amaj', 'Dmaj', 'Bmin', 'Gmaj', 'Amaj', 'Dmaj', 'Gmaj', 'Dmaj', 'Amaj', 'Dmaj', 'Bmin', 'Gmaj', 'Amaj', 'Dmaj', 'Bmin', 'Gmaj', 'Amaj', 'Dmaj', 'Gmaj', 'Dmaj']"
1096,"['G7', 'G7', 'G7', 'G7', 'G7', 'G7', 'G7', 'G7', 'F7', 'F7', 'F7', 'F7', 'G7', 'G7', 'G7', 'G7', 'G7', 'G7', 'G7', 'G7', 'G7', 'G7', 'G7', 'G7', 'G7', 'F7', 'F7', 'F7', 'F7', 'G7', 'G7', 'G7', 'G7', 'G7', 'F7', 'F7', 'F7', 'F7', 'G7', 'G7', 'G7', 'G7', 'G7', 'G7', 'G7', 'G7', 'G7', 'G7', 'G7', 'G7', 'G7', 'G7', 'G7', 'G7', 'G7']"
1097,"['Fmaj', 'Amin7', 'Bbmaj', 'Csus4', 'Fmaj', 'Gmin7', 'Fmaj', 'Bbmaj7', 'Gmin7', 'Csus4', 'Fmaj', 'Bbmin', 'Fmaj', 'Bb', 'Fmaj', 'B7', 'Bbmin7', 'Abmaj7', 'Fmaj', 'Bb', 'Fmaj', 'Bb', 'Fmaj', 'B7', 'Bbmin7', 'Dbmaj9', 'Fmaj', 'Fmaj', 'Bb', 'Fmaj', 'Bb', 'Fmaj', 'B7', 'Bbmin7', 'Dbmaj9', 'Fmaj', 'Fmaj', 'Faug', 'Fmaj', 'Amin7', 'Dmin', 'Bbmaj7', 'Ebmaj7', 'Bbmaj', 'C7', 'Fmaj', 'Faug', 'Fmaj', 'Amin7', 'Dmin9', 'Bbsus2', 'Ebmaj9', 'Csus4', 'Baug', 'Bbmaj9', 'Amin7', 'Dmin7', 'Gmin9', 'Fmaj9', 'Bsus4', 'Emaj9', 'Abmin7', 'Abmin7', 'Dbmin9', 'Bmaj9', 'Cmin9', 'Fmin9', 'Bbmin9', 'Ab', 'Abmin9', 'Gbmaj', 'Gbmaj9', 'Abmin7', 'Bbmin7', 'Cmin9', 'Fmin9', 'Bbmin9', 'Ab', 'Abmin9', 'Gbmaj', 'Gbmaj9', 'Abmin7', 'Bbmin7', 'Bmaj7', 'Dbmin7', 'Ebmin7', 'Fmin9', 'Bbmin9', 'Ebmin9', 'Db', 'Dbmin9', 'Bmaj', 'Bmaj9', 'Dbmin7', 'Ebmin7', 'Fmin9', 'Bbmin9', 'Ebmin9', 'Db', 'Dbmin9', 'Bmaj', 'Bmaj9', 'Dbmin7', 'Ebmin7', 'Fmin9', 'Bbmin9', 'Ebmin9', 'Db', 'Dbmin9', 'Bmaj', 'Bmaj9', 'Dbmin7', 'Ebmin7', 'Fmin9', 'Bbmin9', 'Ebmin9', 'Db', 'Dbmin9', 'Bmaj', 'Bmaj9', 'Dbmin7', 'Ebmin7', 'Fmin9', 'Bbmin9', 'Ebmin9', 'Db', 'Dbmin9', 'Bmaj', 'Bmaj9', 'Dbmin7', 'Ebmin7', 'Fmin9', 'Bbmin9', 'Ebmin9', 'Db', 'Dbmin9', 'Bmaj', 'Bmaj9', 'Dbmin7', 'Ebmin7', 'Fmin9', 'Bbmin9', 'Ebmin9', 'Db', 'Dbmin9', 'Bmaj', 'Bmaj9', 'Dbmin7', 'Ebmin7', 'Fmin9', 'Bbmin9', 'Ebmin9', 'Db', 'Dbmin9', 'Bmaj', 'Bmaj9', 'Dbmin7', 'Ebmin7', 'Fmin9']"
1098,"['Emin9', 'Dmaj7', 'Cmaj9', 'Dmaj7', 'Emin9', 'Dmaj7', 'Cmaj9', 'Dmaj7', 'Emin9', 'Dmaj7', 'Cmaj9', 'Dmaj7', 'Emin9', 'Dmaj7', 'Cmaj9', 'Dmaj7', 'Emin9', 'Dmaj7', 'Cmaj9', 'Dmaj7', 'Emin9', 'Dmaj7', 'Cmaj9', 'Dmaj7', 'Emin7', 'Bmin', 'Cmaj7', 'Emin7', 'Bmin7', 'Amin7', 'Dsus4', 'Emin7', 'Bmin', 'Cmaj7', 'Emin7', 'Bmin7', 'Amin7', 'Dsus4', 'Emin7', 'Bmin', 'Cmaj7', 'Emin7', 'Bmin7', 'Amin7', 'Dsus4', 'Emin7', 'Bmin', 'Cmaj7', 'Emin7', 'Bmin7', 'Amin7', 'Dsus4', 'Gsus4', 'Gmaj', 'Gmaj', 'Gmaj', 'Emin7', 'Dsus4', 'Dmaj', 'Dmaj', 'Fmaj9', 'F#', 'A7', 'C', 'Emin7', 'Emin7', 'Bmin', 'Cmaj7', 'Emin7', 'Bmin7', 'Amin7', 'Dsus4', 'Emin7', 'Bmin', 'Cmaj7', 'Emin7', 'Bmin7', 'Amin7', 'Dsus4', 'Emin7', 'Bmin', 'Cmaj7', 'Emin7', 'Bmin7', 'Amin7', 'Dsus4', 'Emin7', 'Bmin', 'Cmaj7', 'Emin7', 'Bmin7', 'Amin7', 'Dsus4', 'Gsus4', 'Gmaj', 'Gmaj', 'Gmaj', 'Emin7', 'Dsus4', 'Dmaj', 'Dmaj', 'Fmaj9', 'F#', 'B7', 'Emin7', 'Dsus4', 'Gsus4', 'Gmaj', 'Gmaj', 'Gmaj', 'Emin7', 'Dsus4', 'Dmaj', 'Dmaj', 'Fmaj9', 'F#', 'A7', 'C', 'Emin7', 'A', 'A', 'A', 'A', 'A', 'A', 'C#dim', 'C7', 'B7', 'Emin9', 'Dmaj7', 'Cmaj9', 'Dmaj7', 'Emin9', 'Dmaj7', 'Cmaj9', 'Dmaj7', 'Emin9', 'Dmaj7', 'Cmaj9', 'Dmaj7', 'Emin9', 'Dmaj7', 'Cmaj9', 'Dmaj7', 'Emin9', 'Dmaj7', 'Cmaj9', 'Dmaj7', 'Emin9', 'Dmaj7', 'Cmaj9', 'Dmaj7', 'Emin9', 'Dmaj7', 'Cmaj9', 'Dmaj7', 'Emin9', 'Dmaj7', 'Cmaj9', 'Dmaj7', 'Emin9', 'Dmaj7', 'Cmaj9', 'Dmaj7', 'Emin9', 'Dmaj7', 'Cmaj9', 'Dmaj7', 'Emin9', 'Dmaj7', 'Cmaj9', 'Dmaj7', 'Emin9', 'Dmaj7', 'Cmaj9', 'Dsus4', 'Dmaj', 'Gsus4', 'Gmaj', 'Gmaj', 'Gmaj', 'Emin7', 'Dsus4', 'Dmaj', 'Dmaj', 'Fmaj9', 'F#', 'A7', 'C', 'Emin7', 'Emin7', 'Bmin', 'Cmaj7', 'Emin7', 'Bmin7', 'Amin7', 'Dsus4', 'Emin7', 'Bmin', 'Cmaj7', 'Emin7', 'Bmin7', 'Amin7', 'Dsus4', 'Emin7', 'Bmin', 'Cmaj7', 'Emin7', 'Bmin7', 'Amin7', 'Dsus4', 'Emin7', 'Bmin', 'Cmaj7', 'Emin7', 'Bmin7', 'Amin7', 'Dsus4', 'Gsus4', 'Gmaj', 'Gmaj', 'Gmaj', 'Emin7', 'Dsus4', 'Dmaj', 'Dmaj', 'Fmaj9', 'F#', 'B7', 'Emin7', 'Dsus4', 'Gsus4', 'Gmaj', 'Gmaj', 'Gmaj', 'Emin7', 'Dsus4', 'Dmaj', 'Dmaj', 'Fmaj9', 'F#', 'B7', 'Emin7', 'Dsus4', 'Gsus4', 'Gmaj', 'Gmaj', 'Gmaj', 'Emin7', 'Dsus4', 'Dmaj', 'Dmaj', 'Fmaj9', 'F#', 'B7', 'Emin7', 'Dsus4', 'Gsus4', 'Gmaj', 'Gmaj', 'Gmaj', 'Emin7', 'Dsus4', 'Dmaj', 'Dmaj', 'Fmaj9', 'F#', 'B7', 'Emin7', 'Dsus4', 'Gsus4', 'Gmaj', 'Gmaj', 'Gmaj', 'Emin7', 'Dsus4', 'Dmaj', 'Dmaj', 'Fmaj9', 'F#', 'B7', 'Emin7', 'Dsus4', 'Gsus4', 'Gmaj', 'Gmaj', 'Gmaj', 'Emin7']"
1099,"['Ebmaj7', 'Gbdim', 'Fmin7', 'Bbsus4', 'Ebmaj7', 'F7', 'Gmin7', 'Cmin7', 'Fmin7', 'Emaj7', 'Ebmaj7', 'Fmin7', 'Emaj7', 'Ebmaj7', 'Gbdim', 'Fmin7', 'Bbsus4', 'Ebmaj7', 'F7', 'Gmin7', 'Cmin7', 'Fmin7', 'Emaj7', 'Ebmaj7', 'Bbmin7', 'Eb7', 'Abmaj7', 'Gsus4', 'C7', 'Fmin7', 'Bb7', 'Eb7', 'Abmaj7', 'Gsus4', 'G7', 'Cmin7', 'F7', 'Fmin7', 'Bb7', 'F#min7', 'B7', 'Emaj7', 'Gdim', 'F#min7', 'Bsus4', 'Emaj7', 'F#7', 'F#7', 'Emaj', 'F#min7', 'G#min7', 'F#min7', 'F#min7', 'B7', 'B7', 'Emaj9', 'Emaj9', 'Emaj9']"
1100,"['Dbmaj', 'Gbmaj', 'Gbmaj', 'Dbmaj', 'Dbmaj', 'Gbmaj', 'Gbmaj', 'Dbmaj', 'Dbmaj', 'Gbmaj', 'Gbmaj', 'Dbmaj', 'Dbmaj', 'Gbmaj', 'Gbmaj', 'Dbmaj', 'Dbmaj', 'Gbmaj', 'Gbmaj', 'Dbmaj', 'Dbmaj', 'Gbmaj', 'Gbmaj', 'Dbmaj', 'Fmin', 'Bbmin', 'Fmin', 'Bbmin', 'Ebmin', 'Fmin', 'Absus4', 'Dbmaj', 'Gbmaj', 'Gbmaj', 'Dbmaj', 'Abmaj', 'Dbmaj', 'Gbmaj', 'Dbmaj', 'Gbmaj', 'Dbmaj', 'Gbmaj', 'Dbmaj', 'Gbmaj', 'Dbmaj', 'Gbmaj', 'Dbmaj', 'Gbmaj', 'Dbmaj', 'Gbmaj', 'Dbmaj', 'Gbmaj', 'Fmin', 'Bbmin', 'Fmin', 'Bbmin', 'Ebmin', 'Fmin', 'Absus4', 'Dbmaj', 'Gbmaj', 'Gbmaj', 'Dbmaj', 'Abmaj', 'Dbmaj', 'Gbmaj', 'Dbmaj', 'Gbmaj', 'Dbmaj', 'Gbmaj', 'Gbmaj', 'Dbmaj', 'Ebmin', 'Fmin', 'Fmin7', 'Bbmaj', 'Eb', 'Ebmaj', 'Abmaj', 'Ebmaj', 'Abmaj', 'Ebmaj', 'Abmaj', 'Ebmaj', 'Abmaj', 'Ebmaj', 'Abmaj', 'Ebmaj', 'Abmaj', 'Ebmaj', 'Abmaj', 'Ebmaj', 'Abmaj', 'Gmin', 'Cmin', 'Gmin', 'Cmin', 'Fmin', 'Gmin', 'Bb', 'Fmin', 'Gmin', 'Bb', 'Ebmaj', 'Abmaj', 'Abmaj', 'Ebmaj', 'Fmin', 'Gmin', 'Bb', 'Fmin', 'Gmin', 'Bb', 'Ebmaj', 'Abmaj', 'Abmaj', 'Ebmaj', 'Fmin', 'Gmin', 'Bb', 'Fmin', 'Gmin', 'Bb', 'Ebmaj', 'Abmaj', 'Abmaj', 'Ebmaj']"
1101,"['Amin', 'Dmin', 'Amin', 'E7', 'Amin', 'Amin', 'Dmin', 'Dmin', 'Amin', 'Amin', 'Amin', 'Amin', 'Dmin', 'Dmin', 'Amin', 'Amin', 'Amin', 'Dmin', 'Amin', 'Dmin', 'Amin', 'Dmin', 'E7', 'E7', 'Amin', 'Amin', 'Dmin', 'Dmin', 'Amin', 'Amin', 'Amin', 'Amin', 'Dmin', 'Dmin', 'Amin', 'Amin', 'Amin', 'Dmin', 'Amin', 'Dmin', 'Amin', 'Dmin', 'E7', 'E7', 'Amin', 'Amin', 'Dmin', 'Dmin', 'Amin', 'Amin', 'Amin', 'Amin', 'Dmin', 'Dmin', 'Amin', 'Amin', 'Amin']"
1102,"['Dmaj', 'Dmaj', 'Dmaj', 'Dmaj', 'Dmaj', 'Dmaj', 'Dmaj', 'Dmaj', 'Dmaj', 'Dmaj', 'Dmaj', 'Dmaj', 'Dmaj', 'Dmaj', 'Dmaj', 'Dmaj', 'Dmaj', 'Dmaj', 'Amaj', 'Amaj', 'Dmaj', 'D7', 'Gmaj', 'E7', 'Dmaj', 'Amaj', 'Gmaj', 'Dmaj', 'Dmaj', 'Dmaj', 'Dmaj', 'Dmaj', 'Dmaj', 'Dmaj', 'Dmaj', 'Dmaj', 'Dmaj', 'Dmaj', 'Dmaj', 'Dmaj', 'Amaj', 'Amaj', 'Dmaj', 'D7', 'G7', 'E7', 'Dmaj', 'A7', 'Dmaj', 'Dmaj', 'Dmaj', 'Dmaj', 'Dmaj', 'Dmaj', 'Dmaj', 'Dmaj', 'A7', 'A7', 'Dmaj', 'D7', 'Gmaj', 'Gmaj', 'Dmaj', 'Amaj', 'Dmaj', 'Dmaj', 'Dmaj', 'Dmaj', 'Dmaj', 'Dmaj', 'Dmaj', 'Dmaj', 'Amaj', 'Amaj', 'Dmaj', 'D7', 'Gmaj', 'E7', 'Dmaj', 'A7', 'Dmaj', 'Dmaj', 'Dmaj', 'Dmaj', 'Dmaj', 'Dmaj', 'Dmaj', 'Dmaj', 'Dmaj', 'Dmaj', 'Dmaj', 'Dmaj', 'Dmaj', 'Dmaj', 'Amaj', 'Amaj', 'Dmaj', 'D7', 'G7', 'E7', 'Dmaj', 'A7', 'D7', 'D7', 'Dmaj', 'Dmaj', 'Dmaj', 'Dmaj', 'Dmaj', 'Dmaj', 'Amaj', 'Amaj', 'Dmaj', 'D7', 'Gmaj', 'E7', 'Dmaj', 'A7', 'D7', 'D7', 'Dmaj', 'Dmaj', 'Dmaj', 'Dmaj', 'Dmaj', 'Dmaj', 'Amaj', 'Amaj', 'Dmaj', 'D7', 'Gmaj', 'E7', 'Dmaj', 'A7', 'Dmaj', 'Dmaj', 'Dmaj', 'Dmaj', 'Dmaj', 'Dmaj', 'Dmaj', 'Dmaj', 'Dmaj', 'Dmaj', 'Dmaj', 'Dmaj', 'Dmaj', 'Dmaj', 'Amaj', 'Amaj', 'Dmaj', 'D7', 'Gmaj', 'E7', 'Dmaj', 'A7', 'Dmaj', 'Dmaj', 'Dmaj', 'A7', 'Dmaj', 'Dmaj', 'Dmaj', 'A7', 'Dmaj', 'D']"
1103,"['Bmaj', 'Amaj', 'Emaj', 'Emaj', 'Emaj', 'Emaj', 'Emaj', 'Emaj', 'Amaj', 'Amaj', 'Emaj', 'Emaj', 'Bmaj', 'Amaj', 'Emaj', 'Emaj', 'Emaj', 'Emaj', 'Emaj', 'Emaj', 'Amaj', 'Amaj', 'Emaj', 'Emaj', 'Bmaj', 'Amaj', 'Emaj', 'Emaj', 'Emaj', 'Emaj', 'Emaj', 'Emaj', 'Amaj', 'Amaj', 'Emaj', 'Emaj', 'Bmaj', 'Amaj', 'Emaj', 'Emaj', 'Emaj', 'Emaj', 'Emaj', 'Emaj', 'Amaj', 'Amaj', 'Emaj', 'Emaj', 'Bmaj', 'Amaj', 'Emaj', 'Emaj', 'Emaj', 'Emaj', 'Emaj', 'Emaj', 'Amaj', 'Amaj', 'Emaj', 'Emaj', 'Bmaj', 'Amaj', 'Emaj', 'Emaj', 'Emaj', 'Emaj', 'Emaj', 'Emaj', 'Amaj', 'Amaj', 'Emaj', 'Emaj', 'Bmaj', 'Amaj', 'Emaj', 'Emaj', 'Emaj', 'Emaj', 'Emaj', 'Emaj', 'Amaj', 'Amaj', 'Emaj', 'Emaj', 'Bmaj', 'Amaj', 'Emaj', 'Emaj', 'Emaj', 'Emaj', 'Emaj', 'Emaj', 'Amaj', 'Amaj', 'Emaj', 'Emaj', 'Bmaj', 'Amaj', 'Emaj', 'E']"
1104,"['Fmaj', 'Fsus2', 'Bbmaj', 'Cmaj', 'Bbmaj', 'Fmaj', 'Fsus2', 'Bbmaj', 'Cmaj', 'Bbmaj', 'Fmaj', 'Bbmaj', 'Cmaj', 'Fmaj', 'Bbmaj', 'Cmaj', 'Fmaj', 'Bbmaj', 'Cmaj', 'Fmaj', 'Bbmaj', 'Cmaj', 'Fmaj', 'Bbmaj', 'Cmaj', 'Fmaj', 'Bbmaj', 'Cmaj', 'Fmaj', 'Bbmaj', 'Cmaj', 'Fmaj', 'Bbmaj', 'Cmaj', 'Fmaj', 'Bbmaj', 'Cmaj', 'Fmaj', 'Bbmaj', 'Cmaj', 'Fmaj', 'Bbmaj', 'Cmaj', 'Fmaj', 'Bbmaj', 'Cmaj', 'Bbmaj', 'Cmaj', 'Fmaj', 'Bbmaj', 'Cmaj', 'Bbmaj', 'Cmaj', 'Fmaj', 'Bbmaj', 'Cmaj', 'Cmaj', 'Fmaj', 'Gmin7', 'Bbmaj', 'Cmaj', 'Bbmaj', 'Cmaj', 'Fmaj', 'Gmin7', 'Bbmaj', 'Cmaj', 'Bbmaj', 'Cmaj', 'Fmaj', 'Gmin7', 'Bbmaj', 'Cmaj', 'Bbmaj', 'Cmaj', 'Fmaj', 'Gmin7', 'Fmaj', 'Bbmaj', 'Cmaj', 'Fmaj', 'Bbmaj', 'Cmaj', 'Fmaj', 'Bbmaj', 'Cmaj', 'Fmaj', 'Bbmaj', 'Cmaj', 'Fmaj', 'Bbmaj', 'Cmaj', 'Fmaj', 'Bbmaj', 'Cmaj', 'Fmaj', 'Bbmaj', 'Cmaj', 'Fmaj', 'Bbmaj', 'Cmaj', 'Fmaj', 'Bbmaj', 'Cmaj', 'Fmaj', 'Bbmaj', 'Cmaj', 'Fmaj', 'Bbmaj', 'Cmaj', 'Bbmaj', 'Cmaj', 'Fmaj', 'Bbmaj', 'Cmaj', 'Bbmaj', 'Cmaj', 'Fmaj', 'Bbmaj', 'Cmaj', 'Cmaj', 'Cmaj', 'Cmaj', 'Fmaj', 'Gmin7', 'Bbmaj', 'Cmaj', 'Bbmaj', 'Cmaj', 'Fmaj', 'Gmin7', 'Bbmaj', 'Cmaj', 'Bbmaj', 'Cmaj', 'Fmaj', 'Gmin7', 'Bbmaj', 'Cmaj', 'Bbmaj', 'Cmaj', 'Fmaj', 'Gmin7', 'Fmaj', 'Bbmaj', 'Cmaj', 'Fmaj', 'Gmin7', 'Bbmaj', 'Cmaj', 'Bbmaj', 'Cmaj', 'Fmaj', 'Gmin7', 'Bbmaj', 'Cmaj', 'Bbmaj', 'Cmaj', 'Fmaj', 'Gmin7', 'Bbmaj', 'Cmaj', 'Bbmaj', 'Cmaj', 'Bbmaj', 'Cmaj', 'Fmaj', 'Bbmaj', 'Cmaj', 'Bbmaj', 'Cmaj', 'Fmaj', 'Bbmaj', 'Cmaj', 'Cmaj', 'Cmaj', 'Cmaj', 'Fmaj', 'Gmin7', 'Bbmaj', 'Cmaj', 'Bbmaj', 'Cmaj', 'Fmaj', 'Gmin7', 'Bbmaj', 'Cmaj', 'Bbmaj', 'Cmaj', 'Fmaj', 'Gmin7', 'Bbmaj', 'Cmaj', 'Bbmaj', 'Cmaj', 'Fmaj', 'Gmin7', 'Fmaj', 'Bbmaj', 'Cmaj', 'Fmaj', 'Gmin7', 'Bbmaj', 'Cmaj', 'Bbmaj', 'Cmaj', 'Fmaj', 'Gmin7', 'Bbmaj', 'Cmaj', 'Bbmaj', 'Cmaj', 'Fmaj', 'Gmin7', 'Bbmaj', 'Cmaj', 'Bbmaj', 'Cmaj', 'Fmaj', 'Gmin7', 'Bbmaj', 'Cmaj', 'Bbmaj', 'Cmaj', 'Fmaj', 'Gmin7', 'Bbmaj', 'Cmaj', 'Bbmaj', 'Cmaj', 'Fmaj', 'Gmin7', 'Bbmaj', 'Cmaj', 'Bbmaj', 'Cmaj', 'Fmaj', 'Gmin7', 'Bbmaj', 'Cmaj', 'Bbmaj', 'Cmaj', 'Fmaj', 'Gmin7', 'Bbmaj', 'Cmaj', 'Bbmaj', 'Cmaj']"
1106,"['E', 'A', 'E', 'A', 'E', 'A', 'E', 'A', 'E', 'A', 'E', 'A', 'E', 'A', 'E', 'A', 'E', 'G', 'A', 'E', 'G', 'A', 'E', 'G', 'A', 'E', 'G', 'A', 'E', 'G', 'A', 'E', 'G', 'A', 'E', 'G', 'A', 'E', 'G', 'A', 'E', 'A', 'E', 'A', 'E', 'A', 'E', 'A', 'E', 'G', 'A', 'E', 'G', 'A', 'E', 'G', 'A', 'E', 'G', 'A', 'E', 'A', 'E', 'A', 'E', 'A', 'E', 'A', 'E', 'G', 'A', 'E', 'G', 'A', 'E', 'G', 'A', 'E', 'G', 'A', 'E', 'A', 'E', 'A', 'E', 'A', 'E', 'E', 'G', 'A', 'E', 'G', 'A', 'E', 'G', 'A', 'E', 'G', 'A', 'E', 'G', 'A', 'E', 'G', 'A', 'E', 'G', 'A', 'E', 'G', 'A', 'E', 'A', 'E', 'A', 'E', 'A', 'E', 'A', 'E', 'G', 'A', 'E', 'G', 'A', 'E', 'G', 'A', 'E', 'G', 'A', 'E', 'G', 'A', 'E', 'G', 'A', 'E', 'G', 'A', 'E', 'G', 'A', 'E', 'G', 'A', 'E', 'G', 'A', 'E', 'G', 'A', 'E', 'G', 'A', 'E']"
1107,"['Fmaj', 'F7', 'Bbmaj', 'Bbmaj', 'Bbmaj', 'Bbmaj', 'Bbmaj', 'F7', 'F7', 'Bbmaj', 'Bbmaj', 'Ebmaj', 'Bbmaj', 'F7', 'Bbmaj', 'Bbmaj', 'Dmin', 'Gmin', 'Bbmaj', 'Fmaj', 'Bbmaj', 'Bbmaj', 'Dmin', 'Gmin', 'Bbmaj', 'Fmaj', 'Bbmaj', 'Bbmaj', 'F7', 'F7', 'Bbmaj', 'Bbmaj', 'Ebmaj', 'Bbmaj', 'F7', 'Bbmaj', 'Bbmaj', 'Dmin', 'Gmin', 'Bbmaj', 'Fmaj', 'Bbmaj', 'Bbmaj', 'Dmin', 'Gmin', 'Bbmaj', 'Fmaj', 'Bbmaj', 'Ebmaj', 'Ebmaj', 'Bbmaj', 'Bbsus4', 'Bbmaj', 'Bb', 'Ebmaj', 'Ebmaj', 'Bbmaj', 'F7', 'Bbmaj', 'F7', 'F7', 'Bbmaj', 'Bbmaj', 'Ebmaj', 'Bbmaj', 'F7', 'Bbmaj', 'Bbmaj', 'Dmin', 'Gmin', 'Bbmaj', 'Fmaj', 'Bbmaj', 'Bbmaj', 'Dmin', 'Gmin', 'Bbmaj', 'Fmaj', 'Bbmaj', 'Ebmaj', 'Ebmaj', 'Bbmaj', 'Bbsus4', 'Bbmaj', 'Bb', 'Ebmaj', 'Ebmaj', 'Bbmaj', 'F7', 'Bbmaj', 'F7', 'F7', 'Bbmaj', 'Bbmaj', 'Ebmaj', 'Bbmaj', 'F7', 'Bbmaj', 'Bbmaj', 'Dmin', 'Gmin', 'Bbmaj', 'Fmaj', 'Bbmaj', 'Bbmaj', 'Dmin', 'Gmin', 'Bbmaj', 'Fmaj', 'Gmin', 'Gmin', 'Fmaj', 'Bbmaj', 'Bbmaj']"
1109,"['Fmin', 'Fmin', 'Ebmaj', 'Fmin', 'Gmaj', 'Fmaj', 'Gmaj', 'Gmaj', 'Fmaj', 'Gmaj', 'Gmaj', 'Fmaj', 'Gmaj', 'Gmaj', 'Fmaj', 'Gmaj', 'Gmaj', 'Fmaj', 'Gmaj', 'Gmaj', 'Fmaj', 'Gmaj', 'Gmaj', 'Fmaj', 'Gmaj', 'Gmaj', 'Fmaj', 'Gmaj', 'Gmaj', 'Fmaj', 'Gmaj', 'Gmaj', 'Fmaj', 'Gmaj', 'Gmaj', 'Fmaj', 'Gmaj', 'Gmaj', 'Fmaj', 'Gmaj', 'Gmaj', 'Fmaj', 'Gmaj', 'Gmaj', 'Fmaj', 'Gmaj', 'Gmaj', 'Fmaj', 'Gmaj', 'Gmaj', 'Fmaj', 'Gmaj', 'Gmaj', 'Fmaj', 'Gmaj', 'Gmaj', 'Fmaj', 'Gmaj', 'Gmaj', 'Fmaj', 'Gmaj', 'Gmaj', 'Fmaj', 'Gmaj', 'Gmaj', 'Fmaj', 'Gmaj', 'Gmaj', 'Fmaj', 'Gmaj', 'Gmaj', 'Fmaj', 'Gmaj', 'Gmaj', 'Fmaj', 'Gmaj', 'Gmaj', 'Fmaj', 'Gmaj', 'Gmaj', 'Fmaj', 'Gmaj', 'Gmaj', 'Fmaj', 'Gmaj', 'Gmaj', 'Fmaj', 'Gmaj', 'Gmaj', 'Fmaj', 'Gmaj', 'Gmaj', 'Fmaj', 'Gmaj', 'Gmaj', 'Fmaj', 'Gmaj', 'Gmaj', 'Fmaj', 'Gmaj', 'Gmaj', 'Fmaj', 'Gmaj', 'Gmaj', 'Fmaj', 'Gmaj', 'Gmaj', 'Fmaj', 'Gmaj', 'Gmaj', 'Fmaj', 'Gmaj']"
1110,"['G5', 'G5', 'G5', 'G5', 'G7', 'G7', 'G7', 'G7', 'C7', 'C7', 'G7', 'G7', 'D7', 'D7', 'G7', 'G7', 'D7', 'G7', 'G7', 'G7', 'G7', 'C7', 'C7', 'G7', 'G7', 'D7', 'D7', 'G7', 'G7', 'D7', 'G7', 'G7', 'G7', 'G7', 'C7', 'C7', 'G7', 'G7', 'D7', 'D7', 'G7', 'G7', 'D7', 'G7', 'G7', 'G7', 'G7', 'C7', 'C7', 'G7', 'G7', 'D7', 'D7', 'G7', 'G7', 'D7', 'G7', 'G7', 'G7', 'G7', 'C7', 'C7', 'G7', 'G7', 'D7', 'D7', 'G7', 'G7', 'D7', 'G7', 'G7', 'G7', 'G7', 'C7', 'C7', 'G7', 'G7', 'D7', 'D7', 'G7', 'G7', 'D7', 'G7', 'G7', 'G7', 'G7', 'C7', 'C7', 'G7', 'G7', 'D7', 'D7', 'G7', 'G7', 'D7', 'G7', 'G7', 'G7', 'G7', 'C7', 'C7', 'G7', 'G7', 'D7', 'D7', 'G7', 'G7', 'D7', 'G7', 'G7', 'G7', 'G7', 'C7', 'C7', 'G7', 'G7', 'D7', 'D7', 'G7', 'G7', 'D7', 'G7', 'G7', 'G7', 'G7', 'C7', 'C7', 'G7', 'G7', 'D7', 'D7', 'G7', 'G7', 'D7', 'G7', 'G7', 'G7', 'G7', 'C7', 'C7', 'G7', 'G7', 'D7', 'D7', 'G7', 'Bb7', 'A7', 'Ab7', 'G7']"
1111,"['Bbmaj', 'Eb7', 'Eb7', 'Eb7', 'Eb7', 'Eb7', 'Eb7', 'Eb7', 'Eb7', 'Eb7', 'Eb7', 'Eb7', 'Eb7', 'Eb7', 'Eb7', 'Eb7', 'Eb7', 'Eb7', 'Eb7', 'Eb7', 'Eb7', 'Eb7', 'Eb7', 'Eb7', 'Eb7', 'Eb7', 'Eb7', 'Eb7', 'Eb7', 'Eb7', 'Eb7', 'Eb7', 'Eb7', 'Eb7', 'Eb7', 'Eb7', 'Eb7', 'Eb7', 'Eb7', 'Eb7', 'Eb7', 'Eb7', 'Eb7', 'Eb7', 'Eb7', 'Eb7', 'Eb7', 'Eb7', 'Eb7', 'Eb7', 'Eb7', 'Eb7', 'Eb7', 'Eb7', 'Eb7', 'Eb7', 'Eb7', 'Eb7', 'Eb7', 'Eb7', 'Eb7', 'Eb7', 'Eb7', 'Eb7', 'Eb7', 'Eb7', 'Eb7', 'Eb7', 'Eb7', 'Eb7', 'Eb7', 'Eb7', 'Eb7', 'Eb7', 'Eb7', 'Eb7', 'Eb7', 'Eb7', 'Eb7', 'Eb7', 'Eb7', 'Eb7', 'Eb7', 'Eb7']"
1112,"['Bmaj', 'Esus4', 'Emaj', 'F#maj', 'D#min7', 'G#min7', 'C#min7', 'F#sus4', 'F#sus4', 'Emaj', 'F#sus4', 'Bmaj', 'Esus4', 'Emaj', 'F#maj', 'D#min7', 'G#min7', 'C#min7', 'F#sus4', 'F#sus4', 'Bmaj', 'Esus4', 'Emaj', 'F#maj', 'D#min7', 'G#min7', 'C#min7', 'F#sus4', 'F#sus4', 'Bmaj', 'Esus4', 'Emaj', 'F#maj', 'D#min7', 'G#min7', 'C#min7', 'F#sus4', 'F#sus4', 'D#min7', 'Emaj7', 'D#min7', 'G#min7', 'C#min7', 'D#min7', 'Emaj7', 'D#min7', 'G#min7', 'C#min7', 'D#min7', 'Emaj7', 'D#min7', 'G#min7', 'C#sus4', 'C#7', 'F#sus4', 'Bmaj', 'Esus4', 'Emaj', 'F#maj', 'D#min7', 'G#min7', 'C#min7', 'F#sus4', 'F#sus4', 'Bmaj', 'Esus4', 'Emaj', 'F#maj', 'D#min7', 'G#min7', 'C#min7', 'F#sus4', 'F#sus4', 'Bmaj', 'Esus4', 'Emaj', 'F#maj', 'D#min7', 'G#min7', 'C#min7', 'F#sus4', 'F#sus4', 'Bmaj', 'Esus4', 'Emaj', 'F#maj', 'D#min7', 'G#min7', 'C#min7', 'F#sus4', 'F#sus4', 'D#min7', 'Emaj7', 'D#min7', 'G#min7', 'C#min7', 'D#min7', 'Emaj7', 'D#min7', 'G#min7', 'C#min7', 'D#min7', 'Emaj7', 'D#min7', 'G#min7', 'C#sus4', 'C#7', 'F#sus4', 'Bmaj', 'Esus4', 'Emaj', 'F#maj', 'D#min7', 'G#min7', 'C#min7', 'F#sus4', 'F#sus4', 'Bmaj', 'Esus4', 'Emaj', 'F#maj', 'D#min7', 'G#min7', 'C#min7', 'F#sus4', 'F#sus4', 'D#min7', 'Emaj7', 'D#min7', 'G#min7', 'C#min7', 'D#min7', 'Emaj7', 'D#min7', 'G#min7', 'C#min7', 'D#min7', 'Emaj7', 'D#min7', 'G#min7', 'C#min7', 'D#min7', 'Emaj7', 'D#min7', 'G#min7', 'C#min7', 'D#min7', 'Emaj7', 'D#min7', 'G#min7', 'C#min7', 'D#min7', 'Emaj7', 'D#min7', 'G#min7', 'C#min7', 'D#min7', 'Emaj7', 'D#min7', 'G#min7', 'C#min7', 'D#min7', 'Emaj7', 'D#min7', 'G#min7', 'C#min7', 'D#min7', 'Emaj7', 'D#min7', 'G#min7', 'C#min7', 'D#min7', 'Emaj7', 'D#min7', 'G#min7', 'C#min7', 'D#min7', 'Emaj7', 'D#min7', 'G#min7', 'C#min7', 'D#min7', 'Emaj7', 'D#min7', 'G#min7', 'C#min7', 'D#min7']"
1113,"['Fmaj', 'Bbmaj', 'Fmaj', 'Bbmaj', 'Fmaj', 'Bbmaj', 'Fmaj', 'Fmaj', 'Bbmaj', 'Fmaj', 'Bbmaj', 'Fmaj', 'Bbmaj', 'Fmaj', 'Bbmaj', 'Fmaj', 'Bbmaj', 'Fmaj', 'Bbmaj', 'Fmaj', 'Bbmaj', 'Fmaj', 'Bbmaj', 'Fmaj', 'Fmaj', 'Bbmaj', 'Fmaj', 'Bbmaj', 'Fmaj', 'Bbmaj', 'Fmaj', 'Bbmaj', 'Fmaj', 'Bbmaj', 'Fmaj', 'Bbmaj', 'Fmaj', 'Bbmaj', 'Fmaj', 'Bbmaj', 'Bbmaj', 'Ebmaj', 'Bbmaj', 'Bbmaj', 'Ebmaj', 'C7', 'C7', 'C7', 'C7', 'Fmaj', 'Bbmaj', 'Fmaj', 'Bbmaj', 'Fmaj', 'Bbmaj', 'Fmaj', 'Bbmaj', 'Fmaj', 'Bbmaj', 'Fmaj', 'Bbmaj', 'Fmaj', 'Bbmaj', 'Fmaj', 'Bbmaj', 'Fmaj', 'Fmaj', 'Fmaj', 'Bbmaj', 'Fmaj', 'Bbmaj', 'Fmaj', 'Bbmaj', 'Fmaj', 'Bbmaj', 'Fmaj', 'Bbmaj', 'Fmaj', 'Bbmaj', 'Fmaj', 'Bbmaj', 'Fmaj', 'Bbmaj', 'Fmaj', 'Bbmaj', 'Fmaj', 'Bbmaj', 'Fmaj', 'Bbmaj', 'Fmaj', 'Bbmaj', 'Fmaj', 'Bbmaj', 'Fmaj', 'Bbmaj', 'Fmaj', 'Bbmaj', 'Fmaj', 'Bbmaj', 'Bbmaj', 'Ebmaj', 'Bbmaj', 'Bbmaj', 'Ebmaj', 'C7', 'C7', 'C7', 'C7', 'Fmaj', 'Bbmaj', 'Fmaj', 'Bbmaj', 'Fmaj', 'Bbmaj', 'Fmaj', 'Bbmaj', 'Fmaj', 'Bbmaj', 'Fmaj', 'Bbmaj', 'Fmaj', 'Bbmaj', 'Fmaj', 'Bbmaj', 'Fmaj', 'Bbmaj', 'Fmaj', 'Bbmaj', 'Fmaj', 'Bbmaj', 'Fmaj', 'Bbmaj', 'Fmaj', 'Bbmaj', 'Fmaj', 'Bbmaj', 'Fmaj', 'Bbmaj', 'Fmaj', 'Bbmaj', 'Fmaj', 'Bbmaj', 'Fmaj', 'Bbmaj']"
1114,"['Fmaj7', 'Bb', 'Fmaj7', 'Bb', 'Bbmaj7', 'Amin7', 'Bbmaj7', 'Dmin7', 'Amin7', 'Gmaj', 'Dmaj', 'Dmaj', 'C', 'C', 'Gmaj', 'Bb', 'Dmaj', 'Asus4', 'Bbmaj', 'Cmaj', 'Bbmaj', 'Csus4', 'Bbmaj7', 'Amin7', 'Bbmaj7', 'Dmin7', 'Amin7', 'Gmaj', 'Dmaj', 'Dmaj', 'C', 'C', 'Gmaj', 'Bb', 'Dmaj', 'Asus4', 'Bbmaj', 'Cmaj', 'Bbmaj', 'Csus4', 'Bbmaj7', 'Fmaj', 'Csus4', 'Dmin7', 'Amin7', 'Gmaj', 'Dmaj', 'Dmaj', 'C', 'C', 'Gmaj', 'Bb', 'Dmaj', 'Asus4', 'Bbmaj', 'Cmaj', 'Bbmaj', 'Csus4', 'Bbmaj', 'Cmaj', 'Bbmaj', 'Cmaj', 'Bbmaj', 'Cmaj', 'Bbmaj', 'Cmaj', 'Bbmaj', 'Cmaj', 'Bbmaj', 'Cmaj']"
1116,"['Amaj', 'Emaj7', 'B', 'Emaj', 'Emaj', 'Emaj', 'Emaj', 'Emaj', 'Emaj', 'B7', 'B7', 'B7', 'B7', 'Emaj', 'Emaj', 'Amaj', 'Amaj', 'Emaj', 'B7', 'Emaj', 'E7', 'Amaj', 'Amaj', 'Emaj', 'Emaj', 'Amaj', 'Amaj', 'Emaj', 'B7', 'B7', 'Emaj', 'Emaj', 'Amaj', 'Amaj', 'Emaj', 'B7', 'Emaj', 'Emaj', 'Emaj', 'Emaj', 'Emaj', 'Emaj', 'B7', 'B7', 'B7', 'B7', 'Emaj', 'Emaj', 'Amaj', 'Amaj', 'Emaj', 'B7', 'Emaj', 'Emaj', 'Emaj', 'Emaj', 'B7', 'B7', 'Emaj', 'Emaj', 'Amaj', 'Amaj', 'Emaj', 'Emaj', 'Amaj', 'Amaj', 'Emaj', 'B7', 'Emaj', 'Emaj', 'Emaj', 'Emaj', 'B7', 'B7', 'B7', 'B7', 'Emaj', 'E7', 'Amaj', 'Amaj', 'Emaj', 'B7', 'Emaj', 'E7', 'Amaj', 'Amaj', 'Emaj', 'Emaj', 'Amaj', 'Amaj', 'Emaj', 'E7', 'Amaj', 'Amaj', 'Emaj', 'Emaj', 'B7', 'B7', 'Emaj', 'Esus4', 'Emaj']"
1117,"['Dbmaj', 'Gbmaj', 'Gbmaj', 'Dbmaj', 'Dbmaj', 'Gbmaj', 'Gbmaj', 'Dbmaj', 'Dbmaj', 'Gbmaj', 'Gbmaj', 'Dbmaj', 'Dbmaj', 'Gbmaj', 'Gbmaj', 'Dbmaj', 'Dbmaj', 'Gbmaj', 'Gbmaj', 'Dbmaj', 'Dbmaj', 'Gbmaj', 'Gbmaj', 'Dbmaj', 'Fmin', 'Bbmin', 'Fmin', 'Bbmin', 'Ebmin', 'Fmin', 'Absus4', 'Dbmaj', 'Gbmaj', 'Gbmaj', 'Dbmaj', 'Abmaj', 'Dbmaj', 'Gbmaj', 'Dbmaj', 'Gbmaj', 'Dbmaj', 'Gbmaj', 'Dbmaj', 'Gbmaj', 'Dbmaj', 'Gbmaj', 'Dbmaj', 'Gbmaj', 'Dbmaj', 'Gbmaj', 'Dbmaj', 'Gbmaj', 'Fmin', 'Bbmin', 'Fmin', 'Bbmin', 'Ebmin', 'Fmin', 'Absus4', 'Dbmaj', 'Gbmaj', 'Gbmaj', 'Dbmaj', 'Abmaj', 'Dbmaj', 'Gbmaj', 'Dbmaj', 'Gbmaj', 'Dbmaj', 'Gbmaj', 'Gbmaj', 'Dbmaj', 'Ebmin', 'Fmin', 'Fmin7', 'Bbmaj', 'Eb', 'Ebmaj', 'Abmaj', 'Ebmaj', 'Abmaj', 'Ebmaj', 'Abmaj', 'Ebmaj', 'Abmaj', 'Ebmaj', 'Abmaj', 'Ebmaj', 'Abmaj', 'Ebmaj', 'Abmaj', 'Ebmaj', 'Abmaj', 'Gmin', 'Cmin', 'Gmin', 'Cmin', 'Fmin', 'Gmin', 'Bb', 'Fmin', 'Gmin', 'Bb', 'Ebmaj', 'Abmaj', 'Abmaj', 'Ebmaj', 'Fmin', 'Gmin', 'Bb', 'Fmin', 'Gmin', 'Bb', 'Ebmaj', 'Abmaj', 'Abmaj', 'Ebmaj', 'Fmin', 'Gmin', 'Bb', 'Fmin', 'Gmin', 'Bb', 'Ebmaj', 'Abmaj', 'Abmaj', 'Ebmaj']"
1118,"['Ebmaj7', 'Fmin7', 'Ebmaj7', 'Edim', 'Fmin7', 'F#dim', 'Gmin7', 'G7', 'Cmin7', 'F', 'Abmaj7', 'A', 'Bbsus4', 'Bb7', 'F7', 'Gmin', 'Edim', 'Fmin7', 'Edim', 'F', 'Fmin', 'Bb7', 'Bb', 'Gmin', 'F#dim', 'F', 'Fsus4', 'F7', 'F7', 'B7', 'Bbaug', 'Ebmaj7', 'Ebmaj7', 'Abmaj7', 'Abmaj7', 'Adim', 'Ebmaj7', 'Ebmaj7', 'Ebmaj7', 'Gbmaj7', 'C7', 'Fmin7', 'Ab7', 'Ebmaj7', 'F7', 'Bbdim', 'Bbmaj7', 'Bdim', 'Cmin', 'Cmin', 'Eb7', 'Abmaj7', 'F', 'Ebmaj', 'C', 'Fmin', 'Bbsus4', 'Ebmaj7', 'Dbmaj7', 'Ebmaj7']"
1119,"['Gmaj', 'Cmaj', 'Gmaj', 'Cmaj', 'Gmaj', 'Cmaj', 'Gmaj', 'Cmaj', 'Dmaj', 'Dmaj', 'Cmaj', 'Cmaj', 'Gmaj', 'Cmaj', 'Gmaj', 'Cmaj', 'Dmaj', 'Dmaj', 'Dmaj', 'Dmaj', 'Dmaj', 'Dmaj', 'Dmaj', 'Dmaj', 'Cmaj', 'Gmaj', 'Cmaj', 'Dmaj', 'Dmaj', 'Dmaj', 'Gmaj', 'Cmaj', 'Gmaj', 'Cmaj', 'Gmaj', 'Cmaj', 'Gmaj', 'Cmaj', 'Dmaj', 'Dmaj', 'Dmaj', 'Dmaj', 'Dmaj', 'Dmaj', 'Dmaj', 'Dmaj', 'Cmaj', 'Gmaj', 'Cmaj', 'Dmaj', 'Dmaj', 'Cmaj', 'Gmaj', 'Gmaj', 'Gmaj', 'Gmaj', 'Gmaj', 'Cmaj', 'Gmaj', 'Gmaj', 'Gmaj', 'Gmaj', 'Cmaj', 'Gmaj', 'Gmaj', 'Gmaj', 'Cmaj', 'Fmaj', 'Cmaj', 'Cmaj', 'Cmaj', 'Gmaj', 'Cmaj', 'Gmaj', 'Gmaj', 'Gmaj', 'Dmaj', 'Dmaj', 'Cmaj', 'Cmaj', 'Gmaj', 'Cmaj', 'Gmaj', 'Cmaj', 'Gmaj', 'Cmaj', 'Gmaj', 'Cmaj', 'Dmaj', 'Dmaj', 'Dmaj', 'Dmaj', 'Dmaj', 'Dmaj', 'Dmaj', 'Dmaj', 'Cmaj', 'Gmaj', 'Cmaj', 'Dmaj', 'Dmaj', 'Cmaj', 'Gmaj', 'Cmaj', 'Gmaj', 'Cmaj', 'Gmaj', 'Cmaj', 'Gmaj', 'Cmaj', 'Dmaj', 'Dmaj', 'Dmaj', 'Dmaj', 'Dmaj', 'Dmaj', 'Dmaj', 'Dmaj', 'Dmaj', 'Dmaj', 'Dmaj', 'Dmaj', 'Dmaj', 'Dmaj', 'Dmaj']"
1120,"['C#min', 'C#min', 'C#min', 'C#min', 'G#maj', 'C#min', 'Emaj', 'Emaj', 'C#min', 'C#min', 'C#min', 'C#min', 'Emaj', 'Emaj', 'Emaj', 'C#min', 'C#min', 'C#min', 'Amaj', 'Amaj', 'Emaj', 'Emaj', 'Emaj', 'Emaj', 'C#min', 'C#min', 'Amaj', 'Emaj', 'Emaj', 'Emaj', 'Emaj', 'Emaj', 'Emaj', 'C#min', 'C#min', 'C#min', 'C#min', 'Emaj', 'Emaj', 'Emaj', 'C#min', 'C#min', 'C#min', 'Amaj', 'Amaj', 'Emaj', 'Emaj', 'Emaj', 'Emaj', 'C#min', 'C#min', 'Amaj', 'Emaj', 'Emaj', 'Emaj', 'Emaj', 'Emaj', 'Emaj', 'C#min', 'C#min', 'C#min', 'C#min', 'Emaj', 'Emaj', 'Emaj', 'C#min', 'C#min', 'C#min', 'Amaj', 'Amaj', 'Emaj', 'Emaj', 'Emaj', 'Emaj', 'C#min', 'C#min', 'Amaj', 'Emaj', 'Emaj', 'Emaj', 'Emaj', 'Emaj', 'Emaj', 'C#min', 'C#min', 'C#min', 'C#min', 'Emaj', 'Emaj', 'Emaj', 'C#min', 'C#min', 'C#min', 'Amaj', 'Amaj', 'Emaj', 'Emaj', 'Emaj', 'Emaj', 'C#min', 'C#min', 'Amaj', 'Emaj', 'Emaj', 'Emaj', 'Emaj', 'Emaj', 'Emaj', 'C#min', 'C#min', 'C#min', 'C#min', 'Emaj', 'Emaj', 'Emaj', 'C#min', 'C#min', 'C#min', 'C#min', 'Amaj', 'Amaj', 'Emaj', 'Emaj', 'Emaj', 'Emaj', 'C#min', 'C#min', 'Amaj', 'Emaj', 'Emaj', 'Emaj', 'Emaj', 'Emaj', 'Emaj', 'C#min', 'C#min', 'C#min', 'C#min', 'Emaj', 'Emaj', 'Emaj', 'C#min', 'C#min', 'C#min', 'Amaj', 'Amaj', 'Emaj', 'Emaj', 'Emaj', 'Emaj', 'C#min', 'C#min', 'Amaj', 'Emaj', 'Emaj', 'Emaj', 'Emaj', 'Emaj', 'Emaj', 'C#min', 'C#min', 'C#min', 'C#min', 'Emaj', 'Emaj', 'Emaj', 'C#min', 'C#min', 'C#min', 'Amaj', 'Amaj', 'Emaj', 'Emaj', 'Emaj', 'Emaj', 'C#min', 'C#min', 'Amaj', 'Emaj', 'Emaj', 'Emaj', 'Emaj', 'Emaj', 'Emaj', 'C#min', 'C#min', 'C#min', 'C#min', 'Emaj', 'Emaj', 'Emaj', 'C#min', 'C#min', 'C#min', 'Amaj', 'Amaj', 'Emaj', 'Emaj', 'Emaj', 'Emaj', 'C#min', 'C#min', 'Amaj', 'Emaj', 'Emaj', 'Emaj', 'Emaj', 'Amaj', 'Amaj', 'Emaj', 'Emaj', 'Emaj', 'Emaj', 'C#min', 'C#min', 'Amaj', 'Emaj', 'Emaj', 'Emaj', 'Emaj', 'C#min', 'C#min', 'C#min', 'C#min']"
1121,"['Dmin', 'C7', 'Bb7', 'A7', 'Dmin', 'Dmin', 'Cmaj', 'Cmaj', 'Bbmaj', 'Bbmaj', 'Fmaj', 'Fmaj', 'Cmaj', 'Cmaj', 'Cmaj', 'Cmaj', 'Dmin', 'C7', 'Bb7', 'A7', 'Dmin', 'Dmin', 'Cmaj', 'Cmaj', 'Bbmaj', 'Bbmaj', 'Fmaj7', 'Fmaj7', 'Cmaj', 'Cmaj', 'Dmin', 'C7', 'Bb7', 'A7', 'Dmin7', 'Dmin7', 'Cmaj', 'Cmaj', 'Bbmaj', 'Bbmaj', 'Fmaj7', 'Fmaj7', 'Cmaj', 'Cmaj', 'Dmin', 'C7', 'Bb7', 'A7', 'Dmin', 'Dmin', 'Gmin', 'Gmin', 'Fmaj', 'Fmaj', 'Cmaj', 'Cmaj', 'Dmin', 'Dmin', 'Cmaj', 'Cmaj', 'Bbmaj', 'Bbmaj', 'Fmaj7', 'Fmaj7', 'Cmaj', 'Cmaj', 'Dmin', 'C7', 'Bb7', 'A7', 'Dmin', 'C7', 'Bb7', 'A7', 'Dmin', 'C7', 'Bb7', 'A7', 'Dmin', 'C7', 'Bb7', 'A7']"
1123,"['Fmaj', 'Bbmaj', 'Fmaj', 'Bbmaj', 'Fmaj', 'Bbmaj', 'Fmaj', 'Fmaj', 'Bbmaj', 'Fmaj', 'Bbmaj', 'Fmaj', 'Bbmaj', 'Fmaj', 'Bbmaj', 'Fmaj', 'Bbmaj', 'Fmaj', 'Bbmaj', 'Fmaj', 'Bbmaj', 'Fmaj', 'Bbmaj', 'Fmaj', 'Fmaj', 'Bbmaj', 'Fmaj', 'Bbmaj', 'Fmaj', 'Bbmaj', 'Fmaj', 'Bbmaj', 'Fmaj', 'Bbmaj', 'Fmaj', 'Bbmaj', 'Fmaj', 'Bbmaj', 'Fmaj', 'Bbmaj', 'Bbmaj', 'Ebmaj', 'Bbmaj', 'Bbmaj', 'Ebmaj', 'C7', 'C7', 'C7', 'C7', 'Fmaj', 'Bbmaj', 'Fmaj', 'Bbmaj', 'Fmaj', 'Bbmaj', 'Fmaj', 'Bbmaj', 'Fmaj', 'Bbmaj', 'Fmaj', 'Bbmaj', 'Fmaj', 'Bbmaj', 'Fmaj', 'Bbmaj', 'Fmaj', 'Fmaj', 'Fmaj', 'Bbmaj', 'Fmaj', 'Bbmaj', 'Fmaj', 'Bbmaj', 'Fmaj', 'Bbmaj', 'Fmaj', 'Bbmaj', 'Fmaj', 'Bbmaj', 'Fmaj', 'Bbmaj', 'Fmaj', 'Bbmaj', 'Fmaj', 'Bbmaj', 'Fmaj', 'Bbmaj', 'Fmaj', 'Bbmaj', 'Fmaj', 'Bbmaj', 'Fmaj', 'Bbmaj', 'Fmaj', 'Bbmaj', 'Fmaj', 'Bbmaj', 'Fmaj', 'Bbmaj', 'Bbmaj', 'Ebmaj', 'Bbmaj', 'Bbmaj', 'Ebmaj', 'C7', 'C7', 'C7', 'C7', 'Fmaj', 'Bbmaj', 'Fmaj', 'Bbmaj', 'Fmaj', 'Bbmaj', 'Fmaj', 'Bbmaj', 'Fmaj', 'Bbmaj', 'Fmaj', 'Bbmaj', 'Fmaj', 'Bbmaj', 'Fmaj', 'Bbmaj', 'Fmaj', 'Bbmaj', 'Fmaj', 'Bbmaj', 'Fmaj', 'Bbmaj', 'Fmaj', 'Bbmaj', 'Fmaj', 'Bbmaj', 'Fmaj', 'Bbmaj', 'Fmaj', 'Bbmaj', 'Fmaj', 'Bbmaj', 'Fmaj', 'Bbmaj', 'Fmaj', 'Bbmaj']"
1124,"['Emaj', 'E', 'Bmin7', 'Emaj', 'Emaj', 'E', 'Bmin7', 'Emaj', 'Emaj', 'Bmaj', 'Amaj', 'C#min7', 'C#sus2', 'Emaj', 'Bmaj', 'Amaj', 'C#min7', 'A', 'Emaj', 'Bmaj', 'Amaj', 'C#min7', 'A', 'Emaj', 'Bmaj', 'Amaj', 'C#min7', 'Amaj7', 'Emaj', 'E', 'Bmin7', 'Emaj', 'Emaj', 'E', 'Bmin7', 'Emaj', 'Emaj', 'Bmaj', 'Amaj', 'C#min7', 'C#sus2', 'Emaj', 'Bmaj', 'Amaj', 'C#min7', 'A', 'Emaj', 'Bmaj', 'Amaj', 'C#min7', 'B7', 'Emaj', 'Bmaj', 'Amaj', 'C#min7', 'Amaj7', 'Emaj', 'E', 'Bmin7', 'Emaj', 'Emaj', 'E', 'Bmin7', 'Emaj', 'Emaj', 'Bmaj', 'Amaj', 'C#min7', 'C#sus2', 'Emaj', 'Bmaj', 'Amaj', 'C#min7', 'A', 'Emaj', 'Bmaj', 'Amaj', 'C#min7', 'Amaj', 'Emaj', 'Bmaj', 'Amaj', 'C#min7', 'Amaj7', 'Emaj', 'E', 'Bmin7', 'Emaj', 'Emaj', 'E', 'Bmin7', 'A', 'Bmin7', 'A', 'Bmin7', 'A', 'Emaj']"
1125,"['G7', 'G7', 'G7', 'G7', 'C7', 'C7', 'G7', 'G7', 'D7', 'C7', 'G7', 'G7', 'G7', 'G7', 'G7', 'G7', 'C7', 'C7', 'G7', 'G7', 'D7', 'C7', 'G7', 'G7', 'G7', 'G7', 'G7', 'G7', 'C7', 'C7', 'G7', 'G7', 'D7', 'C7', 'G7', 'G7', 'G7', 'G7', 'G7', 'G7', 'C7', 'C7', 'G7', 'G7', 'D7', 'C7', 'G7', 'G7', 'G7', 'G7', 'G7', 'G7', 'C7', 'C7', 'G7', 'G7', 'D7', 'C7', 'G7', 'G7', 'G7', 'G7', 'G7', 'G7', 'C7', 'C7', 'G7', 'G7', 'D7', 'C7', 'G7', 'G7', 'G7', 'G7', 'G7', 'G7', 'C7', 'C7', 'G7', 'G7', 'D7', 'C7', 'G7', 'G7']"
1126,"['Fsus4', 'Fmaj', 'Bbmaj', 'Cmaj', 'Fsus4', 'Fmaj', 'Bbmaj', 'Csus4', 'Cmaj', 'Fsus4', 'Fmaj', 'Bbmaj', 'Cmaj', 'Fsus4', 'Fmaj', 'Bbmaj', 'Csus4', 'Cmaj', 'Dmin', 'Bbmaj7', 'Amin', 'Fmaj', 'Dmin', 'Bbmaj7', 'Amin', 'Cmaj', 'Gmaj', 'Gmaj', 'Bbmaj', 'Fmaj', 'Bbmaj', 'Fmaj', 'Bbmaj', 'Bbmaj', 'Cmaj', 'Fsus4', 'Fmaj', 'Bbmaj', 'Cmaj', 'Fsus4', 'Fmaj', 'Bbmaj', 'Csus4', 'Cmaj', 'Fsus4', 'Fmaj', 'Bbmaj', 'Cmaj', 'Fsus4', 'Fmaj', 'Bbmaj', 'Csus4', 'Cmaj', 'Dmin', 'Bbmaj7', 'Amin', 'Fmaj', 'Dmin', 'Bbmaj7', 'Amin', 'Cmaj', 'Gmaj', 'Gmaj', 'Bbmaj', 'Fmaj', 'Bbmaj', 'Fmaj', 'Bbmaj', 'Bbmaj', 'Cmaj', 'Fsus4', 'Fmaj', 'Bbmaj', 'Cmaj', 'Fsus4', 'Fmaj', 'Bbmaj', 'Csus4', 'Cmaj', 'Fsus4', 'Fmaj', 'Bbmaj', 'Cmaj', 'Fsus4', 'Fmaj', 'Bbmaj', 'Csus4', 'Cmaj', 'Eb', 'Eb', 'Eb', 'Eb', 'Eb', 'Eb', 'Eb', 'Eb', 'Fsus4', 'Fmaj', 'Bbmaj', 'Cmaj', 'Fsus4', 'Fmaj', 'Bbmaj', 'Csus4', 'Cmaj', 'Fsus4', 'Fmaj', 'Bbmaj', 'Cmaj', 'Fsus4', 'Fmaj', 'Bbmaj', 'Csus4', 'Cmaj', 'Dmin', 'Bbmaj7', 'Amin', 'Fmaj', 'Dmin', 'Bbmaj7', 'Amin', 'Cmaj', 'Gmaj', 'Gmaj', 'Bbmaj', 'Fmaj', 'Bbmaj', 'Fmaj', 'Bbmaj', 'Bbmaj', 'Cmaj', 'Gsus4', 'Gmaj', 'Cmaj', 'Dmaj', 'Gsus4', 'Gmaj', 'Cmaj', 'Dsus4', 'Dmaj', 'Gsus4', 'Gmaj', 'Cmaj', 'Dmaj', 'Gsus4', 'Gmaj', 'Cmaj', 'Dsus4', 'Dmaj', 'Gsus4', 'Gmaj', 'Cmaj', 'Dmaj', 'Gsus4', 'Gmaj', 'Cmaj', 'Dsus4', 'Dmaj', 'Gsus4', 'Gmaj', 'Cmaj', 'Dmaj', 'Gsus4', 'Gmaj', 'Cmaj', 'Dsus4', 'Dmaj', 'Gsus4', 'Gmaj', 'Cmaj', 'Dmaj', 'Gsus4', 'Gmaj', 'Cmaj', 'Dsus4', 'Dmaj', 'Gsus4', 'Gmaj', 'Cmaj', 'Dmaj', 'Gsus4', 'Gmaj', 'Cmaj', 'Dsus4', 'Dmaj']"
1127,"['Dmaj7', 'G', 'Dmaj7', 'Gmaj', 'F#min7', 'Esus4', 'Dmaj7', 'D', 'Dmaj7', 'Bmin7', 'F#min7', 'Bmin7', 'F#min7', 'Gmaj7', 'F#sus4', 'F#7', 'Bmin7', 'E', 'Asus4', 'Emin7', 'F#min7', 'Gmaj', 'Asus4', 'Dmaj7', 'D', 'Dmaj7', 'Bmin7', 'F#min7', 'Bmin7', 'F#min7', 'Gmaj7', 'F#sus4', 'F#7', 'Ebmaj', 'Gmin7', 'Ab', 'F', 'Cmaj9', 'Emin7', 'Fmaj7', 'Cmaj9', 'Fmaj7', 'Cmaj9', 'Esus4', 'Emaj', 'Emin9', 'A', 'Emin9', 'A', 'Dmaj9', 'A', 'D', 'A', 'Bmin9', 'F#min7', 'Bmin9', 'F#min7', 'Gmaj7', 'A', 'Bmin7', 'Emin7', 'Asus4', 'Amin7', 'B7', 'B7', 'Emin9', 'F#min7', 'Gmaj9', 'Asus4', 'Gmaj7', 'F#min7', 'Emin9', 'Asus4', 'Dmaj7', 'D', 'Dmaj7', 'Bmin7', 'F#min7', 'Gmaj7', 'F#min7', 'Emin9', 'Asus4', 'Dmaj7']"
1132,"['Bbmaj', 'Dbdim', 'F7', 'Bbmaj', 'Bbmaj', 'C7', 'C7', 'F7', 'F', 'F7', 'Bbmaj', 'Bbmaj', 'Dbdim', 'F7', 'Bbmaj', 'Bbmaj', 'C7', 'C7', 'F7', 'F7', 'Bbmaj', 'Bbmaj', 'D7', 'D7', 'D7', 'D7', 'D7', 'D7', 'Gmaj', 'Gmaj', 'C7', 'Csus4', 'B7', 'C7', 'C7', 'C7', 'C7', 'F7', 'Bbmaj', 'Dbdim', 'F7', 'Bbmaj', 'Bbmaj', 'C7', 'C7', 'F7', 'F', 'F7', 'Bbmaj', 'Bbmaj', 'Dbdim', 'F7', 'Bbmaj', 'Bbmaj', 'C7', 'C7', 'F7', 'F7', 'Bbmaj', 'F#7', 'C#7', 'F#7', 'Bmaj', 'Bmaj', 'C#7', 'C#7', 'F#7', 'F#7', 'Bmaj', 'F#7', 'Ddim', 'F#7', 'Bmaj', 'Bmaj', 'C#7', 'C#7', 'F#7', 'F#7', 'Bmaj', 'Bmaj', 'D#7', 'D#7', 'D#7', 'D#7', 'D#7', 'D#7', 'G#min', 'G#min', 'C#7', 'C#sus4', 'C7', 'C#7', 'C#7', 'C#7', 'C#7', 'F#maj', 'Ddim', 'F#7', 'Bmaj', 'Bmaj', 'C#7', 'C#7', 'F#7', 'F#7', 'Bmaj', 'F#maj', 'Ddim', 'F#7', 'Bmaj', 'Bmaj', 'C#7', 'C#7', 'C#7', 'F#7', 'Bmaj', 'Bmaj', 'C#7', 'F#7', 'Bmaj', 'Bmaj', 'C#7', 'F#7', 'Bmaj', 'Bmaj']"
1133,"['Emaj', 'Emaj', 'Emaj', 'Emaj', 'Emaj', 'F#min7', 'Emaj', 'F#min7', 'Emaj', 'F#min7', 'Emaj', 'F#min7', 'Emaj', 'F#min7', 'Emaj', 'F#min7', 'Emaj', 'F#min7', 'Emaj', 'F#min7', 'Emaj', 'Amaj', 'Dmaj', 'B7', 'Emaj', 'Emaj', 'Amaj', 'Dmaj', 'B7', 'Emaj', 'Emaj', 'F#min7', 'Emaj', 'F#min7', 'Emaj', 'F#min7', 'Emaj', 'F#min7', 'Emaj', 'F#min7', 'Emaj', 'F#min7', 'Emaj', 'F#min7', 'Emaj', 'F#min7', 'Emaj', 'Amaj', 'Dmaj', 'B7', 'Emaj', 'Emaj', 'Amaj', 'Dmaj', 'B7', 'Emaj', 'Emaj', 'Emaj', 'Emaj', 'F#min7', 'Emaj', 'F#min7', 'Emaj', 'F#min7', 'Emaj', 'F#min7', 'Emaj', 'F#min7', 'Emaj', 'F#min7', 'Emaj', 'F#min7', 'Emaj', 'F#min7', 'Emaj', 'F#min7', 'Emaj', 'F#min7', 'Emaj', 'F#min7', 'Emaj', 'F#min7', 'Emaj', 'Amaj', 'Dmaj', 'B7', 'Emaj', 'Emaj', 'Amaj', 'Dmaj', 'B7', 'Emaj', 'Emaj', 'Amaj', 'Dmaj', 'B7', 'Emaj', 'Emaj', 'Amaj', 'Dmaj', 'B7', 'Emaj']"
1134,"['Eb', 'Bb', 'Db', 'Eb', 'Eb', 'Bb', 'Db', 'Eb', 'Eb7', 'Eb7', 'Eb7', 'Eb7', 'Bb7', 'Eb7', 'Eb7', 'Eb7', 'Eb7', 'Eb7', 'Eb7', 'Eb7', 'Eb7', 'Ab7', 'Ab7', 'Eb7', 'Eb7', 'Bb7', 'Ab7', 'Eb7', 'Eb7', 'Ab7', 'Eb7', 'Ab7', 'Eb7', 'Ab7', 'Eb7', 'Ab7', 'Bb7', 'Ab7', 'Eb7', 'Eb7', 'Eb7', 'Eb7', 'Eb7', 'Bb7', 'Ab7', 'F7', 'Bb7', 'Eb7', 'Eb7', 'Eb7', 'Eb7', 'Eb7', 'Eb7', 'Eb7', 'Eb7', 'Ab7', 'Ab7', 'Eb7', 'Eb7', 'Bb7', 'Ab7', 'Eb7', 'Eb7', 'Ab7', 'Eb7', 'Ab7', 'Eb7', 'Ab7', 'Eb7', 'Ab7', 'Bb7', 'Ab7', 'Eb7', 'Eb7', 'Ab7', 'Eb7', 'Ab7', 'Eb7', 'Ab7', 'Eb7', 'Ab7', 'Eb7', 'Ab7', 'Eb7', 'Ab7', 'Eb7', 'Ab7', 'Eb7', 'Ab7']"
1135,"['Cmaj', 'Fmaj', 'Cmaj', 'Cmaj', 'Cmaj', 'Fmaj', 'Cmaj', 'Cmaj', 'Cmaj', 'Fmaj', 'Cmaj', 'Cmaj', 'Fmaj', 'Fmaj', 'Cmaj', 'Cmaj', 'Cmaj', 'Fmaj', 'Cmaj', 'Cmaj', 'Cmaj', 'Fmaj', 'Cmaj', 'Cmaj', 'Cmaj', 'Fmaj', 'Cmaj', 'Cmaj', 'Fmaj', 'Fmaj', 'Cmaj', 'Cmaj', 'Cmaj', 'Fmaj', 'Cmaj', 'Cmaj', 'Cmaj', 'Gmaj', 'Cmaj', 'Cmaj', 'Fmaj', 'Fmaj', 'Cmaj', 'Cmaj', 'Gmaj', 'Fmaj', 'Cmaj', 'Cmaj', 'Fmaj', 'Fmaj', 'Cmaj', 'Cmaj', 'Cmaj', 'Fmaj', 'Cmaj', 'Cmaj', 'Cmaj', 'Gmaj', 'Cmaj', 'Cmaj', 'Cmaj', 'Fmaj', 'Cmaj', 'Cmaj', 'Cmaj', 'Fmaj', 'Cmaj', 'Cmaj', 'Fmaj', 'Fmaj', 'Cmaj', 'Cmaj']"
1136,"['Amaj', 'Gmaj', 'Amaj', 'Gmaj', 'Amaj', 'Amaj', 'Amaj', 'Amaj', 'Amaj', 'Gmaj', 'Gmaj', 'Amaj', 'Amaj', 'Amaj', 'Gmaj', 'Gmaj', 'Amaj', 'Amaj', 'Amaj', 'Gmaj', 'Gmaj', 'Dmaj', 'Emaj', 'Amaj', 'Dmaj', 'Emaj', 'Amaj', 'Amaj', 'Amaj', 'Amaj', 'Amaj', 'Gmaj', 'Gmaj', 'Amaj', 'Amaj', 'Amaj', 'Gmaj', 'Gmaj', 'Amaj', 'Amaj', 'Amaj', 'Gmaj', 'Gmaj', 'Dmaj', 'Emaj', 'Amaj', 'Dmaj', 'Emaj', 'Amaj', 'Amaj', 'Dmaj', 'Emaj', 'Amaj', 'Dmaj', 'Emaj', 'Amaj', 'Amaj', 'Amaj', 'Amaj', 'Amaj', 'Gmaj', 'Gmaj', 'Amaj', 'Amaj', 'Amaj', 'Gmaj', 'Gmaj', 'Amaj', 'Amaj', 'Amaj', 'Gmaj', 'Gmaj', 'Dmaj', 'Emaj', 'Amaj', 'Dmaj', 'Emaj', 'Amaj', 'Amaj', 'Amaj', 'Amaj', 'Amaj', 'Gmaj', 'Amaj', 'Gmaj', 'Amaj', 'Amaj', 'Amaj', 'Amaj', 'Amaj', 'Gmaj', 'Gmaj', 'Amaj', 'Amaj', 'Amaj', 'Gmaj', 'Gmaj', 'Amaj', 'Amaj', 'Amaj', 'Gmaj', 'Gmaj', 'Dmaj', 'Emaj', 'Amaj', 'Dmaj', 'Emaj', 'Amaj', 'Amaj', 'Dmaj', 'Emaj', 'Amaj', 'Dmaj', 'Emaj', 'Amaj', 'Amaj', 'Dmaj', 'Emaj', 'Amaj', 'Dmaj', 'Emaj', 'Amaj', 'Amaj', 'Amaj', 'Amaj']"
1138,"['F7', 'Amaj', 'Cmin', 'Cmin', 'Cmin', 'F7', 'F7', 'F7', 'Bbmaj', 'Bbmaj', 'Cmin', 'F', 'Bbmaj', 'Bbmaj', 'Cmin', 'F7', 'Bbmaj', 'Bbmaj7', 'Bb', 'Bbmaj', 'Cmin', 'F', 'Bbmaj', 'Gmin', 'Cmin', 'Ebmaj', 'Cmin', 'F7', 'F7', 'Cmin', 'F', 'Bbmaj', 'Bbmaj', 'Ebmaj', 'F7', 'Bbmaj', 'Bbmaj7', 'Bb', 'Bbmaj', 'Cmin', 'F', 'Bbmaj', 'Gmin', 'Cmin', 'Ebmaj', 'Cmin', 'F7', 'F7', 'Cmin', 'F7', 'Dmin', 'G7', 'Cmin', 'F7', 'Bbmaj', 'G7', 'Cmin', 'F7', 'Dmin', 'G7', 'Cmin', 'F7', 'Bbmaj', 'Bbmaj', 'Cmin', 'F', 'Bbmaj', 'Bbmaj', 'Cmin', 'F7', 'Bbmaj', 'Bbmaj7', 'Bb', 'Bbmaj', 'Cmin', 'F', 'Bbmaj', 'Gmin', 'Cmin', 'Ebmaj', 'Cmin', 'F7', 'F7', 'Cmin', 'F7', 'Dmin', 'G7', 'Cmin', 'F7', 'Bbmaj', 'G7', 'Cmin', 'F7', 'Dmin', 'G7', 'Cmin', 'F7', 'Bbmaj', 'Bbmaj', 'Cmin', 'F', 'Bbmaj', 'Gmin', 'Cmin', 'Ebmaj', 'Cmin', 'F7', 'F7', 'Cmin', 'F7', 'Dmin', 'G7', 'Cmin', 'F7', 'Bbmaj', 'G7', 'Cmin', 'F7', 'Dmin', 'G7', 'Cmin', 'F7', 'Bbmaj', 'G7', 'Cmin', 'F7', 'Dmin', 'G7', 'Cmin', 'F7', 'Bbmaj', 'G7']"
1139,"['Bmaj', 'Emaj', 'Bmaj', 'Emaj', 'Bmaj', 'Emaj', 'Bmaj', 'Emaj', 'Bmaj', 'Emaj', 'Bmaj', 'Emaj', 'Bmaj', 'Emaj', 'Bmaj', 'Emaj', 'Bmaj', 'Emaj', 'Bmaj', 'Emaj', 'Bmaj', 'Emaj', 'Bmaj', 'Emaj', 'Bmaj', 'Emaj', 'Bmaj', 'Emaj', 'Bmaj', 'Emaj', 'Bmaj', 'Emaj', 'Bmaj', 'Emaj', 'Bmaj', 'Emaj', 'Bmaj', 'Emaj', 'Bmaj', 'Emaj', 'Bmaj', 'Emaj', 'Bmaj', 'Emaj', 'Bmaj', 'Emaj', 'Bmaj', 'Emaj', 'Bmaj', 'Emaj', 'Bmaj', 'Emaj', 'Bmaj', 'Emaj', 'Bmaj', 'Emaj', 'Bmaj', 'Emaj', 'Bmaj', 'Emaj', 'Bmaj', 'Emaj', 'Bmaj', 'Emaj', 'Bmaj', 'Emaj', 'Bmaj', 'Emaj', 'Bmaj', 'Emaj', 'Bmaj', 'Emaj', 'Bmaj', 'Emaj', 'Bmaj', 'Emaj', 'Bmaj', 'Emaj', 'Bmaj', 'Emaj', 'Bmaj', 'Emaj']"
1140,"['Fmaj', 'Fmaj', 'Fmaj', 'Fmaj', 'Fmaj', 'Fmaj', 'Fmaj', 'F7', 'Ebmaj', 'Bbmaj', 'Fmaj', 'Cmaj', 'Cmaj', 'Bbmaj', 'Cmaj', 'Amin', 'Gsus2', 'Gmaj', 'Ebmaj', 'Bbmaj', 'Fmaj', 'Cmaj', 'Cmaj', 'Bbmaj', 'Cmaj', 'Amin', 'Gsus2', 'Gmaj', 'Fmaj', 'Cmaj', 'Bbmaj', 'Dmin7', 'Fmaj', 'Cmaj', 'Ebmaj', 'Bbmaj', 'Fmaj', 'Cmaj', 'Dmin', 'Bbmaj', 'Cmaj', 'Fmaj', 'Fmaj', 'Ebmaj', 'Bbmaj', 'Fmaj', 'Cmaj', 'Cmaj', 'Bbmaj', 'Cmaj', 'Amin', 'Gmaj', 'Gmaj', 'Ebmaj', 'Bbmaj', 'Fmaj', 'Cmaj', 'Cmaj', 'Bbmaj', 'Cmaj', 'Amin', 'Gmaj', 'Gmaj', 'Fmaj', 'Cmaj', 'Bbmaj', 'Dmin7', 'Fmaj', 'Cmaj', 'Ebmaj', 'Bbmaj', 'Fmaj', 'Cmaj', 'Dmin', 'Bbmaj', 'Cmaj', 'Fmaj', 'Fmaj', 'Ebmaj', 'Bbmaj', 'Fmaj', 'Cmaj', 'Cmaj', 'Bbmaj', 'Cmaj', 'Amin', 'Gmaj', 'Gmaj', 'Ebmaj', 'Bbmaj', 'Fmaj', 'Cmaj', 'Cmaj', 'Bbmaj', 'Cmaj', 'Amin', 'Gmaj', 'Gmaj', 'Amin', 'Amin', 'Gmaj', 'Cmaj', 'Gmaj', 'Emin', 'Fmaj', 'Cmaj', 'Amin', 'Amin', 'Gmaj', 'Cmaj', 'Gmaj', 'Emin', 'Fmaj', 'Cmaj', 'Amin', 'Amin', 'Gmaj', 'Cmaj', 'Gmaj', 'Emin', 'Fmaj', 'Cmaj', 'Amin', 'Amin', 'Gmaj', 'Cmaj', 'Gmaj', 'Emin', 'Fmaj', 'Cmaj', 'Fmaj', 'Cmaj', 'Bbmaj', 'Dmin7', 'Fmaj', 'Cmaj', 'Ebmaj', 'Bbmaj', 'Fmaj', 'Cmaj', 'Dmin', 'Bbmaj', 'Cmaj', 'Fmaj', 'Fmaj', 'Ebmaj', 'Bbmaj', 'Fmaj', 'Cmaj', 'Cmaj', 'Bbmaj', 'Cmaj', 'Amin', 'Gmaj', 'Gmaj', 'Ebmaj', 'Bbmaj', 'Fmaj', 'Cmaj', 'Cmaj', 'Bbmaj', 'Cmaj', 'Amin', 'Gmaj', 'Gmaj', 'Ebmaj', 'Bbmaj', 'Fmaj', 'Cmaj', 'Cmaj', 'Bbmaj', 'Cmaj', 'Amin', 'Gmaj', 'Gmaj', 'Ebmaj', 'Bbmaj', 'Fmaj', 'Cmaj', 'Cmaj', 'Bbmaj', 'Cmaj', 'Amin', 'Gmaj', 'Gmaj', 'Ebmaj', 'Bbmaj', 'Fmaj', 'Cmaj', 'Cmaj', 'Bbmaj', 'Cmaj', 'Amin', 'Gmaj', 'Gmaj', 'Ebmaj', 'Bbmaj', 'Fmaj', 'Cmaj', 'Cmaj']"
1141,"['Dmaj', 'Dmaj', 'Amaj', 'Amaj', 'E7', 'E7', 'Amaj', 'Amaj', 'Dmaj', 'Dmaj', 'Amaj', 'Amaj', 'E7', 'E7', 'E7', 'Amaj', 'Amaj', 'Amaj', 'Dmaj', 'Amaj', 'Amaj', 'Amaj', 'Dmaj', 'E7', 'E7', 'Amaj', 'Dmaj', 'Amaj', 'Amaj', 'B7', 'B7', 'E7', 'E7', 'Dmaj', 'Dmaj', 'Amaj', 'Amaj', 'E7', 'E7', 'Amaj', 'Amaj', 'Dmaj', 'Dmaj', 'Amaj', 'Amaj', 'E7', 'E7', 'E7', 'Amaj', 'Fmaj', 'Bb', 'Bbmaj', 'Ebmaj', 'Bbmaj', 'Bbmaj', 'Bbmaj', 'Ebmaj', 'F7', 'F7', 'Bbmaj', 'Ebmaj', 'Bbmaj', 'Bbmaj', 'C7', 'C7', 'F7', 'F7', 'Ebmaj', 'Ebmaj', 'Bbmaj', 'Bbmaj', 'F7', 'F7', 'Bbmaj', 'Bbmaj', 'Ebmaj', 'Ebmaj', 'Bbmaj', 'Bbmaj', 'F7', 'F7', 'F7', 'Bbmaj', 'Bbmaj', 'F7', 'F7', 'F7', 'F7', 'Bbmaj', 'Bbmaj']"
1142,"['Dsus4', 'Gmaj', 'Cmaj', 'Gmaj', 'Fmaj', 'Gmaj', 'Gmaj', 'Cmaj', 'Gmaj', 'Fmaj', 'Gmaj', 'Cmaj', 'Dmaj', 'Gmaj', 'Cmaj', 'Gmaj', 'Gmaj', 'Cmaj', 'Gmaj', 'Fmaj', 'Gmaj', 'Gmaj', 'Cmaj', 'Gmaj', 'Fmaj', 'Gmaj', 'Cmaj', 'Dmaj', 'Gmaj', 'Cmaj', 'Gmaj', 'Bmin', 'Emin', 'Bmin', 'Bmin', 'Gmaj', 'Emin', 'Cmaj', 'Dmaj', 'Gmaj', 'Cmaj', 'Gmaj', 'Fmaj', 'Gmaj', 'Gmaj', 'Cmaj', 'Gmaj', 'Fmaj', 'Gmaj', 'Cmaj', 'Dmaj', 'Gmaj', 'Cmaj', 'Gmaj', 'Gmaj', 'Cmaj', 'Gmaj', 'Fmaj', 'Gmaj', 'Gmaj', 'Cmaj', 'Gmaj', 'Fmaj', 'Gmaj', 'Cmaj', 'Dmaj', 'Gmaj', 'Cmaj', 'Gmaj', 'Bmin', 'Emin', 'Bmin', 'Bmin', 'Gmaj', 'Emin', 'Cmaj', 'Dmaj', 'Gmaj', 'Cmaj', 'Gmaj', 'Fmaj', 'Gmaj', 'Gmaj', 'Cmaj', 'Gmaj', 'Fmaj', 'Gmaj', 'Cmaj', 'Dmaj', 'Gmaj', 'Cmaj', 'Gmaj', 'Gmaj', 'Cmaj', 'Gmaj', 'Gmaj', 'Cmaj', 'D']"
1143,"['Cmaj', 'Cmaj', 'Cmaj', 'Cmaj', 'C5', 'C5', 'C5', 'C5', 'F5', 'F5', 'C5', 'C5', 'C5', 'C5', 'C5', 'C5', 'F5', 'F5', 'C5', 'C5', 'Gmaj', 'Amin', 'Gmaj', 'Fmaj', 'Gmaj', 'Cmaj', 'F', 'G7', 'Cmaj', 'F', 'G7', 'Cmaj', 'F', 'G7', 'Cmaj', 'F', 'G7', 'C5', 'C5', 'C5', 'C5', 'F5', 'F5', 'C5', 'C5', 'Gmaj', 'Amin', 'Gmaj', 'Fmaj', 'Gmaj', 'Cmaj', 'F', 'G7', 'Cmaj', 'F', 'G7', 'Cmaj', 'F', 'G7', 'Cmaj', 'F', 'G7', 'C5', 'C5', 'C5', 'C5', 'F5', 'F5', 'C5', 'C5', 'Gmaj', 'Amin', 'Gmaj', 'Fmaj', 'Gmaj', 'Cmaj', 'F', 'G7', 'Cmaj', 'F', 'G7', 'Cmaj', 'F', 'G7', 'Cmaj', 'F', 'G7', 'Cmaj', 'F', 'G7', 'Cmaj', 'F', 'G7', 'Cmaj', 'F', 'G7', 'Cmaj', 'F', 'G7', 'Cmaj', 'F', 'G7', 'Cmaj', 'F', 'G7', 'Cmaj', 'F', 'G7', 'Cmaj', 'F', 'G7', 'Cmaj', 'F', 'G7', 'Cmaj', 'F', 'G7', 'Cmaj', 'F', 'G7', 'Cmaj', 'F', 'G7']"
1145,"['Dbmaj', 'Abmaj', 'Bb', 'Gb', 'Absus4', 'Dbmaj', 'Dbmaj', 'Dbmaj', 'Abmaj', 'Bb', 'Gb', 'Fmin7', 'Ebsus4', 'Absus4', 'Dbmaj', 'Abmaj', 'Bb', 'Gb', 'Fmin7', 'Ebmin7', 'F', 'Bbmin9', 'Ebmin9', 'Absus4', 'Dbmaj', 'Abmaj', 'Bb', 'Bb', 'Gb', 'Absus4', 'Dbmaj', 'Dbmaj', 'Dbmaj', 'Abmaj', 'Bb', 'Gb', 'Fmin7', 'Ebsus4', 'Absus4', 'Dbmaj', 'Abmaj', 'Bb', 'Gb', 'Fmin7', 'Ebmin7', 'F', 'Bbmin9', 'Ebmin9', 'Absus4', 'Dbmaj', 'Abmaj', 'Bb', 'Bb', 'Gb', 'Absus4', 'Dbmaj', 'Abmaj', 'Bb', 'Bb', 'Gb', 'Absus4', 'Dbmaj', 'Dbmaj', 'Gb', 'Fmin7', 'Bbmin7', 'Abmaj', 'Gb', 'Fmin7', 'Bbmin7', 'Gb', 'Fmin7', 'Bbmin7', 'Absus4', 'Abmaj', 'Absus4', 'Abmaj', 'Asus4', 'Amaj', 'Asus4', 'Dmaj', 'Amaj', 'B', 'B', 'G', 'Emin7', 'Asus4', 'Dmaj', 'Amaj', 'B', 'B', 'G', 'Emin7', 'Asus4', 'Dmaj']"
1146,"['Emaj', 'G#min', 'F#min7', 'Amaj', 'Emaj', 'Emaj', 'Bsus4', 'Bmaj', 'Amaj', 'Emaj', 'Emaj', 'Emaj', 'G#min7', 'F#min7', 'Amaj', 'Emaj', 'Emaj', 'F#min7', 'G#min7', 'B7', 'C#min', 'G#min7', 'F#sus4', 'Amaj', 'G#min7', 'F#min', 'Bmaj', 'Emaj', 'Emaj', 'Emaj', 'B', 'Amaj', 'Emaj', 'Emaj', 'G#min7', 'F#min7', 'Amaj', 'Emaj', 'Emaj', 'F#min7', 'G#min7', 'B7', 'C#min', 'G#min7', 'F#sus4', 'Amaj', 'G#min7', 'F#min', 'Bmaj', 'Amaj', 'Amaj', 'Emaj', 'Emaj', 'Emaj', 'Emaj', 'Emaj', 'Emaj', 'Amaj', 'Amaj', 'Emaj', 'Emaj', 'Emaj', 'G#min7', 'F#min7', 'Amaj', 'Emaj', 'Emaj', 'F#min7', 'G#min7', 'B7', 'C#min', 'G#min7', 'F#sus4', 'Amaj', 'G#min7', 'F#min', 'Bmaj', 'Amaj', 'Emaj', 'Amaj', 'G#min7', 'F#sus4', 'Amaj', 'G#min7', 'Amaj', 'G#min7', 'F#sus4', 'Amaj', 'F#sus4', 'Amaj', 'Emaj', 'Emaj', 'Bmin7', 'Dmaj', 'Amaj', 'G#min7', 'F#sus4', 'Bsus4', 'Bmaj', 'Emaj', 'G#min7', 'F#min7', 'Amaj', 'Emaj', 'Emaj', 'F#min7', 'G#min7', 'B7', 'C#min', 'G#min7', 'F#sus4', 'Amaj', 'G#min7', 'F#min', 'Bmaj', 'C#min', 'Amaj', 'Amaj', 'Emaj', 'Emaj', 'Emaj', 'Emaj', 'Emaj', 'Emaj', 'Emaj', 'Emaj', 'Emaj', 'Emaj', 'Emaj', 'Emaj', 'Emaj']"
1147,"['Cmin', 'Cmin', 'Cmin', 'Gmaj', 'Gmaj', 'Cmin', 'Cmin', 'Gmaj', 'Gmaj', 'Cmin', 'C#min', 'C#min', 'C#min', 'C#min', 'Cmin', 'Cmin', 'Cmin', 'Gmaj', 'Gmaj', 'Cmin', 'Cmin', 'Gmaj', 'Gmaj', 'Cmin', 'Abmaj', 'Bbmaj', 'Cmin', 'Gsus4', 'G7', 'Cmin', 'Abmaj', 'Bbmaj', 'Cmin', 'Cmin', 'F', 'Gsus4', 'G7', 'Cmin', 'C#min', 'C#min', 'C#min', 'C#min', 'C#min', 'Cmin', 'Cmin', 'Cmin', 'G7', 'G7', 'Cmin', 'Cmin', 'Gsus4', 'G7', 'Cmin', 'Cmin', 'G7', 'G7', 'Cmin', 'Cmin', 'G7', 'G7', 'Cmin', 'Cmin']"
1148,"['D5', 'D5', 'D5', 'D5', 'D', 'D', 'D', 'D', 'D', 'D', 'D', 'D', 'Dmin7', 'D', 'Bbmaj', 'D', 'Dmin7', 'D', 'Bbmaj', 'Dmin', 'Dmin', 'Csus4', 'G7', 'G7', 'Dmin', 'Csus4', 'G7', 'G7', 'D5', 'D5', 'D5', 'D5', 'Dmin7', 'D', 'Bbmaj', 'D', 'Dmin7', 'D', 'Bbmaj', 'Dmin', 'Dmin', 'Csus4', 'G7', 'G7', 'Dmin', 'Csus4', 'G7', 'G7', 'Dmin', 'Csus4', 'G7', 'G7', 'Dmin', 'Csus4', 'G7', 'G7', 'Dmin', 'Dmin', 'Dmin', 'Dmin', 'Dmin', 'Dmin', 'Dmin', 'Dmin', 'Dmin7', 'D', 'Bbmaj', 'Dmin', 'Dmin7', 'D', 'Bbmaj', 'Dmin', 'Dmin', 'Csus4', 'G7', 'G7', 'Dmin', 'Csus4', 'G7', 'G7', 'Dmin', 'Csus4', 'G7', 'G7', 'Dmin', 'Csus4', 'G7', 'G7', 'Dmin', 'Csus4', 'G7', 'G7', 'Dmin', 'Csus4', 'G7', 'G7', 'Dmin', 'Csus4', 'G7', 'G7', 'Dmin', 'Csus4', 'G7', 'G7']"
1149,"['F', 'B7', 'Bb7', 'Bbaug', 'Ebmaj', 'Ab7', 'Adim', 'Ebmaj', 'Eb7', 'Ab7', 'Ab7', 'Ebmaj', 'Ebmaj', 'Fmin7', 'B7', 'Bb7', 'Ebmaj', 'Ab7', 'Ebmaj', 'Ebmaj', 'Ab7', 'Ebmaj', 'Ebmaj', 'Ab7', 'Ab7', 'Ebmaj', 'Ebmaj', 'Fmin7', 'Bb7', 'Ebmaj', 'Ab7', 'Adim', 'Ebmaj', 'Bb7', 'Eb7', 'Abmaj', 'Eb7', 'Eb7', 'Ab7', 'Ab7', 'Eb7', 'Eb7', 'Bb7', 'Bb7', 'Ebmaj', 'Ab7', 'Adim', 'Bb7', 'Eb7', 'Ab7', 'Eb7', 'Eb7', 'Ab7', 'Ab7', 'Eb7', 'Eb7', 'Bb7', 'Bb7', 'Ebmaj', 'Ab7', 'Adim', 'Ebmaj', 'Bb7', 'Eb7', 'Eb7', 'Eb7', 'Eb7', 'Ab7', 'Ab7', 'Eb7', 'Eb7', 'Fsus4', 'Bb7', 'Fsus4', 'Bb7', 'Ebmaj', 'Ab7', 'Adim', 'Ebmaj', 'Bb7', 'Eb7', 'Eb7', 'Eb7', 'Eb7', 'Ab7', 'Ab7', 'Eb7', 'Eb7', 'Fsus4', 'Bb7', 'Fsus4', 'Bb7', 'Ebmaj', 'Ab7', 'Adim', 'Ebmaj', 'Bb7', 'Ebmaj', 'Eb', 'Ebmaj']"
1150,"['Dmaj', 'Dmaj', 'Dmaj', 'Dmaj', 'Dmaj', 'Dmaj', 'Dmaj', 'Dmaj', 'Dmaj', 'Dmaj', 'Dmaj', 'Dmaj', 'Dmaj', 'Dmaj', 'Dmaj', 'Dmaj', 'Dmaj', 'Dmaj', 'Amaj', 'Amaj', 'Dmaj', 'D7', 'Gmaj', 'E7', 'Dmaj', 'Amaj', 'Gmaj', 'Dmaj', 'Dmaj', 'Dmaj', 'Dmaj', 'Dmaj', 'Dmaj', 'Dmaj', 'Dmaj', 'Dmaj', 'Dmaj', 'Dmaj', 'Dmaj', 'Dmaj', 'Amaj', 'Amaj', 'Dmaj', 'D7', 'G7', 'E7', 'Dmaj', 'A7', 'Dmaj', 'Dmaj', 'Dmaj', 'Dmaj', 'Dmaj', 'Dmaj', 'Dmaj', 'Dmaj', 'A7', 'A7', 'Dmaj', 'D7', 'Gmaj', 'Gmaj', 'Dmaj', 'Amaj', 'Dmaj', 'Dmaj', 'Dmaj', 'Dmaj', 'Dmaj', 'Dmaj', 'Dmaj', 'Dmaj', 'Amaj', 'Amaj', 'Dmaj', 'D7', 'Gmaj', 'E7', 'Dmaj', 'A7', 'Dmaj', 'Dmaj', 'Dmaj', 'Dmaj', 'Dmaj', 'Dmaj', 'Dmaj', 'Dmaj', 'Dmaj', 'Dmaj', 'Dmaj', 'Dmaj', 'Dmaj', 'Dmaj', 'Amaj', 'Amaj', 'Dmaj', 'D7', 'G7', 'E7', 'Dmaj', 'A7', 'D7', 'D7', 'Dmaj', 'Dmaj', 'Dmaj', 'Dmaj', 'Dmaj', 'Dmaj', 'Amaj', 'Amaj', 'Dmaj', 'D7', 'Gmaj', 'E7', 'Dmaj', 'A7', 'D7', 'D7', 'Dmaj', 'Dmaj', 'Dmaj', 'Dmaj', 'Dmaj', 'Dmaj', 'Amaj', 'Amaj', 'Dmaj', 'D7', 'Gmaj', 'E7', 'Dmaj', 'A7', 'Dmaj', 'Dmaj', 'Dmaj', 'Dmaj', 'Dmaj', 'Dmaj', 'Dmaj', 'Dmaj', 'Dmaj', 'Dmaj', 'Dmaj', 'Dmaj', 'Dmaj', 'Dmaj', 'Amaj', 'Amaj', 'Dmaj', 'D7', 'Gmaj', 'E7', 'Dmaj', 'A7', 'Dmaj', 'Dmaj', 'Dmaj', 'A7', 'Dmaj', 'Dmaj', 'Dmaj', 'A7', 'Dmaj', 'D']"
1151,"['Amaj', 'Dmaj', 'Amaj', 'Amaj', 'Dmaj', 'Amaj', 'Amaj', 'Dmaj', 'Emaj', 'Amaj', 'Amaj', 'Dmaj', 'Emaj', 'Amaj', 'Bmin7', 'Dmaj', 'Emaj', 'Emaj', 'Dmaj', 'Amaj', 'Dmaj', 'Emaj', 'Amaj', 'C#min', 'Dmaj', 'Emaj', 'Dmaj', 'Emaj', 'Amaj', 'Dmaj', 'Amaj', 'Amaj', 'Dmaj', 'Emaj', 'Amaj', 'Amaj', 'Dmaj', 'Emaj', 'Amaj', 'Bmin7', 'Dmaj', 'Emaj', 'Emaj', 'Dmaj', 'Amaj', 'Dmaj', 'Emaj', 'Amaj', 'C#min', 'Dmaj', 'Emaj', 'Dmaj', 'Emaj', 'Amaj', 'Dmaj', 'Amaj', 'Bmaj7', 'Emaj', 'Bmaj7', 'Emaj', 'Bmaj7', 'Emaj', 'Dmaj', 'Emaj', 'Emaj', 'Gmaj', 'Dmaj', 'Amaj', 'Amaj', 'Amaj', 'Dmaj', 'Emaj', 'Amaj', 'Amaj', 'Dmaj', 'Emaj', 'Amaj', 'Bmin7', 'Dmaj', 'Emaj', 'Emaj', 'Dmaj', 'Amaj', 'Dmaj', 'Emaj', 'Amaj', 'C#min', 'Dmaj', 'Emaj', 'Dmaj', 'Emaj', 'Amaj', 'Amaj', 'C#min', 'Dmaj', 'Emaj', 'Dmaj', 'Emaj', 'Gmaj', 'Dmaj', 'Amaj']"
1152,"['Gmaj', 'Gmaj', 'Emin', 'Emin', 'Cmaj', 'Cmaj', 'Dmaj', 'Dmaj', 'Gmaj', 'Gmaj', 'Emin', 'Emin', 'Cmaj', 'Cmaj', 'Dmaj', 'Dmaj', 'Gmaj', 'Gmaj', 'Emin', 'Emin', 'Cmaj', 'Cmaj', 'Dmaj', 'Dmaj', 'Gmaj', 'Gmaj', 'Emin', 'Emin', 'Cmaj', 'Cmaj', 'Dmaj', 'Dmaj', 'Cmaj', 'Cmin7', 'Gmaj', 'G7', 'Cmaj', 'Cmin7', 'Amaj', 'D7', 'Gmaj', 'Gmaj', 'Emin', 'Emin', 'Cmaj', 'Cmaj', 'Dmaj', 'Dmaj', 'Gmaj', 'Gmaj', 'Emin', 'Emin', 'Cmaj', 'Cmaj', 'Dmaj', 'Dmaj', 'Cmaj', 'Cmin7', 'Gmaj', 'G7', 'Cmaj', 'Cmin7', 'Amaj', 'D7', 'Gmaj', 'Gmaj', 'Emin', 'Emin', 'Cmaj', 'Cmaj', 'Dmaj', 'Dmaj', 'Gmaj', 'Gmaj', 'Emin', 'Emin', 'Cmaj', 'Cmaj', 'Dmaj', 'Dmaj']"
1153,"['Ebsus2', 'Ebsus2', 'Dbmaj', 'Dbmaj', 'Ebmin', 'Ebmin', 'Cbmaj', 'Gbmaj', 'Gbmaj', 'Cbmaj', 'Gbmaj', 'Cbmaj', 'Cbmaj', 'Gbmaj', 'Gbmaj', 'Ebmin', 'Gbmaj', 'Dbmaj', 'Ebmin', 'Ebmin', 'Dbmaj', 'Dbmaj', 'Ebmin', 'Ebmin', 'Cbmaj', 'Gbmaj', 'Gbmaj', 'Cbmaj', 'Gbmaj', 'Cbmaj', 'Cbmaj', 'Gbmaj', 'Gbmaj', 'Ebmin', 'Gbmaj', 'Dbmaj', 'Ebmin', 'Ebmin', 'Dbmaj', 'Dbmaj', 'Ebmin', 'Ebmin', 'Cbmaj', 'Gbmaj', 'Gbmaj', 'Cbmaj', 'Gbmaj', 'Gbmaj', 'Cbmaj', 'Cbmaj', 'Gbmaj', 'Gbmaj', 'Ebmin', 'Gbmaj', 'Dbmaj', 'Ebmin', 'Ebmin', 'Dbmaj', 'Dbmaj', 'Ebmin', 'Ebmin', 'Cbmaj', 'Gbmaj', 'Gbmaj', 'Cbmaj', 'Gbmaj', 'Cbmaj', 'Cbmaj', 'Gbmaj', 'Gbmaj', 'Ebmin', 'Gbmaj', 'Dbmaj', 'Ebmin', 'Ebmin', 'Dbmaj', 'Dbmaj', 'Ebmin', 'Ebmin', 'Cbmaj', 'Gbmaj', 'Gbmaj', 'Cbmaj', 'Gbmaj', 'Gbmaj', 'Cbmaj', 'Cbmaj', 'Gbmaj', 'Gbmaj', 'Ebmin', 'Gbmaj', 'Dbmaj', 'Ebmin', 'Ebmin']"
1154,"['Bmaj', 'F#7', 'Bmaj', 'F#7', 'Bmaj', 'Emaj', 'F#7', 'Bmaj', 'Bmaj', 'Emaj', 'F#7', 'Bmaj', 'Bmaj', 'Emaj', 'F#7', 'Bmaj', 'Bmaj', 'Emaj', 'F#7', 'Bmaj', 'Bmaj', 'Emaj', 'F#7', 'Bmaj', 'Bmaj', 'Emaj', 'F#7', 'Bmaj', 'Bmaj', 'Emaj', 'F#7', 'Bmaj', 'Bmaj', 'Emaj', 'F#7', 'Bmaj', 'Bmaj', 'Emaj', 'F#7', 'Bmaj', 'Bmaj', 'Emaj', 'F#7', 'Bmaj', 'Bmaj', 'F#7', 'Bmaj', 'F#7', 'Bmaj', 'Emaj', 'F#7', 'Bmaj', 'Bmaj', 'Emaj', 'F#7', 'Bmaj', 'Bmaj', 'Emaj', 'F#7', 'Bmaj', 'Bmaj', 'Emaj', 'F#7', 'Bmaj', 'Bmaj', 'Emaj', 'F#7', 'Bmaj', 'Bmaj', 'Emaj', 'F#7', 'Bmaj', 'F#7', 'Bmaj', 'Bmaj']"
1155,"['Dmaj', 'Dmaj', 'Amaj', 'F#min', 'F#min', 'Dmaj', 'Amaj', 'Emaj', 'Emaj', 'Dmaj', 'Dmaj', 'Amaj', 'Dmaj', 'Amaj', 'Emaj', 'Emaj', 'Dmaj', 'Dmaj', 'Amaj', 'F#min', 'F#min', 'Dmaj', 'Dmaj', 'Amaj', 'Dmaj', 'Amaj', 'Emaj', 'Emaj', 'Dmaj', 'Dmaj', 'Amaj', 'F#min', 'F#min', 'Dmaj', 'Dmaj', 'Amaj', 'F#min', 'F#min', 'Dmaj', 'Amaj', 'Emaj', 'Emaj', 'F#min', 'Dmaj', 'Emaj', 'Amaj', 'F#min', 'Emaj', 'Dmaj', 'Amaj', 'F#min', 'Dmaj', 'Emaj', 'Amaj', 'Dmaj', 'Emaj', 'Dmaj', 'Amaj', 'Bmin', 'Bmin', 'Amaj', 'F#min', 'F#min', 'Dmaj', 'Dmaj', 'Amaj', 'Dmaj', 'Amaj', 'Emaj', 'Emaj', 'Dmaj', 'Dmaj', 'Amaj', 'F#min', 'F#min', 'Dmaj', 'Amaj', 'Dmaj', 'Amaj', 'Dmaj', 'Emaj', 'Dmaj', 'Amaj', 'Bmin', 'Bmin', 'Amaj', 'F#min', 'F#min', 'Dmaj', 'Emaj', 'Dmaj', 'Amaj', 'Bmin', 'Bmin', 'Amaj', 'F#min', 'F#min', 'Dmaj', 'Emaj', 'Dmaj', 'Amaj', 'Bmin', 'Amaj', 'Amaj', 'Dmaj', 'Dmaj', 'Amaj', 'Dmaj', 'Emaj', 'Dmaj', 'Amaj', 'Bmin', 'Amaj']"
1157,"['Abmaj', 'Cmin7', 'Bbmin7', 'Dbmaj', 'Abmaj', 'Cmin7', 'Bbmin7', 'Bbmin7', 'Abmaj', 'Cmin7', 'Bbmin7', 'Dbmaj', 'Abmaj', 'Cmin7', 'Bbmin7', 'Dbmaj', 'Abmaj', 'Abmaj', 'Cmin7', 'Bbmin7', 'Dbmaj', 'Abmaj', 'Cmin7', 'Bbmin7', 'Bbmin7', 'Dbmaj', 'Dbmaj', 'Abmaj', 'Cmin7', 'Bbmin7', 'Dbmaj', 'Abmaj', 'Cmin7', 'Bbmin7', 'Dbmaj', 'Abmaj', 'Cmin7', 'Bbmin7', 'Dbmaj', 'Gbmaj', 'Dbmaj', 'Dbmaj', 'Dbmaj', 'Abmaj', 'Abmaj', 'Abmaj', 'Cmin7', 'Bbmin7', 'Dbmaj', 'Abmaj', 'Cmin7', 'Bbmin7', 'Dbmaj', 'Abmaj', 'Abmaj', 'Cmin7', 'Bbmin7', 'Dbmaj', 'Abmaj', 'Cmin7', 'Bbmin7', 'Bbmin7', 'Dbmaj', 'Dbmaj', 'Abmaj', 'Cmin7', 'Bbmin7', 'Dbmaj', 'Abmaj', 'Cmin7', 'Bbmin7', 'Dbmaj', 'Abmaj', 'Cmin7', 'Bbmin7', 'Dbmaj', 'Gbmaj', 'Dbmaj', 'Dbmaj', 'Dbmaj', 'Abmaj', 'Abmaj', 'Gbmaj7', 'Gbmaj7', 'Fmin7', 'Ebmin7', 'Gbmaj', 'Fmin7', 'Gbmaj7', 'Gbmaj7', 'Fmin7', 'Ebmin7', 'Gbmaj', 'Fmin7', 'Gbmaj7', 'Gbmaj7', 'Fmin7', 'Ebmin7', 'Gbmaj', 'Bmaj', 'Gbmaj', 'Gbmaj', 'Ebmin7', 'Dbmaj', 'Dbmaj', 'Dbmaj', 'Abmaj', 'Cmin7', 'Bbmin7', 'Dbmaj', 'Abmaj', 'Cmin7', 'Bbmin7', 'Dbmaj', 'Abmaj', 'Abmaj', 'Cmin7', 'Bbmin7', 'Dbmaj', 'Abmaj', 'Cmin7', 'Bbmin7', 'Bbmin7', 'Dbmaj', 'Abmaj', 'Cmin7', 'Bbmin7', 'Dbmaj', 'Abmaj', 'Cmin7', 'Bbmin7', 'Dbmaj', 'Abmaj', 'Cmin7', 'Bbmin7', 'Dbmaj', 'Abmaj', 'Cmin7', 'Bbmin7', 'Bmin7', 'Bmin7', 'Dmaj', 'Amaj', 'C#min7', 'Bmin7', 'Dmaj', 'Amaj', 'C#min7', 'Bmin7', 'Dmaj', 'Amaj', 'Amaj', 'C#min7', 'Bmin7', 'Dmaj', 'Amaj', 'C#min7', 'Bmin7', 'Dmaj', 'Amaj']"
1160,"['Cbmaj', 'Dbmaj', 'Dbmaj', 'Dbmaj', 'Dbmaj', 'Abmaj', 'Abmaj', 'Abmaj', 'Abmaj', 'Dbmaj', 'Dbmaj', 'Dbmaj', 'Dbmaj', 'Abmaj', 'Abmaj', 'Abmaj', 'Abmaj', 'Abmaj', 'Dbmaj', 'Dbmaj', 'Dbmaj', 'Abmaj', 'Abmaj', 'Abmaj', 'Abmaj', 'Dbmaj', 'Dbmaj', 'Dbmaj', 'Dbmaj', 'Abmaj', 'Abmaj', 'Abmaj', 'Abmaj', 'Abmaj', 'Dbmaj', 'Dbmaj', 'Dbmaj', 'Abmaj', 'Abmaj', 'Abmaj', 'Abmaj', 'Dbmaj', 'Dbmaj', 'Dbmaj', 'Dbmaj', 'Abmaj', 'Abmaj', 'Abmaj', 'Abmaj', 'Abmaj', 'Dbmaj', 'Dbmaj', 'Dbmaj', 'Abmaj', 'Abmaj', 'Abmaj', 'Abmaj', 'Dbmaj', 'Dbmaj', 'Dbmaj', 'Dbmaj', 'Abmaj', 'Abmaj', 'Abmaj', 'Abmaj', 'Abmaj', 'Dbmaj', 'Eb', 'Ebmaj', 'Ebmaj', 'Ebmaj', 'Ebmaj', 'Bbmaj', 'Bbmaj', 'Bbmaj', 'Bbmaj', 'Ebmaj', 'Ebmaj', 'Ebmaj', 'Ebmaj', 'Bbmaj', 'Bbmaj', 'Bbmaj', 'Bbmaj', 'Bbmaj', 'Ebmaj', 'Ebmaj', 'Ebmaj', 'Bbmaj', 'Bbmaj', 'Bbmaj', 'Bbmaj', 'Ebmaj', 'Ebmaj', 'Ebmaj', 'Ebmaj', 'Bbmaj', 'Bbmaj', 'Bbmaj', 'Bbmaj', 'Bbmaj', 'Ebmaj']"
1161,"['Emaj', 'C#min7', 'F#min7', 'B7', 'Emaj', 'Fmaj', 'Emaj', 'F#min7', 'B7', 'Emaj7', 'C#min7', 'F#min7', 'B7', 'Emaj7', 'C#min7', 'F#min7', 'B7', 'Emaj', 'Fmaj', 'E7', 'Amaj', 'B7', 'Emaj7', 'Amaj', 'B7', 'Emaj7', 'Emaj', 'C#min', 'F#7', 'F#7', 'F#7', 'F#7', 'B7', 'B7', 'B7', 'B7', 'Emaj7', 'C#min7', 'F#min7', 'B7', 'Emaj7', 'C#min7', 'F#min7', 'B', 'B7', 'Emaj7']"
1162,"['Emaj', 'Emaj', 'Emaj', 'Emaj', 'Emaj', 'F#min7', 'Emaj', 'F#min7', 'Emaj', 'F#min7', 'Emaj', 'F#min7', 'Emaj', 'F#min7', 'Emaj', 'F#min7', 'Emaj', 'F#min7', 'Emaj', 'F#min7', 'Emaj', 'Amaj', 'Dmaj', 'B7', 'Emaj', 'Emaj', 'Amaj', 'Dmaj', 'B7', 'Emaj', 'Emaj', 'F#min7', 'Emaj', 'F#min7', 'Emaj', 'F#min7', 'Emaj', 'F#min7', 'Emaj', 'F#min7', 'Emaj', 'F#min7', 'Emaj', 'F#min7', 'Emaj', 'F#min7', 'Emaj', 'Amaj', 'Dmaj', 'B7', 'Emaj', 'Emaj', 'Amaj', 'Dmaj', 'B7', 'Emaj', 'Emaj', 'Emaj', 'Emaj', 'F#min7', 'Emaj', 'F#min7', 'Emaj', 'F#min7', 'Emaj', 'F#min7', 'Emaj', 'F#min7', 'Emaj', 'F#min7', 'Emaj', 'F#min7', 'Emaj', 'F#min7', 'Emaj', 'F#min7', 'Emaj', 'F#min7', 'Emaj', 'F#min7', 'Emaj', 'F#min7', 'Emaj', 'Amaj', 'Dmaj', 'B7', 'Emaj', 'Emaj', 'Amaj', 'Dmaj', 'B7', 'Emaj', 'Emaj', 'Amaj', 'Dmaj', 'B7', 'Emaj', 'Emaj', 'Amaj', 'Dmaj', 'B7', 'Emaj']"
1163,"['A', 'Bbmaj7', 'Bbmaj7', 'Amin7', 'D', 'Gmin7', 'Amin7', 'Bbmaj7', 'G', 'Fmaj', 'Gmin7', 'Bbmaj7', 'Fmaj', 'Bbmaj7', 'Bbmaj7', 'Amin7', 'D', 'Gmin7', 'Amin7', 'Bbmaj7', 'G', 'Fmaj', 'Gmin7', 'Bbmaj7', 'Fmaj', 'Gmin7', 'C7', 'C7', 'Fmaj', 'A7', 'Bbmaj7', 'C7', 'Fmaj', 'F7', 'Gmin7', 'C7', 'C7', 'Fmaj', 'A7', 'Bbmaj7', 'C7', 'Fmaj', 'Bbmaj7', 'Bbmaj7', 'Amin7', 'D', 'Gmin7', 'Amin7', 'Bbmaj7', 'G', 'Fmaj', 'Gmin7', 'Bbmaj7', 'Fmaj', 'Bbmaj7', 'Bbmaj7', 'Amin7', 'D', 'Gmin7', 'Amin7', 'Bbmaj7', 'G', 'Fmaj', 'Gmin7', 'Bbmaj7', 'Fmaj', 'Gmin7', 'C7', 'C7', 'Fmaj', 'A7', 'Bbmaj7', 'C7', 'Fmaj', 'Amin7', 'Bbmaj7', 'C7', 'Fmaj']"
1164,"['Gsus4', 'Gsus4', 'Gsus4', 'Gsus4', 'Abmaj9', 'Bbmaj', 'Cmaj7', 'Cmaj7', 'Cmaj', 'Gmaj', 'Cmaj7', 'Cmaj7', 'Cmaj', 'Gmaj', 'Cmaj7', 'C7', 'Fmaj7', 'Emin7', 'Fmaj7', 'Emin7', 'Fmaj7', 'D7', 'Gsus4', 'Gsus4', 'Gsus4', 'Gsus4', 'Gsus4', 'Gsus4', 'Abmaj9', 'Bbmaj', 'Cmaj7', 'Cmaj7', 'Gsus4', 'Gsus4', 'Gsus4', 'Gsus4', 'Abmaj9', 'Bbmaj', 'Cmaj7', 'Cmaj7', 'Cmaj', 'Gmaj', 'Cmaj7', 'Cmaj7', 'Cmaj', 'Gmaj', 'Cmaj7', 'C7', 'Fmaj7', 'Emin7', 'Fmaj7', 'Emin7', 'Fmaj7', 'D7', 'Gsus4', 'Gsus4', 'Gsus4', 'Gsus4', 'Gsus4', 'Gsus4', 'Abmaj9', 'Bbmaj', 'Cmaj7', 'Cmaj7', 'Gsus4', 'Gsus4', 'Gsus4', 'Gsus4', 'Abmaj9', 'Bbmaj', 'Cmaj7', 'Cmaj7', 'Gsus4', 'Gsus4', 'Gsus4', 'Gsus4', 'Abmaj9', 'Bbmaj', 'Cmaj7', 'Cmaj7', 'Gsus4', 'Gsus4', 'Gsus4', 'Gsus4', 'Abmaj9', 'Bbmaj', 'Cmaj7', 'Cmaj7', 'Gsus4', 'Gsus4', 'Gsus4', 'Gsus4', 'Gsus4', 'Gsus4', 'Gsus4', 'Gsus4']"
1166,"['E7', 'Amaj', 'Amaj7', 'A', 'Amaj', 'E7', 'E7', 'Amaj', 'Asus4', 'Amaj', 'Amaj', 'Amaj', 'A7', 'Dmaj', 'Amaj', 'E7', 'Amaj', 'E7', 'Amaj', 'Amaj7', 'A', 'Amaj', 'E7', 'E7', 'Amaj', 'Asus4', 'Amaj', 'Amaj', 'Amaj', 'A7', 'Dmaj', 'Amaj', 'E7', 'Amaj', 'Amaj', 'Amaj', 'Amaj7', 'A', 'Amaj', 'E7', 'E7', 'Amaj', 'Asus4', 'Amaj', 'Amaj', 'Amaj', 'A7', 'Dmaj', 'Amaj', 'E7', 'Amaj', 'E7', 'Amaj', 'Amaj7', 'A', 'Amaj', 'E7', 'E7', 'Amaj', 'Asus4', 'Amaj', 'Amaj', 'Amaj', 'A7', 'Dmaj', 'Amaj', 'E7', 'Amaj', 'E7', 'Amaj']"
1167,"['Bmin7', 'Bmin7', 'Bmin7', 'Bmin7', 'Gmaj7', 'F#min7', 'Esus2', 'Esus2', 'Gmaj7', 'F#min7', 'Esus2', 'Esus2', 'Dmaj', 'Asus2', 'Bmin7', 'Bmin7', 'Bmin7', 'Bmin7', 'Bmin', 'Bmin', 'Bmin', 'Bmin', 'Asus4', 'Asus4', 'Gmaj7', 'Emin7', 'D', 'A', 'Bmin', 'Bmin', 'Bmin', 'Bmin', 'Asus4', 'Asus4', 'Gmaj7', 'Emin7', 'D', 'A', 'Bmin', 'Bmin', 'Bmin', 'Bmin', 'Dmaj', 'Dmaj', 'Gmaj7', 'Emin7', 'D', 'A', 'Bmin', 'Bmin', 'Bmin', 'Bmin', 'Dmaj', 'Dmaj', 'Gmaj7', 'Emin7', 'D', 'A', 'Bmin7', 'Bmin7', 'Bmin7', 'Bmin7', 'Bmin', 'Bmin', 'Bmin', 'Bmin', 'Dmaj', 'Dmaj', 'Gmaj7', 'Emin7', 'D', 'A', 'Bmin', 'Bmin', 'Bmin', 'Bmin', 'Dmaj', 'Dmaj', 'Gmaj7', 'Emin7', 'D', 'A', 'Bmin', 'Bmin', 'Bmin', 'Bmin', 'Dmaj', 'Dmaj', 'Gmaj7', 'Emin7', 'D', 'A', 'Bmin', 'Bmin', 'Bmin', 'Bmin', 'Dmaj', 'Dmaj', 'Gmaj7', 'Gmaj7', 'Gmaj7', 'F#min7', 'Esus2', 'Esus2', 'Gmaj7', 'F#min7', 'Esus2', 'Esus2', 'Gmaj7', 'F#min7', 'Esus2', 'Esus2', 'Gmaj7', 'F#min7', 'Esus2', 'Esus2', 'Dmaj', 'Asus2', 'Bmin', 'Bmin', 'Bmin7', 'Bmin7', 'Bmin', 'Bmin', 'Bmin', 'Bmin', 'Dmaj', 'Dmaj', 'Gmaj7', 'Emin7', 'D', 'A', 'Bmin', 'Bmin', 'Bmin', 'Bmin', 'Dmaj', 'Dmaj', 'Gmaj7', 'Emin7', 'D', 'A', 'B', 'B', 'B', 'B', 'A', 'A', 'G', 'E', 'D', 'A', 'B', 'B', 'B', 'B', 'A', 'A', 'G', 'E', 'D', 'A', 'Bmin', 'Bmin', 'Bmin', 'Bmin', 'Dmaj', 'Dmaj', 'Gmaj7', 'Emin7', 'D', 'A', 'Bmin', 'Bmin', 'Bmin', 'Bmin', 'Dmaj', 'Dmaj', 'Gmaj7', 'Gmaj7', 'Bmin', 'Bmin', 'Bmin', 'Bmin', 'Dmaj', 'Dmaj', 'Gmaj7', 'Emin7', 'D', 'A', 'Bmin', 'Bmin', 'Bmin', 'Bmin', 'Dmaj', 'Dmaj', 'Gmaj7', 'Gmaj7', 'Bmin7', 'Bmin7', 'Bmin7', 'Bmin7', 'Dmaj', 'Dmaj', 'Gmaj7', 'Emin7', 'D', 'A', 'Bmin7', 'Bmin7', 'Bmin7', 'Bmin7', 'Dmaj', 'Dmaj', 'Gmaj7', 'Emin7', 'D', 'A', 'Bmin7', 'Bmin7', 'Bmin7', 'Bmin7', 'Bmin7']"
1168,"['D7', 'D7', 'D7', 'D7', 'D7', 'D7', 'D7', 'D7', 'D7', 'Dsus4', 'D7', 'D7', 'G7', 'G7', 'G7', 'G7', 'D7', 'D7', 'D7', 'D7', 'G7', 'G7', 'G7', 'G7', 'D7', 'C7', 'D7', 'D7', 'D7', 'Dsus4', 'D7', 'D7', 'D7', 'Dsus4', 'D7', 'D7', 'G7', 'G7', 'G7', 'G7', 'D7', 'D7', 'D7', 'D7', 'G7', 'G7', 'G7', 'G7', 'D7', 'C7', 'D7', 'D7', 'D7', 'D7', 'D7', 'D7', 'D7', 'D7', 'D7', 'D7', 'G7', 'G7', 'G7', 'G7', 'D7', 'D7', 'D7', 'D7', 'G7', 'G7', 'G7', 'G7', 'D7', 'C7', 'D7', 'D7', 'D7', 'Dsus4', 'D7', 'D7', 'D7', 'Dsus4', 'D7', 'D7', 'G7', 'G7', 'G7', 'G7', 'D7', 'D7', 'D7', 'D7', 'G7', 'G7', 'G7', 'G7', 'D7', 'C7', 'D7', 'D7', 'D7', 'Dsus4', 'D7', 'D7', 'D7', 'Dsus4', 'D7', 'D7', 'G7', 'G7', 'G7', 'G7', 'D7', 'D7', 'D7', 'D7', 'G7', 'G7', 'G7', 'G7', 'D7', 'C7', 'D7', 'D7', 'D7', 'Dmaj']"
1169,"['D5', 'Emaj', 'E', 'Gmaj', 'Dmaj', 'A5', 'D5', 'Emaj', 'E', 'Gmaj', 'Dmaj', 'A5', 'D5', 'Emaj', 'E', 'Gmaj', 'Dmaj', 'A5', 'D5', 'Emaj', 'E', 'Gmaj', 'Dmaj', 'A5', 'Gmaj', 'Gmaj', 'Gmaj', 'Gmaj', 'Dmaj', 'Emin', 'Dmaj', 'Dmaj', 'Emaj', 'E', 'Gmaj', 'Dmaj', 'Emin', 'Dmaj', 'Emaj', 'E', 'Gmaj', 'Dmaj', 'Emin', 'D', 'Dmaj', 'Emaj', 'E', 'Gmaj', 'Dmaj', 'Emin', 'Dmaj', 'Emaj', 'E', 'Gmaj', 'Dmaj', 'Emin', 'Gmaj', 'Gmaj', 'Gmaj', 'Gmaj', 'Dmaj', 'Emin', 'Dmaj', 'D5', 'D5', 'D5', 'D5', 'D5', 'D5', 'D5', 'D5', 'D5', 'D5', 'Gmaj', 'Gmaj', 'Gmaj', 'Gmaj', 'Dmaj', 'Emin', 'Dmaj', 'Dmaj', 'Emaj', 'E', 'Gmaj', 'Dmaj', 'Emin', 'Dmaj', 'Emaj', 'E', 'Gmaj', 'Dmaj', 'Emin', 'Dmaj', 'Emaj', 'E', 'Gmaj', 'Dmaj', 'Emin', 'Dmaj', 'Emaj', 'E', 'Gmaj', 'Dmaj', 'Emin', 'Dmaj', 'Emaj', 'E', 'Gmaj', 'Dmaj', 'Emin', 'Dmaj', 'Emaj', 'E', 'Gmaj', 'Dmaj', 'Emin', 'D']"
1170,"['D5', 'Bbmaj', 'G5', 'Bbmaj', 'F5', 'Abmaj', 'C5', 'Ab', 'D5', 'Bbmaj', 'G5', 'Bbmaj', 'F5', 'Abmaj', 'C5', 'Ab', 'Ab', 'Ab', 'C5', 'C5', 'C5', 'C5', 'C', 'F', 'G', 'C', 'C5', 'C5', 'C5', 'C5', 'C', 'F', 'G', 'C', 'F5', 'F5', 'C5', 'F5', 'F5', 'C5', 'C5', 'C5', 'C5', 'C5', 'C', 'F', 'G', 'C', 'C5', 'C5', 'C5', 'C', 'F', 'G', 'C', 'F7', 'F7', 'Cmin7', 'Cmin7', 'F5', 'F5', 'C5', 'C5', 'C5', 'C5', 'C5', 'C', 'F', 'G', 'C', 'C5', 'C5', 'C5', 'C5', 'C', 'F', 'G', 'C', 'F5', 'F5', 'C5', 'F5', 'F5', 'C5', 'Bb', 'Bb', 'Bb', 'Bb', 'Eb', 'Eb', 'Eb', 'Eb', 'F', 'F', 'F', 'F', 'D5', 'Bbmaj', 'G5', 'Bbmaj', 'F5', 'Abmaj', 'C5', 'Ab', 'D5', 'Bbmaj', 'G5', 'Bbmaj', 'F5', 'Abmaj', 'C5', 'Eb5', 'Eb5', 'E5', 'E5', 'F5', 'F5', 'Gb5', 'Gb5', 'G5', 'G5', 'Ab5', 'Ab5', 'A5', 'A5', 'Bb5', 'Bb5', 'B5', 'B5', 'B5', 'B5', 'C5', 'C5', 'C5', 'C5', 'C', 'F', 'G', 'C', 'C5', 'C5', 'C5', 'C5', 'C', 'F', 'G', 'C', 'F5', 'F5', 'C5', 'F5', 'F5', 'C5', 'D5', 'Bbmaj', 'G5', 'Bbmaj', 'F5', 'Abmaj', 'C5', 'Ab', 'D5', 'Bbmaj', 'G5', 'Bbmaj', 'F5', 'Abmaj', 'C5', 'Ab', 'Ab']"
1171,"['Abmaj', 'Abmaj', 'Gbmaj', 'Dbmaj', 'Dbmaj', 'Gbmaj', 'Abmaj', 'Abmaj', 'Gbmaj', 'Dbmaj', 'Dbmaj', 'Gbmaj', 'Abmaj', 'Abmaj', 'Gbmaj', 'Dbmaj', 'Dbmaj', 'Gbmaj', 'Abmaj', 'Abmaj', 'Gbmaj', 'Dbmaj', 'Dbmaj', 'Gbmaj', 'Abmaj', 'Abmaj', 'Gbmaj', 'Dbmaj', 'Dbmaj', 'Gbmaj', 'Abmaj', 'Abmaj', 'Gbmaj', 'Dbmaj', 'Dbmaj', 'Gbmaj', 'Abmaj', 'Abmaj', 'Gbmaj', 'Dbmaj', 'Dbmaj', 'Gbmaj', 'Fmin', 'Ebmaj', 'Dbmaj', 'Ebmaj', 'Fmin', 'Ebmaj', 'Dbmaj', 'Ebmaj', 'Fmin', 'Ebmaj', 'Dbmaj', 'Dbmaj7', 'Abmaj', 'Abmaj', 'Gbmaj', 'Dbmaj', 'Dbmaj', 'Gbmaj', 'Abmaj', 'Abmaj', 'Gbmaj', 'Dbmaj', 'Dbmaj', 'Gbmaj', 'Abmaj', 'Abmaj', 'Gbmaj', 'Dbmaj', 'Dbmaj', 'Gbmaj', 'Abmaj', 'Abmaj', 'Gbmaj', 'Dbmaj', 'Dbmaj', 'Gbmaj', 'Abmaj', 'Abmaj', 'Gbmaj', 'Dbmaj', 'Dbmaj', 'Gbmaj', 'Abmaj', 'Abmaj', 'Gbmaj', 'Dbmaj', 'Dbmaj', 'Gbmaj', 'Fmin', 'Ebmaj', 'Dbmaj', 'Ebmaj', 'Fmin', 'Ebmaj', 'Dbmaj', 'Ebmaj', 'Fmin', 'Ebmaj', 'Dbmaj', 'Dbmaj7', 'Abmaj', 'Abmaj', 'Gbmaj', 'Dbmaj', 'Dbmaj', 'Gbmaj', 'Abmaj', 'Abmaj', 'Gbmaj', 'Dbmaj', 'Dbmaj', 'Gbmaj', 'Fmin', 'Fmin', 'Abmaj', 'Ab7', 'Abmaj', 'Ab7', 'Dbmaj', 'Dbmaj', 'Abmaj', 'Abmaj', 'Dbmaj', 'Dbmaj', 'Gbmaj', 'Gbmaj', 'Ebmaj', 'Ebmaj', 'Abmaj', 'Abmaj', 'Dbmaj7', 'Abmaj', 'Dbmaj7', 'Fmin', 'Dbmaj', 'Fmin', 'Dbmaj', 'Fmin', 'Dbmaj', 'Dbmaj7', 'Dbmaj7', 'Abmaj', 'Abmaj', 'Abmaj', 'Abmaj', 'Gbmaj', 'Dbmaj', 'Dbmaj', 'Gbmaj', 'Abmaj', 'Abmaj', 'Gbmaj', 'Dbmaj', 'Dbmaj', 'Gbmaj', 'Abmaj', 'Abmaj', 'Gbmaj', 'Dbmaj', 'Dbmaj', 'Gbmaj', 'Abmaj', 'Abmaj', 'Gbmaj', 'Dbmaj', 'Dbmaj', 'Gbmaj', 'Abmaj', 'Abmaj', 'Gbmaj', 'Dbmaj', 'Dbmaj', 'Gbmaj', 'Abmaj', 'Abmaj', 'Gbmaj', 'Dbmaj', 'Dbmaj', 'Gbmaj', 'Abmaj', 'Abmaj', 'Gbmaj', 'Dbmaj', 'Dbmaj', 'Gbmaj', 'Abmaj', 'Abmaj', 'Gbmaj', 'Dbmaj', 'Dbmaj', 'Gbmaj', 'Abmaj', 'Abmaj', 'Gbmaj', 'Dbmaj', 'Dbmaj', 'Gbmaj', 'Abmaj', 'Abmaj', 'Gbmaj', 'Dbmaj', 'Dbmaj', 'Gbmaj', 'Fmin', 'Fmin', 'Cmin', 'Cmin', 'Bbmin', 'Dbmaj', 'Abmaj', 'Abmaj']"
1173,"['D', 'D5', 'Dmin', 'Dmin9', 'D', 'D', 'D', 'Amin', 'Bbmaj', 'Cmaj', 'Bbmaj', 'D', 'D', 'Amin', 'Bbmaj', 'Cmaj', 'Bbmaj', 'D', 'D', 'Amin', 'Bbmaj', 'Cmaj', 'Bbmaj', 'D', 'D', 'Amin', 'Bbmaj', 'Cmaj', 'Dmin', 'Cmaj', 'Gmin', 'Cmaj', 'Cmaj', 'Dmin', 'Cmaj', 'Gmin', 'Cmaj', 'Cmaj', 'Dmin', 'Cmaj', 'Gmin', 'Cmaj', 'Cmaj', 'Dmin', 'Cmaj', 'Gmin', 'Cmaj', 'Cmaj', 'Fsus2', 'Fsus4', 'Fmaj', 'Fsus2', 'Fsus4', 'Amin', 'Bbmaj', 'Fsus2', 'Fsus4', 'Fmaj', 'Dmin', 'Dmin', 'Cmaj', 'Dmin', 'Cmaj', 'Bbmaj', 'Cmaj', 'D', 'D', 'Amin', 'Bbmaj', 'Cmaj', 'Bbmaj', 'D', 'D', 'Amin', 'Bbmaj', 'Cmaj', 'Dmin', 'Cmaj', 'Gmin', 'Cmaj', 'Cmaj', 'Dmin', 'Cmaj', 'Gmin', 'Cmaj', 'Cmaj', 'Dmin', 'Cmaj', 'Gmin', 'Cmaj', 'Cmaj', 'Dmin', 'Cmaj', 'Gmin', 'Cmaj', 'Cmaj', 'Fsus2', 'Fsus4', 'Fmaj', 'Fsus2', 'Fsus4', 'Amin', 'Bbmaj', 'Fsus2', 'Fsus4', 'Fmaj', 'Dmin', 'Dmin', 'Cmaj', 'Dmin', 'Cmaj', 'Bbmaj', 'Cmaj', 'D', 'D', 'Fsus2', 'Fsus4', 'Fmaj', 'Fsus2', 'Fsus4', 'Amin', 'Bbmaj', 'Fsus2', 'Fsus4', 'Fmaj', 'Dmin', 'Dmin', 'Cmaj', 'Dmin', 'Cmaj', 'Bbmaj', 'Cmaj', 'D', 'D', 'D5', 'Dmin', 'Dmin9', 'D', 'D', 'Bbmaj', 'Cmaj', 'Dmin7', 'Amin', 'Bbmaj', 'Cmaj', 'Amin', 'Bbmaj', 'Bbmaj', 'Cmaj', 'Dmin7', 'Amin', 'Bbmaj', 'Cmaj', 'Dmin7', 'Dmin7', 'Cmaj', 'Gmin', 'Cmaj', 'Cmaj', 'Fsus2', 'Fsus4', 'Fmaj', 'Fsus2', 'Fsus4', 'Amin', 'Bbmaj', 'Fsus2', 'Fsus4', 'Fmaj', 'Dmin', 'Dmin', 'Cmaj', 'Dmin', 'Cmaj', 'Bbmaj', 'Cmaj', 'D', 'D', 'Fsus2', 'Fsus4', 'Fmaj', 'Fsus2', 'Fsus4', 'Amin', 'Bbmaj', 'Fsus2', 'Fsus4', 'Fmaj', 'Dmin', 'Dmin', 'Cmaj', 'Dmin', 'Cmaj', 'Bbmaj', 'Cmaj', 'D', 'D', 'Fsus2', 'Fsus4', 'Fmaj', 'Fsus2', 'Fsus4', 'Amin', 'Bbmaj', 'Fsus2', 'Fsus4', 'Fmaj', 'Dmin', 'Dmin', 'Cmaj', 'Dmin', 'Cmaj', 'Bbmaj', 'Cmaj', 'D', 'D']"
1174,"['Emin7', 'A', 'Emin7', 'A', 'Emin7', 'A', 'Emin7', 'A', 'Emin7', 'A', 'Emin7', 'A', 'Emin7', 'A', 'Emin7', 'A', 'Emin7', 'A', 'Emin7', 'A', 'Emin7', 'A', 'Emin7', 'A', 'Emin7', 'A', 'Emin7', 'A', 'Emin7', 'A', 'Emin7', 'A', 'Emin7', 'A', 'Emin7', 'A', 'Emin7', 'A', 'Emin7', 'A', 'Dmaj7', 'Gmaj7', 'Dmaj7', 'Emin7', 'Dmaj7', 'Gmaj7', 'Dmaj7', 'C#min7', 'F#7', 'Bmin7', 'E7', 'Emin', 'A7', 'Emin7', 'A', 'Emin7', 'A', 'Emin7', 'A', 'Emin7', 'A', 'Emin7', 'A', 'Emin7', 'A', 'Emin7', 'A', 'Emin7', 'A', 'Emin7', 'A', 'Emin7', 'A', 'Emin7', 'A', 'Emin7', 'A', 'Emin7', 'A', 'Emin7', 'A', 'Emin7', 'A', 'Emin7', 'A', 'Emin7', 'A', 'Emin7', 'A', 'Emin7', 'A', 'Emin7', 'A', 'Emin7', 'A', 'Emin7', 'A', 'Emin7', 'A', 'Emin7', 'A', 'Emin7', 'A', 'Emin7', 'A', 'Emin7', 'A', 'Emin7', 'A', 'Emin7', 'A', 'Emin7', 'A', 'Emin7', 'A', 'Emin7', 'A', 'Emin7', 'A', 'Emin7', 'A', 'Emin7', 'A', 'Emin7', 'A', 'Emin7', 'A', 'Emin7', 'A']"
1177,"['Gmaj', 'Gmaj', 'Gmaj', 'Gmaj', 'Gmaj', 'Gmaj', 'Bmin', 'Bmin', 'Cmaj', 'Gmaj', 'Dmaj', 'Cmaj', 'Gmaj', 'Gmaj', 'Bmin', 'Bmin', 'Cmaj', 'Gmaj', 'Cmaj', 'Dmaj', 'Dmaj', 'Emin', 'Dmaj', 'Gmaj', 'Emin', 'Cmaj', 'Gmaj', 'Emin', 'Dmaj', 'Cmaj', 'Cmaj', 'Dmaj', 'Gmaj', 'Bmin', 'Cmaj', 'Gmaj', 'Cmaj', 'Bmin', 'Amin', 'Cmaj', 'Gmaj', 'Gmaj', 'Gmaj', 'Gmaj', 'Gmaj', 'Gmaj', 'Bmin', 'Bmin', 'Cmaj', 'Gmaj', 'Dmaj', 'Cmaj', 'Gmaj', 'Gmaj', 'Bmin', 'Bmin', 'Cmaj', 'Gmaj', 'Cmaj', 'Dmaj', 'Dmaj', 'Emin', 'Dmaj', 'Gmaj', 'Emin', 'Cmaj', 'Gmaj', 'Emin', 'Dmaj', 'Cmaj', 'Cmaj', 'Dmaj', 'Gmaj', 'Bmin', 'Cmaj', 'Gmaj', 'Cmaj', 'Bmin', 'Amin', 'Cmaj', 'Gmaj', 'Gmaj', 'Gmaj', 'Gmaj', 'Gmaj', 'Gmaj', 'Bmin', 'Bmin', 'Cmaj', 'Gmaj', 'Dmaj', 'Cmaj', 'Gmaj', 'Gmaj', 'Bmin', 'Bmin', 'Cmaj', 'Gmaj', 'Cmaj', 'Dmaj', 'Dmaj', 'Emin', 'Dmaj', 'Gmaj', 'Emin', 'Cmaj', 'Gmaj', 'Emin', 'Dmaj', 'Cmaj', 'Cmaj', 'Dmaj', 'Gmaj', 'Bmin', 'Cmaj', 'Gmaj', 'Cmaj', 'Bmin', 'Amin', 'Cmaj', 'Gmaj', 'Gmaj', 'Cmaj', 'Bmin', 'Dmaj', 'Dmaj', 'Cmaj', 'Cmaj', 'Gmaj', 'Gmaj', 'Cmaj', 'Cmaj', 'Gmaj', 'Gmaj', 'Cmaj', 'Cmaj', 'Gmaj', 'Gmaj', 'Cmaj', 'Cmaj', 'Gmaj', 'Gmaj', 'Cmaj', 'Cmaj', 'Gmaj', 'Gmaj', 'Cmaj', 'Cmaj', 'Gmaj', 'Gmaj', 'Cmaj', 'Cmaj', 'Gmaj', 'Gmaj', 'Cmaj', 'Cmaj', 'Gmaj', 'Gmaj', 'Cmaj', 'Cmaj', 'Gmaj', 'Gmaj', 'Cmaj', 'Cmaj', 'Gmaj', 'Gmaj']"
1178,"['Abmaj', 'Dbmaj', 'Fmin7', 'Abmaj', 'Dbmaj', 'Abmaj', 'Bbmin7', 'Eb7', 'Abmaj', 'Abmaj', 'Dbmaj', 'Fmin7', 'Abmaj', 'Dbmaj', 'Abmaj', 'Bbmin7', 'Eb7', 'Abmaj', 'Abmaj', 'Ebmaj', 'Fmin7', 'Eb', 'Dbmaj', 'Dbmaj', 'Bbmin7', 'Eb7', 'Fmin7', 'Abmaj', 'Dbmaj', 'Abmaj', 'Bbmin7', 'Eb7', 'Abmaj', 'Abmaj', 'Dbmaj', 'Fmin7', 'Abmaj', 'Dbmaj', 'Abmaj', 'Bbmin7', 'Eb7', 'Abmaj', 'Abmaj', 'Dbmaj', 'Fmin7', 'Abmaj', 'Dbmaj', 'Abmaj', 'Bbmin7', 'Eb7', 'Abmaj', 'Abmaj', 'Ebmaj', 'Fmin7', 'Eb', 'Dbmaj', 'Dbmaj', 'Bbmin7', 'Eb7', 'Fmin7', 'Abmaj', 'Dbmaj', 'Abmaj', 'Bbmin7', 'Eb7', 'Abmaj', 'Abmaj', 'Ebmaj', 'Fmin7', 'Eb', 'Dbmaj', 'Dbmaj', 'Bbmin7', 'Eb7', 'Fmin7', 'Abmaj', 'Dbmaj', 'Abmaj', 'Bbmin7', 'Eb7', 'Abmaj', 'Dbmaj', 'Abmaj', 'Dbmaj', 'Abmaj', 'Dbmaj', 'Abmaj', 'Dbmaj', 'Abmaj', 'Dbmaj', 'Fmin7', 'Abmaj', 'Dbmaj', 'Abmaj', 'Bbmin7', 'Eb7', 'Abmaj', 'Abmaj', 'Dbmaj', 'Fmin7', 'Abmaj', 'Dbmaj', 'Abmaj', 'Bbmin7', 'Eb7', 'Abmaj', 'Abmaj', 'Ebmaj', 'Fmin7', 'Eb', 'Dbmaj', 'Dbmaj', 'Bbmin7', 'Eb7', 'Fmin7', 'Abmaj', 'Dbmaj', 'Abmaj', 'Bbmin7', 'Eb7', 'Abmaj', 'Abmaj', 'Ebmaj', 'Fmin7', 'Eb', 'Dbmaj', 'Dbmaj', 'Bbmin7', 'Eb7', 'Fmin7', 'Abmaj', 'Dbmaj', 'Abmaj', 'Fmin7', 'Cmin', 'Db', 'Abmaj', 'Fmin7', 'Cmin', 'Db', 'Abmaj', 'Fmin7', 'Cmin', 'Db', 'Abmaj', 'Fmin7', 'Cmin', 'Db', 'Abmaj', 'Fmin7', 'Cmin', 'Db', 'Abmaj', 'Fmin7', 'Cmin', 'Db', 'Abmaj', 'Fmin7', 'Cmin', 'Db', 'Abmaj', 'Fmin7', 'Cmin', 'Db', 'Abmaj', 'Abmaj', 'Ebmaj', 'Fmin7', 'Eb', 'Dbmaj', 'Dbmaj', 'Bbmin7', 'Eb7', 'Fmin7', 'Abmaj', 'Dbmaj', 'Abmaj', 'Bbmin7', 'Eb7', 'Abmaj', 'Dbmaj', 'Abmaj', 'Dbmaj', 'Abmaj', 'Ebmaj', 'Fmin7', 'Eb', 'Dbmaj', 'Dbmaj', 'Bbmin7', 'Eb7', 'Fmin7', 'Abmaj', 'Dbmaj', 'Abmaj', 'Bbmin7', 'Eb7', 'Abmaj', 'Dbmaj', 'Abmaj', 'Dbmaj', 'Abmaj', 'Ebmaj', 'Fmin7', 'Eb', 'Dbmaj', 'Dbmaj', 'Bbmin7', 'Eb7', 'Fmin7', 'Abmaj', 'Dbmaj', 'Abmaj', 'Bbmin7', 'Eb7', 'Abmaj', 'Dbmaj', 'Abmaj', 'Dbmaj', 'Abmaj', 'Ebmaj', 'Fmin7', 'Eb', 'Dbmaj', 'Dbmaj', 'Bbmin7', 'Eb7']"
1180,"['Gmaj', 'Dmaj', 'Gmaj', 'Dmaj', 'Gmaj', 'Dmaj', 'Gmaj', 'Dmaj', 'Gmaj', 'Dmaj', 'Gmaj', 'Dmaj', 'Amin', 'Emin7', 'Dmaj', 'Dmaj', 'Amin', 'Emin7', 'Dmaj', 'Dmaj', 'Gmaj', 'Dmaj', 'Gmaj', 'Dmaj', 'Gmaj', 'Dmaj', 'Gmaj', 'Dmaj', 'Amin', 'Emin7', 'Dmaj', 'Dmaj', 'Amin', 'Emin7', 'Dmaj', 'Dmaj', 'Gmaj', 'Dmaj', 'Gmaj', 'Dmaj', 'Gmaj', 'Dmaj', 'Gmaj', 'Dmaj', 'Amin', 'Emin7', 'Dmaj', 'Dmaj', 'Amin', 'Emin7', 'Dmaj', 'Dmaj', 'Gmaj', 'Dmaj', 'Gmaj', 'Dmaj', 'Gmaj', 'Dmaj', 'Gmaj', 'Dmaj', 'Amin', 'Emin7', 'Dmaj', 'Dmaj', 'Amin', 'Emin7', 'Dmaj', 'Dmaj', 'Gmaj', 'Dmaj', 'Gmaj', 'Dmaj', 'Gmaj', 'Dmaj', 'Gmaj', 'Dmaj', 'Amin', 'Emin7', 'Dmaj', 'Dmaj', 'Amin', 'Emin7', 'Dmaj', 'Dmaj', 'Amin', 'Emin7', 'Dmaj', 'Dmaj', 'Amin', 'Emin7', 'Dmaj', 'Dmaj', 'Amin', 'Emin7', 'Dmaj', 'Dmaj', 'Amin', 'Emin7', 'Dmaj', 'Dmaj', 'Amin', 'Emin7', 'Dmaj', 'Dmaj']"
1181,"['Fmin7', 'Fmin7', 'Fmin7', 'Fmin7', 'Fmin7', 'Fmin7', 'Fmin7', 'Fmin7', 'Fmin7', 'Fmin7', 'Fmin7', 'Fmin7', 'Fmin7', 'Fmin7', 'Fmin7', 'Fmin7', 'Fmin7', 'Fmin7', 'Fmin7', 'Fmin7', 'Fmin7', 'Fmin7', 'Fmin7', 'Fmin7', 'Dbmaj', 'Dbmaj', 'Fmin', 'F', 'Fmin7', 'Dbmaj', 'Dbmaj', 'C7', 'C7', 'Abmaj', 'Dbmaj', 'Abmaj', 'Dbmaj', 'Abmaj', 'Abmaj', 'C7', 'C7', 'Fmin7', 'Fmin7', 'Fmin7', 'Fmin7', 'Fmin7', 'Fmin7', 'Fmin7', 'Fmin7', 'Fmin7', 'Fmin7', 'Fmin7', 'Fmin7', 'Fmin7', 'Fmin7', 'Fmin7', 'Fmin7', 'Fmin7', 'Fmin7', 'Fmin7', 'Fmin7', 'Fmin7', 'Fmin7', 'Fmin7', 'Fmin7', 'Dbmaj', 'Dbmaj', 'Fmin', 'F', 'Fmin7', 'Dbmaj', 'Dbmaj', 'C7', 'C7', 'Abmaj', 'Dbmaj', 'Abmaj', 'Dbmaj', 'Abmaj', 'Abmaj', 'C7', 'C7', 'Fmaj', 'Fmaj', 'Dmin', 'Dmin', 'Bbmaj', 'Bbmaj', 'Cmaj', 'Cmaj', 'Abmaj', 'Dbmaj', 'Abmaj', 'Dbmaj', 'Abmaj', 'Abmaj', 'C7', 'C7', 'Abmaj', 'Dbmaj', 'Abmaj', 'Dbmaj', 'Abmaj', 'Abmaj', 'C7', 'C7']"
1182,"['Db', 'Abmaj', 'Db', 'Abmaj', 'Abmaj', 'Dbmin', 'Abmin', 'Eb7', 'Dbmin', 'Abmin', 'Eb7', 'Dbmin', 'Abmin', 'Eb7', 'Dbmin', 'Dbsus4', 'Dbmaj', 'F7', 'Bbmaj', 'F7', 'Bbmaj', 'Eb7', 'Abmaj', 'Adim', 'Gmin', 'Adim', 'Adim', 'Eb7', 'Abmaj', 'Abmaj', 'Dbmin', 'Abmin', 'Eb7', 'Dbmin', 'Abmin', 'Eb7', 'Dbmin', 'Abmin', 'Eb7', 'Dbmin', 'Dbsus4', 'Dbmaj', 'F7', 'Bbmaj', 'F7', 'Bbmaj', 'Eb7', 'Abmaj', 'Adim', 'Gmin', 'Adim', 'Adim', 'Eb7', 'Abmaj', 'Abmaj', 'Dbmin', 'Abmin', 'Dbmin', 'Abmin', 'Dbmin', 'Abmin', 'Dbmin', 'Abmaj', 'Abmaj', 'Dbmaj', 'Abmaj', 'Dbmaj', 'Abmaj', 'Fmin', 'Dbmaj', 'Db7', 'F7', 'Bbmaj', 'F7', 'Bbmaj', 'Eb7', 'Abmaj', 'Adim', 'Gmin', 'Adim', 'Adim', 'Gmaj', 'Cmaj', 'F7', 'Bbmaj', 'F7', 'Bbmaj', 'E7', 'Amaj', 'Adim', 'Gmin', 'Adim', 'Adim', 'Eb7', 'Abmaj', 'Abmaj', 'Dbmin', 'Abmaj', 'Dbmin', 'Abmaj']"
1183,"['Emin9', 'Dmaj7', 'Cmaj9', 'Dmaj7', 'Emin9', 'Dmaj7', 'Cmaj9', 'Dmaj7', 'Emin9', 'Dmaj7', 'Cmaj9', 'Dmaj7', 'Emin9', 'Dmaj7', 'Cmaj9', 'Dmaj7', 'Emin9', 'Dmaj7', 'Cmaj9', 'Dmaj7', 'Emin9', 'Dmaj7', 'Cmaj9', 'Dmaj7', 'Emin7', 'Bmin', 'Cmaj7', 'Emin7', 'Bmin7', 'Amin7', 'Dsus4', 'Emin7', 'Bmin', 'Cmaj7', 'Emin7', 'Bmin7', 'Amin7', 'Dsus4', 'Emin7', 'Bmin', 'Cmaj7', 'Emin7', 'Bmin7', 'Amin7', 'Dsus4', 'Emin7', 'Bmin', 'Cmaj7', 'Emin7', 'Bmin7', 'Amin7', 'Dsus4', 'Gsus4', 'Gmaj', 'Gmaj', 'Gmaj', 'Emin7', 'Dsus4', 'Dmaj', 'Dmaj', 'Fmaj9', 'F#', 'A7', 'C', 'Emin7', 'Emin7', 'Bmin', 'Cmaj7', 'Emin7', 'Bmin7', 'Amin7', 'Dsus4', 'Emin7', 'Bmin', 'Cmaj7', 'Emin7', 'Bmin7', 'Amin7', 'Dsus4', 'Emin7', 'Bmin', 'Cmaj7', 'Emin7', 'Bmin7', 'Amin7', 'Dsus4', 'Emin7', 'Bmin', 'Cmaj7', 'Emin7', 'Bmin7', 'Amin7', 'Dsus4', 'Gsus4', 'Gmaj', 'Gmaj', 'Gmaj', 'Emin7', 'Dsus4', 'Dmaj', 'Dmaj', 'Fmaj9', 'F#', 'B7', 'Emin7', 'Dsus4', 'Gsus4', 'Gmaj', 'Gmaj', 'Gmaj', 'Emin7', 'Dsus4', 'Dmaj', 'Dmaj', 'Fmaj9', 'F#', 'A7', 'C', 'Emin7', 'A', 'A', 'A', 'A', 'A', 'A', 'C#dim', 'C7', 'B7', 'Emin9', 'Dmaj7', 'Cmaj9', 'Dmaj7', 'Emin9', 'Dmaj7', 'Cmaj9', 'Dmaj7', 'Emin9', 'Dmaj7', 'Cmaj9', 'Dmaj7', 'Emin9', 'Dmaj7', 'Cmaj9', 'Dmaj7', 'Emin9', 'Dmaj7', 'Cmaj9', 'Dmaj7', 'Emin9', 'Dmaj7', 'Cmaj9', 'Dmaj7', 'Emin9', 'Dmaj7', 'Cmaj9', 'Dmaj7', 'Emin9', 'Dmaj7', 'Cmaj9', 'Dmaj7', 'Emin9', 'Dmaj7', 'Cmaj9', 'Dmaj7', 'Emin9', 'Dmaj7', 'Cmaj9', 'Dmaj7', 'Emin9', 'Dmaj7', 'Cmaj9', 'Dmaj7', 'Emin9', 'Dmaj7', 'Cmaj9', 'Dsus4', 'Dmaj', 'Gsus4', 'Gmaj', 'Gmaj', 'Gmaj', 'Emin7', 'Dsus4', 'Dmaj', 'Dmaj', 'Fmaj9', 'F#', 'A7', 'C', 'Emin7', 'Emin7', 'Bmin', 'Cmaj7', 'Emin7', 'Bmin7', 'Amin7', 'Dsus4', 'Emin7', 'Bmin', 'Cmaj7', 'Emin7', 'Bmin7', 'Amin7', 'Dsus4', 'Emin7', 'Bmin', 'Cmaj7', 'Emin7', 'Bmin7', 'Amin7', 'Dsus4', 'Emin7', 'Bmin', 'Cmaj7', 'Emin7', 'Bmin7', 'Amin7', 'Dsus4', 'Gsus4', 'Gmaj', 'Gmaj', 'Gmaj', 'Emin7', 'Dsus4', 'Dmaj', 'Dmaj', 'Fmaj9', 'F#', 'B7', 'Emin7', 'Dsus4', 'Gsus4', 'Gmaj', 'Gmaj', 'Gmaj', 'Emin7', 'Dsus4', 'Dmaj', 'Dmaj', 'Fmaj9', 'F#', 'B7', 'Emin7', 'Dsus4', 'Gsus4', 'Gmaj', 'Gmaj', 'Gmaj', 'Emin7', 'Dsus4', 'Dmaj', 'Dmaj', 'Fmaj9', 'F#', 'B7', 'Emin7', 'Dsus4', 'Gsus4', 'Gmaj', 'Gmaj', 'Gmaj', 'Emin7', 'Dsus4', 'Dmaj', 'Dmaj', 'Fmaj9', 'F#', 'B7', 'Emin7', 'Dsus4', 'Gsus4', 'Gmaj', 'Gmaj', 'Gmaj', 'Emin7', 'Dsus4', 'Dmaj', 'Dmaj', 'Fmaj9', 'F#', 'B7', 'Emin7', 'Dsus4', 'Gsus4', 'Gmaj', 'Gmaj', 'Gmaj', 'Emin7']"
1186,"['F', 'F', 'Fmaj', 'Gmin7', 'Fmaj', 'Gmin7', 'Fmaj', 'Gmin7', 'Fmaj', 'Gmin', 'Fmaj', 'Gmin', 'Fmaj', 'Gmin', 'Fmaj', 'Gmin', 'Fmaj', 'Gmin', 'Fmaj', 'Gmin', 'Bbmaj', 'Fmaj', 'Ebmaj', 'Bbmaj', 'Bb', 'Bb7', 'Bb', 'Fmaj', 'Ebmaj', 'Bbmaj', 'Bb', 'Bb7', 'Cmaj', 'Fmaj', 'Gmin7', 'Fmaj', 'Amin7', 'Bbmaj7', 'Bbmaj', 'Dmin7', 'Amin7', 'Bbmaj7', 'Bbmaj', 'Dmin7', 'Amin7', 'Bbmaj7', 'Bbmaj7', 'Fmaj7', 'Gmin', 'Fmaj7', 'Gmin', 'Fmaj7', 'Gmin', 'Fmaj7', 'Gmin', 'Csus4', 'Fmaj7', 'Gmin', 'Bbmaj', 'Fmaj', 'Ebmaj', 'Bbmaj', 'Bb', 'Bb7', 'Bb', 'Fmaj', 'Ebmaj', 'Bbmaj', 'Bb', 'Bb7', 'Cmaj', 'Fmaj', 'Gmin7', 'Fmaj', 'Amin7', 'Bbmaj7', 'Bbmaj', 'Dmin7', 'Amin7', 'Bbmaj7', 'Bbmaj', 'Dmin7', 'Amin7', 'Bbmaj7', 'Bbmaj7', 'D', 'Dmin7', 'D', 'Dmin', 'D', 'Dmin7', 'D', 'Dmin', 'D', 'Dmin7', 'D', 'Gmin', 'Abmin', 'Gb', 'Gbmaj7', 'Abmin7', 'Gbmaj7', 'Abmin7', 'Gbmaj', 'Bbmin7', 'Cbmaj7', 'Cbmaj', 'Ebmin7', 'Bbmin7', 'Cbmaj7', 'Cbmaj', 'Ebmin7', 'Bbmin7', 'Cbmaj7', 'Cbmaj', 'Abmin', 'Gbmaj7', 'Abmin7', 'Gbmaj7', 'Abmin7', 'Gbmaj', 'Bbmin7', 'Cbmaj7']"
1188,"['Gmaj', 'Gsus4', 'Gmaj', 'Dmaj', 'Cmaj', 'Cmaj', 'Gmaj', 'Gsus4', 'Gmaj', 'Dmaj', 'Cmaj', 'Cmaj', 'Gmaj', 'Gsus4', 'Gmaj', 'Dmaj', 'Cmaj', 'Cmaj', 'Gmaj', 'Gsus4', 'Gmaj', 'Dmaj', 'Cmaj', 'Cmaj', 'Gmaj', 'Gsus4', 'Gmaj', 'Dmaj', 'Cmaj', 'Cmaj', 'Amin7', 'Gmaj', 'Cmaj', 'Gmaj', 'Amin7', 'Gmaj', 'Cmaj', 'Dsus4', 'Gmaj', 'Gmaj', 'Cmaj', 'Dsus4', 'Dmaj', 'Gmaj', 'Gmaj', 'Cmaj', 'Dsus4', 'Dmaj', 'Gmaj', 'Gmaj', 'Cmaj', 'A', 'D', 'D', 'Gmaj', 'Dmaj', 'Emin7', 'Dmaj', 'Cmaj9', 'Cmaj9', 'D7', 'Emin7', 'Dmaj', 'Gmaj', 'Dmaj', 'Emin7', 'Dmaj', 'Cmaj', 'Cmaj9', 'Cmaj', 'Gmaj', 'Dmaj', 'Emin7', 'Dmaj', 'Cmaj', 'Cmaj9', 'Cmaj', 'Amin7', 'Gmaj', 'Cmaj', 'Gmaj', 'Amin7', 'Gmaj', 'Cmaj', 'Dsus4', 'Gmaj', 'Gmaj', 'Cmaj', 'Dsus4', 'Gmaj', 'Gmaj', 'Cmaj', 'Dsus4', 'Gmaj', 'Gmaj', 'Cmaj', 'A', 'D', 'D', 'Gmaj', 'Gmaj', 'Cmaj', 'Dsus4', 'Gmaj', 'Gmaj', 'Cmaj', 'Dsus4', 'Gmaj', 'Gmaj', 'Cmaj', 'A', 'D', 'D', 'Ab', 'Abmaj', 'Abmaj', 'Dbmaj', 'Ebsus4', 'Ebmaj', 'Abmaj', 'Abmaj', 'Dbmaj', 'Ebsus4', 'Ebmaj', 'Abmaj', 'Abmaj', 'Dbmaj', 'Bb', 'Eb', 'Eb', 'Eb', 'Eb', 'Abmaj', 'Abmaj', 'Dbmaj', 'Ebsus4', 'Ebmaj', 'Abmaj', 'Abmaj', 'Dbmaj', 'Ebsus4', 'Ebmaj', 'Abmaj', 'Abmaj', 'Dbmaj', 'Bb', 'Eb', 'Eb', 'Abmaj', 'Ebmaj', 'Fmin7', 'Ebmaj', 'Dbmaj', 'Dbmaj9', 'Dbmaj', 'Abmaj', 'Ebmaj', 'Fmin7', 'Ebmaj', 'Dbmaj', 'Dbmaj', 'Dbmaj']"
1190,"['Fmaj', 'Dmin', 'Gmin', 'Cmaj', 'Fmaj', 'Bbmaj', 'Cmaj', 'Bbmaj', 'Cmaj', 'Fmaj', 'Fmaj', 'Fmaj', 'Bbmaj', 'Cmaj', 'Bbmaj', 'Cmaj', 'Fmaj', 'Fmaj', 'Fmaj', 'Bbmaj', 'Cmaj', 'Bbmaj', 'Cmaj', 'Fmaj', 'Fmaj', 'Fmaj', 'Bbmaj', 'Cmaj', 'Bbmaj', 'Cmaj', 'Fmaj', 'F7', 'Bbmaj', 'Cmaj', 'Fmaj', 'Bbmaj', 'Cmaj', 'Fmaj', 'Bbmaj', 'Cmaj', 'Fmaj', 'Dmin', 'G7', 'Cmaj', 'Fmaj', 'Bbmaj', 'Cmaj', 'Bbmaj', 'Cmaj', 'Fmaj', 'Fmaj', 'Fmaj', 'Bbmaj', 'Cmaj', 'Bbmaj', 'Cmaj', 'Fmaj', 'Fmaj', 'Fmaj', 'Bbmaj', 'Cmaj', 'Bbmaj', 'Cmaj', 'Fmaj', 'Fmaj', 'Fmaj', 'Bbmaj', 'Cmaj', 'Bbmaj', 'Cmaj', 'Fmaj', 'F7', 'Bbmaj', 'Cmaj', 'Fmaj', 'Bbmaj', 'Cmaj', 'Fmaj', 'Bbmaj', 'Cmaj', 'Fmaj', 'Dmin', 'G7', 'Cmaj', 'Fmaj', 'Bbmaj', 'Cmaj', 'Bbmaj', 'Cmaj', 'Fmaj', 'Fmaj', 'Fmaj', 'Bbmaj', 'Cmaj', 'Bbmaj', 'Cmaj', 'Fmaj', 'Fmaj', 'Fmaj', 'Bbmaj', 'Cmaj', 'Bbmaj', 'Cmaj', 'Fmaj', 'Bbmaj', 'Bbmin', 'Fmaj']"
1192,"['Bbmin', 'Bbsus4', 'Gbmaj7', 'Fsus4', 'F7', 'Bbmin', 'Bbsus4', 'Gbmaj7', 'Fsus4', 'F7', 'Gbmaj', 'Abmin7', 'Dbmaj', 'Gbmaj', 'Abmin7', 'Dbmaj', 'Gbmaj', 'Abmin7', 'Dbmaj', 'Gbmaj', 'Abmin7', 'Dbmaj', 'Ebsus4', 'Ebmin', 'Ebmin', 'Bbmaj', 'Bdim', 'Bb', 'Bb', 'Bb', 'Bb', 'Bbmin', 'Bbsus4', 'Gbmaj7', 'Fsus4', 'F7', 'Bbmin', 'Bbsus4', 'Gbmaj7', 'Fsus4', 'F7', 'Gbmaj', 'Abmin7', 'Dbmaj', 'Gbmaj', 'Abmin7', 'Dbmaj', 'Gbmaj', 'Abmin7', 'Dbmaj', 'Gbmaj', 'Abmin7', 'Dbmaj', 'Ebsus4', 'Ebmin', 'Ebmin', 'Bbmaj', 'Bdim', 'Bb', 'Bb', 'Bb', 'Bb', 'Gbmaj', 'Abmin7', 'Dbmaj', 'Gbmaj', 'Abmin7', 'Dbmaj', 'Gbmaj', 'Abmin7', 'Dbmaj', 'Gbmaj', 'Abmin7', 'Dbmaj', 'Ebsus4', 'Ebmin', 'Ebmin', 'Bbmaj', 'Bdim', 'Bb', 'Bb', 'Bb', 'Bb', 'Bbmin', 'Bbsus4', 'Gbmaj7', 'Fsus4', 'F7', 'Bbmin', 'Bbsus4', 'Gbmaj7', 'Fsus4', 'F7', 'Bbmin', 'Bbsus4', 'Gbmaj7', 'Fsus4', 'F7']"
1193,"['Eb7', 'Eb7', 'Db7', 'Db7', 'Ab7', 'Ab7', 'Ab7', 'Ab7', 'Ab7', 'Db7', 'Ab7', 'Ab7', 'Ab7', 'Db7', 'Ab7', 'Ab7', 'Db7', 'Db7', 'Db7', 'Db7', 'Ab7', 'Db7', 'Ab7', 'Ab7', 'Eb7', 'Eb7', 'Db7', 'Db7', 'Ab7', 'Db7', 'Ab7', 'Eb7', 'Ab7', 'Db7', 'Ab7', 'Ab7', 'Ab7', 'Db7', 'Ab7', 'Ab7', 'Db7', 'Db7', 'Db7', 'Db7', 'Ab7', 'Db7', 'Ab7', 'Ab7', 'Eb7', 'Eb7', 'Db7', 'Db7', 'Ab7', 'Db7', 'Ab7', 'Eb7', 'Cmin', 'Fmin', 'Cmin', 'Db7', 'Eb7', 'Ab7', 'Db7', 'Ab7', 'Ab7', 'Ab7', 'Db7', 'Ab7', 'Ab7', 'Db7', 'Db7', 'Db7', 'Db7', 'Ab7', 'Db7', 'Ab7', 'Ab7', 'Eb7', 'Eb7', 'Db7', 'Db7', 'Ab7', 'Db7', 'Ab7', 'Eb7', 'Ab7', 'Ab7', 'Ab7', 'Ab7', 'Db7', 'Db7', 'Ab7', 'Ab7', 'Eb7', 'Db7', 'Ab7', 'Ab7', 'Ab7', 'Ab7', 'Ab7', 'Ab7', 'Db7', 'Db7', 'Ab7', 'Ab7', 'Eb7', 'Db7', 'Ab7', 'Ab7', 'Ab7', 'Ab7', 'Ab7', 'Ab7', 'Db7', 'Db7', 'Ab7', 'Ab7', 'Eb7', 'Db7', 'Ab7', 'Ab']"
1194,"['Dbmaj', 'Ab7', 'Dbmaj', 'Ab7', 'Dbmaj', 'Ab7', 'Dbmaj', 'Db7', 'Gbmaj', 'Gbmaj', 'Dbmaj', 'Db7', 'Gbmaj', 'Gbmaj', 'Gbmaj', 'Dbmaj', 'Dbmaj', 'Ab7', 'Dbmaj', 'Dbmaj', 'Dbmaj', 'Ab7', 'Dbmaj', 'Db7', 'Gbmaj', 'Gbmaj', 'Dbmaj', 'Db7', 'Gbmaj', 'Gbmaj', 'Gbmaj', 'Dbmaj', 'Dbmaj', 'Ab7', 'Dbmaj', 'Dbmaj', 'Dbmaj', 'Ab7', 'Dbmaj', 'Db7', 'Gbmaj', 'Gbmaj', 'Dbmaj', 'Db7', 'Gbmaj', 'Gbmaj', 'Gbmaj', 'Dbmaj', 'Dbmaj', 'Ab7', 'Dbmaj', 'Dbmaj', 'Dbmaj', 'Ab7', 'Dbmaj', 'Db7', 'Gbmaj', 'Gbmaj', 'Dbmaj', 'Db7', 'Gbmaj', 'Gbmaj', 'Gbmaj', 'Dbmaj', 'Dbmaj', 'Ab7', 'Dbmaj', 'Dbmaj', 'Dbmaj', 'Ab7', 'Dbmaj', 'Db7', 'Gbmaj', 'Gbmaj', 'Dbmaj', 'Db7', 'Gbmaj', 'Gbmaj', 'Gbmaj', 'Dbmaj', 'Dbmaj', 'Ab7', 'Dbmaj', 'Dbmaj', 'Dbmaj', 'Abmaj', 'Dbmaj', 'Dbmaj']"
1197,"['Ebmaj', 'Cmin7', 'B7', 'Bb7', 'Ebmaj', 'Ebmaj7', 'Eb7', 'Abmaj', 'Abmin', 'Db7', 'Ebmaj', 'Ebmaj', 'Cmin7', 'Ebmaj', 'Abmaj', 'Fmin', 'B7', 'Bb7', 'Ebmaj', 'Ebmaj7', 'Eb7', 'Abmaj', 'Abmin', 'Db7', 'Ebmaj', 'Ebmaj', 'Cmin7', 'Ebmaj', 'Fmin7', 'Bb', 'Ebmaj', 'Eb7', 'Abmaj', 'Db7', 'Ebmaj', 'Abmaj', 'Ebmaj', 'Eb7', 'F7', 'F7', 'Fmin7', 'Bb7', 'Ebmaj', 'Ebmaj7', 'Eb7', 'Abmaj', 'Abmin', 'Db7', 'Ebmaj', 'Ebmaj', 'Cmin7', 'Ebmaj', 'Fmin7', 'Bb', 'Ebmaj', 'Ebmaj', 'Ebmaj7', 'Eb7', 'Abmaj', 'Abmin', 'Db7', 'Ebmaj', 'Ebmaj', 'Cmin7', 'Ebmaj', 'Fmin7', 'Bb', 'Ebmaj', 'Abmin', 'Ebmaj', 'Eb7', 'Abmaj', 'Abmin', 'Ebmaj', 'Abmaj', 'Ebmaj', 'Eb7', 'F7', 'F7', 'Fmin7', 'B7', 'Bb7', 'Ebmaj', 'Ebmaj7', 'Eb7', 'Abmaj', 'Abmin', 'Db7', 'Ebmaj', 'Ebmaj', 'Cmin7', 'Ebmaj', 'Abmaj', 'Db7', 'Fmin7', 'Bb', 'Ebmaj', 'Abmin', 'Ebmaj9']"
1200,"['Amaj', 'Dmaj', 'Esus4', 'Amaj', 'Dmaj', 'Esus4', 'Amaj', 'Dmaj', 'Fdim', 'F#min7', 'Dmaj', 'Esus4', 'Amaj', 'Dmaj', 'Esus4', 'Amaj', 'Dmaj', 'Esus4', 'Amaj', 'Dmaj', 'Fdim', 'F#min7', 'Amaj', 'Dmaj', 'Esus4', 'Amaj', 'Dmaj', 'Esus4', 'Amaj', 'Dmaj', 'Esus4', 'Amaj', 'Dmaj7', 'Esus4', 'Fdim', 'F#min7', 'Amaj', 'Dmaj', 'Esus4', 'Amaj', 'C#min7', 'Bmaj', 'Gmaj7', 'Emin', 'A', 'Amaj7', 'F#min7', 'C#min7', 'G7', 'F#min7', 'Dmaj', 'Esus4', 'Amaj', 'Dmaj', 'Esus4', 'Amaj', 'Dmaj7', 'Esus4', 'Fdim', 'F#min7', 'Amaj', 'Dmaj', 'Esus4', 'Amaj', 'Dmaj', 'Esus4', 'Amaj', 'Dmaj', 'Esus4', 'Amaj', 'Dmaj7', 'Esus4', 'Fdim', 'F#min7', 'Amaj', 'Dmaj', 'Esus4', 'Amaj', 'C#min7', 'B7', 'Gmaj7', 'Gmaj7', 'Amaj7', 'F#min7', 'C#min7', 'G7', 'F#min7', 'Dmaj', 'Esus4', 'Amaj', 'Dmaj', 'Esus4', 'Amaj', 'Dmaj', 'Fdim', 'F#min7', 'Dmaj', 'Esus4', 'Amaj', 'Dmaj', 'Esus4', 'Amaj', 'Dmaj', 'Esus4', 'Amaj', 'Dmaj7', 'Esus4', 'Fdim', 'F#min7', 'Amaj', 'Dmaj', 'Esus4', 'Amaj', 'Dmaj', 'Esus4', 'Amaj', 'Dmaj', 'Esus4', 'Amaj', 'Dmaj7', 'Esus4', 'Fdim', 'F#min7', 'Amaj', 'Dmaj', 'Esus4', 'Amaj', 'Dmaj', 'Esus4', 'Amaj', 'Dmaj', 'Esus4', 'Amaj', 'Dmaj7', 'Esus4', 'Fdim', 'F#min7', 'Amaj', 'Dmaj', 'Esus4', 'Amaj', 'Dmaj', 'Esus4', 'Amaj', 'Dmaj', 'Esus4', 'Amaj', 'Dmaj7', 'Esus4', 'Fdim', 'F#min7', 'Amaj', 'Dmaj', 'Esus4', 'Amaj']"
1201,"['Absus2', 'Absus2', 'Abmaj', 'Ab7', 'Fmin', 'Bb', 'Abmaj', 'Ab7', 'Fmin', 'Bb', 'Abmaj', 'Ab7', 'Fmin', 'Bb', 'Abmaj', 'Ab7', 'Fmin', 'Bb', 'Bb', 'Abmaj', 'Ebmaj', 'Gbmaj', 'Dbmaj', 'Bbmin7', 'Abmaj', 'Ebmaj', 'Ebmaj', 'Abmaj', 'Ebmaj', 'Gbmaj', 'Dbmaj', 'Bbmin7', 'Abmaj', 'Ebmaj', 'Ebmaj', 'Cmin7', 'Ebsus4', 'Abmaj', 'Ebmaj', 'Dbmaj', 'Ebsus4', 'Abmaj', 'Ebmaj', 'Dbmaj', 'Ebsus4', 'Abmaj', 'Ebmaj', 'Dbmaj', 'Ebsus4', 'Abmaj', 'Ebmaj', 'Dbmaj', 'Ebsus4', 'Abmaj', 'Ebmaj', 'Dbmaj', 'Ebsus4', 'Abmaj', 'Ebmaj', 'Dbmaj', 'Ebsus4', 'Abmaj', 'Ebmaj', 'Dbmaj', 'Ebsus4', 'Abmaj', 'Ebmaj', 'Dbmaj', 'Ebsus4', 'Abmaj', 'Ebmaj', 'Dbmaj', 'Dbmaj', 'Dbmaj', 'Abmaj', 'Ebmaj', 'Gbmaj', 'Dbmaj', 'Bbmin7', 'Abmaj', 'Ebmaj', 'Ebmaj', 'Cmin7', 'Ebsus4', 'Abmaj']"
1203,"['Dmaj', 'Dmaj', 'Dmaj', 'Dmaj', 'Dmaj', 'Bmaj', 'Gmaj', 'Amaj', 'Dmaj', 'Bmaj', 'Gmaj', 'Amaj', 'Dmaj', 'Bmaj', 'Gmaj', 'Amaj', 'Dmaj', 'A7', 'Dmaj', 'Bmaj', 'Gmaj', 'Amaj', 'Dmaj', 'Gmaj', 'Amaj', 'Dmaj', 'Gmaj', 'Amaj', 'Dmaj', 'A7', 'Dmaj', 'Bmaj', 'Gmaj', 'Amaj', 'Dmaj', 'Gmaj', 'Amaj', 'Dmaj', 'Gmaj', 'Amaj', 'Dmaj', 'A7', 'Dmaj', 'Bmaj', 'Gmaj', 'Amaj', 'Dmaj', 'Gmaj', 'Amaj', 'Dmaj', 'Gmaj', 'Amaj', 'Dmaj', 'Emin', 'Gmaj', 'Dmaj', 'Emin', 'Gmaj', 'Dmaj', 'Emin', 'Gmaj', 'Dmaj', 'Emin', 'Gmaj', 'Amaj', 'Dmaj', 'Bmaj', 'Gmaj', 'Amaj', 'Dmaj', 'Gmaj', 'Amaj', 'Dmaj', 'Gmaj', 'Amaj', 'Dmaj', 'A7', 'Dmaj', 'Bmaj', 'Gmaj', 'Amaj', 'Dmaj', 'Gmaj', 'Amaj', 'Dmaj', 'Gmaj', 'Amaj', 'Dmaj', 'Dmaj', 'Gmaj', 'Dmaj', 'Dmaj', 'Gmaj', 'Gmaj', 'Gmaj', 'Dmaj', 'Dmaj', 'Gmaj', 'Dmaj', 'Dmaj', 'Dmaj', 'Gmaj', 'Dmaj', 'Emin', 'Gmaj', 'Dmaj', 'Emin', 'Gmaj', 'Dmaj', 'Emin', 'Gmaj', 'Dmaj', 'Emin', 'Gmaj', 'Amaj', 'Dmaj', 'Bmaj', 'Gmaj', 'Amaj', 'Dmaj', 'Gmaj', 'Amaj', 'Dmaj', 'Gmaj', 'Amaj', 'Dmaj', 'A7', 'Dmaj', 'Bmaj', 'Gmaj', 'Amaj', 'Dmaj', 'Gmaj', 'Amaj', 'Dmaj', 'Gmaj', 'Amaj', 'Dmaj', 'A7', 'Dmaj', 'Bmaj', 'Gmaj', 'Amaj', 'Dmaj', 'Gmaj', 'Amaj', 'Dmaj', 'Gmaj', 'Amaj', 'Dmaj', 'A7', 'Dmaj', 'Bmaj', 'Gmaj', 'Amaj', 'Dmaj', 'Gmaj', 'Amaj', 'Dmaj', 'Gmaj', 'Amaj', 'Dmaj', 'A7', 'Dmaj', 'Bmaj', 'Gmaj', 'Amaj', 'Dmaj', 'Gmaj', 'Amaj', 'Dmaj', 'Gmaj', 'Amaj', 'Dmaj', 'A7', 'Dmaj', 'Bmaj', 'Gmaj', 'Amaj', 'Dmaj', 'Gmaj', 'Amaj', 'Dmaj', 'Gmaj', 'Amaj', 'Dmaj', 'A7']"
1204,"['Abmaj', 'Fmin', 'Fmaj', 'Abmaj', 'Fmin', 'Fmaj', 'Abmaj', 'Fmin', 'Fmin', 'F5', 'Eb5', 'Db5', 'Bb5', 'Cmaj', 'Ebmaj', 'F5', 'Eb5', 'Db5', 'Bb5', 'Cmaj', 'Ebmaj', 'Fmin', 'Ebmaj', 'Dbmaj', 'Bbmaj', 'Cmaj', 'Fmin', 'Ebmaj', 'Dbmaj', 'Bbmaj', 'C5', 'Cmaj', 'Fmin', 'Gmin', 'Abmaj', 'Bbmaj', 'Cmaj', 'Dbmaj', 'Cmaj', 'Fmin', 'Gmin', 'Abmaj', 'Bbmaj', 'Cmaj', 'Dbmaj', 'Cmaj', 'Fmin', 'Fmin', 'Abmaj', 'Fmin', 'Fmin', 'Abmaj', 'F5', 'Eb5', 'Db5', 'Bb5', 'Cmaj', 'Ebmaj', 'F5', 'Eb5', 'Db5', 'Bb5', 'Cmaj', 'Ebmaj', 'Fmin', 'Ebmaj', 'Dbmaj', 'Bbmaj', 'Cmaj', 'Fmin', 'Ebmaj', 'Dbmaj', 'Bbmaj', 'C5', 'Cmaj', 'Fmin', 'Gmin', 'Abmaj', 'Bbmaj', 'Cmaj', 'Dbmaj', 'Cmaj', 'Fmin', 'Gmin', 'Abmaj', 'Bbmaj', 'Cmaj', 'Dbmaj', 'Cmaj', 'Fmin', 'Fmin', 'Abmaj', 'Fmin', 'Fmin', 'Abmaj', 'Ebmaj', 'Fmaj', 'Cmaj', 'Bbmaj', 'Abmaj', 'Gbmaj', 'Fmin', 'Ebmaj', 'Dmaj', 'Ebmaj', 'Fmaj', 'Cmaj', 'Bbmaj', 'Ab', 'Eb', 'C', 'G', 'F', 'C', 'C', 'C', 'Cmaj', 'F', 'Db', 'Bb', 'C', 'Bb', 'Ab', 'Gb', 'F', 'Db', 'Bb', 'C5', 'Cmaj', 'Fmin', 'Gmin', 'Abmaj', 'Bbmaj', 'Cmaj', 'Dbmaj', 'Cmaj', 'Fmin', 'Abmaj', 'Bbmaj', 'Dbmaj', 'Cmaj', 'Fmin', 'Abmaj', 'Bbmaj', 'Dbmaj', 'Cmaj', 'Fmin', 'Abmaj', 'Bbmaj', 'Dbmaj', 'Cmaj', 'Fmin', 'Abmaj', 'Bbmaj', 'Dbmaj', 'Cmaj', 'Fmin', 'Abmaj', 'Bbmaj', 'Dbmaj', 'Cmaj', 'Fmin', 'Abmaj', 'Bbmaj', 'Dbmaj', 'Cmaj', 'Fmin', 'Abmaj', 'Bbmaj', 'Dbmaj', 'Cmaj', 'Fmin', 'Abmaj', 'Bbmaj', 'Dbmaj', 'Cmaj', 'Fmin', 'Fmin']"
1208,"['Emaj', 'Amaj', 'F#maj', 'F#maj', 'Emaj', 'Amaj', 'F#maj', 'F#maj', 'Emaj', 'Amaj', 'F#maj', 'F#maj', 'Emaj', 'Emaj', 'Bsus4', 'B7', 'Emaj', 'Emaj7', 'E', 'Emaj', 'Emaj', 'Emaj', 'Amaj', 'Bmaj', 'Emaj', 'Emaj', 'Amaj', 'Bmaj', 'Emaj', 'Emaj', 'Amaj', 'Bmaj', 'Emaj', 'Emaj', 'Amaj', 'Bmaj', 'Emaj', 'Amaj', 'Emaj', 'Bmaj', 'Amaj', 'Emaj', 'Amaj', 'Emaj', 'Bsus4', 'Bmaj', 'Emaj', 'Emaj', 'Amaj', 'Amaj', 'Emaj', 'Emaj', 'Amaj', 'Amaj', 'Emaj', 'Emaj', 'Amaj', 'Amaj', 'Emaj', 'Emaj', 'Amaj', 'Amaj', 'Amaj', 'Amaj', 'Bmaj', 'Bmaj', 'Emaj', 'Emaj7', 'E', 'Emaj', 'Emaj', 'Emaj', 'Amaj', 'Bmaj', 'Emaj', 'Emaj', 'Amaj', 'Bmaj', 'Emaj', 'Emaj', 'Amaj', 'Bmaj', 'Emaj', 'Emaj', 'Amaj', 'Bmaj', 'Emaj', 'Amaj', 'Emaj', 'Bmaj', 'Amaj', 'Emaj', 'Amaj', 'Emaj', 'Bsus4', 'Bmaj', 'Emaj', 'Emaj', 'Amaj', 'Amaj', 'Emaj', 'Emaj', 'Amaj', 'Amaj', 'Emaj', 'Emaj', 'Amaj', 'Amaj', 'Emaj', 'Emaj', 'Amaj', 'Amaj', 'Amaj', 'Amaj', 'Bmaj', 'Bmaj', 'Emaj', 'Emaj', 'Emaj', 'Emaj', 'Emaj', 'Amaj', 'Bmaj', 'Emaj', 'Emaj', 'Amaj', 'Bmaj', 'Emaj', 'Emaj', 'Amaj', 'Bmaj', 'Emaj', 'Emaj', 'Amaj', 'Bmaj', 'Emaj', 'Emaj', 'Amaj', 'Bmaj', 'Emaj', 'Emaj', 'Amaj', 'Bmaj', 'Emaj', 'Emaj', 'Amaj', 'Bmaj', 'Emaj', 'Emaj', 'Amaj', 'Bmaj', 'Emaj', 'Amaj', 'Amaj', 'Bmaj', 'Bmaj', 'Amaj', 'Amaj', 'Bmaj', 'Bmaj', 'Emaj', 'Bmaj', 'Amaj', 'Emaj']"
1210,"['Cmaj', 'Cmaj', 'Amin', 'Amin', 'Fmaj', 'Fmaj', 'Gmaj', 'Cmaj', 'Cmaj', 'Amin', 'Amin', 'Fmaj', 'Fmaj', 'Gmaj', 'Cmaj', 'Cmaj', 'Amin', 'Amin', 'Fmaj', 'Fmaj', 'Gmaj', 'Cmaj', 'Cmaj', 'Amin', 'Amin', 'Fmaj', 'Fmaj', 'Gmaj', 'Fmaj', 'Fmaj', 'Cmaj', 'Cmaj', 'Dmaj', 'Dmaj', 'Gmaj', 'Cmaj', 'Cmaj', 'Amin', 'Amin', 'Fmaj', 'Fmaj', 'Gmaj', 'Cmaj', 'Cmaj', 'Amin', 'Amin', 'Fmaj', 'Fmaj', 'Gmaj', 'Fmaj', 'Fmaj', 'Cmaj', 'Cmaj', 'Dmaj', 'Dmaj', 'Gmaj', 'Cmaj', 'Cmaj', 'Amin', 'Amin', 'Fmaj', 'Fmaj', 'Gmaj', 'Cmaj', 'Cmaj', 'Amin', 'Amin', 'Fmaj', 'Fmaj', 'Gmaj', 'Gmaj', 'Cmaj', 'Cmaj', 'Amin', 'Amin', 'Fmaj', 'Fmaj', 'Gmaj', 'Gmaj']"
1211,"['Gmin', 'Gmin', 'Gmin', 'Cmin', 'D7', 'Cmin', 'D7', 'Gmin', 'Cmin', 'D7', 'Cmin', 'D7', 'Gmaj', 'Gmaj', 'Emin', 'Cmaj', 'D7', 'Gmin', 'Cmin', 'D7', 'Cmin', 'D7', 'Gmin', 'Cmin', 'D7', 'Cmin', 'D7', 'Gmaj', 'Gmaj', 'Emin', 'Cmaj', 'D7', 'Ab', 'Abmaj', 'Fmin', 'Dbmaj', 'Eb7', 'Abmin', 'Dbmin', 'Eb7', 'Dbmin', 'Eb7', 'Abmin', 'Dbmin', 'Eb7', 'Dbmin', 'Eb7', 'Abmaj', 'Abmaj', 'Fmin', 'Dbmaj', 'Eb7', 'Amaj', 'F#min', 'Dmaj', 'E7', 'Bb', 'Bbmaj', 'Gmin', 'Ebmaj', 'F7']"
1212,"['Cmaj', 'Fmaj', 'Cmaj', 'Cmaj', 'Fmaj', 'Cmaj', 'Cmaj', 'Fmaj', 'Cmaj', 'Cmaj', 'Fmaj', 'Cmaj', 'Dmin7', 'Dmin7', 'Dmin7', 'Dmin7', 'Cmaj', 'Fmaj', 'Cmaj', 'Cmaj', 'Fmaj', 'Cmaj', 'Cmaj', 'Fmaj', 'Cmaj', 'Cmaj', 'Fmaj', 'Cmaj', 'Cmaj', 'Fmaj', 'Cmaj', 'Cmaj', 'Fmaj', 'Cmaj', 'Dmin7', 'Dmin7', 'Dmin7', 'Dmin7', 'Cmaj', 'Fmaj', 'Cmaj', 'Cmaj', 'Fmaj', 'Cmaj', 'Cmaj', 'Fmaj', 'Cmaj', 'Cmaj', 'Fmaj', 'Cmaj', 'Dmin7', 'Dmin7', 'Dmin7', 'Dmin7', 'Cmaj', 'Fmaj', 'Cmaj', 'Cmaj', 'Fmaj', 'Cmaj', 'Cmaj', 'Fmaj', 'Cmaj', 'Dmin7', 'Dmin7', 'Dmin7', 'Dmin7', 'Cmaj', 'Fmaj', 'Cmaj', 'Cmaj', 'Fmaj', 'Cmaj', 'Cmaj', 'Fmaj', 'Cmaj', 'Cmaj', 'Fmaj', 'Cmaj', 'Cmaj', 'Fmaj', 'Cmaj', 'Cmaj', 'Fmaj', 'Cmaj', 'Dmin7', 'Dmin7', 'Dmin7', 'Dmin7', 'Cmaj', 'Fmaj', 'Cmaj', 'Cmaj', 'Fmaj', 'Cmaj', 'Cmaj', 'Fmaj', 'Cmaj', 'Cmaj', 'Fmaj', 'Cmaj', 'Dmin7', 'Dmin7', 'Dmin7', 'Dmin7', 'Cmaj', 'Fmaj', 'Cmaj', 'Cmaj', 'Fmaj', 'Cmaj', 'Cmaj', 'Fmaj', 'Cmaj', 'Dmin7', 'Dmin7', 'Dmin7', 'Dmin7', 'Cmaj', 'Fmaj', 'Cmaj', 'Cmaj', 'Fmaj', 'Cmaj', 'Cmaj', 'Fmaj', 'Cmaj', 'Cmaj', 'Fmaj', 'Cmaj', 'Cmaj', 'Fmaj', 'Cmaj', 'Cmaj', 'Fmaj', 'Cmaj', 'Dmin7', 'Dmin7', 'Dmin7', 'Dmin7', 'Cmaj', 'Fmaj', 'Cmaj', 'Cmaj', 'Fmaj', 'Cmaj', 'Cmaj', 'Fmaj', 'Cmaj', 'Cmaj', 'Fmaj', 'Cmaj', 'Dmin7', 'Dmin7', 'Dmin7', 'Dmin7', 'Cmaj', 'Fmaj', 'Cmaj', 'Cmaj', 'Fmaj', 'Cmaj', 'Cmaj', 'Fmaj', 'Cmaj', 'Dmin7', 'Dmin7', 'Dmin7', 'Dmin7', 'Cmaj', 'Fmaj', 'Cmaj', 'Cmaj', 'Fmaj', 'Cmaj']"
1213,"['Gmaj', 'G7', 'G', 'Dsus4', 'Dmin7', 'Dsus2', 'Dmaj', 'Dmaj', 'D7', 'Gmaj', 'Gmaj', 'Gmaj', 'Gmaj', 'Gmaj', 'Gmaj', 'Gmaj', 'Gmaj', 'D7', 'D7', 'Emin', 'Bmaj', 'Amin', 'Dmaj', 'Gmaj', 'Fmaj', 'Gmaj', 'Gmaj', 'Gmaj', 'Gmaj', 'Gmaj', 'Gmaj', 'Gmaj', 'Gmaj', 'D7', 'D7', 'Emin', 'Bmaj', 'Amin', 'Dmaj', 'Gmaj', 'Fmaj', 'Gmaj', 'Gmaj', 'Gmaj', 'Gmaj', 'Emin', 'Amaj', 'Cmaj', 'Dmaj', 'Gmaj', 'Gmaj', 'Emin', 'Amaj', 'Cmaj', 'Dmaj', 'Gmaj', 'Gmaj', 'Gmaj', 'Gmaj', 'Gmaj', 'Gmaj', 'D7', 'D7', 'Emin', 'Bmaj', 'Amin', 'Dmaj', 'Gmaj', 'Fmaj', 'Gmaj', 'Gmaj', 'Gmaj', 'Gmaj', 'Gmaj', 'Gmaj', 'Gmaj', 'Gmaj', 'D7', 'D7', 'Emin', 'Bmaj', 'Amin', 'Dmaj', 'Gmaj', 'Fmaj', 'Gmaj', 'Gmaj', 'Gmaj', 'Gmaj', 'Emin', 'Amaj', 'Cmaj', 'Dmaj', 'Gmaj', 'Gmaj', 'Emin', 'Amaj', 'Cmaj', 'Dmaj', 'Gmaj', 'Gmaj', 'Gmaj', 'Gmaj', 'Gmaj', 'Gmaj', 'D7', 'D7', 'Emin', 'Bmaj', 'Amin', 'Dmaj', 'Gmaj', 'Fmaj', 'Gmaj', 'Gmaj', 'Gmaj', 'G7', 'G', 'Dsus4', 'Dmin7', 'Dsus2', 'Dmaj', 'Dmaj', 'D7', 'Gmaj']"
1217,"['Ebmaj', 'Abmaj', 'Ebmaj', 'Abmaj', 'Ebmaj7', 'Abmaj', 'Ebmaj7', 'Bbaug', 'Ebmaj7', 'Abmaj', 'Eb7', 'Eb7', 'Abmaj7', 'Bbmaj', 'Gmin7', 'Cmin', 'Abmaj7', 'Bbmaj', 'Gmin7', 'G7', 'Cmin', 'F', 'F', 'Ebmaj', 'Abmaj', 'Ebmaj', 'Abmaj', 'Ebmaj', 'Abmaj', 'F', 'Bbmaj', 'Ebmaj7', 'Abmaj', 'Ebmaj7', 'Bbaug', 'Ebmaj7', 'Abmaj', 'Eb7', 'Eb7', 'Abmaj7', 'Bbmaj', 'Gmin7', 'Cmin', 'Abmaj7', 'Bbmaj', 'Gmin7', 'G7', 'Cmin', 'F', 'Ebmaj', 'Abmaj', 'Ebmaj', 'Abmaj', 'Fmaj', 'Bbmaj', 'G', 'Bbmaj7', 'Fmaj', 'Gmin7', 'Csus4', 'Fmaj', 'Bbmaj', 'Fmaj', 'Caug', 'Fmaj', 'Bbmaj', 'F7', 'F7', 'Bbmaj7', 'Cmaj', 'Amin7', 'Dmin', 'Bbmaj7', 'Cmaj', 'Amin7', 'A7', 'Dmin', 'G', 'Fmaj', 'Bbmaj', 'Fmaj', 'Bbmaj', 'Fmaj', 'Bbmaj', 'G', 'Bbmaj7', 'Fmaj', 'Gmin7', 'Csus4', 'Csus4', 'Fmaj']"
1218,"['Gbmaj', 'Ab7', 'Dbmaj', 'Gbmaj', 'Ab7', 'Dbmaj', 'Gbmaj', 'Ab7', 'Dbmaj', 'Dbmaj', 'Dbmaj', 'Gbmaj', 'Ab7', 'Eb7', 'Ab7', 'Dbmaj', 'Gbmaj', 'Ab7', 'Dbmaj', 'Dbmaj', 'Dbmaj', 'Ebmin7', 'Gbmaj', 'Ab7', 'Dbmaj', 'Dbmaj', 'Gbmaj', 'Ab7', 'Dbmaj', 'Gbmaj', 'Ab7', 'Dbmaj', 'Gbmaj', 'Fmin7', 'Ebmin7', 'Ebmin7', 'Fmin7', 'Gbmaj', 'Absus4', 'Ebmin7', 'Fmin7', 'Gbmaj', 'Absus4', 'Dbmaj', 'Gmaj', 'A7', 'Dmaj', 'Gmaj', 'A7', 'Dmaj', 'Gmaj', 'A7', 'Dmaj', 'Dmaj', 'Dmaj', 'Gmaj', 'A7', 'E7', 'A7', 'Dmaj', 'Gmaj', 'A7', 'Dmaj', 'Dmaj', 'Dmaj', 'Emin7', 'Gmaj', 'A7', 'Dmaj', 'Dmaj', 'Gmaj', 'A7', 'Dmaj', 'Gmaj', 'A7', 'Dmaj', 'Gmaj', 'F#min7', 'Emin7', 'Emin7', 'F#min7', 'Gmaj', 'Asus4', 'Emin7', 'F#min7', 'Gmaj', 'Asus4', 'Dmaj', 'Dmaj', 'Gmaj', 'Asus4', 'Dmaj']"
1220,"['Dmaj', 'Dmaj', 'Gmaj', 'Fmaj', 'Dmaj', 'Dmaj', 'Gmaj', 'Fmaj', 'Dmaj', 'Dmaj', 'Gmaj', 'Fmaj', 'Dmaj', 'Dmaj', 'Gmaj', 'Fmaj', 'Dmaj', 'Dmaj', 'Gmaj', 'Fmaj', 'Dmaj', 'Dmaj', 'Gmaj', 'Fmaj', 'Dmaj', 'Dmaj', 'Gmaj', 'Fmaj', 'Dmaj', 'Dmaj', 'Gmaj', 'Fmaj', 'Dmaj', 'Dmaj', 'Gmaj', 'Fmaj', 'Dmaj', 'Dmaj', 'Gmaj', 'Fmaj', 'Dmaj', 'Dmaj', 'Gmaj', 'Fmaj', 'Dmaj', 'Dmaj', 'Gmaj', 'Fmaj', 'Fmaj', 'Bb7', 'Gmin', 'Cmaj', 'Fmaj', 'Bb7', 'Gmin', 'Cmaj', 'Dmaj', 'Dmaj', 'Gmaj', 'Fmaj', 'Dmaj', 'Dmaj', 'Gmaj', 'Fmaj', 'Dmaj', 'Dmaj', 'Gmaj', 'Fmaj', 'Dmaj', 'Dmaj', 'Gmaj', 'Fmaj', 'Dmaj', 'Dmaj', 'Gmaj', 'Fmaj', 'Dmaj', 'Dmaj', 'Gmaj', 'Fmaj', 'Dmaj', 'Dmaj', 'Gmaj', 'Fmaj', 'Dmaj', 'Dmaj', 'Gmaj', 'Fmaj', 'Fmaj', 'Bbmaj', 'Gmin7', 'Cmaj', 'Fmaj', 'Bbmaj', 'Gmin7', 'Cmaj', 'Dmaj', 'Dmaj', 'Gmaj', 'Fmaj', 'Dmaj', 'Dmaj', 'Gmaj', 'Fmaj', 'Dmaj', 'Dmaj', 'Gmaj', 'Fmaj', 'Dmaj', 'Dmaj', 'Gmaj', 'Fmaj', 'Gmaj', 'Amaj', 'Gmaj', 'Amaj', 'Gmaj', 'Amaj', 'Bbmaj', 'Amin', 'Gmaj', 'Dmaj', 'Dmaj', 'Gmaj', 'Fmaj', 'Dmaj', 'Dmaj', 'Gmaj', 'Fmaj', 'Dmaj', 'Dmaj', 'Gmaj', 'Fmaj', 'Dmaj', 'Dmaj', 'Gmaj', 'Fmaj', 'Dmaj', 'Dmaj', 'Gmaj', 'Fmaj', 'Dmaj', 'Dmaj', 'Gmaj', 'Fmaj', 'Fmaj', 'Bbmaj', 'Gmin7', 'Cmaj', 'Fmaj', 'Bbmaj', 'Gmin7', 'Cmaj', 'Dmaj', 'Dmaj', 'Gmaj', 'Fmaj', 'Dmaj', 'Dmaj', 'Gmaj', 'Fmaj', 'Dmaj', 'Dmaj', 'Gmaj', 'Fmaj', 'Dmaj', 'Dmaj', 'Gmaj', 'Fmaj']"
1221,"['E', 'B', 'C#min7', 'C#min7', 'Emaj', 'Amaj7', 'G#min7', 'F#min7', 'F#min7', 'B', 'E', 'B', 'C#min7', 'C#min7', 'Emaj', 'Amaj7', 'G#min7', 'F#min7', 'F#min7', 'B', 'E', 'B', 'C#min7', 'C#min7', 'Emaj', 'Amaj7', 'G#min7', 'F#min7', 'F#min7', 'B', 'E', 'B', 'C#min7', 'C#min7', 'Emaj', 'Amaj7', 'G#min7', 'F#min7', 'F#min7', 'Gmin7', 'G#min7', 'G#min7', 'Amaj', 'Bmaj', 'Emaj', 'G#min7', 'Amaj', 'Amaj', 'F#min7', 'B7', 'Emaj', 'Emaj', 'E', 'B', 'C#min7', 'C#min7', 'Emaj', 'Amaj7', 'G#min7', 'F#min7', 'F#min7', 'B', 'E', 'B', 'C#min7', 'C#min7', 'Emaj', 'Amaj7', 'G#min7', 'F#min7', 'F#min7', 'Gmin7', 'G#min7', 'G#min7', 'Amaj', 'Bmaj', 'Emaj', 'G#min7', 'Amaj', 'Amaj', 'F#min7', 'B7', 'Emaj', 'Emaj', 'F#min7', 'Gmin7', 'G#min7', 'G#min7', 'Amaj', 'Bmaj', 'E', 'B', 'C#min7', 'C#min7', 'Emaj', 'Amaj7', 'G#min7', 'F#min7', 'F#min7', 'B', 'E', 'B', 'C#min7', 'C#min7', 'Emaj', 'Amaj7', 'G#min7', 'F#min7', 'F#min7', 'B', 'E', 'B', 'C#min7', 'C#min7', 'Emaj', 'Amaj7', 'G#min7', 'F#min7', 'F#min7', 'B']"
1222,"['Csus2', 'D5', 'Csus2', 'D5', 'Fmaj', 'Cmaj', 'D5', 'Cmaj', 'D5', 'F5', 'D5', 'Csus2', 'D5', 'Csus2', 'D5', 'Fmaj', 'Cmaj', 'D5', 'Cmaj', 'D5', 'F5', 'D5', 'Csus2', 'D5', 'Csus2', 'D5', 'Fmaj', 'Cmaj', 'D5', 'Cmaj', 'D5', 'C5', 'Dmin', 'Cmaj', 'Dmin', 'Cmaj', 'Dmin', 'Cmaj', 'Bbmaj', 'Cmaj', 'Ebmaj', 'Fmaj', 'Csus4', 'Dsus4', 'Dmin', 'Cmaj', 'Dmin', 'Cmaj', 'Dmin', 'Cmaj', 'Dmin', 'Cmaj', 'Dmin', 'Cmaj', 'Bbmaj', 'Cmaj', 'Ebmaj', 'Fmaj', 'Csus4', 'Dsus4', 'Eb', 'Csus2', 'D5', 'Csus2', 'D5', 'Csus2', 'D5', 'Csus2', 'D5', 'Fmaj', 'Cmaj', 'D5', 'Cmaj', 'D5', 'F5', 'D5', 'Cmaj', 'Bbmaj', 'Cmaj', 'Bbmaj', 'Amin', 'Bbmaj', 'Cmaj', 'Dmin', 'Cmaj', 'Dmin', 'Cmaj', 'Dmin', 'Cmaj', 'Dmin', 'Cmaj', 'Bbmaj', 'Cmaj', 'Ebmaj', 'Fmaj', 'Csus4', 'Dsus4', 'Dmin', 'Cmaj', 'Dmin', 'Cmaj', 'Dmin', 'Cmaj', 'Dmin', 'Cmaj', 'Dmin', 'Cmaj', 'Bbmaj', 'Cmaj', 'Ebmaj', 'Fmaj', 'Bbsus4', 'Csus4', 'Dmin', 'Cmaj', 'Dmin', 'Cmaj', 'Dmin', 'Cmaj', 'Dmin', 'Cmaj', 'Dmin', 'Cmaj', 'Bbmaj', 'Cmaj', 'Ebmaj', 'Fmaj', 'Csus4', 'Dsus4', 'Ebmaj', 'Fmaj', 'Csus4', 'Dsus4', 'Eb', 'Csus2', 'D5', 'Csus2', 'D5', 'Csus2', 'D5', 'Csus2', 'D5', 'Csus2', 'D5', 'Csus2', 'D5', 'Csus2', 'D5', 'Csus2', 'D5', 'Csus2', 'D5', 'Csus2', 'D5']"
1223,"['Emin', 'Dmin', 'Cmaj', 'Cmaj', 'Emin', 'Dmin', 'Cmaj', 'Cmaj', 'Dmin', 'Dmin', 'Dmin', 'Gmaj', 'Cmaj', 'Cmaj', 'Cmaj', 'Cmaj', 'Cmaj', 'Cmaj', 'Cmaj', 'Emin', 'Dmin', 'Cmaj', 'Cmaj', 'Emin', 'Dmin', 'Cmaj', 'Cmaj', 'Dmin', 'Dmin', 'Dmin', 'Gmaj', 'Cmaj', 'Cmaj', 'Cmaj', 'Cmaj', 'Cmaj', 'Cmaj', 'Cmaj', 'Amin', 'Amin', 'Amin', 'Amin', 'Amin', 'Amin', 'Amin', 'Amin', 'Dmin', 'Dmin', 'Dmin', 'Gmaj', 'Emin', 'Dmin', 'Cmaj', 'Cmaj', 'Emin', 'Dmin', 'Cmaj', 'Cmaj', 'Dmin', 'Dmin', 'Dmin', 'Gmaj', 'Cmaj', 'Cmaj', 'Cmaj', 'Cmaj', 'Cmaj', 'Cmaj', 'Cmaj', 'Cmaj', 'Bbmaj', 'Cmaj', 'Ebmaj', 'Bbmaj', 'Cmaj', 'Bbmaj', 'Cmaj']"
1225,"['Emaj', 'E7', 'A7', 'A7', 'B7', 'B7', 'Emaj', 'B7', 'Emaj', 'E7', 'A7', 'A7', 'B7', 'B7', 'Emaj', 'Emaj', 'Emaj', 'E7', 'A7', 'A7', 'B7', 'B7', 'Emaj', 'B7', 'Emaj', 'E7', 'A7', 'A7', 'B7', 'B7', 'Emaj', 'Emaj', 'Emaj', 'E7', 'A7', 'A7', 'B7', 'B7', 'Emaj', 'B7', 'Emaj', 'E7', 'A7', 'A7', 'B7', 'B7', 'Emaj', 'Emaj', 'Emaj', 'E7', 'A7', 'A7', 'B7', 'B7', 'Emaj', 'B7', 'Emaj', 'E7', 'A7', 'A7', 'B7', 'B7', 'Emaj', 'Emaj', 'Emaj', 'E7', 'A7', 'A7', 'B7', 'B7', 'Emaj', 'B7', 'Emaj', 'E7', 'A7', 'A7', 'B7', 'B7', 'Emaj', 'Emaj', 'Emaj', 'E7', 'A7', 'A7', 'B7', 'B7', 'Emaj', 'B7', 'Emaj', 'E7', 'A7', 'A7', 'B7', 'B7', 'Emaj', 'Amaj', 'Emaj', 'Amaj', 'Emaj', 'Amaj', 'Emaj', 'B7', 'Emaj']"
1226,"['Dmin', 'Dmin', 'Dmin', 'Dmin', 'Dmin', 'Dmin', 'Dmin', 'Dmin', 'Dmin', 'Dmin', 'Dmin', 'Dmin', 'Dmin', 'Dmin', 'Dmin', 'Dmin', 'Dmin', 'Dmin', 'Dmin', 'Dmin', 'Dmin', 'Dmin', 'Dmin', 'Dmin', 'Dmin', 'Dmin', 'Dmin', 'Dmin', 'Dmin', 'Dmin', 'Dmin', 'Dmin', 'Dmin', 'Dmin', 'Dmin', 'Dmin', 'Dmin', 'Dmin', 'Dmin', 'Dmin', 'Dmin', 'Dmin', 'Dmin', 'Dmin', 'Dmin7', 'Dmin7', 'Dmin7', 'Dmin7', 'Dmin7', 'Dmin7', 'Dmin7', 'Dmin7', 'D', 'D', 'D', 'D', 'D', 'D', 'D', 'D', 'D', 'D', 'D', 'D', 'D', 'D', 'D', 'D', 'Dmin7', 'Dmin7', 'Dmin7', 'Dmin7', 'Dmin', 'Dmin', 'Dmin', 'Dmin', 'Dmin', 'Dmin', 'Dmin', 'Dmin', 'Dmin', 'Dmin', 'Dmin', 'Dmin', 'Dmin', 'Dmin', 'Dmin', 'Dmin', 'Dmin', 'Dmin', 'Dmin', 'Dmin', 'Dmin', 'Dmin', 'Dmin', 'Dmin', 'Dmin', 'Dmin', 'Dmin', 'Dmin', 'Dmin', 'Dmin', 'Dmin', 'Dmin']"
1227,"['Amin', 'Amin', 'Amin', 'Fmaj7', 'E7', 'Amin', 'Amin', 'Amin', 'Fmaj7', 'E7', 'Amin', 'Amin', 'Amin', 'Fmaj7', 'E7', 'Amin', 'Amin', 'Amin', 'Fmaj7', 'E7', 'Amin', 'Amin', 'Amin', 'Fmaj7', 'E7', 'Amin', 'Amin', 'Amin', 'Fmaj7', 'E7', 'Amin', 'Amin', 'Amin', 'Fmaj7', 'E7', 'Amin', 'Amin', 'Amin', 'Fmaj7', 'E7', 'Fmaj', 'Fmaj', 'Cmaj', 'Cmaj', 'Gmaj', 'Gmaj', 'Fmaj', 'Fmaj', 'Amin', 'Amin', 'Amin', 'Fmaj7', 'E7', 'Amin', 'Amin', 'Amin', 'Fmaj7', 'E7', 'Amin', 'Amin', 'Amin', 'Fmaj7', 'E7', 'Amin', 'Amin', 'Amin', 'Fmaj7', 'E7', 'Amin', 'Amin', 'Amin', 'Fmaj7', 'E7', 'Amin', 'Amin', 'Amin', 'Fmaj7', 'E7', 'Fmaj', 'Fmaj', 'Cmaj', 'Cmaj', 'Gmaj', 'Gmaj', 'Fmaj', 'Fmaj', 'Amin', 'Amin', 'Amin', 'Fmaj7', 'E7', 'Amin', 'Amin', 'Amin', 'Fmaj7', 'E7', 'Amin', 'Amin', 'Amin', 'Fmaj7', 'E7', 'Amin', 'Amin', 'Amin', 'Fmaj7', 'E7', 'Amin', 'Amin', 'Amin', 'Fmaj7', 'E7', 'Amin', 'Amin', 'Amin', 'Fmaj7', 'E7', 'Amin', 'Amin', 'Amin', 'Fmaj7', 'E7', 'Amin', 'Amin', 'Amin', 'Fmaj7', 'E7', 'Amin', 'Amin', 'Amin', 'Fmaj7', 'E7', 'Amin', 'Amin', 'Amin', 'Fmaj7', 'E7', 'Amin', 'Amin', 'Amin', 'Fmaj7', 'E7', 'Amin', 'Amin', 'Amin', 'Fmaj7', 'E7', 'Amin', 'Amin', 'Amin', 'Fmaj7', 'E7', 'Amin', 'Amin', 'Amin', 'Fmaj7', 'E7', 'Amin', 'Amin', 'Amin', 'Fmaj7', 'E7', 'Amin', 'Amin', 'Amin', 'Fmaj7', 'E7', 'Amin', 'Amin', 'Amin', 'Fmaj7', 'E7', 'Amin', 'Amin', 'Amin', 'Fmaj7', 'E7', 'Amin', 'Amin', 'Amin', 'Fmaj7', 'E7', 'Amin', 'Amin', 'Amin', 'Fmaj7', 'E7', 'Fmaj', 'Fmaj', 'Cmaj', 'Cmaj', 'Gmaj', 'Gmaj', 'Fmaj', 'Fmaj', 'Amin', 'Amin', 'Amin', 'Fmaj7', 'E7', 'Amin', 'Amin', 'Amin', 'Fmaj7', 'E7', 'Dmin', 'Cmin', 'B7', 'G7', 'Bmaj', 'Bmaj', 'Bmaj']"
1228,"['Gmaj', 'Gmaj', 'Gmaj', 'Gmaj', 'Gmaj', 'Emin', 'Cmaj', 'Dmaj', 'Gmaj', 'Emin', 'Cmaj', 'Dmaj', 'Emin', 'Bmin', 'Cmaj', 'Dmaj', 'Dmaj', 'Gmaj', 'Cmaj', 'Gmaj', 'Dmaj', 'Gmaj', 'Cmaj', 'Gmaj', 'Dmaj', 'Cmaj', 'Gmaj', 'Amin7', 'Gmaj', 'Cmaj', 'Gmaj', 'Amin7', 'Gmaj', 'Gmaj', 'Gmaj', 'Gmaj', 'Gmaj', 'Gmaj', 'Gmaj', 'Emin', 'Cmaj', 'Dmaj', 'Gmaj', 'Emin', 'Cmaj', 'Dmaj', 'Emin', 'Bmin', 'Cmaj', 'Dmaj', 'Dmaj', 'Gmaj', 'Cmaj', 'Gmaj', 'Dmaj', 'Gmaj', 'Cmaj', 'Gmaj', 'Dmaj', 'Cmaj', 'Gmaj', 'Amin7', 'Gmaj', 'Cmaj', 'Gmaj', 'Amin7', 'Gmaj', 'Gmaj', 'Gmaj', 'Gmaj', 'Gmaj', 'Gmaj', 'Gmaj', 'Gmaj', 'Gmaj', 'Gmaj', 'Gmaj', 'Cmaj', 'Gmaj', 'Amin7', 'Gmaj', 'Cmaj', 'Gmaj', 'Amin7', 'Gmaj', 'Cmaj', 'Gmaj', 'Amin7', 'Gmaj']"
1229,"['Abmaj', 'Dbmaj', 'Abmaj', 'G', 'C7', 'Fmin', 'C7', 'C7', 'Fmin', 'C7', 'Fmin', 'C7', 'Fmin', 'Bbmin7', 'Eb7', 'Abmaj', 'Abmaj', 'G', 'C7', 'Fmin', 'C7', 'Fmin', 'C7', 'Fmin', 'Bbmin7', 'Cmin7', 'Eb', 'Ebmaj', 'Abmaj', 'Ab7', 'Dbmaj', 'Dbmaj', 'Abmaj', 'Abmaj', 'Eb7', 'Eb7', 'Abmaj', 'Abmaj7', 'Dbmaj', 'Gbmaj', 'Dbmaj', 'Dbmaj7', 'Cmin7', 'Bbmin7', 'Abmaj', 'Gbmaj', 'Dbmaj', 'Abmaj', 'Abmaj', 'Dbmaj', 'Gb7', 'Fmin7', 'Bbmin7', 'Eb', 'Ebmaj', 'Abmaj', 'Ab7', 'Dbmaj', 'Dbmaj', 'Abmaj', 'Abmaj', 'Eb7', 'Eb7', 'Abmaj', 'Abmaj7', 'Dbmaj', 'Gbmaj', 'Dbmaj', 'Dbmaj7', 'Cmin7', 'Bbmin7', 'Abmaj', 'Dbmaj', 'Abmaj', 'Dbmaj', 'Abmaj', 'Dbmaj', 'Abmaj', 'Dbmaj', 'Abmaj', 'Dbmaj', 'Abmaj', 'Dbmaj']"
1232,"['Cmaj', 'Cmaj', 'Amin', 'Amin', 'Fmaj7', 'Fmaj7', 'Gmaj', 'Emin', 'Gmaj', 'Bbmaj', 'Amin', 'Abmaj', 'Gmaj', 'Fmaj', 'Emin7', 'Dmin7', 'Dmin7', 'Bbmaj', 'Amin', 'Abmaj', 'Gmaj', 'Fmaj', 'Emin7', 'Dmin7', 'Dmin7', 'Cmaj', 'Cmaj', 'Amin', 'Amin', 'Fmaj7', 'Fmaj7', 'Gmaj', 'Emin', 'Gmaj', 'Cmaj', 'Cmaj', 'Amin', 'Amin', 'Fmaj7', 'Fmaj7', 'Gmaj', 'Emin', 'Gmaj', 'Cmaj', 'Cmaj', 'Amin', 'Amin', 'Fmaj7', 'Fmaj7', 'Gmaj', 'Emin', 'Gmaj', 'Cmaj', 'Cmaj', 'Amin', 'Amin', 'Fmaj7', 'Fmaj7', 'Gmaj', 'Emin', 'Gmaj', 'Bbmaj', 'Amin', 'Abmaj', 'Gmaj', 'Fmaj', 'Emin7', 'Dmin7', 'Dmin7', 'Bbmaj', 'Amin', 'Abmaj', 'Gmaj', 'Fmaj', 'Emin7', 'Dmin7', 'Dmin7', 'Cmaj', 'Cmaj', 'Amin', 'Amin', 'Fmaj7', 'Fmaj7', 'Gmaj', 'Emin', 'Gmaj', 'Cmaj', 'Cmaj', 'Amin', 'Amin', 'Fmaj7', 'Fmaj7', 'Gmaj', 'Emin', 'Gmaj', 'Cmaj', 'Cmaj', 'Amin', 'Amin', 'Fmaj7', 'Fmaj7', 'Gmaj', 'Emin', 'Gmaj', 'Cmaj', 'Cmaj', 'Amin', 'Amin', 'Fmaj7', 'Fmaj7', 'Gmaj', 'Emin', 'Gmaj', 'Bbmaj', 'Amin', 'Abmaj', 'Gmaj', 'Fmaj', 'Emin7', 'Dmin7', 'Dmin7', 'Bbmaj', 'Amin', 'Abmaj', 'Gmaj', 'Fmaj', 'Emin7', 'Dmin7', 'Dmin7', 'Cmaj', 'Cmaj', 'Amin', 'Amin', 'Fmaj7', 'Fmaj7', 'Gmaj', 'Emin', 'Gmaj', 'Cmaj', 'Cmaj', 'Amin', 'Amin', 'Fmaj7', 'Fmaj7', 'Gmaj', 'Emin', 'Gmaj']"
1234,"['Gmaj', 'Gsus4', 'Gmaj', 'Gsus4', 'Gmaj', 'Gsus4', 'Gmaj', 'Emin7', 'Bmin7', 'Cmaj', 'Gmaj', 'Amin7', 'Gmaj', 'Dmaj', 'Dmaj', 'Gmaj', 'Gsus4', 'Gmaj', 'Emin7', 'Bmin7', 'Cmaj', 'Gmaj', 'Amin7', 'Gmaj', 'Dmaj', 'Dmaj', 'Emin', 'Amin', 'Dmaj', 'Emin', 'Amin', 'Dmaj', 'Emin', 'Amin', 'Dmaj', 'Csus2', 'Gmaj', 'Gsus4', 'Gmaj', 'Emin7', 'Bmin7', 'Cmaj', 'Gmaj', 'Amin7', 'Gmaj', 'Dmaj', 'Gmaj', 'Gsus4', 'Gmaj', 'Emin7', 'Bmin7', 'Cmaj', 'Gmaj', 'Amin7', 'Gmaj', 'Dmaj', 'Dmaj', 'Emin', 'Amin', 'Dmaj', 'Emin', 'Amin', 'Dmaj', 'Emin', 'Amin', 'Dmaj', 'Emin', 'Amin', 'Dmaj', 'Emin', 'Amin', 'Dmaj', 'Emaj', 'D', 'Emaj', 'D', 'Emaj', 'D', 'Emaj', 'D', 'Cmaj', 'Dmaj', 'Gmaj', 'Dmaj', 'Emin', 'Dmaj', 'Cmaj', 'Bmin', 'Amin', 'Gmaj', 'Dmaj', 'Dsus4', 'Bmin', 'Dmaj', 'Gmaj', 'Gsus4', 'Gmaj', 'Emin7', 'Bmin7', 'Amin', 'Amin7', 'Dmaj']"
1235,"['Bbmaj', 'Bbmaj', 'Bbmaj', 'Bbmaj7', 'Fsus4', 'Bb7', 'Ebmaj', 'Bbmaj', 'Bbmaj7', 'Fsus4', 'Bb7', 'Ebmaj', 'Ebmaj', 'Fsus4', 'Bbmaj', 'Cmin7', 'F7', 'Bbmaj', 'Bbmaj', 'Bbmaj7', 'Fsus4', 'Bb7', 'Ebmaj', 'Bbmaj', 'Bbmaj7', 'Fsus4', 'Bb7', 'Ebmaj', 'Ebmaj', 'Fsus4', 'Bbmaj', 'Cmin7', 'F7', 'Bbmaj', 'Ebmaj', 'F7', 'Bbmaj', 'Ebmaj', 'F7', 'Bbmaj', 'Ebmaj', 'Fmaj', 'Bbmaj', 'Fmaj', 'Gmin7', 'Ebmaj', 'Fsus4', 'Fmaj', 'F7', 'Bbmaj', 'Bbmaj7', 'Fsus4', 'Bb7', 'Ebmaj', 'Bbmaj', 'Bbmaj7', 'Fsus4', 'Bb7', 'Ebmaj', 'Bbmaj', 'Bbmaj7', 'Fsus4', 'Bb7', 'Ebmaj', 'Ebmaj', 'Fsus4', 'Bbmaj', 'Fmaj', 'Cmin7', 'F7', 'Bbmaj', 'Bbmaj7', 'Fsus4', 'Bb7', 'Ebmaj', 'Ebmaj', 'Fsus4', 'Bbmaj', 'Fmaj', 'Cmin7', 'F7', 'Bbmaj', 'Bbmaj7', 'Bbmaj', 'Bbmaj']"
1237,"['Emaj', 'F#min7', 'Emaj', 'Cmaj', 'Dmaj', 'Emaj', 'Emaj', 'F#min7', 'Emaj', 'Cmaj', 'Dmaj', 'Emaj', 'C#min7', 'Dmaj', 'Bmin', 'Emaj', 'C#min7', 'Dmaj', 'Bmin', 'Emaj', 'C#min7', 'Dmaj', 'Bmin', 'Emaj', 'C#min7', 'Dmaj', 'Bmin', 'Emaj', 'Emaj', 'F#min7', 'Emaj', 'Cmaj', 'Dmaj', 'Emaj', 'Emaj', 'F#min7', 'Emaj', 'Cmaj', 'Dmaj', 'Emaj', 'Emaj', 'F#min7', 'Emaj', 'Cmaj', 'Dmaj', 'Emaj', 'Emaj', 'F#min7', 'Emaj', 'Cmaj', 'Dmaj', 'Emaj', 'C#min7', 'Dmaj', 'Bmin', 'Emaj', 'C#min7', 'Dmaj', 'Bmin', 'Emaj', 'C#min7', 'Dmaj', 'Bmin', 'Emaj', 'C#min7', 'Dmaj', 'Bmin', 'Emaj', 'Emaj', 'F#min7', 'Emaj', 'Cmaj', 'Dmaj', 'Emaj', 'Emaj', 'F#min7', 'Emaj', 'Cmaj', 'Dmaj', 'Emaj', 'Emaj', 'F#min7', 'Emaj', 'Cmaj', 'Dmaj', 'Emaj', 'Emaj', 'F#min7', 'Emaj', 'Cmaj', 'Dmaj', 'Emaj', 'Emaj', 'F#min7', 'Emaj', 'Cmaj', 'Dmaj', 'Emaj', 'Emaj', 'F#min7', 'Emaj', 'Cmaj', 'Dmaj', 'Emaj', 'Emaj', 'F#min7', 'Emaj', 'Cmaj', 'Dmaj', 'Emaj', 'Emaj', 'F#min7', 'Emaj', 'Cmaj', 'Dmaj', 'Emaj', 'Emaj', 'F#min7', 'Emaj', 'Cmaj', 'Dmaj', 'Emaj', 'Emaj', 'F#min7', 'Emaj', 'Cmaj', 'Dmaj', 'Emaj', 'Emaj', 'F#min7', 'Emaj', 'Cmaj']"
1239,"['Cmaj', 'Cmaj', 'Cmaj', 'Cmaj', 'Cmaj', 'Cmaj', 'Fmaj', 'Gmaj', 'Cmaj', 'Cmaj', 'G7', 'G7', 'Emaj', 'Emaj', 'Amin', 'Amin', 'Fmaj', 'Gmaj', 'Cmaj', 'Cmaj', 'Cmaj', 'Cmaj', 'Fmaj', 'Gmaj', 'Cmaj', 'Cmaj', 'G7', 'G7', 'Emaj', 'Emaj', 'Amin', 'Amin', 'Fmaj', 'Gmaj', 'Cmaj', 'Cmaj', 'Fmaj', 'Fmaj', 'Emin', 'Emin', 'Fmaj', 'Fmaj', 'Cmaj', 'Cmaj', 'Fmaj', 'Fmaj', 'Emin', 'Emin', 'Amin', 'D7', 'Fmaj', 'Gmaj', 'Cmaj', 'Cmaj', 'Fmaj', 'Gmaj', 'Cmaj', 'Cmaj', 'G7', 'G7', 'Emaj', 'Emaj', 'Amin', 'Amin', 'Fmaj', 'Gmaj', 'Cmaj', 'Cmaj', 'Cmaj', 'Cmaj', 'Fmaj', 'Gmaj', 'Cmaj', 'Cmaj', 'G7', 'G7', 'Emaj', 'Emaj', 'Amin', 'Amin', 'Fmaj', 'Gmaj', 'Cmaj', 'Cmaj', 'Fmaj', 'Gmaj', 'Cmaj', 'Cmaj', 'Fmaj', 'Gmaj', 'Cmaj', 'Cmaj']"
1240,"['Bb5', 'Bb5', 'Bb5', 'Bb5', 'Bbmaj', 'Abmaj', 'Ebmaj', 'Abmaj', 'Bbmaj', 'Abmaj', 'Ebmaj', 'Ebmaj', 'Bbmaj', 'Bbmaj', 'Bbmaj', 'Bbmaj', 'Bbmaj', 'Bbmaj', 'Bbmaj', 'Fmaj', 'Fmaj', 'Bbmaj', 'Bbmaj', 'Bbmaj', 'Bbmaj', 'Bbmaj', 'Bbmaj', 'Bbmaj', 'Fmaj', 'F', 'F', 'F', 'Bbmaj', 'Bbmaj', 'Dmin7', 'Dmin7', 'Dbmin7', 'Cmin7', 'Ebmaj', 'F7', 'F7', 'Bbmaj', 'Bbmaj', 'Gmin7', 'Gmin7', 'Fmaj', 'Ebmaj', 'Ebmaj', 'Fmaj', 'Fmaj', 'Abmaj', 'Ebmaj', 'Bbmaj', 'Abmaj', 'Ebmaj', 'Bbmaj', 'Abmaj', 'Ebmaj', 'Fsus4', 'Fsus4', 'Bbmaj', 'Bbmaj', 'Bbmaj', 'Bbmaj', 'Bbmaj', 'Bbmaj', 'Bbmaj', 'Fmaj', 'F', 'F', 'F', 'Bbmaj', 'Bbmaj', 'Dmin7', 'Dmin7', 'Dbmin7', 'Cmin7', 'Ebmaj', 'F7', 'F7', 'Bbmaj', 'Bbmaj', 'Gmin7', 'Gmin7', 'Fmaj', 'Ebmaj', 'Ebmaj', 'Fmaj', 'Fmaj', 'Abmaj', 'Ebmaj', 'Bbmaj', 'Abmaj', 'Ebmaj', 'Bbmaj', 'Abmaj', 'Ebmaj', 'Fsus4', 'Fsus4', 'Bbmaj', 'Bbmaj', 'Bbmaj', 'Bbmaj', 'Bbmaj', 'Bbmaj', 'Gmin7', 'Fmaj', 'Fmaj', 'Bbmaj', 'Bbmaj', 'Bbmaj', 'Bbmaj', 'Bbmaj', 'Bbmaj', 'Gmin7', 'Fmaj', 'Fmaj', 'Bbmaj', 'Bbmaj', 'Bbmaj', 'Bbmaj', 'Bbmaj', 'Bbmaj', 'Gmin7', 'Fmaj', 'Fmaj', 'Bbmaj', 'Bbmaj', 'Bbmaj', 'Bbmaj', 'Bbmaj', 'Bbmaj', 'Gmin7', 'Fmaj', 'Fmaj', 'Bbmaj', 'Bbmaj', 'Bbmaj', 'Bbmaj', 'Bbmaj', 'Bbmaj', 'Gmin7', 'Fmaj', 'Fmaj']"
1242,"['Ebmaj', 'Abmaj', 'Ebmaj', 'Abmaj', 'Ebmaj7', 'Abmaj', 'Ebmaj7', 'Bbaug', 'Ebmaj7', 'Abmaj', 'Eb7', 'Eb7', 'Abmaj7', 'Bbmaj', 'Gmin7', 'Cmin', 'Abmaj7', 'Bbmaj', 'Gmin7', 'G7', 'Cmin', 'F', 'F', 'Ebmaj', 'Abmaj', 'Ebmaj', 'Abmaj', 'Ebmaj', 'Abmaj', 'F', 'Bbmaj', 'Ebmaj7', 'Abmaj', 'Ebmaj7', 'Bbaug', 'Ebmaj7', 'Abmaj', 'Eb7', 'Eb7', 'Abmaj7', 'Bbmaj', 'Gmin7', 'Cmin', 'Abmaj7', 'Bbmaj', 'Gmin7', 'G7', 'Cmin', 'F', 'Ebmaj', 'Abmaj', 'Ebmaj', 'Abmaj', 'Fmaj', 'Bbmaj', 'G', 'Bbmaj7', 'Fmaj', 'Gmin7', 'Csus4', 'Fmaj', 'Bbmaj', 'Fmaj', 'Caug', 'Fmaj', 'Bbmaj', 'F7', 'F7', 'Bbmaj7', 'Cmaj', 'Amin7', 'Dmin', 'Bbmaj7', 'Cmaj', 'Amin7', 'A7', 'Dmin', 'G', 'Fmaj', 'Bbmaj', 'Fmaj', 'Bbmaj', 'Fmaj', 'Bbmaj', 'G', 'Bbmaj7', 'Fmaj', 'Gmin7', 'Csus4', 'Csus4', 'Fmaj']"
1244,"['Bmin', 'Bmin', 'Bmin', 'Gmaj', 'Gmaj', 'Gmaj', 'Emaj', 'Emaj', 'Amaj', 'A7', 'A', 'Amaj', 'Amaj', 'Amaj', 'C#min', 'C#min', 'F#min', 'F#min', 'Dmaj', 'Gmaj', 'Amaj', 'Amaj', 'Amaj', 'C#min', 'C#min', 'F#maj', 'F#maj', 'Dmaj', 'Gmaj', 'Amaj', 'Bmin', 'Bmin', 'Bmin', 'Bmin', 'Bmin', 'Gmaj', 'Gmaj', 'Gmaj', 'Gmaj', 'Gmaj', 'Emaj', 'Emaj', 'Emaj', 'Emaj', 'A7', 'A7', 'Amaj', 'Amaj', 'Amaj', 'Amaj', 'C#min', 'C#min', 'F#min', 'F#min', 'Dmaj', 'Gmaj', 'Amaj', 'Amaj', 'Amaj', 'C#min', 'C#min', 'F#min', 'F#min', 'Dmaj', 'Gmaj', 'Amaj', 'Bmin', 'Bmin', 'Bmin', 'Bmin', 'Bmin', 'Gmaj', 'Gmaj', 'Gmaj', 'Gmaj', 'Gmaj', 'Emaj', 'Emaj', 'Emaj', 'Emaj', 'A7', 'A7', 'Amaj', 'Amaj', 'Amaj', 'Amaj', 'C#min', 'C#min', 'F#min', 'F#min', 'Dmaj', 'Gmaj', 'Amaj', 'Amaj', 'Amaj', 'C#min', 'C#min', 'F#min', 'F#min', 'Dmaj', 'Gmaj', 'Amaj', 'Bmin', 'Bmin', 'Bmin', 'Bmin', 'Bmin', 'Gmaj', 'Gmaj', 'Gmaj', 'Gmaj', 'Gmaj', 'Emaj', 'Emaj', 'Emaj', 'Emaj', 'A7', 'A7', 'F#min', 'F#min', 'A', 'A']"
1245,"['Dbmaj', 'Dbmaj', 'Abmaj', 'Fmin', 'Bbmin', 'Eb7', 'Abmaj', 'Ebmaj', 'Abmaj', 'Abmaj', 'Eb7', 'Eb7', 'Eb7', 'Eb7', 'Abmaj', 'Abmaj', 'Abmaj', 'Abmaj', 'Dbmaj', 'Dbmaj', 'Eb7', 'Eb7', 'Abmaj', 'Abmaj', 'Dbmaj', 'Dbmaj', 'Abmaj', 'Abmaj', 'Bbmin', 'Eb7', 'Abmaj', 'Ab7', 'Dbmaj', 'Dbmaj', 'Ebmaj', 'Abmaj', 'Fmin', 'Bbmin', 'Eb7', 'Abmaj', 'E7', 'Amaj', 'Amaj', 'E7', 'E7', 'E7', 'E7', 'Amaj', 'Amaj', 'Amaj', 'Amaj', 'Dmaj', 'Dmaj', 'E7', 'E7', 'Amaj', 'Amaj', 'Dmaj', 'Dmaj', 'Amaj', 'Amaj', 'Bmin', 'E7', 'Amaj', 'A7', 'Dmaj', 'Dmaj', 'Emaj', 'Amaj', 'F#min', 'Bmin', 'Bmin', 'E7', 'Amaj', 'Amaj', 'Amaj']"
1246,"['Cmaj', 'Cmaj', 'Emin', 'Emin', 'Cmaj', 'Cmaj', 'Emin', 'Emin', 'Cmaj', 'Cmaj', 'Emin', 'Emin', 'Cmaj', 'Cmaj', 'Dmaj', 'Dmaj', 'Cmaj', 'Cmaj', 'Gmaj', 'Dmaj', 'Emaj', 'Gmaj', 'Dmaj', 'Emaj', 'Gmaj', 'Dmaj', 'Amaj', 'Gmaj', 'Dmaj', 'B7', 'Dmaj', 'Dmaj', 'Amaj', 'Emaj', 'Emaj', 'Dmaj', 'Cmaj', 'Cmaj', 'Emin', 'Emin', 'Cmaj', 'Cmaj', 'Dmaj', 'Dmaj', 'Cmaj', 'Cmaj', 'Gmaj', 'Dmaj', 'Emaj', 'Gmaj', 'Dmaj', 'Emaj', 'Gmaj', 'Dmaj', 'Amaj', 'Gmaj', 'Dmaj', 'B7', 'Dmaj', 'Dmaj', 'Amaj', 'Emaj', 'Emaj', 'Amaj', 'Emaj', 'Emaj', 'Cmaj', 'Cmaj', 'Emin', 'Emin', 'Cmaj', 'Cmaj', 'Dmaj', 'Dmaj', 'Cmaj', 'Cmaj', 'Gmaj', 'Dmaj', 'Emaj', 'Gmaj', 'Dmaj', 'Emaj', 'Gmaj', 'Dmaj', 'Amaj', 'Gmaj', 'Dmaj', 'B7', 'Dmaj', 'Dmaj', 'Amaj', 'Emaj', 'Gmaj', 'Dmaj', 'Emaj', 'Gmaj', 'Dmaj', 'Amaj', 'Gmaj', 'Dmaj', 'B7', 'Dmaj', 'Dmaj', 'Amaj', 'Emaj', 'Emaj', 'Amaj', 'Emaj', 'Emaj', 'Amaj', 'Emaj', 'Emaj', 'Amaj', 'Emaj', 'Emaj', 'Amaj', 'Emaj', 'Emaj', 'Amaj', 'Emaj', 'Emaj', 'Amaj', 'Emaj', 'Emaj', 'Amaj', 'Emaj', 'Emaj', 'Amaj', 'Emaj', 'Emaj', 'Amaj', 'Emaj']"
1247,"['F7', 'F7', 'C7', 'C7', 'D7', 'D7', 'G7', 'G7', 'C7', 'C7', 'C7', 'C7', 'F7', 'F7', 'C7', 'C7', 'G7', 'F7', 'C7', 'C7', 'C7', 'C7', 'C7', 'C7', 'F7', 'F7', 'C7', 'C7', 'G7', 'F7', 'C7', 'C7', 'F7', 'F7', 'C7', 'C7', 'D7', 'D7', 'G7', 'G7', 'C7', 'C7', 'C7', 'C7', 'F7', 'F7', 'C7', 'C7', 'G7', 'F7', 'C7', 'C7', 'F7', 'F7', 'C7', 'C7', 'D7', 'D7', 'G7', 'G7', 'C7', 'C7', 'C7', 'C7', 'F7', 'F7', 'C7', 'C7', 'G7', 'F7', 'C7', 'C7']"
1248,"['Gmaj', 'Cmaj', 'Gmaj', 'Amin7', 'Dmaj', 'Gmaj', 'Cmaj', 'Gmaj', 'D', 'Gmaj', 'Cmaj', 'Gmaj', 'Cmaj', 'Gmaj', 'Cmaj', 'Gmaj', 'Fmaj', 'Emin', 'Dmin', 'Cmaj', 'Dmaj', 'Cmaj', 'Dmaj', 'Gmaj', 'Cmaj', 'Gmaj', 'Cmaj', 'Dmaj', 'Cmaj', 'Dmaj', 'Gmaj', 'F#maj', 'Fmaj', 'E7', 'A7', 'D7', 'Gmaj', 'Cmaj', 'Gmaj', 'D7', 'Gmaj', 'Cmaj', 'Gmaj', 'Cmaj', 'Gmaj', 'Cmaj', 'Gmaj', 'Fmaj', 'Emin', 'Dmin', 'Cmaj', 'Dmaj', 'Cmaj', 'Dmaj', 'Gmaj', 'Cmaj', 'Gmaj', 'Cmaj', 'Dmaj', 'Cmaj', 'Dmaj', 'Gmaj', 'F#maj', 'Fmaj', 'E7', 'A7', 'D7', 'Gmaj', 'Cmaj', 'Gmaj', 'Cmaj', 'Dmaj', 'Gmaj', 'Emin', 'Cmaj', 'Dmaj', 'Gmaj', 'Cmaj', 'Dmaj', 'Gmaj', 'Emin', 'A7', 'D7', 'Gmaj', 'Cmaj', 'Gmaj', 'Cmaj', 'Gmaj', 'Cmaj', 'Gmaj', 'Fmaj', 'Emin', 'Dmin', 'Cmaj', 'Dmaj', 'Cmaj', 'Dmaj', 'Gmaj', 'Cmaj', 'Gmaj', 'Cmaj', 'Dmaj', 'Cmaj', 'Dmaj', 'Gmaj', 'F#maj', 'Fmaj', 'E7', 'A7', 'D7', 'Gmaj', 'Cmaj', 'Gmaj', 'Gmaj', 'Cmaj', 'Gmaj', 'Amin7', 'Dmaj', 'Gmaj', 'Gmaj']"
1249,"['A5', 'Bmaj', 'E5', 'Bmaj', 'Emaj', 'Bmaj', 'A5', 'Bmaj', 'E5', 'Bmaj', 'Emaj', 'Bmaj', 'A5', 'Bmaj', 'E5', 'Bmaj', 'Emaj', 'B', 'B', 'Bmaj', 'Bmaj', 'Amaj', 'Amaj', 'Emaj', 'Emaj', 'Bmaj', 'Bmaj', 'Bmaj', 'Bmaj', 'Amaj', 'Amaj', 'Emaj', 'Emaj', 'Bmaj', 'Bmaj', 'Bmaj', 'Bmaj', 'B7', 'Amaj', 'Amaj', 'A7', 'Emaj', 'Emaj', 'E7', 'Bmaj', 'Bmaj', 'B7', 'Bmaj', 'Bmaj', 'Amaj', 'Amaj', 'Emaj', 'Emaj', 'Bmaj', 'Bmaj', 'Bmaj', 'Bmaj', 'B7', 'Amaj', 'Amaj', 'A7', 'Emaj', 'Emaj', 'E7', 'Bmaj', 'Bmaj', 'B7', 'Bmaj', 'E5', 'Bmaj', 'Emaj', 'Bmaj', 'A5', 'Bmaj', 'E5', 'Bmaj', 'Emaj', 'B', 'B', 'Bmaj', 'Bmaj', 'Amaj', 'Amaj', 'Emaj', 'Emaj', 'Bmaj', 'Bmaj', 'Bmaj', 'Bmaj', 'Amaj', 'Amaj', 'Emaj', 'Emaj', 'Bmaj', 'Bmaj', 'Bmaj', 'Bmaj', 'Amaj', 'Amaj', 'Emaj', 'Emaj', 'Bmaj', 'Bmaj', 'Bmaj', 'Bmaj', 'Amaj', 'Amaj', 'Emaj', 'Emaj', 'Bmaj', 'Bmaj']"
1250,"['Fmaj', 'Cmaj', 'Amin7', 'Fmaj7', 'G7', 'Fmaj7', 'Cmaj', 'Cmaj', 'Gmaj', 'Fmaj', 'Cmaj', 'Amin7', 'Fmaj7', 'G7', 'Fmaj7', 'Cmaj', 'Cmaj', 'Gmaj', 'Dmin', 'Amaj', 'Amaj', 'Dmin9', 'Emin7', 'Dmin9', 'Emin7', 'Csus4', 'C7', 'Fmaj9', 'D', 'C7', 'Csus4', 'Fmaj9', 'D', 'C7', 'Csus4', 'Dsus4', 'D7', 'Gsus4', 'G7', 'Fmaj', 'Cmaj', 'Amin7', 'Fmaj7', 'G7', 'Fmaj7', 'Cmaj', 'Cmaj', 'Gmaj', 'Fmaj', 'Cmaj', 'Amin7', 'Fmaj7', 'G7', 'Fmaj7', 'Cmaj', 'Cmaj', 'Gmaj', 'Dmin', 'Amaj', 'Amaj', 'Dmin9', 'Emin7', 'Dmin9', 'Emin7', 'Csus4', 'C7', 'Fmaj9', 'D', 'C7', 'Csus4', 'Fmaj9', 'D', 'C7', 'Csus4', 'Dsus4', 'D7', 'Gsus4', 'G7', 'Fmaj', 'Cmaj', 'Amin7', 'Fmaj7', 'G7', 'Fmaj7', 'Cmaj', 'Cmaj', 'Gmaj', 'Fmaj', 'Cmaj', 'Amin7', 'Fmaj7', 'G7', 'Fmaj7', 'Cmaj', 'Cmaj', 'Gmaj', 'Dmin', 'Amaj', 'Amaj', 'Dmin9', 'Emin7', 'Dmin9', 'Emin7', 'Csus4', 'C7', 'Fmaj9', 'D', 'C7', 'Csus4', 'Fmaj9', 'D', 'C7', 'Csus4', 'Dsus4', 'D7', 'Gsus4', 'G7', 'Fmaj', 'Cmaj', 'Amin7', 'Fmaj7', 'G7', 'Fmaj7', 'Cmaj', 'Cmaj', 'Gmaj', 'Fmaj', 'Cmaj', 'Amin7', 'Fmaj7', 'G7', 'Fmaj7', 'Cmaj', 'Cmaj', 'Gmaj', 'Fmaj', 'Cmaj', 'Amin7', 'Fmaj7', 'G7', 'Fmaj7', 'Cmaj', 'Cmaj', 'Gmaj', 'Fmaj', 'Cmaj', 'Amin7', 'Fmaj7', 'G7', 'Fmaj7', 'Cmaj', 'Cmaj', 'Gmaj', 'Fmaj', 'Cmaj', 'Amin7', 'Fmaj7', 'G7', 'Fmaj7', 'Cmaj', 'Cmaj', 'Gmaj', 'Fmaj', 'Cmaj', 'Amin7', 'Fmaj7', 'G7', 'Fmaj7', 'Cmaj', 'Cmaj', 'Gmaj']"
1253,"['Bbmaj7', 'Gmin7', 'Cmaj', 'Fmaj', 'Gmin', 'Edim', 'A7', 'A7', 'Bbmaj7', 'Gmin7', 'Cmaj', 'Fmaj', 'Gmin', 'Cmaj', 'Fmaj', 'Fmaj', 'Fmaj', 'Fmaj', 'Fmaj', 'Fmaj', 'Fmaj', 'Fmaj', 'Cmaj', 'Cmaj', 'Dmin', 'Dmin', 'Dmin', 'Dmin', 'Dmin', 'Dmin', 'A7', 'A7', 'Bbmaj7', 'Gmin7', 'Cmaj', 'Fmaj', 'Gmin', 'Edim', 'A7', 'A7', 'Bbmaj7', 'Gmin7', 'Cmaj', 'Fmaj', 'Gmin', 'Cmaj', 'Fmaj', 'Fmaj', 'Fmaj', 'Faug', 'F', 'F', 'Fmaj', 'F', 'Gmin', 'Cmaj', 'Dmin', 'D', 'Dmin7', 'Dmin', 'Dmin7', 'G7', 'G7', 'C7', 'C7', 'Bbmaj7', 'Gmin7', 'Cmaj', 'Fmaj', 'Gmin', 'Edim', 'A7', 'A7', 'Bbmaj7', 'Gmin7', 'Cmaj', 'Fmaj', 'Gmin', 'Cmaj', 'Fmaj', 'Bbmaj', 'Amin', 'Bbmaj', 'Cmaj', 'C7', 'Fmaj']"
1256,"['C', 'Cmin7', 'Cmin', 'Bb5', 'Bb5', 'C5', 'Cmaj', 'Cmaj', 'Csus4', 'Csus4', 'Csus4', 'Fmin7', 'Fmin7', 'Gsus4', 'Gsus4', 'Gsus4', 'Gsus4', 'Bbmaj', 'Cmaj', 'Csus4', 'Cmaj', 'Bbmaj', 'Cmaj', 'Bbmaj', 'Fsus4', 'Bbmaj', 'Cmaj', 'Csus4', 'Cmaj', 'Bbmaj', 'Cmaj', 'Bbmaj', 'Fsus4', 'Bbmaj', 'Cmaj', 'Csus4', 'Cmaj', 'Bbmaj7', 'Bbmaj', 'Cmaj', 'C7', 'Bbmaj', 'Fmaj', 'Dmin', 'Bbmaj', 'Cmaj', 'Ebmaj', 'Cmin', 'Bbmaj', 'Fmaj', 'Fmaj', 'Gmaj', 'Gmaj', 'Bbmaj', 'Cmaj', 'Csus4', 'Cmaj', 'Bbmaj', 'Cmaj', 'Bbmaj', 'Fsus4', 'Bbmaj', 'Cmaj', 'Csus4', 'Cmaj', 'Bbmaj7', 'Bbmaj', 'Cmaj', 'C7', 'Bbmaj', 'Fmaj', 'Dmin', 'Bbmaj', 'Cmaj', 'Ebmaj', 'Cmin', 'Bbmaj', 'Fmaj', 'Fmaj', 'Gmaj', 'Gmaj', 'Amin', 'Amin', 'Amin', 'Amin', 'Amin', 'Amin', 'Emin', 'Amin', 'Gmaj', 'Gmaj', 'Bmin', 'Gmaj', 'A5', 'Emaj', 'Emaj', 'Emaj', 'Emaj', 'Bbmaj', 'Cmaj', 'Csus4', 'Cmaj', 'Bbmaj', 'Cmaj', 'Bbmaj', 'Fsus4', 'Bbmaj', 'Cmaj', 'Csus4', 'Cmaj', 'Bbmaj7', 'Bbmaj', 'Cmaj', 'C7', 'Bbmaj', 'Fmaj', 'Dmin', 'Bbmaj', 'Cmaj', 'Ebmaj', 'Cmin', 'Bbmaj', 'Fmaj', 'Fmaj', 'Gmaj', 'Gmaj', 'Cmin7', 'Cmin', 'Cmin', 'Fmin7', 'Fmin7', 'Cmin', 'Cmin', 'G7', 'G7', 'Fmin7', 'Fmin7', 'Cmin7', 'Cmin7', 'Fmin7', 'Fmin7', 'Cmin', 'Cmin', 'G7', 'G7', 'Fmin7', 'Fmin7', 'Cmin9', 'Cmin9', 'F', 'F', 'Csus4', 'Csus4', 'Csus4', 'Csus4', 'Fmin7', 'Fmin7', 'Gsus4', 'Gsus4', 'Gsus4', 'Gsus4', 'Bbmaj', 'Cmaj']"
1257,"['Dmaj7', 'C#min7', 'Bmin7', 'Amaj7', 'Dmaj7', 'C#min7', 'Bmin7', 'Amaj7', 'Dmaj7', 'C#min7', 'Bmin7', 'Amaj7', 'Dmaj7', 'C#min7', 'Bmin7', 'Amaj7', 'Dmaj7', 'C#min7', 'Bmin7', 'Amaj7', 'Dmaj7', 'C#min7', 'Bmin7', 'Amaj7', 'Dmaj7', 'C#min7', 'Bmin7', 'Amaj7', 'Dmaj7', 'C#min7', 'Bmin7', 'Amaj7', 'Bmin7', 'C#min7', 'Bmin7', 'Esus4', 'Amaj9', 'Bmin7', 'C#min7', 'Bmin7', 'C#min7', 'Dmaj', 'Emaj', 'Dmaj7', 'C#min7', 'Bmin7', 'Amaj7', 'Dmaj7', 'C#min7', 'Bmin7', 'Amaj7', 'Dmaj7', 'C#min7', 'Bmin7', 'Amaj7', 'Dmaj7', 'C#min7', 'Bmin7', 'Amaj7', 'Dmaj7', 'C#min7', 'Bmin7', 'Amaj7', 'Dmaj7', 'C#min7', 'Bmin7', 'Amaj7', 'Bmin7', 'C#min7', 'Bmin7', 'Esus4', 'Amaj9', 'Bmin7', 'C#min7', 'Bmin7', 'C#min7', 'Dmaj', 'Emaj', 'Dmaj7', 'C#min7', 'Bmin7', 'Amaj7', 'Dmaj7', 'C#min7', 'Bmin7', 'Amaj7', 'Dmaj7', 'C#min7', 'Bmin7', 'Amaj7', 'Dmaj7', 'C#min7', 'Bmin7', 'Amaj7', 'Dmaj7', 'C#min7', 'Bmin7', 'Amaj7', 'Dmaj7', 'C#min7', 'Bmin7', 'Amaj7', 'Dmaj7', 'C#min7', 'Bmin7', 'Amaj7', 'Dmaj7', 'C#min7', 'Bmin7', 'Amaj7']"
1258,"['Ebmin', 'Ebmin', 'Ebmin', 'Abmin', 'Dbmaj', 'Ebmin', 'Abmin', 'Dbmaj', 'Dbmaj', 'Ebmin', 'Ebmin', 'Ebmin', 'Abmin', 'Dbmaj', 'Ebmin', 'Abmin', 'Dbmaj', 'Dbmaj', 'Ebmin', 'Ebmin', 'Abmin', 'Bbmin', 'Ebmin', 'Cbmaj', 'Bbmin', 'Ebsus4', 'Ebmaj', 'Abmin', 'Bbmin', 'Ebmin', 'Cbmaj', 'Bbmin', 'Ebsus4', 'Ebmaj', 'Ebmin', 'Abmin', 'Dbmaj', 'Ebmin', 'Abmin', 'Dbmaj', 'Dbmaj', 'Ebmin', 'Ebmin', 'Ebmin', 'Abmin', 'Dbmaj', 'Ebmin', 'Abmin', 'Dbmaj', 'Dbmaj', 'Ebmin', 'Ebmin', 'Abmin', 'Bbmin', 'Ebmin', 'Cbmaj', 'Bbmin', 'Ebsus4', 'Ebmaj', 'Abmin', 'Bbmin', 'Ebmin', 'Cbmaj', 'Bbmin', 'Ebsus4', 'Ebmaj', 'Cbmaj', 'Db7', 'Gbmaj', 'Dbmaj', 'Ebmin', 'Ebmin', 'Cbmaj', 'Db7', 'Gbmaj', 'Dbmaj', 'Ebmin', 'Ebmin', 'Cbmaj', 'Db7', 'Gbmaj', 'Dbmaj', 'Ebmin', 'Ebmin', 'Cbmaj', 'Bbmin', 'Abmin', 'Dbsus4', 'Ebmin', 'Abmaj', 'Dbmaj', 'Ebmin']"
1260,"['D5', 'Emaj', 'E', 'Gmaj', 'Dmaj', 'A5', 'D5', 'Emaj', 'E', 'Gmaj', 'Dmaj', 'A5', 'D5', 'Emaj', 'E', 'Gmaj', 'Dmaj', 'A5', 'D5', 'Emaj', 'E', 'Gmaj', 'Dmaj', 'A5', 'Gmaj', 'Gmaj', 'Gmaj', 'Gmaj', 'Dmaj', 'Emin', 'Dmaj', 'Dmaj', 'Emaj', 'E', 'Gmaj', 'Dmaj', 'Emin', 'Dmaj', 'Emaj', 'E', 'Gmaj', 'Dmaj', 'Emin', 'D', 'Dmaj', 'Emaj', 'E', 'Gmaj', 'Dmaj', 'Emin', 'Dmaj', 'Emaj', 'E', 'Gmaj', 'Dmaj', 'Emin', 'Gmaj', 'Gmaj', 'Gmaj', 'Gmaj', 'Dmaj', 'Emin', 'Dmaj', 'D5', 'D5', 'D5', 'D5', 'D5', 'D5', 'D5', 'D5', 'D5', 'D5', 'Gmaj', 'Gmaj', 'Gmaj', 'Gmaj', 'Dmaj', 'Emin', 'Dmaj', 'Dmaj', 'Emaj', 'E', 'Gmaj', 'Dmaj', 'Emin', 'Dmaj', 'Emaj', 'E', 'Gmaj', 'Dmaj', 'Emin', 'Dmaj', 'Emaj', 'E', 'Gmaj', 'Dmaj', 'Emin', 'Dmaj', 'Emaj', 'E', 'Gmaj', 'Dmaj', 'Emin', 'Dmaj', 'Emaj', 'E', 'Gmaj', 'Dmaj', 'Emin', 'Dmaj', 'Emaj', 'E', 'Gmaj', 'Dmaj', 'Emin', 'D']"
1261,"['Emin', 'Emin', 'Emin', 'Emin', 'Emin', 'Emin', 'Amin', 'Emin', 'Gmaj', 'Gmaj', 'Gmaj', 'Gmaj', 'Gmaj', 'Gmaj', 'Emin', 'Emin', 'Emin', 'Emin', 'Emin', 'Emin', 'Gmaj', 'Gmaj', 'Gmaj', 'Gmaj', 'Gmaj', 'Gmaj', 'Emin', 'Emin', 'Emin', 'Emin', 'C', 'C', 'C', 'C', 'Gmaj', 'Gmaj', 'Gmaj', 'Gmaj', 'C', 'C', 'C', 'C', 'Gmaj', 'Gmaj', 'Gmaj', 'Gmaj', 'Emin', 'Emin', 'Emin', 'Emin', 'Emin', 'Emin', 'Emin', 'Emin', 'Gmaj', 'Gmaj', 'Gmaj', 'Gmaj', 'Gmaj', 'Gmaj', 'Emin', 'Emin', 'Emin', 'Emin', 'Gmaj', 'Gmaj', 'Gmaj', 'Gmaj', 'Gmaj', 'Gmaj', 'Emin', 'Emin', 'C', 'C', 'C', 'C', 'Gmaj', 'Gmaj', 'Gmaj', 'Gmaj', 'C', 'C', 'C', 'C', 'Gmaj', 'Gmaj', 'Gmaj', 'Gmaj', 'Emin', 'Emin', 'Emin', 'Emin', 'Emin', 'Emin']"
1263,"['E7', 'E7', 'E7', 'E7', 'E7', 'E7', 'A7', 'A7', 'E7', 'E7', 'B7', 'B7', 'B7', 'B7', 'E7', 'E7', 'B7', 'E7', 'E7', 'E7', 'E7', 'A7', 'A7', 'E7', 'E7', 'B7', 'B7', 'B7', 'B7', 'E7', 'E7', 'B7', 'E7', 'E7', 'E7', 'E7', 'A7', 'A7', 'E7', 'E7', 'B7', 'B7', 'B7', 'B7', 'E7', 'E7', 'B7', 'E7', 'E7', 'E7', 'E7', 'A7', 'A7', 'E7', 'E7', 'B7', 'B7', 'B7', 'B7', 'E7', 'E7', 'B7', 'E7', 'E7', 'E7', 'E7', 'A7', 'A7', 'E7', 'E7']"
1265,"['Dmaj', 'Dmaj', 'Dmaj', 'Dmaj', 'Dmaj', 'Dmaj', 'Dmaj', 'Cmaj', 'Gmaj', 'Dmaj', 'Dmaj', 'Cmaj', 'Gmaj', 'Dmaj', 'Dmaj', 'Dmaj', 'Cmaj', 'Gmaj', 'Dmaj', 'Dmaj', 'Cmaj', 'Gmaj', 'Dmaj', 'Dmaj', 'Cmaj', 'Gmaj', 'Dmaj', 'Cmaj', 'Dmaj', 'Cmaj', 'Dmaj', 'Dmaj', 'Cmaj', 'Gmaj', 'Dmaj', 'Dmaj', 'Cmaj', 'Gmaj', 'Dmaj', 'Dmaj', 'Cmaj', 'Gmaj', 'Dmaj', 'Dmaj', 'Cmaj', 'Gmaj', 'Dmaj', 'Dmaj', 'Dmaj', 'Cmaj', 'Gmaj', 'Dmaj', 'Dmaj', 'Cmaj', 'Gmaj', 'Dmaj', 'Dmaj', 'Cmaj', 'Gmaj', 'Dmaj', 'Cmaj', 'Gmaj', 'Dmaj', 'Dmaj', 'Cmaj', 'Gmaj', 'Dmaj', 'Dmaj', 'Cmaj', 'Gmaj', 'Dmaj', 'Dmaj', 'Cmaj', 'Gmaj', 'Dmaj', 'Dmaj', 'Dmaj', 'Dmaj', 'Dmaj', 'Cmaj', 'Gmaj', 'Dmaj', 'Dmaj', 'Cmaj', 'Gmaj', 'Dmaj']"
1266,"['Gmaj', 'Gmaj', 'Gmaj', 'Gmaj', 'Gmaj', 'Gmaj', 'Cmaj', 'Csus4', 'Cmaj', 'Gmaj', 'Amaj', 'Dmaj', 'Dsus4', 'Dmaj', 'Gmaj', 'Gmaj', 'Cmaj', 'Csus4', 'Cmaj', 'Gmaj', 'Dmaj', 'Gmaj', 'Gmaj', 'Gmaj', 'Dmaj', 'Gmaj', 'Gmaj', 'Gmaj', 'Dmaj', 'Gmaj', 'Gmaj', 'Gmaj', 'Gmaj', 'Cmaj', 'Csus4', 'Cmaj', 'Gmaj', 'Amaj', 'Dmaj', 'Dsus4', 'Dmaj', 'Gmaj', 'Gmaj', 'Cmaj', 'Csus4', 'Cmaj', 'Gmaj', 'Dmaj', 'Gmaj', 'Gmaj', 'Gmaj', 'Dmaj', 'Gmaj', 'Gmaj', 'Gmaj', 'Dmaj', 'Gmaj', 'Gmaj', 'Gmaj', 'Gmaj', 'Cmaj', 'Csus4', 'Cmaj', 'Gmaj', 'Amaj', 'Dmaj', 'Dsus4', 'Dmaj', 'Gmaj', 'Gmaj', 'Cmaj', 'Csus4', 'Cmaj', 'Gmaj', 'Dmaj', 'Gmaj', 'Gmaj', 'Gmaj', 'Dmaj', 'Gmaj', 'Gmaj', 'Gmaj', 'Dmaj', 'Gmaj', 'Gmaj', 'Gmaj', 'Dmaj', 'Gmaj', 'Gmaj', 'Gmaj', 'Dmaj', 'Gmaj', 'Gmaj', 'Gmaj', 'Gmaj', 'Gmaj', 'Gmaj']"
1267,"['Fmaj', 'Gmaj', 'Amaj', 'Fmaj', 'Cmaj', 'Gmaj', 'Amaj', 'E7', 'E7', 'A5', 'C5', 'D5', 'A5', 'Fmaj', 'Gmaj', 'Amaj', 'Fmaj', 'Cmaj', 'Gmaj', 'Amaj', 'E7', 'E7', 'A5', 'C5', 'D5', 'A5', 'Fmaj', 'Gmaj', 'Amaj', 'Fmaj', 'Cmaj', 'Gmaj', 'Amaj', 'E7', 'E7', 'A5', 'C5', 'D5', 'A5', 'A5', 'C5', 'D5', 'A5', 'C5', 'D5', 'A5', 'Fmaj', 'Gmaj', 'Amaj', 'Fmaj', 'Cmaj', 'Gmaj', 'Amaj', 'Fmaj', 'Gmaj', 'Amaj', 'Fmaj', 'Cmaj', 'Gmaj', 'Amaj', 'Fmaj', 'Gmaj', 'Amaj', 'Fmaj', 'Cmaj', 'Gmaj', 'Amaj', 'Fmaj', 'Gmaj', 'A5']"
1268,"['G5', 'Bbmaj', 'G5', 'G5', 'Bbmaj', 'G5', 'Gmin7', 'Gmin7', 'Bb7', 'Eb7', 'Dmin', 'G7', 'C7', 'Fmaj', 'C7', 'Fmaj', 'Gmin7', 'Dmin7', 'Gmin7', 'Dmin9', 'Gmin7', 'Gmin7', 'C7', 'Ebmaj', 'Gmin', 'Ebmaj', 'C7', 'G5', 'Bbmaj', 'G5', 'G5', 'Bbmaj', 'G5', 'Gmin7', 'Cmaj', 'Gmin9', 'C7', 'Gmin7', 'C7', 'Gmin7', 'C7', 'Gmin7', 'C7', 'Gmin7', 'C7', 'Gmin7', 'C7', 'Gmin7', 'C7', 'Gmin7', 'Amin7', 'Bbmaj', 'Bdim', 'C', 'C', 'Gsus4', 'Amin7', 'Bb', 'C7', 'Dmin7', 'C', 'Fmaj', 'Gsus4', 'C', 'Gmin7', 'Gmin7', 'Gmin7', 'Gmin7', 'Gmin7', 'Gmin7', 'Gmin7', 'Cmaj', 'Gmin', 'Cmaj', 'Gmin7', 'Cmaj', 'Gmin', 'Cmaj', 'Gmin7', 'Cmaj', 'Gmin', 'Cmaj', 'Gmin7', 'G', 'G', 'G', 'G', 'G', 'Bb', 'G', 'F', 'G', 'Bb', 'G', 'F', 'Gmin7', 'G5', 'Bbmaj', 'G5', 'G5', 'Bbmaj', 'G5', 'Gmin7', 'Gmin7', 'Gmin7', 'Gmin7', 'Bb7', 'Gmin7']"
1269,"['Gmaj', 'Gmaj', 'Dmaj', 'D7', 'Gmaj', 'Gmaj', 'Bmin', 'Bmin', 'Gmaj', 'Gmaj', 'Dmaj', 'Dmaj', 'Gmaj', 'Gmaj', 'Bmin', 'Bmin', 'Emin', 'Emin', 'Dmaj', 'Amaj', 'Emin', 'Emin', 'Bmin', 'Bmin', 'Emin', 'Emin', 'Bmin', 'G7', 'F#7', 'F#7', 'Bmin', 'Bmin', 'Emin', 'Emin', 'Bmin', 'Bmin', 'Emin', 'Emin', 'Bmin', 'Bmin', 'Emin', 'Emin', 'Dmaj', 'Amaj', 'Emin', 'Emin', 'Bmin', 'Bmin', 'Emin', 'Emin', 'Bmin', 'G7', 'F#7', 'F#7', 'Bmin', 'Bmin', 'Dmaj', 'Dmaj', 'Amaj', 'Amaj', 'Emin', 'Emin', 'Emin', 'F#maj', 'Dmaj', 'Dmaj', 'Amaj', 'Amaj', 'Bmin', 'Gmaj', 'Emin7', 'Dmaj', 'Gmaj', 'Amaj', 'Bmin', 'Bmin', 'Emin', 'Emin', 'Bmin', 'Bmin', 'Emin', 'Emin', 'Gmaj', 'Gmaj', 'Amaj', 'Amaj', 'Dmaj', 'Gmaj', 'Dmaj', 'Gmaj', 'Dmaj', 'Dmaj', 'Emin7', 'D7', 'Gmaj', 'Gsus4', 'Gmaj', 'Amaj', 'Asus4', 'Amaj', 'Emin', 'Emin', 'F#7', 'F#7', 'Dmaj', 'Dmaj', 'Amaj', 'Amaj', 'Emin', 'Emin', 'Emin', 'F#maj', 'Dmaj', 'Dmaj', 'Amaj', 'Amaj', 'Bmin', 'Gmaj', 'Emin7', 'Dmaj', 'Gmaj', 'Amaj', 'Bmin', 'Bmin', 'Emin', 'Emin', 'Bmin', 'Bmin', 'Emin', 'Emin', 'Gmaj', 'Gmaj', 'Dmaj', 'Dmaj', 'Gmaj', 'Gmaj', 'Bmin', 'Bmin', 'Gmaj', 'Gmaj', 'Dmaj', 'Dmaj', 'Gmaj', 'Gmaj', 'Bmin', 'Bmin', 'Gmaj', 'Gmaj', 'Dmaj', 'Dmaj', 'Gmaj', 'Gmaj', 'Bmin', 'Bmin', 'Gmaj', 'Gmaj', 'Dmaj', 'Dmaj', 'Gmaj', 'Gmaj', 'Bmin', 'Bmin', 'Gmaj', 'Gmaj', 'Dmaj', 'Dmaj', 'Gmaj', 'Gmaj', 'Bmin', 'Bmin', 'Gmaj', 'Gmaj', 'Dmaj', 'Dmaj', 'Gmaj', 'Gmaj', 'Bmin', 'Bmin']"
1270,"['Dmin', 'Dmin', 'Dmin', 'Dmin', 'Dmin', 'Dmin', 'Bbmaj', 'Cmaj', 'Fmaj', 'Fmaj', 'Dmin', 'Dmin', 'Bbmaj', 'Cmaj', 'Fmaj', 'Fmaj', 'Gmin', 'Gmin', 'Gmin', 'Gmin', 'Cmaj', 'Cmaj', 'Dmin', 'Dmin', 'Gmin', 'Gmin', 'Gmin', 'Gmin', 'Cmaj', 'Cmaj', 'Dmin', 'Dmin', 'Dmin', 'Dmin', 'Bbmaj', 'Cmaj', 'Fmaj', 'Fmaj', 'Dmin', 'Dmin', 'Bbmaj', 'Cmaj', 'Fmaj', 'Fmaj', 'Gmin', 'Gmin', 'Gmin', 'Gmin', 'Cmaj', 'Cmaj', 'Dmin', 'Dmin', 'Gmin', 'Gmin', 'Gmin', 'Gmin', 'Cmaj', 'Cmaj', 'Dmin', 'Dmin', 'Dmin', 'Dmin', 'Bbmaj', 'Cmaj', 'Fmaj', 'Fmaj', 'Dmin', 'Dmin', 'Bbmaj', 'Cmaj', 'Fmaj', 'Fmaj', 'Gmin', 'Gmin', 'Gmin', 'Gmin', 'Cmaj', 'Cmaj', 'Dmin', 'Dmin', 'Gmin', 'Gmin', 'Gmin', 'Gmin', 'Cmaj', 'Cmaj', 'Dmin', 'Dmin', 'Dmin', 'Dmin', 'Fmaj', 'Fmaj', 'Dmin', 'Dmin', 'Fmaj', 'Fmaj', 'Gmin', 'Gmin', 'Gmin', 'Gmin', 'Cmaj', 'Cmaj', 'Dmin', 'Dmin', 'Gmin', 'Gmin', 'Gmin', 'Gmin', 'Cmaj', 'Cmaj', 'Dmin', 'Dmin', 'Dmin', 'Dmin', 'Bbmaj', 'Cmaj', 'Fmaj', 'Fmaj', 'Dmin', 'Dmin', 'Bbmaj', 'Cmaj', 'Fmaj', 'Fmaj', 'Gmin', 'Gmin', 'Gmin', 'Gmin', 'Cmaj', 'Cmaj', 'Dmin', 'Dmin', 'Gmin', 'Gmin', 'Gmin', 'Gmin', 'Cmaj', 'Cmaj', 'Dmin', 'Dmin', 'Dmin', 'Dmin', 'Fmaj', 'Fmaj', 'Dmin', 'Dmin', 'Fmaj', 'Fmaj', 'Gmin', 'Gmin', 'Gmin', 'Gmin', 'Cmaj', 'Cmaj', 'Dmin', 'Dmin', 'Gmin', 'Gmin', 'Gmin', 'Gmin', 'Cmaj', 'Cmaj', 'Dmin', 'Dmin', 'Dmin', 'Dmin', 'Fmaj', 'Fmaj', 'Dmin', 'Dmin', 'Fmaj', 'Fmaj', 'Dmin', 'Dmin', 'Fmaj', 'Fmaj', 'Dmin', 'Dmin', 'Fmaj', 'Fmaj', 'Dmin', 'Dmin', 'Fmaj', 'Fmaj', 'Dmin', 'Dmin', 'Fmaj', 'Fmaj', 'Dmin', 'Dmin', 'Fmaj', 'Fmaj', 'Dmin', 'Dmin', 'Fmaj', 'Fmaj', 'Dmin', 'Dmin', 'Fmaj', 'Fmaj', 'Dmin']"
1271,"['C5', 'Cmaj', 'Gmaj', 'Fmaj', 'Gmaj', 'Cmaj', 'Cmaj', 'Gmaj', 'Fmaj', 'Gmaj', 'Cmaj', 'Cmaj', 'Fsus2', 'Fmaj', 'Fmaj', 'G7', 'Cmaj', 'Gmaj', 'Fmaj', 'Gmaj', 'Cmaj', 'Cmaj', 'Cmaj', 'Gmaj', 'Fmaj', 'Gmaj', 'Cmaj', 'Cmaj', 'Gmaj', 'Fmaj', 'Gmaj', 'Cmaj', 'Emin', 'Amin', 'Amaj', 'Fmaj', 'Gmaj', 'Cmaj', 'Gmaj', 'Fmaj', 'Gmaj', 'Cmaj', 'Cmaj', 'Cmaj', 'Gmaj', 'Fmaj', 'Gmaj', 'Cmaj', 'Cmaj', 'Gmaj', 'Fmaj', 'Gmaj', 'Cmaj', 'Emin', 'Amin', 'Fmaj', 'Gmaj', 'Cmaj', 'Gmaj', 'Fmaj', 'Gmaj', 'Cmaj', 'Cmaj', 'Cmaj', 'Cmaj']"
1272,"['Dmaj', 'Dmaj', 'Dmaj', 'Dmaj', 'Dmaj', 'Dmaj', 'Amaj', 'Amaj', 'Dmaj', 'Dmaj', 'Gmaj', 'Gmaj', 'Dmaj', 'Dmaj', 'Amaj', 'Fmaj', 'Gmaj', 'Amaj', 'Dmaj', 'Amaj', 'Dmaj', 'Dmaj', 'Dmaj', 'Dmaj', 'Amaj', 'Amaj', 'Dmaj', 'Dmaj', 'Gmaj', 'Gmaj', 'Dmaj', 'Dmaj', 'Amaj', 'Fmaj', 'Gmaj', 'Amaj', 'Dmaj', 'Eb7', 'Eb', 'Ebmaj', 'Ebmaj', 'Ebmaj', 'Ebmaj', 'Bbmaj', 'Bbmaj', 'Ebmaj', 'Ebmaj', 'Abmaj', 'Abmaj', 'Ebmaj', 'Ebmaj', 'Bbmaj', 'Gbmaj', 'Abmaj', 'Bbmaj', 'Ebmaj', 'Ebmaj', 'Ebmaj', 'Ebmaj', 'Ebmaj', 'Ebmaj', 'Bbmaj', 'Bbmaj', 'Ebmaj', 'Eb7', 'Abmaj', 'Abmaj', 'Ebmaj', 'Ebmaj', 'Bbmaj', 'Gbmaj', 'Abmaj', 'Bbmaj', 'Ebmaj', 'Ebmaj', 'Bbmaj', 'Gbmaj', 'Abmaj', 'Bbmaj', 'Ebmaj', 'Ebmaj', 'Bbmaj', 'Gbmaj', 'Abmaj', 'Bbmaj', 'Ebmaj', 'Ebmaj', 'Bbmaj', 'Gbmaj', 'Abmaj', 'Bbmaj', 'Ebmaj', 'Ebmaj', 'Bbmaj', 'Gbmaj', 'Abmaj', 'Bbmaj', 'Ebmaj', 'Ebmaj', 'Bbmaj', 'Gbmaj', 'Abmaj', 'Bbmaj', 'Ebmaj', 'Ebmaj']"
1273,"['Cmaj9', 'Cmaj9', 'Dmin7', 'Dmin7', 'Cmaj9', 'Cmaj9', 'Dmin7', 'Dmin7', 'Cmaj', 'Cmaj', 'Amin', 'Emin', 'Fmaj', 'Dmin', 'Cmaj', 'Fmaj', 'Cmaj', 'Fmaj', 'Cmaj', 'Cmaj', 'Cmaj', 'Amin', 'Emin', 'Fmaj', 'Dmin', 'Cmaj', 'Fmaj', 'Cmaj', 'Fmaj', 'Cmaj', 'Dmin', 'Amin', 'Emin', 'F', 'Fmaj', 'F', 'Fmaj', 'Dmin', 'Amin', 'Emin', 'F', 'Fmaj', 'F', 'Fmaj', 'G', 'Gmaj', 'G', 'Gmaj', 'Cmaj9', 'Cmaj9', 'Dmin7', 'Dmin7', 'Cmaj9', 'Cmaj9', 'Dmin7', 'Dmin7', 'Cmaj', 'C', 'F', 'Fmaj', 'G', 'Gmaj', 'A', 'Amaj9', 'Amaj9', 'Bmin', 'Bmin', 'Cmaj9', 'Cmaj9', 'Dmin7', 'Dmin7', 'Cmaj9', 'Cmaj9', 'Dmin7', 'Dmin7', 'Cmaj', 'Cmaj', 'Amin', 'Emin', 'Fmaj', 'Dmin', 'Cmaj', 'Fmaj', 'Cmaj', 'Fmaj', 'Cmaj', 'Dmin', 'Amin', 'Emin', 'F', 'Fmaj', 'F', 'Fmaj', 'Dmin', 'Amin', 'Emin', 'F', 'Fmaj', 'F', 'Fmaj', 'G', 'Gmaj', 'G', 'Gmaj', 'Cmaj9', 'Cmaj9', 'Dmin7', 'Dmin7', 'Cmaj9', 'Cmaj9', 'Dmin7', 'Dmin7', 'Cmaj', 'C', 'F', 'Fmaj', 'G', 'Gmaj', 'A', 'Amaj9', 'Amaj9', 'Bmin', 'Bmin', 'Cmaj9', 'Cmaj9', 'Dmin7', 'Dmin7', 'Cmaj9', 'Cmaj9', 'Dmin7', 'Dmin7', 'Cmaj', 'C', 'F', 'Fmaj', 'G', 'Gmaj', 'A', 'Amaj9', 'Amaj9', 'Bmin', 'Bmin', 'Cmaj9', 'Cmaj9', 'Dmin7', 'Dmin7', 'Cmaj9', 'Cmaj9', 'Dmin7', 'Dmin7']"
1274,"['Amin', 'Amin', 'Amin', 'Amin', 'Amin', 'Amin', 'Amin', 'Amin', 'Amin', 'Amin', 'Amin', 'Amin', 'Amin', 'Amin', 'Amin', 'Amin', 'Fmaj', 'Fmaj', 'Gmaj', 'Gmaj', 'Amin', 'Amin', 'Amin', 'Amin', 'Amin', 'Amin', 'Amin', 'Amin', 'Amin', 'Amin', 'Amin', 'Amin', 'Fmaj', 'Fmaj', 'Gmaj', 'Gmaj', 'Amin', 'Amin', 'Amin', 'Amin', 'Dmin', 'Dmin', 'Cmaj', 'Fmaj', 'Gmaj', 'E7', 'Amin', 'Amin', 'Dmin', 'Dmin', 'Cmaj', 'Fmaj', 'Gmaj', 'E7', 'Amin', 'Amin', 'Amin', 'Amin', 'Amin', 'Amin', 'Amin', 'Amin', 'Amin', 'Amin', 'Amin', 'Amin', 'Fmaj', 'Fmaj', 'Gmaj', 'Gmaj', 'Amin', 'Amin', 'Amin', 'Amin', 'Amin', 'Amin', 'Amin', 'Amin', 'Amin', 'Amin', 'Amin', 'Amin', 'Fmaj', 'Fmaj', 'Gmaj', 'Gmaj', 'Amin', 'Amin', 'Amin', 'Amin', 'Dmin', 'Dmin', 'Cmaj', 'Fmaj', 'Gmaj', 'E7', 'Amin', 'Amin', 'Dmin', 'Dmin', 'Cmaj', 'Fmaj', 'Gmaj', 'E7', 'Amin', 'Amin', 'Amin', 'Amin', 'Dmin', 'Dmin', 'Cmaj', 'Fmaj', 'Gmaj', 'E7', 'Amin', 'Amin', 'Dmin', 'Dmin', 'Cmaj', 'Fmaj', 'Gmaj', 'E7', 'Amin', 'Amin', 'Amin', 'Amin', 'Amin', 'Amin']"
1276,"['Ab', 'Ab', 'Ab', 'Ab', 'Db', 'Ab', 'Ab', 'Db', 'Gb', 'Ab', 'Gb', 'Dbmin', 'Abmin', 'Bmaj', 'Amaj', 'Ab', 'Ab', 'Db', 'Gb', 'Ab', 'Gb', 'Dbmin', 'Abmin', 'Bmaj', 'Amaj', 'Db', 'Db', 'Db', 'Db', 'Dbmin', 'Abmin', 'Bmaj', 'Amaj', 'E', 'D', 'E', 'D', 'Gb', 'Cb', 'Gb', 'Gbmin', 'Ab', 'Ab', 'Db', 'Gb', 'Ab', 'Gb', 'Ab', 'Ab', 'Db', 'Gb', 'Ab', 'Gb', 'Db5', 'Db5', 'Db5', 'Db5', 'Db5', 'Db5', 'Bmaj', 'Amaj7', 'Dbmin', 'Abmin', 'Bmaj', 'Amaj7', 'Dbmin', 'Abmin', 'E', 'A', 'D', 'E', 'C', 'D', 'E', 'C', 'D', 'E', 'C', 'D', 'E', 'Dbmin', 'Abmin', 'Bmaj', 'Amaj', 'E', 'D', 'E', 'D', 'E', 'Dbmin7', 'Cbmaj', 'Cbmaj', 'Dbmin7', 'Dbmin7', 'Cbmaj', 'Cbmaj', 'Dbmin7', 'Dbmin7', 'Cbmaj', 'Cbmaj', 'Dbmin7', 'Gb', 'Gb', 'Gb', 'Gb', 'Gb', 'Gb', 'Gb', 'Gb', 'Gb', 'Gb', 'E', 'E', 'B', 'D', 'E', 'D', 'E', 'E', 'E', 'Amaj', 'Emaj', 'Bmin', 'E', 'Amaj', 'Emaj', 'Bmin', 'E', 'Amaj', 'Emaj', 'Bmin', 'E', 'Amaj', 'Emaj', 'Bmin', 'Emaj', 'Emaj', 'Dmaj', 'Amaj', 'Dmaj', 'Amaj', 'Emaj', 'Dmaj', 'Amaj', 'Asus4', 'Amaj', 'Emaj', 'Dmaj', 'Amaj', 'Dmaj', 'Amaj', 'Emaj', 'Esus4', 'Emaj', 'Bmin7', 'Emaj', 'Emaj', 'Amaj', 'Emaj', 'Dmaj', 'Amaj', 'Esus4', 'Bmaj', 'F#min7', 'C#min7', 'C#min7', 'C#', 'C#', 'C#', 'C#', 'C', 'D', 'E', 'A', 'D', 'E', 'E', 'Amaj', 'Emaj', 'Bmin7', 'E', 'Amaj', 'Emaj', 'Bmin7', 'E', 'Amaj', 'Emaj', 'Bmin7', 'E', 'Amaj', 'Emaj', 'Bmin7', 'Emaj']"
1277,"['Emaj', 'Emaj', 'Amaj', 'Bsus4', 'Bmaj', 'Emaj', 'Emaj', 'Amaj', 'Bsus4', 'Bmaj', 'Emaj', 'Emaj', 'Emaj', 'Emaj', 'Emaj', 'Emaj', 'Amaj', 'Bsus4', 'Bmaj', 'Emaj', 'Emaj', 'Amaj', 'Bsus4', 'Bmaj', 'Emaj', 'Emaj', 'Amaj', 'Bsus4', 'Bmaj', 'Emaj', 'Emaj', 'Amaj', 'Bsus4', 'Bmaj', 'Amaj', 'Amaj', 'Emaj', 'E7', 'Amaj', 'Amaj', 'Bsus4', 'Bmaj', 'Bmaj', 'Emaj', 'Emaj', 'C#min', 'C#min', 'Amaj', 'Amaj', 'Bsus4', 'Bmaj', 'Emaj', 'Emaj', 'C#min', 'C#min', 'Amaj', 'Amaj', 'Bsus4', 'Bmaj', 'Emaj', 'Emaj', 'Amaj', 'Bsus4', 'Bmaj', 'Emaj', 'Emaj', 'Amaj', 'Bsus4', 'Bmaj', 'Emaj', 'Emaj', 'Amaj', 'Bsus4', 'Bmaj', 'Emaj', 'Emaj', 'Amaj', 'Bsus4', 'Bmaj', 'Emaj', 'Emaj', 'Amaj', 'Bsus4', 'Bmaj', 'Emaj', 'Emaj', 'Amaj', 'Bsus4', 'Bmaj', 'Amaj', 'Amaj', 'Emaj', 'E7', 'Amaj', 'Amaj', 'Bsus4', 'Bmaj', 'Bmaj', 'Emaj', 'Emaj', 'C#min', 'C#min', 'Amaj', 'Amaj', 'Bsus4', 'Bmaj', 'Emaj', 'Emaj', 'C#min', 'C#min', 'Amaj', 'Amaj', 'Bsus4', 'Bmaj', 'Emaj', 'Emaj', 'C#min', 'C#min', 'Amaj', 'Amaj', 'Bsus4', 'Bmaj', 'Emaj', 'Emaj', 'C#min', 'C#min', 'Amaj', 'Amaj', 'Bsus4', 'Bmaj', 'Cmaj', 'Cmaj', 'Amin', 'Amin', 'Emaj', 'Emaj', 'Amaj', 'Bsus4', 'Bmaj', 'Emaj', 'Emaj', 'Amaj', 'Bsus4', 'Bmaj', 'Emaj', 'Emaj', 'Amaj', 'Bsus4', 'Bmaj', 'Emaj', 'Emaj', 'Amaj', 'Bsus4', 'Bmaj', 'Emaj', 'Emaj', 'Amaj', 'Bsus4', 'Bmaj', 'Emaj', 'Emaj', 'Amaj', 'Bsus4', 'Bmaj', 'Emaj', 'Emaj', 'Amaj', 'Bsus4', 'Bmaj', 'Emaj', 'Emaj', 'Amaj', 'Bsus4', 'Bmaj', 'Emaj', 'Emaj', 'Amaj', 'Bsus4', 'Bmaj', 'Emaj']"
1279,"['Cmin', 'Abmaj', 'Bbmaj', 'Cmin', 'Abmaj', 'Bbmaj', 'Cmin', 'Abmaj', 'Bbmaj', 'Cmin', 'Abmaj', 'Bbmaj', 'Cmin', 'Abmaj', 'Bbmaj', 'Cmin', 'Abmaj', 'Bbmaj', 'Cmin', 'Abmaj', 'Bbmaj', 'Cmin', 'Abmaj', 'Bbmaj', 'Cmin', 'Abmaj', 'Bbmaj', 'Cmin', 'Abmaj', 'Bbmaj', 'Cmin', 'Abmaj', 'Bbmaj', 'Cmin', 'Abmaj', 'Bbmaj', 'Cmin', 'Abmaj', 'Bbmaj', 'Cmin', 'Abmaj', 'Bbmaj', 'Cmin', 'Abmaj', 'Bbmaj', 'Cmin', 'Abmaj', 'Bbmaj', 'Cmin', 'Abmaj', 'Bbmaj', 'Cmin', 'Abmaj', 'Bbmaj', 'Cmin', 'Abmaj', 'Bbmaj', 'Cmin', 'Abmaj', 'Bbmaj', 'Cmin', 'Abmaj', 'Bbmaj', 'Cmin', 'Abmaj', 'Bbmaj', 'Cmin', 'Abmaj', 'Bbmaj', 'Cmin', 'Abmaj', 'Bbmaj', 'Cmin', 'Abmaj', 'Bbmaj', 'Cmin', 'Abmaj', 'Bbmaj', 'Cmin', 'Abmaj', 'Bbmaj', 'Cmin', 'Abmaj', 'Bbmaj', 'Cmin', 'Abmaj', 'Bbmaj', 'Cmin', 'Abmaj', 'Bbmaj', 'Cmin', 'Abmaj', 'Bbmaj', 'Cmin', 'Abmaj', 'Bbmaj', 'Cmin', 'Abmaj', 'Bbmaj', 'Cmin', 'Abmaj', 'Bbmaj', 'Cmin', 'Abmaj', 'Bbmaj', 'Cmin', 'Abmaj', 'Bbmaj', 'Cmin', 'Abmaj', 'Bbmaj', 'Cmin', 'Abmaj', 'Bbmaj', 'Cmin', 'Abmaj', 'Bbmaj', 'Cmin', 'Abmaj', 'Bbmaj', 'Cmin', 'Abmaj', 'Bbmaj', 'Cmin', 'Abmaj', 'Bbmaj', 'Cmin', 'Abmaj', 'Bbmaj', 'Cmin', 'Abmaj', 'Bbmaj', 'Cmin', 'Abmaj', 'Bbmaj', 'Cmin', 'Abmaj', 'Bbmaj', 'Cmin', 'Abmaj', 'Bbmaj', 'Cmin', 'Abmaj', 'Bbmaj', 'Cmin', 'Abmaj', 'Bbmaj']"
1280,"['F#maj', 'Amaj', 'Bmaj', 'F#maj', 'F#maj', 'Amaj', 'Bmaj', 'F#maj', 'F#maj', 'F#maj', 'F#maj', 'F#maj', 'F#maj', 'F#maj', 'F#maj', 'F#maj', 'Amaj', 'Bmin', 'Amaj', 'Bmin', 'Amaj', 'Bmin', 'F#maj', 'F#maj', 'F#maj', 'F#maj', 'F#maj', 'F#maj', 'F#maj', 'F#maj', 'F#maj', 'F#maj', 'F#maj', 'F#maj', 'Amaj', 'Bmin', 'Amaj', 'Bmin', 'Amaj', 'Bmin', 'F#maj', 'F#maj', 'F#maj', 'F#maj', 'F#maj', 'Amaj', 'Bmaj', 'F#maj', 'F#maj', 'Amaj', 'Bmaj', 'F#maj', 'F#maj', 'Amaj', 'Bmaj', 'F#maj', 'F#maj', 'Amaj', 'Bmaj', 'F#maj', 'F#maj', 'F#maj', 'F#maj', 'F#maj', 'F#maj', 'F#maj', 'F#maj', 'F#maj', 'F#maj', 'F#maj', 'F#maj', 'F#maj', 'Amaj', 'Bmin', 'Amaj', 'Bmin', 'Amaj', 'Bmin', 'F#maj', 'F#maj', 'F#maj', 'F#maj', 'Amaj', 'Bmin', 'Amaj', 'Bmin', 'Amaj', 'Bmin', 'F#maj', 'F#maj', 'F#maj', 'F#maj']"
1281,"['Dmaj', 'Amaj', 'Dmaj', 'Gmaj', 'Dmaj', 'Amaj', 'Dmaj', 'Gmaj', 'Dmaj', 'Amaj', 'Dmaj', 'Gmaj', 'Dmaj', 'Amaj', 'Dmaj', 'Gmaj', 'Fmaj', 'Cmaj', 'Gmaj', 'Gmaj', 'D5', 'Fmaj', 'G5', 'Amin', 'D5', 'Fmaj', 'G5', 'Bbmaj', 'Cmaj', 'D5', 'Fmaj', 'G5', 'Amin', 'D5', 'Fmaj', 'G5', 'D5', 'Fmaj', 'G5', 'Amin', 'D5', 'Fmaj', 'G5', 'Bbmaj', 'Cmaj', 'D5', 'Fmaj', 'G5', 'Amin', 'D5', 'Fmaj', 'Cmaj', 'Amin', 'Dmaj', 'Amaj', 'Bmin', 'Esus4', 'Amaj', 'Dmaj', 'Amaj', 'Bmin', 'Esus4', 'Amaj', 'Dmaj', 'Amaj', 'Bmin', 'Fmaj', 'Gmaj', 'D5', 'Fmaj', 'G5', 'Amin', 'D5', 'Fmaj', 'G5', 'Bbmaj', 'Cmaj', 'D5', 'Fmaj', 'Gmaj', 'Amin', 'D5', 'Fmaj', 'Gmaj', 'Amaj', 'Dmaj', 'Amaj', 'Bmin', 'Esus4', 'Amaj', 'Dmaj', 'Amaj', 'Bmin', 'Esus4', 'Amaj', 'Fmaj', 'Gmaj', 'Fmaj', 'Gmaj', 'Fmaj', 'Gmaj', 'Amin', 'Amin', 'D5', 'Fmaj', 'G5', 'Amin', 'D5', 'Fmaj', 'G5', 'Bbmaj', 'Cmaj', 'D5', 'Fmaj', 'G5', 'Amin', 'D5', 'Fmaj', 'Cmaj', 'Amin', 'Fmaj', 'Gmaj', 'Fmaj', 'Gmaj', 'Fmaj', 'Gmaj', 'Amin', 'Amin', 'Dmaj', 'Amaj', 'Bmin', 'Esus4', 'Amaj', 'Dmaj', 'Amaj', 'Bmin', 'Esus4', 'Amaj', 'Dmaj', 'Amaj', 'Bmin', 'Esus4', 'Amaj', 'Dmaj', 'Amaj', 'Dmaj', 'Gmaj', 'Dmaj', 'Amaj', 'Dmaj', 'Amaj', 'Dmaj', 'Amaj', 'Dmaj', 'Gmaj', 'Dmaj', 'Amaj', 'Dmaj', 'Gmaj', 'Dmaj', 'Amaj', 'Dmaj', 'Gmaj', 'Dmaj', 'Amaj', 'Dmaj', 'Gmaj', 'Dmaj', 'Amaj', 'Dmaj', 'Gmaj', 'Fmaj', 'Cmaj', 'Fmaj', 'Cmaj', 'Dmaj']"
1282,"['Bbmaj', 'Fmaj', 'F', 'Ebmaj', 'Bbmaj', 'Fmaj', 'F', 'Ebmaj', 'Bbmaj', 'Fmaj', 'F', 'Ebmaj', 'Bbmaj', 'Fmaj', 'F', 'Ebmaj', 'Bbmaj', 'Fmaj', 'F', 'Ebmaj', 'Bbmaj', 'Fmaj', 'F', 'Ebmaj', 'Bbmaj', 'Fmaj', 'F', 'Ebmaj', 'Bbmaj', 'Fmaj', 'F', 'Ebmaj', 'Bbmaj', 'Fmaj', 'Gmin', 'Fmaj', 'Ebmaj', 'Bbmaj', 'Fmaj', 'Dmin', 'Ebmaj', 'Fmaj', 'Gmin', 'Fmaj', 'Ebmaj', 'Ebmin7', 'Ebmin7', 'Bbmaj', 'Fmaj', 'Gmin', 'Fmaj', 'Ebmaj', 'Ebmin7', 'Ebmin7', 'Bbmaj', 'Fmaj', 'F', 'Ebmaj', 'Bbmaj', 'Fmaj', 'F', 'Ebmaj', 'Bbmaj', 'Fmaj', 'F', 'Ebmaj', 'Bbmaj', 'Fmaj', 'F', 'Ebmaj', 'Bbmaj', 'Fmaj', 'Gmin', 'Fmaj', 'Ebmaj', 'Bbmaj', 'Fmaj', 'Dmin', 'Ebmaj', 'Fmaj', 'Gmin', 'Fmaj', 'Ebmaj', 'Ebmin7', 'Ebmin7', 'Bbmaj', 'Fmaj', 'Gmin', 'Fmaj', 'Ebmaj', 'Ebmin7', 'Ebmin7', 'Bbmaj', 'Fmaj', 'C', 'Ebmaj', 'Bbmaj', 'Fmaj', 'C', 'Ebmaj', 'Bbmaj', 'Fmaj', 'C', 'Ebmaj', 'Bbmaj', 'Fmaj', 'C', 'Ebmaj', 'Bbmaj', 'Fmaj', 'Gmin', 'Fmaj', 'Ebmaj', 'Bbmaj', 'Fmaj', 'Dmin', 'Ebmaj', 'Fmaj', 'Gmin', 'Fmaj', 'Ebmaj', 'Ebmin7', 'Ebmin7', 'Bbmaj', 'Fmaj', 'C', 'Bbmaj', 'Fmaj', 'C', 'Bbmaj', 'Fmaj', 'C', 'Bbmaj', 'Fmaj', 'C', 'Bbmaj', 'Fmaj', 'F', 'Ebmaj', 'Bbmaj', 'Fmaj', 'F', 'Ebmaj', 'Bbmaj', 'Fmaj', 'F', 'Ebmaj', 'Bbmaj', 'Fmaj', 'F', 'Ebmaj', 'Bbmaj', 'Fmaj', 'Gmin', 'Fmaj', 'Ebmaj', 'Bbmaj', 'Fmaj', 'Dmin', 'Ebmaj', 'Fmaj', 'Gmin', 'Fmaj', 'Ebmaj', 'Ebmin7', 'Ebmin7', 'Bbmaj', 'Fmaj', 'Gmin', 'Fmaj', 'Ebmaj', 'Ebmin7', 'Ebmin7', 'Bbmaj', 'Fmaj', 'Gmin', 'Fmaj', 'Ebmaj', 'Bbmaj', 'Fmaj', 'Dmin', 'Ebmaj', 'Fmaj', 'Gmin', 'Fmaj', 'Ebmaj', 'Ebmin7', 'Ebmin7', 'Bbmaj', 'Fmaj', 'Gmin', 'Fmaj', 'Ebmaj', 'Bbmaj', 'Fmaj', 'Dmin', 'Ebmaj', 'Fmaj', 'Gmin', 'Fmaj', 'Ebmaj', 'Ebmin7', 'Ebmin7', 'Ebmin7', 'Ebmin7', 'Ebmaj', 'Fmaj', 'Gmin', 'Fmaj', 'Ebmaj', 'Ebmin7', 'Ebmin7', 'Bbmaj']"
1283,"['Bbmin', 'Bbsus4', 'Gbmaj7', 'Fsus4', 'F7', 'Bbmin', 'Bbsus4', 'Gbmaj7', 'Fsus4', 'F7', 'Gbmaj', 'Abmin7', 'Dbmaj', 'Gbmaj', 'Abmin7', 'Dbmaj', 'Gbmaj', 'Abmin7', 'Dbmaj', 'Gbmaj', 'Abmin7', 'Dbmaj', 'Ebsus4', 'Ebmin', 'Ebmin', 'Bbmaj', 'Bdim', 'Bb', 'Bb', 'Bb', 'Bb', 'Bbmin', 'Bbsus4', 'Gbmaj7', 'Fsus4', 'F7', 'Bbmin', 'Bbsus4', 'Gbmaj7', 'Fsus4', 'F7', 'Gbmaj', 'Abmin7', 'Dbmaj', 'Gbmaj', 'Abmin7', 'Dbmaj', 'Gbmaj', 'Abmin7', 'Dbmaj', 'Gbmaj', 'Abmin7', 'Dbmaj', 'Ebsus4', 'Ebmin', 'Ebmin', 'Bbmaj', 'Bdim', 'Bb', 'Bb', 'Bb', 'Bb', 'Gbmaj', 'Abmin7', 'Dbmaj', 'Gbmaj', 'Abmin7', 'Dbmaj', 'Gbmaj', 'Abmin7', 'Dbmaj', 'Gbmaj', 'Abmin7', 'Dbmaj', 'Ebsus4', 'Ebmin', 'Ebmin', 'Bbmaj', 'Bdim', 'Bb', 'Bb', 'Bb', 'Bb', 'Bbmin', 'Bbsus4', 'Gbmaj7', 'Fsus4', 'F7', 'Bbmin', 'Bbsus4', 'Gbmaj7', 'Fsus4', 'F7', 'Bbmin', 'Bbsus4', 'Gbmaj7', 'Fsus4', 'F7']"
1285,"['Gmin7', 'Cmaj', 'Fmaj', 'Gmin7', 'Bbmaj', 'Cmaj', 'Fmaj', 'Gmin7', 'Gmin7', 'Cmaj', 'Fmaj', 'Gmin7', 'Bbmaj', 'Cmaj', 'Fmaj', 'Gmin7', 'Gmin7', 'Cmaj', 'Fmaj', 'Gmin7', 'Bbmaj', 'Cmaj', 'Fmaj', 'Gmin7', 'Gmin7', 'Cmaj', 'Fmaj', 'Gmin7', 'Bbmaj', 'Cmaj', 'Fmaj', 'Gmin7', 'Gmin7', 'Abmin', 'Bb', 'Bbmin7', 'Bbmin7', 'Bbmin7', 'Bbmin7', 'Bbmin7', 'Bbmin7', 'Bbmin7', 'Bbmin7', 'Gmin7', 'Cmaj', 'Fmaj', 'Gmin7', 'Bbmaj', 'Cmaj', 'Fmaj', 'Gmin7', 'Gmin7', 'Cmaj', 'Fmaj', 'Gmin7', 'Bbmaj', 'Cmaj', 'Fmaj', 'Gmin7', 'Gmin7', 'Abmin', 'Bb', 'Bbmin7', 'Bbmin7', 'Bbmin7', 'Bbmin7', 'Bbmin7', 'Bbmin7', 'Bbmin7', 'Bbmin7', 'Gmin7', 'Cmaj', 'Fmaj', 'Gmin7', 'Bbmaj', 'Cmaj', 'Fmaj', 'Gmin7', 'Gmin7', 'Cmaj', 'Fmaj', 'Gmin7', 'Bbmaj', 'Cmaj', 'Fmaj', 'Gmin7', 'Gmin7', 'Abmin', 'Bb', 'Bbmin7', 'Bbmin7', 'Bbmin7', 'Bbmin7', 'Bbmin7', 'Bbmin7', 'Bbmin7', 'Bbmin7', 'Gmin7', 'Cmaj', 'Fmaj', 'Gmin7', 'Bbmaj', 'Cmaj', 'Fmaj', 'Gmin7', 'Gmin7', 'Cmaj', 'Fmaj', 'Gmin7', 'Bbmaj', 'Cmaj', 'Fmaj', 'Gmin7', 'Gmin7', 'Cmaj', 'Fmaj', 'Gmin7', 'Bbmaj', 'Cmaj', 'Fmaj', 'Gmin7', 'Gmin7', 'Cmaj', 'Fmaj', 'Gmin7', 'Bbmaj', 'Cmaj', 'Fmaj', 'Gmin7', 'Gmin7', 'Cmaj', 'Fmaj', 'Gmin7', 'Bbmaj', 'Cmaj', 'Fmaj', 'Gmin7', 'Gmin7', 'Cmaj', 'Fmaj', 'Gmin7', 'Bbmaj', 'Cmaj', 'Fmaj', 'Gmin7', 'Gmin7', 'Cmaj', 'Fmaj', 'Gmin7', 'Bbmaj', 'Cmaj', 'Fmaj', 'Gmin7', 'Gmin7', 'Cmaj', 'Fmaj', 'Gmin7', 'Bbmaj', 'Cmaj', 'Fmaj', 'Gmin7', 'Gmin7', 'Cmaj', 'Fmaj', 'Gmin7', 'Bbmaj', 'Cmaj', 'Fmaj', 'Gmin7', 'Gmin7', 'Cmaj', 'Fmaj', 'Gmin7', 'Bbmaj', 'Cmaj', 'Fmaj', 'Gmin7', 'Gmin7', 'Cmaj', 'Fmaj', 'Gmin7']"
1286,"['Bbmaj', 'Abmaj7', 'Bbmaj', 'Abmaj7', 'Bbmaj', 'Abmaj7', 'Bbmaj', 'Abmaj7', 'Bbmaj', 'Abmaj7', 'Bbmaj', 'Abmaj7', 'Bbmaj', 'Abmaj7', 'Bbmaj', 'Abmaj7', 'Ebmaj', 'Abmaj', 'Bbmaj', 'Gsus4', 'Gmaj', 'Ebmaj', 'Abmaj', 'Fmin', 'Bb7', 'Ebmaj7', 'Cmin', 'Ebmaj', 'Cmin', 'Bbmaj', 'Ebmaj', 'Gmin', 'Cmin', 'Bbmaj', 'Ebmaj', 'Abmaj7', 'Abmaj7', 'Gsus4', 'Gmaj', 'Ebmaj', 'Abmaj', 'Fmin', 'Ebmaj', 'Abmaj7', 'Bb7', 'Ebmaj', 'Eb7', 'Abmin7', 'Db7', 'Gmin', 'Cmin', 'Bbsus4', 'Bb7', 'Ebmaj', 'Cmin', 'Ebmaj', 'Cmin', 'Bbmaj', 'Ebmaj', 'Gmin', 'Cmin', 'Bbmaj', 'Ebmaj', 'Abmaj7', 'Abmaj7', 'Gsus4', 'Gmaj', 'Ebmaj', 'Abmaj', 'Fmin', 'Ebmaj7', 'Ebmaj', 'Cmin', 'Ebmaj', 'Cmin', 'Bbsus4', 'Ebmaj', 'Gmin', 'Cmin', 'Bbmaj', 'Ebmaj', 'Abmaj7', 'Abmaj7', 'Gsus4', 'Gmaj', 'Ebmaj', 'Abmaj', 'Fmin', 'Ebmaj7', 'Ebmaj', 'Cmin', 'Ebmaj', 'Cmin', 'Bbmaj', 'Ebmaj', 'Gmin', 'Cmin', 'Bbmaj', 'Ebmaj', 'Abmaj7', 'Abmaj7', 'Gsus4', 'Gmaj', 'Ebmaj', 'Abmaj', 'Fmin', 'Cmin', 'Fmaj', 'Fmin', 'Gmin', 'Abmaj', 'Bbsus4', 'Ebmaj', 'Abmaj7', 'Ebmaj', 'Abmaj7', 'Ebmaj', 'Abmaj7', 'Ebmaj', 'Abmaj7', 'Ebmaj', 'Abmaj7', 'Ebmaj', 'Abmaj7', 'Ebmaj', 'Abmaj7', 'Ebmaj', 'Abmaj7', 'Ebmaj']"
1287,"['Emaj', 'Amaj', 'Emaj', 'Emaj', 'Amaj', 'Emaj', 'Emaj', 'Emaj', 'Emaj', 'B7', 'Emaj', 'Emaj', 'Emaj', 'Amaj', 'Emaj', 'Emaj', 'B7', 'Amaj', 'Emaj', 'Emaj', 'B7', 'Emaj', 'Emaj', 'Emaj', 'Emaj', 'B7', 'Emaj', 'Emaj', 'Emaj', 'Amaj', 'Emaj', 'Emaj', 'B7', 'Amaj', 'Emaj', 'Emaj', 'B7', 'Emaj', 'Emaj', 'Emaj', 'Emaj', 'B7', 'Emaj', 'Emaj', 'Emaj', 'Amaj', 'Emaj', 'Emaj', 'B7', 'Amaj', 'Emaj', 'Emaj', 'B7', 'Emaj', 'Emaj', 'Emaj', 'Emaj', 'B7', 'Emaj', 'Emaj', 'Emaj', 'Amaj', 'Emaj', 'Emaj', 'B7', 'Amaj', 'Emaj', 'Emaj', 'B7', 'Emaj', 'Emaj', 'Emaj', 'Emaj', 'B7', 'Emaj', 'Emaj', 'Emaj', 'Emaj', 'B7', 'Emaj', 'Emaj', 'Emaj', 'Emaj', 'B7']"
1289,"['Gmaj', 'Dmaj', 'Cmaj', 'Gmaj', 'Dmaj', 'Cmaj', 'Dmaj', 'Gmaj', 'Dmaj', 'Cmaj', 'Dmaj', 'Gmaj', 'Dmaj', 'Cmaj', 'Dmaj', 'Gmaj', 'Dmaj', 'Cmaj', 'Dmaj', 'Gmaj', 'Dmaj', 'Cmaj', 'Dmaj', 'Gmaj', 'Dmaj', 'Cmaj', 'Amin7', 'Gmaj', 'Cmaj', 'Dmaj', 'Gmaj', 'Dmaj', 'Cmaj', 'Dmaj', 'Gmaj', 'Dmaj', 'Cmaj', 'Dmaj', 'Gmaj', 'Dmaj', 'Cmaj', 'Amin7', 'Gmaj', 'Cmaj', 'Amin7', 'Gmaj', 'Cmaj', 'Dmaj', 'Gmaj', 'Dmaj', 'Cmaj', 'Dmaj', 'Gmaj', 'Dmaj', 'Cmaj', 'Dmaj', 'Gmaj', 'Dmaj', 'Cmaj', 'Amin7', 'Gmaj', 'Cmaj', 'Amin7', 'Gmaj', 'Cmaj', 'Dmaj', 'Gmaj', 'Dmaj', 'Cmaj', 'Dmaj', 'Gmaj', 'Dmaj', 'Cmaj', 'Dmaj', 'Gmaj', 'Dmaj', 'Cmaj', 'Amin7', 'Gmaj', 'Cmaj', 'Amin7', 'Gmaj', 'Cmaj', 'Dmaj', 'Emin', 'Cmaj', 'Emin', 'Cmaj', 'Dmaj', 'D7', 'Gmaj', 'Dmaj', 'D7', 'Cmaj7', 'Dmaj', 'D7', 'Gmaj', 'Dmaj', 'D7', 'Cmaj7', 'Dmaj', 'D7', 'Amin7', 'Emin7', 'C', 'Dmaj', 'Gmaj', 'Dmaj', 'Cmaj', 'Dmaj', 'Gmaj', 'Dmaj', 'Cmaj', 'Dmaj', 'Gmaj', 'Dmaj', 'Cmaj', 'Amin7', 'Gmaj', 'Cmaj', 'Amin7', 'Gmaj', 'Cmaj', 'Dmaj', 'Gmaj', 'Dmaj', 'Cmaj', 'Dmaj', 'Gmaj', 'Dmaj', 'Cmaj', 'Dmaj', 'Gmaj', 'Dmaj', 'Cmaj', 'Gmaj']"
1290,"['F#min', 'F#min', 'F#min', 'F#min', 'F#min', 'F#min', 'Emaj', 'Emaj', 'D7', 'D7', 'C#7', 'C#7', 'F#min', 'F#min', 'Emaj', 'Emaj', 'D7', 'D7', 'C#7', 'C#7', 'F#maj', 'C#min7', 'F#maj', 'Amaj', 'F#min', 'F#min', 'Emaj', 'Emaj', 'D7', 'D7', 'C#7', 'C#7', 'F#maj', 'C#min7', 'F#maj', 'Amaj', 'F#min', 'F#min', 'Emaj', 'Emaj', 'D7', 'D7', 'C#7', 'C#7', 'F#maj', 'C#min7', 'F#maj', 'Amaj', 'F#maj', 'C#min7', 'F#maj', 'C#min7', 'C#min7', 'F#min', 'F#min', 'Emaj', 'Emaj', 'D7', 'D7', 'C#7', 'F#min', 'C#7', 'F#min', 'C#7', 'F#maj']"
1292,"['Amin7', 'Dmaj', 'Amin7', 'Dmaj', 'Amin7', 'Dmaj', 'Amin7', 'Dmaj', 'Amin7', 'Dmaj', 'Amin7', 'Dmaj', 'Gmaj', 'Gmaj', 'Gmaj', 'Gmaj', 'Gmaj', 'Gmaj', 'Gmaj', 'Gmaj', 'Amin7', 'Dmaj', 'Amin7', 'Dmaj', 'Amin7', 'Dmaj', 'Amin7', 'Dmaj', 'Gmaj', 'Gmaj', 'Gmaj', 'Gmaj', 'Gmaj', 'Gmaj', 'Gmaj', 'Gmaj', 'Cmaj', 'Cmaj', 'Cmaj', 'Cmaj', 'Gmaj', 'Gmaj', 'Gmaj', 'Gmaj', 'Cmaj', 'Cmaj', 'Cmaj', 'Cmaj', 'D7', 'D7', 'D7', 'D7', 'Amin7', 'Dmaj', 'Amin7', 'Dmaj', 'Amin7', 'Dmaj', 'Amin7', 'Dmaj', 'Gmaj', 'Emin', 'Gmaj', 'Emin', 'Gmaj', 'Emin', 'Gmaj', 'Emin']"
1296,"['Bmin', 'Bmin', 'Bmin', 'Bmin', 'Bmin', 'Bmin', 'Emaj', 'Dmaj', 'Bmin', 'Bmin', 'Dmaj', 'Emaj', 'Bmin7', 'Bmin7', 'Bmin', 'Bmin', 'B5', 'B5', 'A5', 'E5', 'B5', 'B5', 'A5', 'E5', 'B5', 'B5', 'A5', 'A5', 'B5', 'B5', 'Amaj', 'Emaj', 'Bmin', 'Bmin', 'Emaj', 'Dmaj', 'Bmin', 'Bmin', 'Emaj', 'Dmaj', 'Bmin', 'Bmin', 'Bmin', 'Bmin', 'Amaj', 'Emaj', 'Bmin', 'Bmin', 'Amaj', 'Emaj', 'Bmin', 'Bmin', 'Amaj', 'Amaj', 'Bmin', 'Bmin', 'Amaj', 'Emaj', 'Bmin', 'Bmin', 'Emaj', 'Dmaj', 'Bmin', 'Bmin', 'Emaj', 'Dmaj', 'Bmin', 'Bmin', 'Bmin', 'Bmin', 'Bmin', 'Bmin', 'Emaj', 'Dmaj', 'Bmin', 'Bmin', 'Dmaj', 'Emaj', 'Bmin', 'Bmin', 'Bmin', 'Bmin', 'Bmin', 'Bmin', 'Dmaj', 'Emaj', 'Bmin9', 'Bmin9', 'Amaj', 'Emaj', 'Bmin', 'Bmin', 'Bmin', 'Bmin', 'Amaj', 'Emaj', 'Bmin', 'Bmin', 'Amaj', 'Emaj', 'Bmin', 'Bmin', 'Amaj', 'Amaj', 'Bmin', 'Bmin', 'Amaj', 'Emaj', 'Bmin', 'Bmin', 'Emaj', 'Dmaj', 'Bmin', 'Bmin', 'Emaj', 'Dmaj', 'Bmin', 'Bmin', 'Bmin', 'Bmin', 'Bmin', 'Bmin', 'Bmin', 'Bmin', 'Bmin', 'Bmin', 'Bmin', 'Bmin', 'Bmin', 'Bmin', 'Bmin', 'Bmin', 'Bmin', 'Bmin', 'Emaj', 'Dmaj', 'Bmin', 'Bmin', 'Dmaj', 'Emaj', 'Bmin', 'Bmin', 'Emaj', 'Dmaj', 'Bmin', 'Bmin', 'Emaj', 'Dmaj', 'Bmin', 'Bmin', 'Emaj', 'Dmaj']"
1297,"['Amaj', 'Emaj7', 'B', 'Emaj', 'Emaj', 'Emaj', 'Emaj', 'Emaj', 'Emaj', 'B7', 'B7', 'B7', 'B7', 'Emaj', 'Emaj', 'Amaj', 'Amaj', 'Emaj', 'B7', 'Emaj', 'E7', 'Amaj', 'Amaj', 'Emaj', 'Emaj', 'Amaj', 'Amaj', 'Emaj', 'B7', 'B7', 'Emaj', 'Emaj', 'Amaj', 'Amaj', 'Emaj', 'B7', 'Emaj', 'Emaj', 'Emaj', 'Emaj', 'Emaj', 'Emaj', 'B7', 'B7', 'B7', 'B7', 'Emaj', 'Emaj', 'Amaj', 'Amaj', 'Emaj', 'B7', 'Emaj', 'Emaj', 'Emaj', 'Emaj', 'B7', 'B7', 'Emaj', 'Emaj', 'Amaj', 'Amaj', 'Emaj', 'Emaj', 'Amaj', 'Amaj', 'Emaj', 'B7', 'Emaj', 'Emaj', 'Emaj', 'Emaj', 'B7', 'B7', 'B7', 'B7', 'Emaj', 'E7', 'Amaj', 'Amaj', 'Emaj', 'B7', 'Emaj', 'E7', 'Amaj', 'Amaj', 'Emaj', 'Emaj', 'Amaj', 'Amaj', 'Emaj', 'E7', 'Amaj', 'Amaj', 'Emaj', 'Emaj', 'B7', 'B7', 'Emaj', 'Esus4', 'Emaj']"
1300,"['Cmin7', 'Bbmaj', 'Cmin7', 'Bbmaj', 'Bbmaj', 'Bb7', 'Bbmaj', 'Bb7', 'Bbmaj', 'Bb7', 'Ebmaj', 'Ebmaj', 'Gmin', 'Gmin', 'Fmaj', 'Fmaj', 'Abmaj', 'Abmaj', 'Abmaj', 'Abmaj', 'Bbmaj', 'Bb7', 'Bbmaj', 'Bb7', 'Bbmaj', 'Bb7', 'Ebmaj', 'Ebmaj', 'Gmin', 'Gmin', 'Fmaj', 'Fmaj', 'Abmaj', 'Abmaj', 'Abmaj', 'Abmaj', 'Bbmaj', 'Bbmaj', 'Bbmaj', 'Bbmaj', 'Ebmaj', 'Ebmaj', 'Ebmaj', 'Ebmaj', 'Gmin', 'Gmin', 'Fmaj', 'Fmaj', 'Abmaj', 'Abmaj', 'Abmaj', 'Abmaj', 'Gbmaj', 'Gbmaj', 'Db', 'Db', 'Gbmaj', 'Gbmaj', 'Db', 'Bb7', 'Bb7', 'Ebmin7', 'Ab7', 'Fmin7', 'Bbmin7', 'Ebmin7', 'Ebmin7', 'Absus4', 'Absus4', 'Bbmaj', 'Bb7', 'Bbmaj', 'Bb7', 'Bbmaj', 'Bb7', 'Ebmaj', 'Ebmaj', 'Gmin', 'Gmin', 'Fmaj', 'Fmaj', 'Abmaj', 'Abmaj', 'Abmaj', 'Abmaj', 'Bbmaj', 'Bbmaj', 'Bbmaj', 'Bbmaj', 'Ebmaj', 'Ebmaj', 'Ebmaj', 'Ebmaj', 'Gmin', 'Gmin', 'Fmaj', 'Fmaj', 'Abmaj', 'Abmaj', 'Abmaj', 'Abmaj', 'Gbmaj', 'Gbmaj', 'Db', 'Bb7', 'Bb7', 'Ebmin7', 'Ab7', 'Fmin7', 'Bbmin7', 'Ebmin7', 'Ebmin7', 'Absus4', 'Absus4', 'Cb', 'Cbmaj', 'Cbmaj', 'Cbmaj', 'Cbmaj', 'Cbmaj', 'Cbmaj', 'Cbmaj', 'Cbmaj', 'Cbmaj', 'Cbmaj', 'Cbmaj', 'Cbmaj', 'Cbmaj', 'Cbmaj', 'Cbmaj', 'Cbmaj', 'Cbmaj', 'Cbmaj', 'Cbmaj', 'Cbmaj']"
